Date,Open,High,Low,Close,Index
2013-01-02,,,,12.7249,Axis Multi Asset Allocation Fund
2013-01-03,,,,12.7832,Axis Multi Asset Allocation Fund
2013-01-04,,,,12.7204,Axis Multi Asset Allocation Fund
2013-01-07,,,,12.7451,Axis Multi Asset Allocation Fund
2013-01-08,,,,12.7462,Axis Multi Asset Allocation Fund
2013-01-09,,,,12.7262,Axis Multi Asset Allocation Fund
2013-01-10,,,,12.6877,Axis Multi Asset Allocation Fund
2013-01-11,,,,12.6473,Axis Multi Asset Allocation Fund
2013-01-14,,,,12.6885,Axis Multi Asset Allocation Fund
2013-01-15,,,,12.7027,Axis Multi Asset Allocation Fund
2013-01-16,,,,12.6517,Axis Multi Asset Allocation Fund
2013-01-17,,,,12.6687,Axis Multi Asset Allocation Fund
2013-01-18,,,,12.6649,Axis Multi Asset Allocation Fund
2013-01-21,,,,12.6412,Axis Multi Asset Allocation Fund
2013-01-22,,,,12.6358,Axis Multi Asset Allocation Fund
2013-01-23,,,,12.6247,Axis Multi Asset Allocation Fund
2013-01-24,,,,12.538,Axis Multi Asset Allocation Fund
2013-01-25,,,,12.6144,Axis Multi Asset Allocation Fund
2013-01-28,,,,12.5943,Axis Multi Asset Allocation Fund
2013-01-29,,,,12.5686,Axis Multi Asset Allocation Fund
2013-01-30,,,,12.5659,Axis Multi Asset Allocation Fund
2013-01-31,,,,12.5608,Axis Multi Asset Allocation Fund
2013-02-01,,,,12.544,Axis Multi Asset Allocation Fund
2013-02-04,,,,12.5193,Axis Multi Asset Allocation Fund
2013-02-05,,,,12.5099,Axis Multi Asset Allocation Fund
2013-02-06,,,,12.5153,Axis Multi Asset Allocation Fund
2013-02-07,,,,12.514,Axis Multi Asset Allocation Fund
2013-02-08,,,,12.4868,Axis Multi Asset Allocation Fund
2013-02-11,,,,12.4836,Axis Multi Asset Allocation Fund
2013-02-12,,,,12.5259,Axis Multi Asset Allocation Fund
2013-02-13,,,,12.551,Axis Multi Asset Allocation Fund
2013-02-14,,,,12.5013,Axis Multi Asset Allocation Fund
2013-02-15,,,,12.4917,Axis Multi Asset Allocation Fund
2013-02-18,,,,12.4609,Axis Multi Asset Allocation Fund
2013-02-19,,,,12.5022,Axis Multi Asset Allocation Fund
2013-02-20,,,,12.5156,Axis Multi Asset Allocation Fund
2013-02-21,,,,12.368,Axis Multi Asset Allocation Fund
2013-02-22,,,,12.3751,Axis Multi Asset Allocation Fund
2013-02-25,,,,12.3642,Axis Multi Asset Allocation Fund
2013-02-26,,,,12.2973,Axis Multi Asset Allocation Fund
2013-02-27,,,,12.347,Axis Multi Asset Allocation Fund
2013-02-28,,,,12.2667,Axis Multi Asset Allocation Fund
2013-03-01,,,,12.2997,Axis Multi Asset Allocation Fund
2013-03-04,,,,12.2728,Axis Multi Asset Allocation Fund
2013-03-05,,,,12.3484,Axis Multi Asset Allocation Fund
2013-03-06,,,,12.3773,Axis Multi Asset Allocation Fund
2013-03-07,,,,12.4159,Axis Multi Asset Allocation Fund
2013-03-08,,,,12.453,Axis Multi Asset Allocation Fund
2013-03-11,,,,12.4506,Axis Multi Asset Allocation Fund
2013-03-12,,,,12.448,Axis Multi Asset Allocation Fund
2013-03-13,,,,12.3812,Axis Multi Asset Allocation Fund
2013-03-14,,,,12.4054,Axis Multi Asset Allocation Fund
2013-03-15,,,,12.417,Axis Multi Asset Allocation Fund
2013-03-18,,,,12.4236,Axis Multi Asset Allocation Fund
2013-03-19,,,,12.3546,Axis Multi Asset Allocation Fund
2013-03-20,,,,12.3102,Axis Multi Asset Allocation Fund
2013-03-21,,,,12.259,Axis Multi Asset Allocation Fund
2013-03-22,,,,12.2507,Axis Multi Asset Allocation Fund
2013-03-25,,,,12.2235,Axis Multi Asset Allocation Fund
2013-03-26,,,,12.2286,Axis Multi Asset Allocation Fund
2013-03-28,,,,12.34,Axis Multi Asset Allocation Fund
2013-04-01,,,,12.3129,Axis Multi Asset Allocation Fund
2013-04-02,,,,12.3559,Axis Multi Asset Allocation Fund
2013-04-03,,,,12.2663,Axis Multi Asset Allocation Fund
2013-04-04,,,,12.2026,Axis Multi Asset Allocation Fund
2013-04-05,,,,12.2461,Axis Multi Asset Allocation Fund
2013-04-08,,,,12.2854,Axis Multi Asset Allocation Fund
2013-04-09,,,,12.2093,Axis Multi Asset Allocation Fund
2013-04-10,,,,12.27,Axis Multi Asset Allocation Fund
2013-04-11,,,,12.2388,Axis Multi Asset Allocation Fund
2013-04-12,,,,12.1596,Axis Multi Asset Allocation Fund
2013-04-15,,,,11.9008,Axis Multi Asset Allocation Fund
2013-04-16,,,,11.9531,Axis Multi Asset Allocation Fund
2013-04-17,,,,11.9101,Axis Multi Asset Allocation Fund
2013-04-18,,,,11.9836,Axis Multi Asset Allocation Fund
2013-04-22,,,,12.1479,Axis Multi Asset Allocation Fund
2013-04-23,,,,12.1121,Axis Multi Asset Allocation Fund
2013-04-25,,,,12.165,Axis Multi Asset Allocation Fund
2013-04-26,,,,12.1843,Axis Multi Asset Allocation Fund
2013-04-29,,,,12.2241,Axis Multi Asset Allocation Fund
2013-04-30,,,,12.2537,Axis Multi Asset Allocation Fund
2013-05-02,,,,12.2689,Axis Multi Asset Allocation Fund
2013-05-03,,,,12.2395,Axis Multi Asset Allocation Fund
2013-05-06,,,,12.2866,Axis Multi Asset Allocation Fund
2013-05-07,,,,12.3366,Axis Multi Asset Allocation Fund
2013-05-08,,,,12.363,Axis Multi Asset Allocation Fund
2013-05-09,,,,12.4237,Axis Multi Asset Allocation Fund
2013-05-10,,,,12.4745,Axis Multi Asset Allocation Fund
2013-05-13,,,,12.3881,Axis Multi Asset Allocation Fund
2013-05-14,,,,12.4398,Axis Multi Asset Allocation Fund
2013-05-15,,,,12.5216,Axis Multi Asset Allocation Fund
2013-05-16,,,,12.4982,Axis Multi Asset Allocation Fund
2013-05-17,,,,12.4732,Axis Multi Asset Allocation Fund
2013-05-20,,,,12.4211,Axis Multi Asset Allocation Fund
2013-05-21,,,,12.4717,Axis Multi Asset Allocation Fund
2013-05-22,,,,12.4503,Axis Multi Asset Allocation Fund
2013-05-23,,,,12.361,Axis Multi Asset Allocation Fund
2013-05-24,,,,12.4129,Axis Multi Asset Allocation Fund
2013-05-27,,,,12.4806,Axis Multi Asset Allocation Fund
2013-05-28,,,,12.4921,Axis Multi Asset Allocation Fund
2013-05-29,,,,12.4958,Axis Multi Asset Allocation Fund
2013-05-30,,,,12.4745,Axis Multi Asset Allocation Fund
2013-05-31,,,,12.4314,Axis Multi Asset Allocation Fund
2013-06-03,,,,12.3782,Axis Multi Asset Allocation Fund
2013-06-04,,,,12.3832,Axis Multi Asset Allocation Fund
2013-06-05,,,,12.4006,Axis Multi Asset Allocation Fund
2013-06-06,,,,12.4344,Axis Multi Asset Allocation Fund
2013-06-07,,,,12.4324,Axis Multi Asset Allocation Fund
2013-06-10,,,,12.405,Axis Multi Asset Allocation Fund
2013-06-11,,,,12.2969,Axis Multi Asset Allocation Fund
2013-06-12,,,,12.2801,Axis Multi Asset Allocation Fund
2013-06-13,,,,12.229,Axis Multi Asset Allocation Fund
2013-06-14,,,,12.2811,Axis Multi Asset Allocation Fund
2013-06-17,,,,12.3675,Axis Multi Asset Allocation Fund
2013-06-18,,,,12.3799,Axis Multi Asset Allocation Fund
2013-06-19,,,,12.3949,Axis Multi Asset Allocation Fund
2013-06-20,,,,12.1813,Axis Multi Asset Allocation Fund
2013-06-21,,,,12.1253,Axis Multi Asset Allocation Fund
2013-06-24,,,,12.0295,Axis Multi Asset Allocation Fund
2013-06-25,,,,12.0236,Axis Multi Asset Allocation Fund
2013-06-26,,,,11.9014,Axis Multi Asset Allocation Fund
2013-06-27,,,,11.9832,Axis Multi Asset Allocation Fund
2013-06-28,,,,12.0151,Axis Multi Asset Allocation Fund
2013-07-01,,,,12.1325,Axis Multi Asset Allocation Fund
2013-07-02,,,,12.1523,Axis Multi Asset Allocation Fund
2013-07-03,,,,12.1011,Axis Multi Asset Allocation Fund
2013-07-04,,,,12.1771,Axis Multi Asset Allocation Fund
2013-07-05,,,,12.1649,Axis Multi Asset Allocation Fund
2013-07-08,,,,12.1021,Axis Multi Asset Allocation Fund
2013-07-09,,,,12.1586,Axis Multi Asset Allocation Fund
2013-07-10,,,,12.1675,Axis Multi Asset Allocation Fund
2013-07-11,,,,12.2715,Axis Multi Asset Allocation Fund
2013-07-12,,,,12.3134,Axis Multi Asset Allocation Fund
2013-07-15,,,,12.3492,Axis Multi Asset Allocation Fund
2013-07-16,,,,12.1345,Axis Multi Asset Allocation Fund
2013-07-17,,,,12.1318,Axis Multi Asset Allocation Fund
2013-07-18,,,,12.1841,Axis Multi Asset Allocation Fund
2013-07-19,,,,12.2224,Axis Multi Asset Allocation Fund
2013-07-22,,,,12.2353,Axis Multi Asset Allocation Fund
2013-07-23,,,,12.2746,Axis Multi Asset Allocation Fund
2013-07-24,,,,12.1634,Axis Multi Asset Allocation Fund
2013-07-25,,,,12.1241,Axis Multi Asset Allocation Fund
2013-07-26,,,,12.1449,Axis Multi Asset Allocation Fund
2013-07-29,,,,12.1339,Axis Multi Asset Allocation Fund
2013-07-30,,,,12.085,Axis Multi Asset Allocation Fund
2013-07-31,,,,12.1239,Axis Multi Asset Allocation Fund
2013-08-01,,,,12.0825,Axis Multi Asset Allocation Fund
2013-08-02,,,,12.0095,Axis Multi Asset Allocation Fund
2013-08-05,,,,12.1144,Axis Multi Asset Allocation Fund
2013-08-06,,,,11.9778,Axis Multi Asset Allocation Fund
2013-08-07,,,,11.9038,Axis Multi Asset Allocation Fund
2013-08-08,,,,11.972,Axis Multi Asset Allocation Fund
2013-08-12,,,,12.0677,Axis Multi Asset Allocation Fund
2013-08-13,,,,12.1888,Axis Multi Asset Allocation Fund
2013-08-14,,,,12.1983,Axis Multi Asset Allocation Fund
2013-08-16,,,,12.1473,Axis Multi Asset Allocation Fund
2013-08-19,,,,12.0802,Axis Multi Asset Allocation Fund
2013-08-20,,,,12.0839,Axis Multi Asset Allocation Fund
2013-08-21,,,,12.1433,Axis Multi Asset Allocation Fund
2013-08-22,,,,12.2173,Axis Multi Asset Allocation Fund
2013-08-23,,,,12.1942,Axis Multi Asset Allocation Fund
2013-08-26,,,,12.2748,Axis Multi Asset Allocation Fund
2013-08-27,,,,12.0875,Axis Multi Asset Allocation Fund
2013-08-28,,,,11.9907,Axis Multi Asset Allocation Fund
2013-08-29,,,,12.1141,Axis Multi Asset Allocation Fund
2013-08-30,,,,12.1337,Axis Multi Asset Allocation Fund
2013-09-02,,,,12.2123,Axis Multi Asset Allocation Fund
2013-09-03,,,,12.1703,Axis Multi Asset Allocation Fund
2013-09-04,,,,12.2429,Axis Multi Asset Allocation Fund
2013-09-05,,,,12.2826,Axis Multi Asset Allocation Fund
2013-09-06,,,,12.23,Axis Multi Asset Allocation Fund
2013-09-10,,,,12.5013,Axis Multi Asset Allocation Fund
2013-09-11,,,,12.3973,Axis Multi Asset Allocation Fund
2013-09-12,,,,12.3366,Axis Multi Asset Allocation Fund
2013-09-13,,,,12.2912,Axis Multi Asset Allocation Fund
2013-09-16,,,,12.2952,Axis Multi Asset Allocation Fund
2013-09-17,,,,12.2776,Axis Multi Asset Allocation Fund
2013-09-18,,,,12.2978,Axis Multi Asset Allocation Fund
2013-09-19,,,,12.5493,Axis Multi Asset Allocation Fund
2013-09-20,,,,12.4345,Axis Multi Asset Allocation Fund
2013-09-23,,,,12.3073,Axis Multi Asset Allocation Fund
2013-09-24,,,,12.3137,Axis Multi Asset Allocation Fund
2013-09-25,,,,12.3209,Axis Multi Asset Allocation Fund
2013-09-26,,,,12.3368,Axis Multi Asset Allocation Fund
2013-09-27,,,,12.3199,Axis Multi Asset Allocation Fund
2013-09-30,,,,12.3434,Axis Multi Asset Allocation Fund
2013-10-01,,,,12.3503,Axis Multi Asset Allocation Fund
2013-10-03,,,,12.3919,Axis Multi Asset Allocation Fund
2013-10-04,,,,12.4122,Axis Multi Asset Allocation Fund
2013-10-07,,,,12.4249,Axis Multi Asset Allocation Fund
2013-10-08,,,,12.5147,Axis Multi Asset Allocation Fund
2013-10-09,,,,12.5562,Axis Multi Asset Allocation Fund
2013-10-10,,,,12.5795,Axis Multi Asset Allocation Fund
2013-10-11,,,,12.5744,Axis Multi Asset Allocation Fund
2013-10-14,,,,12.656,Axis Multi Asset Allocation Fund
2013-10-15,,,,12.5885,Axis Multi Asset Allocation Fund
2013-10-17,,,,12.6387,Axis Multi Asset Allocation Fund
2013-10-18,,,,12.7091,Axis Multi Asset Allocation Fund
2013-10-21,,,,12.7564,Axis Multi Asset Allocation Fund
2013-10-22,,,,12.7705,Axis Multi Asset Allocation Fund
2013-10-23,,,,12.796,Axis Multi Asset Allocation Fund
2013-10-24,,,,12.8771,Axis Multi Asset Allocation Fund
2013-10-25,,,,12.8385,Axis Multi Asset Allocation Fund
2013-10-28,,,,12.8563,Axis Multi Asset Allocation Fund
2013-10-29,,,,12.8994,Axis Multi Asset Allocation Fund
2013-10-30,,,,12.9343,Axis Multi Asset Allocation Fund
2013-10-31,,,,12.9298,Axis Multi Asset Allocation Fund
2013-11-01,,,,12.8966,Axis Multi Asset Allocation Fund
2013-11-05,,,,12.818,Axis Multi Asset Allocation Fund
2013-11-06,,,,12.7901,Axis Multi Asset Allocation Fund
2013-11-07,,,,12.7859,Axis Multi Asset Allocation Fund
2013-11-08,,,,12.7113,Axis Multi Asset Allocation Fund
2013-11-11,,,,12.7105,Axis Multi Asset Allocation Fund
2013-11-12,,,,12.6859,Axis Multi Asset Allocation Fund
2013-11-13,,,,12.6726,Axis Multi Asset Allocation Fund
2013-11-14,,,,12.7266,Axis Multi Asset Allocation Fund
2013-11-18,,,,12.7814,Axis Multi Asset Allocation Fund
2013-11-19,,,,12.7931,Axis Multi Asset Allocation Fund
2013-11-20,,,,12.7676,Axis Multi Asset Allocation Fund
2013-11-21,,,,12.6908,Axis Multi Asset Allocation Fund
2013-11-22,,,,12.6824,Axis Multi Asset Allocation Fund
2013-11-25,,,,12.7593,Axis Multi Asset Allocation Fund
2013-11-26,,,,12.7926,Axis Multi Asset Allocation Fund
2013-11-27,,,,12.7448,Axis Multi Asset Allocation Fund
2013-11-28,,,,12.7521,Axis Multi Asset Allocation Fund
2013-11-29,,,,12.8538,Axis Multi Asset Allocation Fund
2013-12-02,,,,12.8835,Axis Multi Asset Allocation Fund
2013-12-03,,,,12.842,Axis Multi Asset Allocation Fund
2013-12-04,,,,12.8069,Axis Multi Asset Allocation Fund
2013-12-05,,,,12.8365,Axis Multi Asset Allocation Fund
2013-12-06,,,,12.8008,Axis Multi Asset Allocation Fund
2013-12-09,,,,12.8167,Axis Multi Asset Allocation Fund
2013-12-10,,,,12.8248,Axis Multi Asset Allocation Fund
2013-12-11,,,,12.8009,Axis Multi Asset Allocation Fund
2013-12-12,,,,12.7975,Axis Multi Asset Allocation Fund
2013-12-13,,,,12.7212,Axis Multi Asset Allocation Fund
2013-12-16,,,,12.7091,Axis Multi Asset Allocation Fund
2013-12-17,,,,12.6892,Axis Multi Asset Allocation Fund
2013-12-18,,,,12.7448,Axis Multi Asset Allocation Fund
2013-12-19,,,,12.7442,Axis Multi Asset Allocation Fund
2013-12-20,,,,12.8071,Axis Multi Asset Allocation Fund
2013-12-23,,,,12.7367,Axis Multi Asset Allocation Fund
2013-12-24,,,,12.7454,Axis Multi Asset Allocation Fund
2013-12-26,,,,12.7381,Axis Multi Asset Allocation Fund
2013-12-27,,,,12.7442,Axis Multi Asset Allocation Fund
2013-12-30,,,,12.743,Axis Multi Asset Allocation Fund
2013-12-31,,,,12.7418,Axis Multi Asset Allocation Fund
2014-01-01,,,,12.8075,Axis Multi Asset Allocation Fund
2014-01-02,,,,12.7194,Axis Multi Asset Allocation Fund
2014-01-03,,,,12.7642,Axis Multi Asset Allocation Fund
2014-01-06,,,,12.7952,Axis Multi Asset Allocation Fund
2014-01-07,,,,12.7611,Axis Multi Asset Allocation Fund
2014-01-08,,,,12.7369,Axis Multi Asset Allocation Fund
2014-01-09,,,,12.7587,Axis Multi Asset Allocation Fund
2014-01-10,,,,12.7918,Axis Multi Asset Allocation Fund
2014-01-13,,,,12.8356,Axis Multi Asset Allocation Fund
2014-01-14,,,,12.8244,Axis Multi Asset Allocation Fund
2014-01-15,,,,12.8977,Axis Multi Asset Allocation Fund
2014-01-16,,,,12.8845,Axis Multi Asset Allocation Fund
2014-01-17,,,,12.7987,Axis Multi Asset Allocation Fund
2014-01-20,,,,12.9183,Axis Multi Asset Allocation Fund
2014-01-21,,,,12.843,Axis Multi Asset Allocation Fund
2014-01-22,,,,12.8521,Axis Multi Asset Allocation Fund
2014-01-23,,,,12.8688,Axis Multi Asset Allocation Fund
2014-01-24,,,,12.8254,Axis Multi Asset Allocation Fund
2014-01-27,,,,12.7214,Axis Multi Asset Allocation Fund
2014-01-28,,,,12.7062,Axis Multi Asset Allocation Fund
2014-01-29,,,,12.7017,Axis Multi Asset Allocation Fund
2014-01-30,,,,12.6586,Axis Multi Asset Allocation Fund
2014-01-31,,,,12.6734,Axis Multi Asset Allocation Fund
2014-02-03,,,,12.6565,Axis Multi Asset Allocation Fund
2014-02-04,,,,12.6669,Axis Multi Asset Allocation Fund
2014-02-05,,,,12.6882,Axis Multi Asset Allocation Fund
2014-02-06,,,,12.6883,Axis Multi Asset Allocation Fund
2014-02-07,,,,12.7338,Axis Multi Asset Allocation Fund
2014-02-10,,,,12.7485,Axis Multi Asset Allocation Fund
2014-02-11,,,,12.7398,Axis Multi Asset Allocation Fund
2014-02-12,,,,12.7376,Axis Multi Asset Allocation Fund
2014-02-13,,,,12.6968,Axis Multi Asset Allocation Fund
2014-02-14,,,,12.7328,Axis Multi Asset Allocation Fund
2014-02-17,,,,12.7995,Axis Multi Asset Allocation Fund
2014-02-18,,,,12.877,Axis Multi Asset Allocation Fund
2014-02-19,,,,12.9068,Axis Multi Asset Allocation Fund
2014-02-20,,,,12.8714,Axis Multi Asset Allocation Fund
2014-02-21,,,,12.9152,Axis Multi Asset Allocation Fund
2014-02-24,,,,12.9654,Axis Multi Asset Allocation Fund
2014-02-25,,,,12.9587,Axis Multi Asset Allocation Fund
2014-02-26,,,,13.0227,Axis Multi Asset Allocation Fund
2014-02-28,,,,13.0418,Axis Multi Asset Allocation Fund
2014-03-03,,,,13.0446,Axis Multi Asset Allocation Fund
2014-03-04,,,,13.0624,Axis Multi Asset Allocation Fund
2014-03-05,,,,13.1111,Axis Multi Asset Allocation Fund
2014-03-06,,,,13.0992,Axis Multi Asset Allocation Fund
2014-03-07,,,,13.1003,Axis Multi Asset Allocation Fund
2014-03-10,,,,13.1837,Axis Multi Asset Allocation Fund
2014-03-11,,,,13.1267,Axis Multi Asset Allocation Fund
2014-03-12,,,,13.1408,Axis Multi Asset Allocation Fund
2014-03-13,,,,13.1249,Axis Multi Asset Allocation Fund
2014-03-14,,,,13.1412,Axis Multi Asset Allocation Fund
2014-03-18,,,,13.1321,Axis Multi Asset Allocation Fund
2014-03-19,,,,13.1146,Axis Multi Asset Allocation Fund
2014-03-20,,,,13.053,Axis Multi Asset Allocation Fund
2014-03-21,,,,13.0812,Axis Multi Asset Allocation Fund
2014-03-24,,,,13.1425,Axis Multi Asset Allocation Fund
2014-03-25,,,,13.0972,Axis Multi Asset Allocation Fund
2014-03-26,,,,13.0685,Axis Multi Asset Allocation Fund
2014-03-27,,,,13.0401,Axis Multi Asset Allocation Fund
2014-03-28,,,,13.1092,Axis Multi Asset Allocation Fund
2014-03-31,,,,13.1702,Axis Multi Asset Allocation Fund
2014-04-01,,,,13.1158,Axis Multi Asset Allocation Fund
2014-04-02,,,,13.1046,Axis Multi Asset Allocation Fund
2014-04-03,,,,13.1044,Axis Multi Asset Allocation Fund
2014-04-04,,,,13.1099,Axis Multi Asset Allocation Fund
2014-04-07,,,,13.1394,Axis Multi Asset Allocation Fund
2014-04-09,,,,13.1642,Axis Multi Asset Allocation Fund
2014-04-10,,,,13.2717,Axis Multi Asset Allocation Fund
2014-04-11,,,,13.2742,Axis Multi Asset Allocation Fund
2014-04-15,,,,13.2859,Axis Multi Asset Allocation Fund
2014-04-16,,,,13.2034,Axis Multi Asset Allocation Fund
2014-04-17,,,,13.2883,Axis Multi Asset Allocation Fund
2014-04-21,,,,13.3319,Axis Multi Asset Allocation Fund
2014-04-22,,,,13.3451,Axis Multi Asset Allocation Fund
2014-04-23,,,,13.3949,Axis Multi Asset Allocation Fund
2014-04-25,,,,13.3836,Axis Multi Asset Allocation Fund
2014-04-28,,,,13.4106,Axis Multi Asset Allocation Fund
2014-04-29,,,,13.3529,Axis Multi Asset Allocation Fund
2014-04-30,,,,13.3257,Axis Multi Asset Allocation Fund
2014-05-02,,,,13.3751,Axis Multi Asset Allocation Fund
2014-05-05,,,,13.3547,Axis Multi Asset Allocation Fund
2014-05-06,,,,13.3513,Axis Multi Asset Allocation Fund
2014-05-07,,,,13.3394,Axis Multi Asset Allocation Fund
2014-05-08,,,,13.3183,Axis Multi Asset Allocation Fund
2014-05-09,,,,13.4539,Axis Multi Asset Allocation Fund
2014-05-12,,,,13.5484,Axis Multi Asset Allocation Fund
2014-05-13,,,,13.535,Axis Multi Asset Allocation Fund
2014-05-14,,,,13.5356,Axis Multi Asset Allocation Fund
2014-05-15,,,,13.5521,Axis Multi Asset Allocation Fund
2014-05-16,,,,13.549,Axis Multi Asset Allocation Fund
2014-05-19,,,,13.5493,Axis Multi Asset Allocation Fund
2014-05-20,,,,13.5503,Axis Multi Asset Allocation Fund
2014-05-21,,,,13.5867,Axis Multi Asset Allocation Fund
2014-05-22,,,,13.5616,Axis Multi Asset Allocation Fund
2014-05-23,,,,13.5985,Axis Multi Asset Allocation Fund
2014-05-26,,,,13.6477,Axis Multi Asset Allocation Fund
2014-05-27,,,,13.6046,Axis Multi Asset Allocation Fund
2014-05-28,,,,13.6145,Axis Multi Asset Allocation Fund
2014-05-29,,,,13.4988,Axis Multi Asset Allocation Fund
2014-05-30,,,,13.5698,Axis Multi Asset Allocation Fund
2014-06-02,,,,13.6828,Axis Multi Asset Allocation Fund
2014-06-03,,,,13.7285,Axis Multi Asset Allocation Fund
2014-06-04,,,,13.7626,Axis Multi Asset Allocation Fund
2014-06-05,,,,13.78,Axis Multi Asset Allocation Fund
2014-06-06,,,,13.8472,Axis Multi Asset Allocation Fund
2014-06-09,,,,13.8346,Axis Multi Asset Allocation Fund
2014-06-10,,,,13.8685,Axis Multi Asset Allocation Fund
2014-06-11,,,,13.8922,Axis Multi Asset Allocation Fund
2014-06-12,,,,13.9025,Axis Multi Asset Allocation Fund
2014-06-13,,,,13.8621,Axis Multi Asset Allocation Fund
2014-06-16,,,,14.0334,Axis Multi Asset Allocation Fund
2014-06-17,,,,13.9751,Axis Multi Asset Allocation Fund
2014-06-18,,,,13.9308,Axis Multi Asset Allocation Fund
2014-06-19,,,,13.9202,Axis Multi Asset Allocation Fund
2014-06-20,,,,13.9532,Axis Multi Asset Allocation Fund
2014-06-23,,,,14.0134,Axis Multi Asset Allocation Fund
2014-06-24,,,,14.0475,Axis Multi Asset Allocation Fund
2014-06-25,,,,14.0081,Axis Multi Asset Allocation Fund
2014-06-26,,,,13.9927,Axis Multi Asset Allocation Fund
2014-06-27,,,,14.0255,Axis Multi Asset Allocation Fund
2014-06-30,,,,14.0631,Axis Multi Asset Allocation Fund
2014-07-01,,,,14.1458,Axis Multi Asset Allocation Fund
2014-07-02,,,,14.1966,Axis Multi Asset Allocation Fund
2014-07-03,,,,14.2198,Axis Multi Asset Allocation Fund
2014-07-04,,,,14.3004,Axis Multi Asset Allocation Fund
2014-07-07,,,,14.2632,Axis Multi Asset Allocation Fund
2014-07-08,,,,14.1384,Axis Multi Asset Allocation Fund
2014-07-09,,,,14.0749,Axis Multi Asset Allocation Fund
2014-07-10,,,,14.1491,Axis Multi Asset Allocation Fund
2014-07-11,,,,14.0324,Axis Multi Asset Allocation Fund
2014-07-14,,,,13.9838,Axis Multi Asset Allocation Fund
2014-07-15,,,,14.0423,Axis Multi Asset Allocation Fund
2014-07-16,,,,14.1099,Axis Multi Asset Allocation Fund
2014-07-17,,,,14.1606,Axis Multi Asset Allocation Fund
2014-07-18,,,,14.1706,Axis Multi Asset Allocation Fund
2014-07-21,,,,14.2131,Axis Multi Asset Allocation Fund
2014-07-22,,,,14.2229,Axis Multi Asset Allocation Fund
2014-07-23,,,,14.2154,Axis Multi Asset Allocation Fund
2014-07-24,,,,14.2122,Axis Multi Asset Allocation Fund
2014-07-25,,,,14.2196,Axis Multi Asset Allocation Fund
2014-07-28,,,,14.1841,Axis Multi Asset Allocation Fund
2014-07-30,,,,14.1741,Axis Multi Asset Allocation Fund
2014-07-31,,,,14.1235,Axis Multi Asset Allocation Fund
2014-08-01,,,,14.0543,Axis Multi Asset Allocation Fund
2014-08-04,,,,14.1168,Axis Multi Asset Allocation Fund
2014-08-05,,,,14.129,Axis Multi Asset Allocation Fund
2014-08-06,,,,14.1272,Axis Multi Asset Allocation Fund
2014-08-07,,,,14.1453,Axis Multi Asset Allocation Fund
2014-08-08,,,,14.1205,Axis Multi Asset Allocation Fund
2014-08-11,,,,14.1476,Axis Multi Asset Allocation Fund
2014-08-12,,,,14.1812,Axis Multi Asset Allocation Fund
2014-08-13,,,,14.1663,Axis Multi Asset Allocation Fund
2014-08-14,,,,14.2438,Axis Multi Asset Allocation Fund
2014-08-18,,,,14.2667,Axis Multi Asset Allocation Fund
2014-08-19,,,,14.2867,Axis Multi Asset Allocation Fund
2014-08-20,,,,14.2887,Axis Multi Asset Allocation Fund
2014-08-21,,,,14.3035,Axis Multi Asset Allocation Fund
2014-08-22,,,,14.2939,Axis Multi Asset Allocation Fund
2014-08-25,,,,14.3208,Axis Multi Asset Allocation Fund
2014-08-26,,,,14.3178,Axis Multi Asset Allocation Fund
2014-08-27,,,,14.3437,Axis Multi Asset Allocation Fund
2014-08-28,,,,14.339,Axis Multi Asset Allocation Fund
2014-09-01,,,,14.4221,Axis Multi Asset Allocation Fund
2014-09-02,,,,14.4602,Axis Multi Asset Allocation Fund
2014-09-03,,,,14.4436,Axis Multi Asset Allocation Fund
2014-09-04,,,,14.4787,Axis Multi Asset Allocation Fund
2014-09-05,,,,14.4329,Axis Multi Asset Allocation Fund
2014-09-08,,,,14.5281,Axis Multi Asset Allocation Fund
2014-09-09,,,,14.5264,Axis Multi Asset Allocation Fund
2014-09-10,,,,14.5134,Axis Multi Asset Allocation Fund
2014-09-11,,,,14.5313,Axis Multi Asset Allocation Fund
2014-09-12,,,,14.5309,Axis Multi Asset Allocation Fund
2014-09-15,,,,14.526,Axis Multi Asset Allocation Fund
2014-09-16,,,,14.418,Axis Multi Asset Allocation Fund
2014-09-17,,,,14.3892,Axis Multi Asset Allocation Fund
2014-09-18,,,,14.4919,Axis Multi Asset Allocation Fund
2014-09-19,,,,14.5225,Axis Multi Asset Allocation Fund
2014-09-22,,,,14.5011,Axis Multi Asset Allocation Fund
2014-09-23,,,,14.4518,Axis Multi Asset Allocation Fund
2014-09-24,,,,14.4611,Axis Multi Asset Allocation Fund
2014-09-25,,,,14.3716,Axis Multi Asset Allocation Fund
2014-09-26,,,,14.4677,Axis Multi Asset Allocation Fund
2014-09-29,,,,14.4217,Axis Multi Asset Allocation Fund
2014-09-30,,,,14.4316,Axis Multi Asset Allocation Fund
2014-10-01,,,,14.436,Axis Multi Asset Allocation Fund
2014-10-07,,,,14.3533,Axis Multi Asset Allocation Fund
2014-10-08,,,,14.3882,Axis Multi Asset Allocation Fund
2014-10-09,,,,14.4583,Axis Multi Asset Allocation Fund
2014-10-10,,,,14.3896,Axis Multi Asset Allocation Fund
2014-10-13,,,,14.4589,Axis Multi Asset Allocation Fund
2014-10-14,,,,14.4391,Axis Multi Asset Allocation Fund
2014-10-16,,,,14.4011,Axis Multi Asset Allocation Fund
2014-10-17,,,,14.3874,Axis Multi Asset Allocation Fund
2014-10-20,,,,14.4785,Axis Multi Asset Allocation Fund
2014-10-21,,,,14.6642,Axis Multi Asset Allocation Fund
2014-10-22,,,,14.6699,Axis Multi Asset Allocation Fund
2014-10-27,,,,14.6188,Axis Multi Asset Allocation Fund
2014-10-28,,,,14.6687,Axis Multi Asset Allocation Fund
2014-10-29,,,,14.6983,Axis Multi Asset Allocation Fund
2014-10-30,,,,14.736,Axis Multi Asset Allocation Fund
2014-10-31,,,,14.6926,Axis Multi Asset Allocation Fund
2014-11-03,,,,14.7026,Axis Multi Asset Allocation Fund
2014-11-05,,,,14.749,Axis Multi Asset Allocation Fund
2014-11-07,,,,14.7633,Axis Multi Asset Allocation Fund
2014-11-10,,,,14.8136,Axis Multi Asset Allocation Fund
2014-11-11,,,,14.7705,Axis Multi Asset Allocation Fund
2014-11-12,,,,14.7873,Axis Multi Asset Allocation Fund
2014-11-13,,,,14.736,Axis Multi Asset Allocation Fund
2014-11-14,,,,14.7688,Axis Multi Asset Allocation Fund
2014-11-17,,,,14.9074,Axis Multi Asset Allocation Fund
2014-11-18,,,,14.9408,Axis Multi Asset Allocation Fund
2014-11-19,,,,14.9313,Axis Multi Asset Allocation Fund
2014-11-20,,,,14.9256,Axis Multi Asset Allocation Fund
2014-11-21,,,,14.9727,Axis Multi Asset Allocation Fund
2014-11-24,,,,14.9948,Axis Multi Asset Allocation Fund
2014-11-25,,,,14.9609,Axis Multi Asset Allocation Fund
2014-11-26,,,,14.9332,Axis Multi Asset Allocation Fund
2014-11-27,,,,14.9429,Axis Multi Asset Allocation Fund
2014-11-28,,,,15.0019,Axis Multi Asset Allocation Fund
2014-12-01,,,,14.9752,Axis Multi Asset Allocation Fund
2014-12-02,,,,15.089,Axis Multi Asset Allocation Fund
2014-12-03,,,,15.1125,Axis Multi Asset Allocation Fund
2014-12-04,,,,15.1128,Axis Multi Asset Allocation Fund
2014-12-05,,,,15.1427,Axis Multi Asset Allocation Fund
2014-12-08,,,,15.0649,Axis Multi Asset Allocation Fund
2014-12-09,,,,15.0302,Axis Multi Asset Allocation Fund
2014-12-10,,,,15.1284,Axis Multi Asset Allocation Fund
2014-12-11,,,,15.0955,Axis Multi Asset Allocation Fund
2014-12-12,,,,15.0682,Axis Multi Asset Allocation Fund
2014-12-15,,,,15.0637,Axis Multi Asset Allocation Fund
2014-12-16,,,,14.9078,Axis Multi Asset Allocation Fund
2014-12-17,,,,14.8845,Axis Multi Asset Allocation Fund
2014-12-18,,,,14.989,Axis Multi Asset Allocation Fund
2014-12-19,,,,15.006,Axis Multi Asset Allocation Fund
2014-12-22,,,,15.0665,Axis Multi Asset Allocation Fund
2014-12-23,,,,14.9992,Axis Multi Asset Allocation Fund
2014-12-24,,,,14.9926,Axis Multi Asset Allocation Fund
2014-12-26,,,,15.01,Axis Multi Asset Allocation Fund
2014-12-29,,,,15.0769,Axis Multi Asset Allocation Fund
2014-12-30,,,,15.1103,Axis Multi Asset Allocation Fund
2014-12-31,,,,15.1389,Axis Multi Asset Allocation Fund
2015-01-01,,,,15.1174,Axis Multi Asset Allocation Fund
2015-01-02,,,,15.1903,Axis Multi Asset Allocation Fund
2015-01-05,,,,15.2353,Axis Multi Asset Allocation Fund
2015-01-06,,,,15.1332,Axis Multi Asset Allocation Fund
2015-01-07,,,,15.1255,Axis Multi Asset Allocation Fund
2015-01-08,,,,15.1723,Axis Multi Asset Allocation Fund
2015-01-09,,,,15.1737,Axis Multi Asset Allocation Fund
2015-01-12,,,,15.2488,Axis Multi Asset Allocation Fund
2015-01-13,,,,15.3137,Axis Multi Asset Allocation Fund
2015-01-14,,,,15.2758,Axis Multi Asset Allocation Fund
2015-01-15,,,,15.423,Axis Multi Asset Allocation Fund
2015-01-16,,,,15.553,Axis Multi Asset Allocation Fund
2015-01-19,,,,15.6175,Axis Multi Asset Allocation Fund
2015-01-20,,,,15.6925,Axis Multi Asset Allocation Fund
2015-01-21,,,,15.7516,Axis Multi Asset Allocation Fund
2015-01-22,,,,15.7781,Axis Multi Asset Allocation Fund
2015-01-23,,,,15.8111,Axis Multi Asset Allocation Fund
2015-01-27,,,,15.8715,Axis Multi Asset Allocation Fund
2015-01-28,,,,15.894,Axis Multi Asset Allocation Fund
2015-01-29,,,,15.8827,Axis Multi Asset Allocation Fund
2015-01-30,,,,15.768,Axis Multi Asset Allocation Fund
2015-02-02,,,,15.825,Axis Multi Asset Allocation Fund
2015-02-03,,,,15.7642,Axis Multi Asset Allocation Fund
2015-02-04,,,,15.732,Axis Multi Asset Allocation Fund
2015-02-05,,,,15.736,Axis Multi Asset Allocation Fund
2015-02-06,,,,15.6728,Axis Multi Asset Allocation Fund
2015-02-09,,,,15.5805,Axis Multi Asset Allocation Fund
2015-02-10,,,,15.5894,Axis Multi Asset Allocation Fund
2015-02-11,,,,15.5887,Axis Multi Asset Allocation Fund
2015-02-12,,,,15.6599,Axis Multi Asset Allocation Fund
2015-02-13,,,,15.7213,Axis Multi Asset Allocation Fund
2015-02-16,,,,15.7435,Axis Multi Asset Allocation Fund
2015-02-18,,,,15.7478,Axis Multi Asset Allocation Fund
2015-02-19,,,,15.7552,Axis Multi Asset Allocation Fund
2015-02-20,,,,15.7011,Axis Multi Asset Allocation Fund
2015-02-23,,,,15.6246,Axis Multi Asset Allocation Fund
2015-02-24,,,,15.6377,Axis Multi Asset Allocation Fund
2015-02-25,,,,15.6496,Axis Multi Asset Allocation Fund
2015-02-26,,,,15.5707,Axis Multi Asset Allocation Fund
2015-02-27,,,,15.6719,Axis Multi Asset Allocation Fund
2015-03-02,,,,15.8238,Axis Multi Asset Allocation Fund
2015-03-03,,,,15.8196,Axis Multi Asset Allocation Fund
2015-03-04,,,,15.827,Axis Multi Asset Allocation Fund
2015-03-05,,,,15.8805,Axis Multi Asset Allocation Fund
2015-03-09,,,,15.7306,Axis Multi Asset Allocation Fund
2015-03-10,,,,15.6948,Axis Multi Asset Allocation Fund
2015-03-11,,,,15.6726,Axis Multi Asset Allocation Fund
2015-03-12,,,,15.7214,Axis Multi Asset Allocation Fund
2015-03-13,,,,15.6217,Axis Multi Asset Allocation Fund
2015-03-16,,,,15.5701,Axis Multi Asset Allocation Fund
2015-03-17,,,,15.5892,Axis Multi Asset Allocation Fund
2015-03-18,,,,15.5724,Axis Multi Asset Allocation Fund
2015-03-19,,,,15.5792,Axis Multi Asset Allocation Fund
2015-03-20,,,,15.6314,Axis Multi Asset Allocation Fund
2015-03-23,,,,15.5568,Axis Multi Asset Allocation Fund
2015-03-24,,,,15.518,Axis Multi Asset Allocation Fund
2015-03-25,,,,15.5713,Axis Multi Asset Allocation Fund
2015-03-26,,,,15.5297,Axis Multi Asset Allocation Fund
2015-03-27,,,,15.5337,Axis Multi Asset Allocation Fund
2015-03-30,,,,15.5574,Axis Multi Asset Allocation Fund
2015-03-31,,,,15.5337,Axis Multi Asset Allocation Fund
2015-04-01,,,,15.6683,Axis Multi Asset Allocation Fund
2015-04-06,,,,15.7905,Axis Multi Asset Allocation Fund
2015-04-07,,,,15.7358,Axis Multi Asset Allocation Fund
2015-04-08,,,,15.8,Axis Multi Asset Allocation Fund
2015-04-09,,,,15.785,Axis Multi Asset Allocation Fund
2015-04-10,,,,15.7864,Axis Multi Asset Allocation Fund
2015-04-13,,,,15.826,Axis Multi Asset Allocation Fund
2015-04-15,,,,15.774,Axis Multi Asset Allocation Fund
2015-04-16,,,,15.7505,Axis Multi Asset Allocation Fund
2015-04-17,,,,15.642,Axis Multi Asset Allocation Fund
2015-04-20,,,,15.5443,Axis Multi Asset Allocation Fund
2015-04-21,,,,15.5638,Axis Multi Asset Allocation Fund
2015-04-22,,,,15.5243,Axis Multi Asset Allocation Fund
2015-04-23,,,,15.4834,Axis Multi Asset Allocation Fund
2015-04-24,,,,15.4279,Axis Multi Asset Allocation Fund
2015-04-27,,,,15.3422,Axis Multi Asset Allocation Fund
2015-04-28,,,,15.4494,Axis Multi Asset Allocation Fund
2015-04-29,,,,15.4835,Axis Multi Asset Allocation Fund
2015-04-30,,,,15.4776,Axis Multi Asset Allocation Fund
2015-05-04,,,,15.5054,Axis Multi Asset Allocation Fund
2015-05-05,,,,15.4874,Axis Multi Asset Allocation Fund
2015-05-06,,,,15.3443,Axis Multi Asset Allocation Fund
2015-05-07,,,,15.2874,Axis Multi Asset Allocation Fund
2015-05-08,,,,15.3452,Axis Multi Asset Allocation Fund
2015-05-11,,,,15.4315,Axis Multi Asset Allocation Fund
2015-05-12,,,,15.3561,Axis Multi Asset Allocation Fund
2015-05-13,,,,15.4365,Axis Multi Asset Allocation Fund
2015-05-14,,,,15.5002,Axis Multi Asset Allocation Fund
2015-05-15,,,,15.5403,Axis Multi Asset Allocation Fund
2015-05-18,,,,15.631,Axis Multi Asset Allocation Fund
2015-05-19,,,,15.6552,Axis Multi Asset Allocation Fund
2015-05-20,,,,15.6541,Axis Multi Asset Allocation Fund
2015-05-21,,,,15.687,Axis Multi Asset Allocation Fund
2015-05-22,,,,15.6845,Axis Multi Asset Allocation Fund
2015-05-25,,,,15.6389,Axis Multi Asset Allocation Fund
2015-05-26,,,,15.6053,Axis Multi Asset Allocation Fund
2015-05-27,,,,15.6099,Axis Multi Asset Allocation Fund
2015-05-28,,,,15.5976,Axis Multi Asset Allocation Fund
2015-05-29,,,,15.6951,Axis Multi Asset Allocation Fund
2015-06-01,,,,15.6838,Axis Multi Asset Allocation Fund
2015-06-02,,,,15.5293,Axis Multi Asset Allocation Fund
2015-06-03,,,,15.4619,Axis Multi Asset Allocation Fund
2015-06-04,,,,15.4713,Axis Multi Asset Allocation Fund
2015-06-05,,,,15.4365,Axis Multi Asset Allocation Fund
2015-06-08,,,,15.3665,Axis Multi Asset Allocation Fund
2015-06-09,,,,15.3533,Axis Multi Asset Allocation Fund
2015-06-10,,,,15.4597,Axis Multi Asset Allocation Fund
2015-06-11,,,,15.2852,Axis Multi Asset Allocation Fund
2015-06-12,,,,15.3177,Axis Multi Asset Allocation Fund
2015-06-15,,,,15.3442,Axis Multi Asset Allocation Fund
2015-06-16,,,,15.3425,Axis Multi Asset Allocation Fund
2015-06-17,,,,15.3889,Axis Multi Asset Allocation Fund
2015-06-18,,,,15.5219,Axis Multi Asset Allocation Fund
2015-06-19,,,,15.519,Axis Multi Asset Allocation Fund
2015-06-22,,,,15.6128,Axis Multi Asset Allocation Fund
2015-06-23,,,,15.5692,Axis Multi Asset Allocation Fund
2015-06-24,,,,15.5552,Axis Multi Asset Allocation Fund
2015-06-25,,,,15.5586,Axis Multi Asset Allocation Fund
2015-06-26,,,,15.5801,Axis Multi Asset Allocation Fund
2015-06-29,,,,15.5243,Axis Multi Asset Allocation Fund
2015-06-30,,,,15.5787,Axis Multi Asset Allocation Fund
2015-07-01,,,,15.6561,Axis Multi Asset Allocation Fund
2015-07-02,,,,15.6426,Axis Multi Asset Allocation Fund
2015-07-03,,,,15.6421,Axis Multi Asset Allocation Fund
2015-07-06,,,,15.6894,Axis Multi Asset Allocation Fund
2015-07-07,,,,15.7154,Axis Multi Asset Allocation Fund
2015-07-08,,,,15.6098,Axis Multi Asset Allocation Fund
2015-07-09,,,,15.6298,Axis Multi Asset Allocation Fund
2015-07-10,,,,15.6367,Axis Multi Asset Allocation Fund
2015-07-13,,,,15.656,Axis Multi Asset Allocation Fund
2015-07-14,,,,15.6552,Axis Multi Asset Allocation Fund
2015-07-15,,,,15.7181,Axis Multi Asset Allocation Fund
2015-07-16,,,,15.7744,Axis Multi Asset Allocation Fund
2015-07-17,,,,15.781,Axis Multi Asset Allocation Fund
2015-07-20,,,,15.7559,Axis Multi Asset Allocation Fund
2015-07-21,,,,15.6609,Axis Multi Asset Allocation Fund
2015-07-22,,,,15.8205,Axis Multi Asset Allocation Fund
2015-07-23,,,,15.6509,Axis Multi Asset Allocation Fund
2015-07-24,,,,15.6375,Axis Multi Asset Allocation Fund
2015-07-27,,,,15.5472,Axis Multi Asset Allocation Fund
2015-07-28,,,,15.5747,Axis Multi Asset Allocation Fund
2015-07-29,,,,15.5899,Axis Multi Asset Allocation Fund
2015-07-30,,,,15.5615,Axis Multi Asset Allocation Fund
2015-07-31,,,,15.5763,Axis Multi Asset Allocation Fund
2015-08-03,,,,15.6454,Axis Multi Asset Allocation Fund
2015-08-04,,,,15.6251,Axis Multi Asset Allocation Fund
2015-08-05,,,,15.6594,Axis Multi Asset Allocation Fund
2015-08-06,,,,15.716,Axis Multi Asset Allocation Fund
2015-08-07,,,,15.7302,Axis Multi Asset Allocation Fund
2015-08-10,,,,15.7387,Axis Multi Asset Allocation Fund
2015-08-11,,,,15.7185,Axis Multi Asset Allocation Fund
2015-08-12,,,,15.6577,Axis Multi Asset Allocation Fund
2015-08-13,,,,15.7305,Axis Multi Asset Allocation Fund
2015-08-14,,,,15.9004,Axis Multi Asset Allocation Fund
2015-08-17,,,,15.9168,Axis Multi Asset Allocation Fund
2015-08-18,,,,15.9576,Axis Multi Asset Allocation Fund
2015-08-19,,,,15.9541,Axis Multi Asset Allocation Fund
2015-08-20,,,,15.9304,Axis Multi Asset Allocation Fund
2015-08-21,,,,15.9023,Axis Multi Asset Allocation Fund
2015-08-24,,,,15.5097,Axis Multi Asset Allocation Fund
2015-08-25,,,,15.4643,Axis Multi Asset Allocation Fund
2015-08-26,,,,15.3745,Axis Multi Asset Allocation Fund
2015-08-27,,,,15.5132,Axis Multi Asset Allocation Fund
2015-08-28,,,,15.5665,Axis Multi Asset Allocation Fund
2015-08-31,,,,15.5747,Axis Multi Asset Allocation Fund
2015-09-01,,,,15.4697,Axis Multi Asset Allocation Fund
2015-09-02,,,,15.4174,Axis Multi Asset Allocation Fund
2015-09-03,,,,15.4643,Axis Multi Asset Allocation Fund
2015-09-04,,,,15.3381,Axis Multi Asset Allocation Fund
2015-09-07,,,,15.2756,Axis Multi Asset Allocation Fund
2015-09-08,,,,15.304,Axis Multi Asset Allocation Fund
2015-09-09,,,,15.4315,Axis Multi Asset Allocation Fund
2015-09-10,,,,15.3444,Axis Multi Asset Allocation Fund
2015-09-11,,,,15.4104,Axis Multi Asset Allocation Fund
2015-09-14,,,,15.4304,Axis Multi Asset Allocation Fund
2015-09-15,,,,15.3925,Axis Multi Asset Allocation Fund
2015-09-16,,,,15.3912,Axis Multi Asset Allocation Fund
2015-09-18,,,,15.5044,Axis Multi Asset Allocation Fund
2015-09-21,,,,15.5147,Axis Multi Asset Allocation Fund
2015-09-22,,,,15.4542,Axis Multi Asset Allocation Fund
2015-09-23,,,,15.4734,Axis Multi Asset Allocation Fund
2015-09-24,,,,15.4813,Axis Multi Asset Allocation Fund
2015-09-28,,,,15.4174,Axis Multi Asset Allocation Fund
2015-09-29,,,,15.3992,Axis Multi Asset Allocation Fund
2015-09-30,,,,15.4597,Axis Multi Asset Allocation Fund
2015-10-01,,,,15.4766,Axis Multi Asset Allocation Fund
2015-10-05,,,,15.6295,Axis Multi Asset Allocation Fund
2015-10-06,,,,15.6139,Axis Multi Asset Allocation Fund
2015-10-07,,,,15.6098,Axis Multi Asset Allocation Fund
2015-10-08,,,,15.6078,Axis Multi Asset Allocation Fund
2015-10-09,,,,15.6073,Axis Multi Asset Allocation Fund
2015-10-12,,,,15.5965,Axis Multi Asset Allocation Fund
2015-10-13,,,,15.5694,Axis Multi Asset Allocation Fund
2015-10-14,,,,15.6152,Axis Multi Asset Allocation Fund
2015-10-15,,,,15.657,Axis Multi Asset Allocation Fund
2015-10-16,,,,15.7039,Axis Multi Asset Allocation Fund
2015-10-19,,,,15.6968,Axis Multi Asset Allocation Fund
2015-10-20,,,,15.7295,Axis Multi Asset Allocation Fund
2015-10-21,,,,15.7141,Axis Multi Asset Allocation Fund
2015-10-23,,,,15.6775,Axis Multi Asset Allocation Fund
2015-10-26,,,,15.6102,Axis Multi Asset Allocation Fund
2015-10-27,,,,15.6252,Axis Multi Asset Allocation Fund
2015-10-28,,,,15.5805,Axis Multi Asset Allocation Fund
2015-10-29,,,,15.5657,Axis Multi Asset Allocation Fund
2015-10-30,,,,15.5615,Axis Multi Asset Allocation Fund
2015-11-02,,,,15.5151,Axis Multi Asset Allocation Fund
2015-11-03,,,,15.4617,Axis Multi Asset Allocation Fund
2015-11-04,,,,15.4294,Axis Multi Asset Allocation Fund
2015-11-05,,,,15.3338,Axis Multi Asset Allocation Fund
2015-11-06,,,,15.3381,Axis Multi Asset Allocation Fund
2015-11-09,,,,15.3294,Axis Multi Asset Allocation Fund
2015-11-10,,,,15.1862,Axis Multi Asset Allocation Fund
2015-11-13,,,,15.1926,Axis Multi Asset Allocation Fund
2015-11-16,,,,15.1831,Axis Multi Asset Allocation Fund
2015-11-17,,,,15.1513,Axis Multi Asset Allocation Fund
2015-11-18,,,,15.1334,Axis Multi Asset Allocation Fund
2015-11-19,,,,15.2181,Axis Multi Asset Allocation Fund
2015-11-20,,,,15.2723,Axis Multi Asset Allocation Fund
2015-11-23,,,,15.2282,Axis Multi Asset Allocation Fund
2015-11-24,,,,15.2109,Axis Multi Asset Allocation Fund
2015-11-26,,,,15.1911,Axis Multi Asset Allocation Fund
2015-11-27,,,,15.2333,Axis Multi Asset Allocation Fund
2015-11-30,,,,15.2389,Axis Multi Asset Allocation Fund
2015-12-01,,,,15.2856,Axis Multi Asset Allocation Fund
2015-12-02,,,,15.2354,Axis Multi Asset Allocation Fund
2015-12-03,,,,15.22,Axis Multi Asset Allocation Fund
2015-12-04,,,,15.1787,Axis Multi Asset Allocation Fund
2015-12-07,,,,15.2061,Axis Multi Asset Allocation Fund
2015-12-08,,,,15.1435,Axis Multi Asset Allocation Fund
2015-12-09,,,,15.078,Axis Multi Asset Allocation Fund
2015-12-10,,,,15.0592,Axis Multi Asset Allocation Fund
2015-12-11,,,,14.9996,Axis Multi Asset Allocation Fund
2015-12-14,,,,15.0236,Axis Multi Asset Allocation Fund
2015-12-15,,,,15.0731,Axis Multi Asset Allocation Fund
2015-12-16,,,,15.0839,Axis Multi Asset Allocation Fund
2015-12-17,,,,15.1873,Axis Multi Asset Allocation Fund
2015-12-18,,,,15.1149,Axis Multi Asset Allocation Fund
2015-12-21,,,,15.1417,Axis Multi Asset Allocation Fund
2015-12-22,,,,15.1222,Axis Multi Asset Allocation Fund
2015-12-23,,,,15.1944,Axis Multi Asset Allocation Fund
2015-12-24,,,,15.1837,Axis Multi Asset Allocation Fund
2015-12-28,,,,15.2358,Axis Multi Asset Allocation Fund
2015-12-29,,,,15.208,Axis Multi Asset Allocation Fund
2015-12-30,,,,15.18,Axis Multi Asset Allocation Fund
2015-12-31,,,,15.1945,Axis Multi Asset Allocation Fund
2016-01-01,,,,15.2551,Axis Multi Asset Allocation Fund
2016-01-04,,,,15.1716,Axis Multi Asset Allocation Fund
2016-01-05,,,,15.2113,Axis Multi Asset Allocation Fund
2016-01-06,,,,15.2128,Axis Multi Asset Allocation Fund
2016-01-07,,,,15.1944,Axis Multi Asset Allocation Fund
2016-01-08,,,,15.1857,Axis Multi Asset Allocation Fund
2016-01-11,,,,15.1626,Axis Multi Asset Allocation Fund
2016-01-12,,,,15.0864,Axis Multi Asset Allocation Fund
2016-01-13,,,,15.0533,Axis Multi Asset Allocation Fund
2016-01-14,,,,15.0605,Axis Multi Asset Allocation Fund
2016-01-15,,,,14.936,Axis Multi Asset Allocation Fund
2016-01-18,,,,14.8373,Axis Multi Asset Allocation Fund
2016-01-19,,,,14.8391,Axis Multi Asset Allocation Fund
2016-01-20,,,,14.7736,Axis Multi Asset Allocation Fund
2016-01-21,,,,14.7858,Axis Multi Asset Allocation Fund
2016-01-22,,,,14.8713,Axis Multi Asset Allocation Fund
2016-01-25,,,,15.1215,Axis Multi Asset Allocation Fund
2016-01-27,,,,15.2728,Axis Multi Asset Allocation Fund
2016-01-28,,,,15.2873,Axis Multi Asset Allocation Fund
2016-01-29,,,,15.3263,Axis Multi Asset Allocation Fund
2016-02-01,,,,15.3624,Axis Multi Asset Allocation Fund
2016-02-02,,,,15.395,Axis Multi Asset Allocation Fund
2016-02-03,,,,15.3029,Axis Multi Asset Allocation Fund
2016-02-04,,,,15.3011,Axis Multi Asset Allocation Fund
2016-02-05,,,,15.412,Axis Multi Asset Allocation Fund
2016-02-08,,,,15.3539,Axis Multi Asset Allocation Fund
2016-02-09,,,,15.4607,Axis Multi Asset Allocation Fund
2016-02-10,,,,15.3443,Axis Multi Asset Allocation Fund
2016-02-11,,,,15.3123,Axis Multi Asset Allocation Fund
2016-02-12,,,,15.2605,Axis Multi Asset Allocation Fund
2016-02-15,,,,15.4164,Axis Multi Asset Allocation Fund
2016-02-16,,,,15.2406,Axis Multi Asset Allocation Fund
2016-02-17,,,,15.2071,Axis Multi Asset Allocation Fund
2016-02-18,,,,15.159,Axis Multi Asset Allocation Fund
2016-02-19,,,,15.3636,Axis Multi Asset Allocation Fund
2016-02-22,,,,15.2911,Axis Multi Asset Allocation Fund
2016-02-23,,,,15.3161,Axis Multi Asset Allocation Fund
2016-02-24,,,,15.162,Axis Multi Asset Allocation Fund
2016-02-25,,,,15.2063,Axis Multi Asset Allocation Fund
2016-02-26,,,,15.2291,Axis Multi Asset Allocation Fund
2016-02-29,,,,15.3179,Axis Multi Asset Allocation Fund
2016-03-01,,,,15.517,Axis Multi Asset Allocation Fund
2016-03-02,,,,15.4961,Axis Multi Asset Allocation Fund
2016-03-03,,,,15.5758,Axis Multi Asset Allocation Fund
2016-03-04,,,,15.5857,Axis Multi Asset Allocation Fund
2016-03-08,,,,15.6656,Axis Multi Asset Allocation Fund
2016-03-09,,,,15.676,Axis Multi Asset Allocation Fund
2016-03-10,,,,15.5688,Axis Multi Asset Allocation Fund
2016-03-11,,,,15.6108,Axis Multi Asset Allocation Fund
2016-03-14,,,,15.5995,Axis Multi Asset Allocation Fund
2016-03-15,,,,15.4536,Axis Multi Asset Allocation Fund
2016-03-16,,,,15.481,Axis Multi Asset Allocation Fund
2016-03-17,,,,15.5608,Axis Multi Asset Allocation Fund
2016-03-18,,,,15.5965,Axis Multi Asset Allocation Fund
2016-03-21,,,,15.6448,Axis Multi Asset Allocation Fund
2016-03-22,,,,15.7011,Axis Multi Asset Allocation Fund
2016-03-23,,,,15.6285,Axis Multi Asset Allocation Fund
2016-03-28,,,,15.5241,Axis Multi Asset Allocation Fund
2016-03-29,,,,15.5211,Axis Multi Asset Allocation Fund
2016-03-30,,,,15.6598,Axis Multi Asset Allocation Fund
2016-03-31,,,,15.6783,Axis Multi Asset Allocation Fund
2016-04-01,,,,15.681,Axis Multi Asset Allocation Fund
2016-04-04,,,,15.6958,Axis Multi Asset Allocation Fund
2016-04-05,,,,15.6565,Axis Multi Asset Allocation Fund
2016-04-06,,,,15.6872,Axis Multi Asset Allocation Fund
2016-04-07,,,,15.724,Axis Multi Asset Allocation Fund
2016-04-08,,,,15.7214,Axis Multi Asset Allocation Fund
2016-04-11,,,,15.7737,Axis Multi Asset Allocation Fund
2016-04-12,,,,15.8538,Axis Multi Asset Allocation Fund
2016-04-13,,,,15.9294,Axis Multi Asset Allocation Fund
2016-04-18,,,,16.1388,Axis Multi Asset Allocation Fund
2016-04-20,,,,16.1004,Axis Multi Asset Allocation Fund
2016-04-21,,,,16.1693,Axis Multi Asset Allocation Fund
2016-04-22,,,,16.0623,Axis Multi Asset Allocation Fund
2016-04-25,,,,15.997,Axis Multi Asset Allocation Fund
2016-04-26,,,,16.0063,Axis Multi Asset Allocation Fund
2016-04-27,,,,16.0498,Axis Multi Asset Allocation Fund
2016-04-28,,,,15.9796,Axis Multi Asset Allocation Fund
2016-04-29,,,,16.1533,Axis Multi Asset Allocation Fund
2016-05-02,,,,16.1423,Axis Multi Asset Allocation Fund
2016-05-03,,,,16.0915,Axis Multi Asset Allocation Fund
2016-05-04,,,,16.0253,Axis Multi Asset Allocation Fund
2016-05-05,,,,16.0313,Axis Multi Asset Allocation Fund
2016-05-06,,,,16.0675,Axis Multi Asset Allocation Fund
2016-05-09,,,,16.1798,Axis Multi Asset Allocation Fund
2016-05-10,,,,16.1529,Axis Multi Asset Allocation Fund
2016-05-11,,,,16.1641,Axis Multi Asset Allocation Fund
2016-05-12,,,,16.2676,Axis Multi Asset Allocation Fund
2016-05-13,,,,16.2041,Axis Multi Asset Allocation Fund
2016-05-16,,,,16.2352,Axis Multi Asset Allocation Fund
2016-05-17,,,,16.2405,Axis Multi Asset Allocation Fund
2016-05-18,,,,16.2053,Axis Multi Asset Allocation Fund
2016-05-19,,,,16.099,Axis Multi Asset Allocation Fund
2016-05-20,,,,16.0657,Axis Multi Asset Allocation Fund
2016-05-23,,,,16.0252,Axis Multi Asset Allocation Fund
2016-05-24,,,,15.9827,Axis Multi Asset Allocation Fund
2016-05-25,,,,16.005,Axis Multi Asset Allocation Fund
2016-05-26,,,,16.1252,Axis Multi Asset Allocation Fund
2016-05-27,,,,16.1354,Axis Multi Asset Allocation Fund
2016-05-30,,,,16.1172,Axis Multi Asset Allocation Fund
2016-05-31,,,,16.0749,Axis Multi Asset Allocation Fund
2016-06-01,,,,16.131,Axis Multi Asset Allocation Fund
2016-06-02,,,,16.1279,Axis Multi Asset Allocation Fund
2016-06-03,,,,16.132,Axis Multi Asset Allocation Fund
2016-06-06,,,,16.2247,Axis Multi Asset Allocation Fund
2016-06-07,,,,16.254,Axis Multi Asset Allocation Fund
2016-06-08,,,,16.3682,Axis Multi Asset Allocation Fund
2016-06-09,,,,16.2429,Axis Multi Asset Allocation Fund
2016-06-10,,,,16.45,Axis Multi Asset Allocation Fund
2016-06-13,,,,16.2864,Axis Multi Asset Allocation Fund
2016-06-14,,,,16.2872,Axis Multi Asset Allocation Fund
2016-06-15,,,,16.3253,Axis Multi Asset Allocation Fund
2016-06-16,,,,16.4536,Axis Multi Asset Allocation Fund
2016-06-17,,,,16.5055,Axis Multi Asset Allocation Fund
2016-06-20,,,,16.4794,Axis Multi Asset Allocation Fund
2016-06-21,,,,16.5391,Axis Multi Asset Allocation Fund
2016-06-22,,,,16.5203,Axis Multi Asset Allocation Fund
2016-06-23,,,,16.5696,Axis Multi Asset Allocation Fund
2016-06-24,,,,16.4805,Axis Multi Asset Allocation Fund
2016-06-27,,,,16.5602,Axis Multi Asset Allocation Fund
2016-06-28,,,,16.5416,Axis Multi Asset Allocation Fund
2016-06-29,,,,16.6215,Axis Multi Asset Allocation Fund
2016-06-30,,,,16.7085,Axis Multi Asset Allocation Fund
2016-07-01,,,,16.7491,Axis Multi Asset Allocation Fund
2016-07-04,,,,16.7797,Axis Multi Asset Allocation Fund
2016-07-05,,,,16.7457,Axis Multi Asset Allocation Fund
2016-07-07,,,,16.7928,Axis Multi Asset Allocation Fund
2016-07-08,,,,16.7837,Axis Multi Asset Allocation Fund
2016-07-11,,,,16.8887,Axis Multi Asset Allocation Fund
2016-07-12,,,,16.9256,Axis Multi Asset Allocation Fund
2016-07-13,,,,16.9563,Axis Multi Asset Allocation Fund
2016-07-14,,,,16.9861,Axis Multi Asset Allocation Fund
2016-07-15,,,,16.977,Axis Multi Asset Allocation Fund
2016-07-18,,,,16.9663,Axis Multi Asset Allocation Fund
2016-07-19,,,,16.9797,Axis Multi Asset Allocation Fund
2016-07-20,,,,17.0324,Axis Multi Asset Allocation Fund
2016-07-21,,,,16.9998,Axis Multi Asset Allocation Fund
2016-07-22,,,,17.0623,Axis Multi Asset Allocation Fund
2016-07-25,,,,17.1638,Axis Multi Asset Allocation Fund
2016-07-26,,,,17.1117,Axis Multi Asset Allocation Fund
2016-07-27,,,,17.151,Axis Multi Asset Allocation Fund
2016-07-28,,,,17.2339,Axis Multi Asset Allocation Fund
2016-07-29,,,,17.2406,Axis Multi Asset Allocation Fund
2016-08-01,,,,17.2447,Axis Multi Asset Allocation Fund
2016-08-02,,,,17.2363,Axis Multi Asset Allocation Fund
2016-08-03,,,,17.1897,Axis Multi Asset Allocation Fund
2016-08-04,,,,17.1828,Axis Multi Asset Allocation Fund
2016-08-05,,,,17.267,Axis Multi Asset Allocation Fund
2016-08-08,,,,17.2266,Axis Multi Asset Allocation Fund
2016-08-09,,,,17.2286,Axis Multi Asset Allocation Fund
2016-08-10,,,,17.204,Axis Multi Asset Allocation Fund
2016-08-11,,,,17.2096,Axis Multi Asset Allocation Fund
2016-08-12,,,,17.2493,Axis Multi Asset Allocation Fund
2016-08-16,,,,17.2641,Axis Multi Asset Allocation Fund
2016-08-17,,,,17.2405,Axis Multi Asset Allocation Fund
2016-08-18,,,,17.2265,Axis Multi Asset Allocation Fund
2016-08-19,,,,17.3606,Axis Multi Asset Allocation Fund
2016-08-22,,,,17.2024,Axis Multi Asset Allocation Fund
2016-08-23,,,,17.1883,Axis Multi Asset Allocation Fund
2016-08-24,,,,17.2256,Axis Multi Asset Allocation Fund
2016-08-25,,,,17.1751,Axis Multi Asset Allocation Fund
2016-08-26,,,,17.2075,Axis Multi Asset Allocation Fund
2016-08-29,,,,17.2142,Axis Multi Asset Allocation Fund
2016-08-30,,,,17.3418,Axis Multi Asset Allocation Fund
2016-08-31,,,,17.3319,Axis Multi Asset Allocation Fund
2016-09-01,,,,17.3326,Axis Multi Asset Allocation Fund
2016-09-02,,,,17.4015,Axis Multi Asset Allocation Fund
2016-09-06,,,,17.4715,Axis Multi Asset Allocation Fund
2016-09-07,,,,17.4938,Axis Multi Asset Allocation Fund
2016-09-08,,,,17.5314,Axis Multi Asset Allocation Fund
2016-09-09,,,,17.4808,Axis Multi Asset Allocation Fund
2016-09-12,,,,17.3798,Axis Multi Asset Allocation Fund
2016-09-14,,,,17.3561,Axis Multi Asset Allocation Fund
2016-09-15,,,,17.3575,Axis Multi Asset Allocation Fund
2016-09-16,,,,17.3699,Axis Multi Asset Allocation Fund
2016-09-19,,,,17.404,Axis Multi Asset Allocation Fund
2016-09-20,,,,17.3634,Axis Multi Asset Allocation Fund
2016-09-21,,,,17.3881,Axis Multi Asset Allocation Fund
2016-09-22,,,,17.4966,Axis Multi Asset Allocation Fund
2016-09-23,,,,17.5061,Axis Multi Asset Allocation Fund
2016-09-26,,,,17.461,Axis Multi Asset Allocation Fund
2016-09-27,,,,17.4475,Axis Multi Asset Allocation Fund
2016-09-28,,,,17.4542,Axis Multi Asset Allocation Fund
2016-09-29,,,,17.3688,Axis Multi Asset Allocation Fund
2016-09-30,,,,17.3955,Axis Multi Asset Allocation Fund
2016-10-03,,,,17.5142,Axis Multi Asset Allocation Fund
2016-10-04,,,,17.5402,Axis Multi Asset Allocation Fund
2016-10-05,,,,17.4755,Axis Multi Asset Allocation Fund
2016-10-06,,,,17.4522,Axis Multi Asset Allocation Fund
2016-10-07,,,,17.3877,Axis Multi Asset Allocation Fund
2016-10-10,,,,17.4475,Axis Multi Asset Allocation Fund
2016-10-13,,,,17.3229,Axis Multi Asset Allocation Fund
2016-10-14,,,,17.3345,Axis Multi Asset Allocation Fund
2016-10-17,,,,17.2108,Axis Multi Asset Allocation Fund
2016-10-18,,,,17.3559,Axis Multi Asset Allocation Fund
2016-10-19,,,,17.3519,Axis Multi Asset Allocation Fund
2016-10-20,,,,17.3681,Axis Multi Asset Allocation Fund
2016-10-21,,,,17.4348,Axis Multi Asset Allocation Fund
2016-10-24,,,,17.3198,Axis Multi Asset Allocation Fund
2016-10-25,,,,17.3353,Axis Multi Asset Allocation Fund
2016-10-26,,,,17.2985,Axis Multi Asset Allocation Fund
2016-10-27,,,,17.3155,Axis Multi Asset Allocation Fund
2016-10-28,,,,17.5563,Axis Multi Asset Allocation Fund
2016-11-01,,,,17.4875,Axis Multi Asset Allocation Fund
2016-11-02,,,,17.3632,Axis Multi Asset Allocation Fund
2016-11-03,,,,17.3674,Axis Multi Asset Allocation Fund
2016-11-04,,,,17.2638,Axis Multi Asset Allocation Fund
2016-11-07,,,,17.3165,Axis Multi Asset Allocation Fund
2016-11-08,,,,17.3526,Axis Multi Asset Allocation Fund
2016-11-09,,,,17.4273,Axis Multi Asset Allocation Fund
2016-11-10,,,,17.3415,Axis Multi Asset Allocation Fund
2016-11-11,,,,17.1325,Axis Multi Asset Allocation Fund
2016-11-15,,,,16.8402,Axis Multi Asset Allocation Fund
2016-11-16,,,,16.9588,Axis Multi Asset Allocation Fund
2016-11-17,,,,16.8551,Axis Multi Asset Allocation Fund
2016-11-18,,,,16.7997,Axis Multi Asset Allocation Fund
2016-11-21,,,,16.7019,Axis Multi Asset Allocation Fund
2016-11-22,,,,16.7578,Axis Multi Asset Allocation Fund
2016-11-23,,,,16.7991,Axis Multi Asset Allocation Fund
2016-11-24,,,,16.7318,Axis Multi Asset Allocation Fund
2016-11-25,,,,16.802,Axis Multi Asset Allocation Fund
2016-11-28,,,,16.8033,Axis Multi Asset Allocation Fund
2016-11-29,,,,16.8297,Axis Multi Asset Allocation Fund
2016-11-30,,,,16.897,Axis Multi Asset Allocation Fund
2016-12-01,,,,16.8206,Axis Multi Asset Allocation Fund
2016-12-02,,,,16.6814,Axis Multi Asset Allocation Fund
2016-12-05,,,,16.6713,Axis Multi Asset Allocation Fund
2016-12-06,,,,16.6771,Axis Multi Asset Allocation Fund
2016-12-07,,,,16.5722,Axis Multi Asset Allocation Fund
2016-12-08,,,,16.6313,Axis Multi Asset Allocation Fund
2016-12-09,,,,16.5965,Axis Multi Asset Allocation Fund
2016-12-12,,,,16.5458,Axis Multi Asset Allocation Fund
2016-12-13,,,,16.4931,Axis Multi Asset Allocation Fund
2016-12-14,,,,16.4714,Axis Multi Asset Allocation Fund
2016-12-15,,,,16.4129,Axis Multi Asset Allocation Fund
2016-12-16,,,,16.3598,Axis Multi Asset Allocation Fund
2016-12-19,,,,16.3225,Axis Multi Asset Allocation Fund
2016-12-20,,,,16.299,Axis Multi Asset Allocation Fund
2016-12-21,,,,16.2893,Axis Multi Asset Allocation Fund
2016-12-22,,,,16.2191,Axis Multi Asset Allocation Fund
2016-12-23,,,,16.2063,Axis Multi Asset Allocation Fund
2016-12-26,,,,16.1921,Axis Multi Asset Allocation Fund
2016-12-27,,,,16.2378,Axis Multi Asset Allocation Fund
2016-12-28,,,,16.2457,Axis Multi Asset Allocation Fund
2016-12-29,,,,16.376,Axis Multi Asset Allocation Fund
2016-12-30,,,,16.4182,Axis Multi Asset Allocation Fund
2017-01-02,,,,16.4877,Axis Multi Asset Allocation Fund
2017-01-03,,,,16.515,Axis Multi Asset Allocation Fund
2017-01-04,,,,16.5382,Axis Multi Asset Allocation Fund
2017-01-05,,,,16.6143,Axis Multi Asset Allocation Fund
2017-01-06,,,,16.6301,Axis Multi Asset Allocation Fund
2017-01-09,,,,16.5903,Axis Multi Asset Allocation Fund
2017-01-10,,,,16.654,Axis Multi Asset Allocation Fund
2017-01-11,,,,16.7342,Axis Multi Asset Allocation Fund
2017-01-12,,,,16.7871,Axis Multi Asset Allocation Fund
2017-01-13,,,,16.7662,Axis Multi Asset Allocation Fund
2017-01-16,,,,16.7862,Axis Multi Asset Allocation Fund
2017-01-17,,,,16.815,Axis Multi Asset Allocation Fund
2017-01-18,,,,16.8239,Axis Multi Asset Allocation Fund
2017-01-19,,,,16.8221,Axis Multi Asset Allocation Fund
2017-01-20,,,,16.7672,Axis Multi Asset Allocation Fund
2017-01-23,,,,16.7821,Axis Multi Asset Allocation Fund
2017-01-24,,,,16.8496,Axis Multi Asset Allocation Fund
2017-01-25,,,,16.8939,Axis Multi Asset Allocation Fund
2017-01-27,,,,16.9304,Axis Multi Asset Allocation Fund
2017-01-30,,,,16.9213,Axis Multi Asset Allocation Fund
2017-01-31,,,,16.8777,Axis Multi Asset Allocation Fund
2017-02-01,,,,17.0326,Axis Multi Asset Allocation Fund
2017-02-02,,,,17.1413,Axis Multi Asset Allocation Fund
2017-02-03,,,,17.0936,Axis Multi Asset Allocation Fund
2017-02-06,,,,17.178,Axis Multi Asset Allocation Fund
2017-02-07,,,,17.2031,Axis Multi Asset Allocation Fund
2017-02-08,,,,17.1114,Axis Multi Asset Allocation Fund
2017-02-09,,,,17.0601,Axis Multi Asset Allocation Fund
2017-02-10,,,,17.0491,Axis Multi Asset Allocation Fund
2017-02-13,,,,17.0948,Axis Multi Asset Allocation Fund
2017-02-14,,,,17.0789,Axis Multi Asset Allocation Fund
2017-02-15,,,,17.0206,Axis Multi Asset Allocation Fund
2017-02-16,,,,17.101,Axis Multi Asset Allocation Fund
2017-02-17,,,,17.1325,Axis Multi Asset Allocation Fund
2017-02-20,,,,17.1516,Axis Multi Asset Allocation Fund
2017-02-21,,,,17.1161,Axis Multi Asset Allocation Fund
2017-02-22,,,,17.1175,Axis Multi Asset Allocation Fund
2017-02-23,,,,17.0957,Axis Multi Asset Allocation Fund
2017-02-27,,,,17.197,Axis Multi Asset Allocation Fund
2017-02-28,,,,17.1989,Axis Multi Asset Allocation Fund
2017-03-01,,,,17.2119,Axis Multi Asset Allocation Fund
2017-03-02,,,,17.1531,Axis Multi Asset Allocation Fund
2017-03-03,,,,17.1162,Axis Multi Asset Allocation Fund
2017-03-06,,,,17.1054,Axis Multi Asset Allocation Fund
2017-03-07,,,,17.0553,Axis Multi Asset Allocation Fund
2017-03-08,,,,17.0263,Axis Multi Asset Allocation Fund
2017-03-09,,,,17.0359,Axis Multi Asset Allocation Fund
2017-03-10,,,,16.9932,Axis Multi Asset Allocation Fund
2017-03-14,,,,17.0989,Axis Multi Asset Allocation Fund
2017-03-15,,,,17.1265,Axis Multi Asset Allocation Fund
2017-03-16,,,,17.2354,Axis Multi Asset Allocation Fund
2017-03-17,,,,17.2519,Axis Multi Asset Allocation Fund
2017-03-20,,,,17.2517,Axis Multi Asset Allocation Fund
2017-03-21,,,,17.268,Axis Multi Asset Allocation Fund
2017-03-22,,,,17.2812,Axis Multi Asset Allocation Fund
2017-03-23,,,,17.3355,Axis Multi Asset Allocation Fund
2017-03-24,,,,17.3541,Axis Multi Asset Allocation Fund
2017-03-27,,,,17.379,Axis Multi Asset Allocation Fund
2017-03-28,,,,17.4024,Axis Multi Asset Allocation Fund
2017-03-29,,,,17.4245,Axis Multi Asset Allocation Fund
2017-03-30,,,,17.5037,Axis Multi Asset Allocation Fund
2017-03-31,,,,17.4953,Axis Multi Asset Allocation Fund
2017-04-03,,,,17.5528,Axis Multi Asset Allocation Fund
2017-04-05,,,,17.5777,Axis Multi Asset Allocation Fund
2017-04-06,,,,17.5534,Axis Multi Asset Allocation Fund
2017-04-07,,,,17.5078,Axis Multi Asset Allocation Fund
2017-04-10,,,,17.5152,Axis Multi Asset Allocation Fund
2017-04-11,,,,17.5786,Axis Multi Asset Allocation Fund
2017-04-12,,,,17.6193,Axis Multi Asset Allocation Fund
2017-04-13,,,,17.6538,Axis Multi Asset Allocation Fund
2017-04-17,,,,17.6916,Axis Multi Asset Allocation Fund
2017-04-18,,,,17.6804,Axis Multi Asset Allocation Fund
2017-04-19,,,,17.6754,Axis Multi Asset Allocation Fund
2017-04-20,,,,17.6684,Axis Multi Asset Allocation Fund
2017-04-21,,,,17.6935,Axis Multi Asset Allocation Fund
2017-04-24,,,,17.7595,Axis Multi Asset Allocation Fund
2017-04-25,,,,17.8286,Axis Multi Asset Allocation Fund
2017-04-26,,,,17.811,Axis Multi Asset Allocation Fund
2017-04-27,,,,17.8605,Axis Multi Asset Allocation Fund
2017-04-28,,,,17.8862,Axis Multi Asset Allocation Fund
2017-05-02,,,,17.8643,Axis Multi Asset Allocation Fund
2017-05-03,,,,17.8342,Axis Multi Asset Allocation Fund
2017-05-04,,,,17.8368,Axis Multi Asset Allocation Fund
2017-05-05,,,,17.8015,Axis Multi Asset Allocation Fund
2017-05-08,,,,17.7894,Axis Multi Asset Allocation Fund
2017-05-09,,,,17.7769,Axis Multi Asset Allocation Fund
2017-05-10,,,,17.8212,Axis Multi Asset Allocation Fund
2017-05-11,,,,17.8498,Axis Multi Asset Allocation Fund
2017-05-12,,,,17.8124,Axis Multi Asset Allocation Fund
2017-05-15,,,,17.8789,Axis Multi Asset Allocation Fund
2017-05-16,,,,17.8797,Axis Multi Asset Allocation Fund
2017-05-17,,,,17.8651,Axis Multi Asset Allocation Fund
2017-05-18,,,,17.8681,Axis Multi Asset Allocation Fund
2017-05-19,,,,17.7844,Axis Multi Asset Allocation Fund
2017-05-22,,,,17.7999,Axis Multi Asset Allocation Fund
2017-05-23,,,,17.7388,Axis Multi Asset Allocation Fund
2017-05-24,,,,17.695,Axis Multi Asset Allocation Fund
2017-05-25,,,,17.8124,Axis Multi Asset Allocation Fund
2017-05-26,,,,17.916,Axis Multi Asset Allocation Fund
2017-05-29,,,,17.9348,Axis Multi Asset Allocation Fund
2017-05-30,,,,17.9711,Axis Multi Asset Allocation Fund
2017-05-31,,,,17.9686,Axis Multi Asset Allocation Fund
2017-06-01,,,,18.0109,Axis Multi Asset Allocation Fund
2017-06-02,,,,18.0704,Axis Multi Asset Allocation Fund
2017-06-05,,,,18.1083,Axis Multi Asset Allocation Fund
2017-06-06,,,,18.1081,Axis Multi Asset Allocation Fund
2017-06-07,,,,18.1914,Axis Multi Asset Allocation Fund
2017-06-08,,,,18.1953,Axis Multi Asset Allocation Fund
2017-06-09,,,,18.2538,Axis Multi Asset Allocation Fund
2017-06-12,,,,18.2023,Axis Multi Asset Allocation Fund
2017-06-13,,,,18.2266,Axis Multi Asset Allocation Fund
2017-06-14,,,,18.2006,Axis Multi Asset Allocation Fund
2017-06-15,,,,18.1804,Axis Multi Asset Allocation Fund
2017-06-16,,,,18.1336,Axis Multi Asset Allocation Fund
2017-06-19,,,,18.1451,Axis Multi Asset Allocation Fund
2017-06-20,,,,18.1504,Axis Multi Asset Allocation Fund
2017-06-21,,,,18.1431,Axis Multi Asset Allocation Fund
2017-06-22,,,,18.1639,Axis Multi Asset Allocation Fund
2017-06-23,,,,18.1015,Axis Multi Asset Allocation Fund
2017-06-27,,,,18.0462,Axis Multi Asset Allocation Fund
2017-06-28,,,,18.0201,Axis Multi Asset Allocation Fund
2017-06-29,,,,17.9923,Axis Multi Asset Allocation Fund
2017-06-30,,,,18.0505,Axis Multi Asset Allocation Fund
2017-07-03,,,,18.1117,Axis Multi Asset Allocation Fund
2017-07-04,,,,18.0635,Axis Multi Asset Allocation Fund
2017-07-05,,,,18.0695,Axis Multi Asset Allocation Fund
2017-07-06,,,,18.1409,Axis Multi Asset Allocation Fund
2017-07-07,,,,18.1256,Axis Multi Asset Allocation Fund
2017-07-10,,,,18.164,Axis Multi Asset Allocation Fund
2017-07-11,,,,18.2188,Axis Multi Asset Allocation Fund
2017-07-12,,,,18.2272,Axis Multi Asset Allocation Fund
2017-07-13,,,,18.2731,Axis Multi Asset Allocation Fund
2017-07-14,,,,18.3252,Axis Multi Asset Allocation Fund
2017-07-17,,,,18.3187,Axis Multi Asset Allocation Fund
2017-07-18,,,,18.2638,Axis Multi Asset Allocation Fund
2017-07-19,,,,18.3153,Axis Multi Asset Allocation Fund
2017-07-20,,,,18.2825,Axis Multi Asset Allocation Fund
2017-07-21,,,,18.3088,Axis Multi Asset Allocation Fund
2017-07-24,,,,18.342,Axis Multi Asset Allocation Fund
2017-07-25,,,,18.3517,Axis Multi Asset Allocation Fund
2017-07-26,,,,18.3636,Axis Multi Asset Allocation Fund
2017-07-27,,,,18.4396,Axis Multi Asset Allocation Fund
2017-07-28,,,,18.4453,Axis Multi Asset Allocation Fund
2017-07-31,,,,18.52,Axis Multi Asset Allocation Fund
2017-08-01,,,,18.5542,Axis Multi Asset Allocation Fund
2017-08-02,,,,18.5227,Axis Multi Asset Allocation Fund
2017-08-03,,,,18.4675,Axis Multi Asset Allocation Fund
2017-08-04,,,,18.5264,Axis Multi Asset Allocation Fund
2017-08-07,,,,18.5523,Axis Multi Asset Allocation Fund
2017-08-08,,,,18.4766,Axis Multi Asset Allocation Fund
2017-08-09,,,,18.4203,Axis Multi Asset Allocation Fund
2017-08-10,,,,18.3444,Axis Multi Asset Allocation Fund
2017-08-11,,,,18.3394,Axis Multi Asset Allocation Fund
2017-08-14,,,,18.4085,Axis Multi Asset Allocation Fund
2017-08-16,,,,18.52,Axis Multi Asset Allocation Fund
2017-08-17,,,,18.5584,Axis Multi Asset Allocation Fund
2017-08-18,,,,18.5621,Axis Multi Asset Allocation Fund
2017-08-21,,,,18.542,Axis Multi Asset Allocation Fund
2017-08-22,,,,18.5041,Axis Multi Asset Allocation Fund
2017-08-23,,,,18.531,Axis Multi Asset Allocation Fund
2017-08-24,,,,18.5277,Axis Multi Asset Allocation Fund
2017-08-28,,,,18.6486,Axis Multi Asset Allocation Fund
2017-08-29,,,,18.6193,Axis Multi Asset Allocation Fund
2017-08-30,,,,18.6964,Axis Multi Asset Allocation Fund
2017-08-31,,,,18.6914,Axis Multi Asset Allocation Fund
2017-09-01,,,,18.7824,Axis Multi Asset Allocation Fund
2017-09-04,,,,18.7639,Axis Multi Asset Allocation Fund
2017-09-05,,,,18.8294,Axis Multi Asset Allocation Fund
2017-09-06,,,,18.8628,Axis Multi Asset Allocation Fund
2017-09-07,,,,18.9188,Axis Multi Asset Allocation Fund
2017-09-08,,,,18.9601,Axis Multi Asset Allocation Fund
2017-09-11,,,,18.9821,Axis Multi Asset Allocation Fund
2017-09-12,,,,19.0037,Axis Multi Asset Allocation Fund
2017-09-13,,,,18.9889,Axis Multi Asset Allocation Fund
2017-09-14,,,,19.0013,Axis Multi Asset Allocation Fund
2017-09-15,,,,19.0196,Axis Multi Asset Allocation Fund
2017-09-18,,,,19.0009,Axis Multi Asset Allocation Fund
2017-09-19,,,,19.0086,Axis Multi Asset Allocation Fund
2017-09-20,,,,18.9677,Axis Multi Asset Allocation Fund
2017-09-21,,,,18.9205,Axis Multi Asset Allocation Fund
2017-09-22,,,,18.7865,Axis Multi Asset Allocation Fund
2017-09-25,,,,18.6811,Axis Multi Asset Allocation Fund
2017-09-26,,,,18.7501,Axis Multi Asset Allocation Fund
2017-09-27,,,,18.683,Axis Multi Asset Allocation Fund
2017-09-28,,,,18.7173,Axis Multi Asset Allocation Fund
2017-09-29,,,,18.7787,Axis Multi Asset Allocation Fund
2017-10-03,,,,18.7699,Axis Multi Asset Allocation Fund
2017-10-04,,,,18.7571,Axis Multi Asset Allocation Fund
2017-10-05,,,,18.7567,Axis Multi Asset Allocation Fund
2017-10-06,,,,18.7916,Axis Multi Asset Allocation Fund
2017-10-09,,,,18.843,Axis Multi Asset Allocation Fund
2017-10-10,,,,18.951,Axis Multi Asset Allocation Fund
2017-10-11,,,,18.9253,Axis Multi Asset Allocation Fund
2017-10-12,,,,18.9829,Axis Multi Asset Allocation Fund
2017-10-13,,,,19.0306,Axis Multi Asset Allocation Fund
2017-10-16,,,,19.0593,Axis Multi Asset Allocation Fund
2017-10-17,,,,19.0455,Axis Multi Asset Allocation Fund
2017-10-18,,,,18.9758,Axis Multi Asset Allocation Fund
2017-10-23,,,,18.9057,Axis Multi Asset Allocation Fund
2017-10-24,,,,18.8941,Axis Multi Asset Allocation Fund
2017-10-25,,,,18.8869,Axis Multi Asset Allocation Fund
2017-10-26,,,,18.8515,Axis Multi Asset Allocation Fund
2017-10-27,,,,18.8748,Axis Multi Asset Allocation Fund
2017-10-30,,,,18.9785,Axis Multi Asset Allocation Fund
2017-10-31,,,,19.0192,Axis Multi Asset Allocation Fund
2017-11-01,,,,19.0543,Axis Multi Asset Allocation Fund
2017-11-02,,,,19.0084,Axis Multi Asset Allocation Fund
2017-11-03,,,,19.0065,Axis Multi Asset Allocation Fund
2017-11-06,,,,18.9906,Axis Multi Asset Allocation Fund
2017-11-07,,,,18.9561,Axis Multi Asset Allocation Fund
2017-11-08,,,,18.9185,Axis Multi Asset Allocation Fund
2017-11-09,,,,18.9249,Axis Multi Asset Allocation Fund
2017-11-10,,,,18.9352,Axis Multi Asset Allocation Fund
2017-11-13,,,,18.8897,Axis Multi Asset Allocation Fund
2017-11-14,,,,18.8241,Axis Multi Asset Allocation Fund
2017-11-15,,,,18.8256,Axis Multi Asset Allocation Fund
2017-11-16,,,,18.8568,Axis Multi Asset Allocation Fund
2017-11-17,,,,18.9438,Axis Multi Asset Allocation Fund
2017-11-20,,,,19.0123,Axis Multi Asset Allocation Fund
2017-11-21,,,,18.9791,Axis Multi Asset Allocation Fund
2017-11-22,,,,18.9794,Axis Multi Asset Allocation Fund
2017-11-23,,,,18.961,Axis Multi Asset Allocation Fund
2017-11-24,,,,19.0291,Axis Multi Asset Allocation Fund
2017-11-27,,,,19.0676,Axis Multi Asset Allocation Fund
2017-11-28,,,,19.1038,Axis Multi Asset Allocation Fund
2017-11-29,,,,19.1056,Axis Multi Asset Allocation Fund
2017-11-30,,,,19.0591,Axis Multi Asset Allocation Fund
2017-12-01,,,,18.9794,Axis Multi Asset Allocation Fund
2017-12-04,,,,18.9429,Axis Multi Asset Allocation Fund
2017-12-05,,,,18.9114,Axis Multi Asset Allocation Fund
2017-12-06,,,,18.8624,Axis Multi Asset Allocation Fund
2017-12-07,,,,18.9258,Axis Multi Asset Allocation Fund
2017-12-08,,,,18.9269,Axis Multi Asset Allocation Fund
2017-12-11,,,,18.967,Axis Multi Asset Allocation Fund
2017-12-12,,,,18.8884,Axis Multi Asset Allocation Fund
2017-12-13,,,,18.8792,Axis Multi Asset Allocation Fund
2017-12-14,,,,18.8917,Axis Multi Asset Allocation Fund
2017-12-15,,,,18.9883,Axis Multi Asset Allocation Fund
2017-12-18,,,,19.0092,Axis Multi Asset Allocation Fund
2017-12-19,,,,19.1252,Axis Multi Asset Allocation Fund
2017-12-20,,,,19.0972,Axis Multi Asset Allocation Fund
2017-12-21,,,,19.1456,Axis Multi Asset Allocation Fund
2017-12-22,,,,19.1401,Axis Multi Asset Allocation Fund
2017-12-26,,,,19.2118,Axis Multi Asset Allocation Fund
2017-12-27,,,,19.2068,Axis Multi Asset Allocation Fund
2017-12-28,,,,19.2242,Axis Multi Asset Allocation Fund
2017-12-29,,,,19.3108,Axis Multi Asset Allocation Fund
2018-01-01,,,,19.3049,Axis Multi Asset Allocation Fund
2018-01-02,,,,19.2904,Axis Multi Asset Allocation Fund
2018-01-03,,,,19.3074,Axis Multi Asset Allocation Fund
2018-01-04,,,,19.4203,Axis Multi Asset Allocation Fund
2018-01-05,,,,19.5011,Axis Multi Asset Allocation Fund
2018-01-08,,,,19.4912,Axis Multi Asset Allocation Fund
2018-01-09,,,,19.4686,Axis Multi Asset Allocation Fund
2018-01-10,,,,19.4564,Axis Multi Asset Allocation Fund
2018-01-11,,,,19.5766,Axis Multi Asset Allocation Fund
2018-01-12,,,,19.6808,Axis Multi Asset Allocation Fund
2018-01-15,,,,19.7402,Axis Multi Asset Allocation Fund
2018-01-16,,,,19.6707,Axis Multi Asset Allocation Fund
2018-01-17,,,,19.7261,Axis Multi Asset Allocation Fund
2018-01-18,,,,19.6972,Axis Multi Asset Allocation Fund
2018-01-19,,,,19.7806,Axis Multi Asset Allocation Fund
2018-01-22,,,,19.744,Axis Multi Asset Allocation Fund
2018-01-23,,,,19.7826,Axis Multi Asset Allocation Fund
2018-01-24,,,,19.7543,Axis Multi Asset Allocation Fund
2018-01-25,,,,19.7913,Axis Multi Asset Allocation Fund
2018-01-29,,,,19.75,Axis Multi Asset Allocation Fund
2018-01-30,,,,19.636,Axis Multi Asset Allocation Fund
2018-01-31,,,,19.6403,Axis Multi Asset Allocation Fund
2018-02-01,,,,19.6363,Axis Multi Asset Allocation Fund
2018-02-02,,,,19.4415,Axis Multi Asset Allocation Fund
2018-02-05,,,,19.3825,Axis Multi Asset Allocation Fund
2018-02-06,,,,19.2619,Axis Multi Asset Allocation Fund
2018-02-07,,,,19.2529,Axis Multi Asset Allocation Fund
2018-02-08,,,,19.3373,Axis Multi Asset Allocation Fund
2018-02-09,,,,19.2838,Axis Multi Asset Allocation Fund
2018-02-12,,,,19.4093,Axis Multi Asset Allocation Fund
2018-02-14,,,,19.5095,Axis Multi Asset Allocation Fund
2018-02-15,,,,19.4943,Axis Multi Asset Allocation Fund
2018-02-16,,,,19.4127,Axis Multi Asset Allocation Fund
2018-02-19,,,,19.3567,Axis Multi Asset Allocation Fund
2018-02-20,,,,19.3285,Axis Multi Asset Allocation Fund
2018-02-21,,,,19.3072,Axis Multi Asset Allocation Fund
2018-02-22,,,,19.2268,Axis Multi Asset Allocation Fund
2018-02-23,,,,19.3399,Axis Multi Asset Allocation Fund
2018-02-26,,,,19.4911,Axis Multi Asset Allocation Fund
2018-02-27,,,,19.5435,Axis Multi Asset Allocation Fund
2018-02-28,,,,19.4828,Axis Multi Asset Allocation Fund
2018-03-01,,,,19.4052,Axis Multi Asset Allocation Fund
2018-03-05,,,,19.4082,Axis Multi Asset Allocation Fund
2018-03-06,,,,19.3235,Axis Multi Asset Allocation Fund
2018-03-07,,,,19.2323,Axis Multi Asset Allocation Fund
2018-03-08,,,,19.2666,Axis Multi Asset Allocation Fund
2018-03-09,,,,19.2702,Axis Multi Asset Allocation Fund
2018-03-12,,,,19.3261,Axis Multi Asset Allocation Fund
2018-03-13,,,,19.3773,Axis Multi Asset Allocation Fund
2018-03-14,,,,19.3877,Axis Multi Asset Allocation Fund
2018-03-15,,,,19.3727,Axis Multi Asset Allocation Fund
2018-03-16,,,,19.2327,Axis Multi Asset Allocation Fund
2018-03-19,,,,19.1591,Axis Multi Asset Allocation Fund
2018-03-20,,,,19.1996,Axis Multi Asset Allocation Fund
2018-03-21,,,,19.2193,Axis Multi Asset Allocation Fund
2018-03-22,,,,19.2246,Axis Multi Asset Allocation Fund
2018-03-23,,,,19.1854,Axis Multi Asset Allocation Fund
2018-03-26,,,,19.2737,Axis Multi Asset Allocation Fund
2018-03-27,,,,19.4665,Axis Multi Asset Allocation Fund
2018-03-28,,,,19.3744,Axis Multi Asset Allocation Fund
2018-04-02,,,,19.5858,Axis Multi Asset Allocation Fund
2018-04-03,,,,19.6852,Axis Multi Asset Allocation Fund
2018-04-04,,,,19.6154,Axis Multi Asset Allocation Fund
2018-04-05,,,,19.7815,Axis Multi Asset Allocation Fund
2018-04-06,,,,19.801,Axis Multi Asset Allocation Fund
2018-04-09,,,,19.8495,Axis Multi Asset Allocation Fund
2018-04-10,,,,19.7785,Axis Multi Asset Allocation Fund
2018-04-11,,,,19.8465,Axis Multi Asset Allocation Fund
2018-04-12,,,,19.9039,Axis Multi Asset Allocation Fund
2018-04-13,,,,19.8932,Axis Multi Asset Allocation Fund
2018-04-16,,,,19.9588,Axis Multi Asset Allocation Fund
2018-04-17,,,,19.9959,Axis Multi Asset Allocation Fund
2018-04-18,,,,20.0092,Axis Multi Asset Allocation Fund
2018-04-19,,,,19.9578,Axis Multi Asset Allocation Fund
2018-04-20,,,,19.8816,Axis Multi Asset Allocation Fund
2018-04-23,,,,19.8833,Axis Multi Asset Allocation Fund
2018-04-24,,,,19.8943,Axis Multi Asset Allocation Fund
2018-04-25,,,,19.8733,Axis Multi Asset Allocation Fund
2018-04-26,,,,19.8684,Axis Multi Asset Allocation Fund
2018-04-27,,,,19.8864,Axis Multi Asset Allocation Fund
2018-04-30,,,,19.9783,Axis Multi Asset Allocation Fund
2018-05-02,,,,19.9322,Axis Multi Asset Allocation Fund
2018-05-03,,,,19.8345,Axis Multi Asset Allocation Fund
2018-05-04,,,,19.7948,Axis Multi Asset Allocation Fund
2018-05-07,,,,19.8799,Axis Multi Asset Allocation Fund
2018-05-08,,,,19.8458,Axis Multi Asset Allocation Fund
2018-05-09,,,,19.8162,Axis Multi Asset Allocation Fund
2018-05-10,,,,19.7691,Axis Multi Asset Allocation Fund
2018-05-11,,,,19.8893,Axis Multi Asset Allocation Fund
2018-05-14,,,,19.8953,Axis Multi Asset Allocation Fund
2018-05-15,,,,19.8178,Axis Multi Asset Allocation Fund
2018-05-16,,,,19.7606,Axis Multi Asset Allocation Fund
2018-05-17,,,,19.6904,Axis Multi Asset Allocation Fund
2018-05-18,,,,19.7076,Axis Multi Asset Allocation Fund
2018-05-21,,,,19.5286,Axis Multi Asset Allocation Fund
2018-05-22,,,,19.6505,Axis Multi Asset Allocation Fund
2018-05-23,,,,19.6965,Axis Multi Asset Allocation Fund
2018-05-24,,,,19.5706,Axis Multi Asset Allocation Fund
2018-05-25,,,,19.7196,Axis Multi Asset Allocation Fund
2018-05-28,,,,19.8333,Axis Multi Asset Allocation Fund
2018-05-29,,,,19.8117,Axis Multi Asset Allocation Fund
2018-05-30,,,,19.8327,Axis Multi Asset Allocation Fund
2018-05-31,,,,19.9292,Axis Multi Asset Allocation Fund
2018-06-01,,,,19.7808,Axis Multi Asset Allocation Fund
2018-06-04,,,,19.6002,Axis Multi Asset Allocation Fund
2018-06-05,,,,19.5118,Axis Multi Asset Allocation Fund
2018-06-06,,,,19.6753,Axis Multi Asset Allocation Fund
2018-06-07,,,,19.7557,Axis Multi Asset Allocation Fund
2018-06-08,,,,19.8292,Axis Multi Asset Allocation Fund
2018-06-11,,,,19.8574,Axis Multi Asset Allocation Fund
2018-06-12,,,,19.9302,Axis Multi Asset Allocation Fund
2018-06-13,,,,19.9468,Axis Multi Asset Allocation Fund
2018-06-14,,,,19.9511,Axis Multi Asset Allocation Fund
2018-06-15,,,,19.9648,Axis Multi Asset Allocation Fund
2018-06-18,,,,19.8336,Axis Multi Asset Allocation Fund
2018-06-19,,,,19.7425,Axis Multi Asset Allocation Fund
2018-06-20,,,,19.7563,Axis Multi Asset Allocation Fund
2018-06-21,,,,19.6815,Axis Multi Asset Allocation Fund
2018-06-22,,,,19.764,Axis Multi Asset Allocation Fund
2018-06-25,,,,19.6776,Axis Multi Asset Allocation Fund
2018-06-26,,,,19.6739,Axis Multi Asset Allocation Fund
2018-06-27,,,,19.5548,Axis Multi Asset Allocation Fund
2018-06-28,,,,19.4639,Axis Multi Asset Allocation Fund
2018-06-29,,,,19.5847,Axis Multi Asset Allocation Fund
2018-07-02,,,,19.6297,Axis Multi Asset Allocation Fund
2018-07-03,,,,19.7574,Axis Multi Asset Allocation Fund
2018-07-04,,,,19.8984,Axis Multi Asset Allocation Fund
2018-07-05,,,,19.9151,Axis Multi Asset Allocation Fund
2018-07-06,,,,19.9424,Axis Multi Asset Allocation Fund
2018-07-09,,,,20.0701,Axis Multi Asset Allocation Fund
2018-07-10,,,,20.249,Axis Multi Asset Allocation Fund
2018-07-11,,,,20.1969,Axis Multi Asset Allocation Fund
2018-07-12,,,,20.2325,Axis Multi Asset Allocation Fund
2018-07-13,,,,20.2295,Axis Multi Asset Allocation Fund
2018-07-16,,,,20.0156,Axis Multi Asset Allocation Fund
2018-07-17,,,,20.0756,Axis Multi Asset Allocation Fund
2018-07-18,,,,20.1,Axis Multi Asset Allocation Fund
2018-07-19,,,,20.0215,Axis Multi Asset Allocation Fund
2018-07-20,,,,20.23,Axis Multi Asset Allocation Fund
2018-07-23,,,,20.3295,Axis Multi Asset Allocation Fund
2018-07-24,,,,20.4748,Axis Multi Asset Allocation Fund
2018-07-25,,,,20.4657,Axis Multi Asset Allocation Fund
2018-07-26,,,,20.4166,Axis Multi Asset Allocation Fund
2018-07-27,,,,20.4843,Axis Multi Asset Allocation Fund
2018-07-30,,,,20.4839,Axis Multi Asset Allocation Fund
2018-07-31,,,,20.5504,Axis Multi Asset Allocation Fund
2018-08-01,,,,20.5626,Axis Multi Asset Allocation Fund
2018-08-02,,,,20.3654,Axis Multi Asset Allocation Fund
2018-08-03,,,,20.4879,Axis Multi Asset Allocation Fund
2018-08-06,,,,20.478,Axis Multi Asset Allocation Fund
2018-08-07,,,,20.4573,Axis Multi Asset Allocation Fund
2018-08-08,,,,20.4862,Axis Multi Asset Allocation Fund
2018-08-09,,,,20.513,Axis Multi Asset Allocation Fund
2018-08-10,,,,20.4738,Axis Multi Asset Allocation Fund
2018-08-13,,,,20.347,Axis Multi Asset Allocation Fund
2018-08-14,,,,20.4521,Axis Multi Asset Allocation Fund
2018-08-16,,,,20.3409,Axis Multi Asset Allocation Fund
2018-08-17,,,,20.4732,Axis Multi Asset Allocation Fund
2018-08-20,,,,20.5524,Axis Multi Asset Allocation Fund
2018-08-21,,,,20.5691,Axis Multi Asset Allocation Fund
2018-08-23,,,,20.6304,Axis Multi Asset Allocation Fund
2018-08-24,,,,20.6067,Axis Multi Asset Allocation Fund
2018-08-27,,,,20.7592,Axis Multi Asset Allocation Fund
2018-08-28,,,,20.8103,Axis Multi Asset Allocation Fund
2018-08-29,,,,20.7608,Axis Multi Asset Allocation Fund
2018-08-30,,,,20.768,Axis Multi Asset Allocation Fund
2018-08-31,,,,20.8381,Axis Multi Asset Allocation Fund
2018-09-03,,,,20.7034,Axis Multi Asset Allocation Fund
2018-09-04,,,,20.489,Axis Multi Asset Allocation Fund
2018-09-05,,,,20.4001,Axis Multi Asset Allocation Fund
2018-09-06,,,,20.4539,Axis Multi Asset Allocation Fund
2018-09-07,,,,20.4792,Axis Multi Asset Allocation Fund
2018-09-10,,,,20.2478,Axis Multi Asset Allocation Fund
2018-09-11,,,,20.0386,Axis Multi Asset Allocation Fund
2018-09-12,,,,20.114,Axis Multi Asset Allocation Fund
2018-09-14,,,,20.3325,Axis Multi Asset Allocation Fund
2018-09-17,,,,20.1981,Axis Multi Asset Allocation Fund
2018-09-18,,,,20.0603,Axis Multi Asset Allocation Fund
2018-09-19,,,,19.9787,Axis Multi Asset Allocation Fund
2018-09-21,,,,19.8415,Axis Multi Asset Allocation Fund
2018-09-24,,,,19.4721,Axis Multi Asset Allocation Fund
2018-09-25,,,,19.5958,Axis Multi Asset Allocation Fund
2018-09-26,,,,19.4869,Axis Multi Asset Allocation Fund
2018-09-27,,,,19.3926,Axis Multi Asset Allocation Fund
2018-09-28,,,,19.2703,Axis Multi Asset Allocation Fund
2018-10-01,,,,19.2182,Axis Multi Asset Allocation Fund
2018-10-03,,,,19.0073,Axis Multi Asset Allocation Fund
2018-10-04,,,,18.7467,Axis Multi Asset Allocation Fund
2018-10-05,,,,18.5576,Axis Multi Asset Allocation Fund
2018-10-08,,,,18.5029,Axis Multi Asset Allocation Fund
2018-10-09,,,,18.5179,Axis Multi Asset Allocation Fund
2018-10-10,,,,18.7872,Axis Multi Asset Allocation Fund
2018-10-11,,,,18.4904,Axis Multi Asset Allocation Fund
2018-10-12,,,,18.8517,Axis Multi Asset Allocation Fund
2018-10-15,,,,18.8798,Axis Multi Asset Allocation Fund
2018-10-16,,,,18.9392,Axis Multi Asset Allocation Fund
2018-10-17,,,,18.7298,Axis Multi Asset Allocation Fund
2018-10-19,,,,18.5236,Axis Multi Asset Allocation Fund
2018-10-22,,,,18.4148,Axis Multi Asset Allocation Fund
2018-10-23,,,,18.2453,Axis Multi Asset Allocation Fund
2018-10-24,,,,18.3635,Axis Multi Asset Allocation Fund
2018-10-25,,,,18.263,Axis Multi Asset Allocation Fund
2018-10-26,,,,18.2324,Axis Multi Asset Allocation Fund
2018-10-29,,,,18.4525,Axis Multi Asset Allocation Fund
2018-10-30,,,,18.5061,Axis Multi Asset Allocation Fund
2018-10-31,,,,18.7432,Axis Multi Asset Allocation Fund
2018-11-01,,,,18.7867,Axis Multi Asset Allocation Fund
2018-11-02,,,,19.1138,Axis Multi Asset Allocation Fund
2018-11-05,,,,19.1011,Axis Multi Asset Allocation Fund
2018-11-06,,,,19.1069,Axis Multi Asset Allocation Fund
2018-11-09,,,,19.2396,Axis Multi Asset Allocation Fund
2018-11-12,,,,19.0376,Axis Multi Asset Allocation Fund
2018-11-13,,,,19.0973,Axis Multi Asset Allocation Fund
2018-11-14,,,,19.1175,Axis Multi Asset Allocation Fund
2018-11-15,,,,19.2294,Axis Multi Asset Allocation Fund
2018-11-16,,,,19.2855,Axis Multi Asset Allocation Fund
2018-11-19,,,,19.3274,Axis Multi Asset Allocation Fund
2018-11-20,,,,19.2285,Axis Multi Asset Allocation Fund
2018-11-21,,,,19.2289,Axis Multi Asset Allocation Fund
2018-11-22,,,,19.131,Axis Multi Asset Allocation Fund
2018-11-26,,,,19.2091,Axis Multi Asset Allocation Fund
2018-11-27,,,,19.3188,Axis Multi Asset Allocation Fund
2018-11-28,,,,19.3343,Axis Multi Asset Allocation Fund
2018-11-29,,,,19.5114,Axis Multi Asset Allocation Fund
2018-11-30,,,,19.568,Axis Multi Asset Allocation Fund
2018-12-03,,,,19.6561,Axis Multi Asset Allocation Fund
2018-12-04,,,,19.6778,Axis Multi Asset Allocation Fund
2018-12-05,,,,19.5275,Axis Multi Asset Allocation Fund
2018-12-06,,,,19.3383,Axis Multi Asset Allocation Fund
2018-12-07,,,,19.4909,Axis Multi Asset Allocation Fund
2018-12-10,,,,19.2278,Axis Multi Asset Allocation Fund
2018-12-11,,,,19.3277,Axis Multi Asset Allocation Fund
2018-12-12,,,,19.6143,Axis Multi Asset Allocation Fund
2018-12-13,,,,19.7326,Axis Multi Asset Allocation Fund
2018-12-14,,,,19.7835,Axis Multi Asset Allocation Fund
2018-12-17,,,,19.8331,Axis Multi Asset Allocation Fund
2018-12-18,,,,19.8879,Axis Multi Asset Allocation Fund
2018-12-19,,,,19.9194,Axis Multi Asset Allocation Fund
2018-12-20,,,,19.9278,Axis Multi Asset Allocation Fund
2018-12-21,,,,19.7254,Axis Multi Asset Allocation Fund
2018-12-24,,,,19.5748,Axis Multi Asset Allocation Fund
2018-12-26,,,,19.6567,Axis Multi Asset Allocation Fund
2018-12-27,,,,19.7153,Axis Multi Asset Allocation Fund
2018-12-28,,,,19.8136,Axis Multi Asset Allocation Fund
2018-12-31,,,,19.869,Axis Multi Asset Allocation Fund
2019-01-01,,,,19.8932,Axis Multi Asset Allocation Fund
2019-01-02,,,,19.792,Axis Multi Asset Allocation Fund
2019-01-03,,,,19.7136,Axis Multi Asset Allocation Fund
2019-01-04,,,,19.6992,Axis Multi Asset Allocation Fund
2019-01-07,,,,19.6944,Axis Multi Asset Allocation Fund
2019-01-08,,,,19.6089,Axis Multi Asset Allocation Fund
2019-01-09,,,,19.6363,Axis Multi Asset Allocation Fund
2019-01-10,,,,19.6362,Axis Multi Asset Allocation Fund
2019-01-11,,,,19.5595,Axis Multi Asset Allocation Fund
2019-01-14,,,,19.5026,Axis Multi Asset Allocation Fund
2019-01-15,,,,19.6412,Axis Multi Asset Allocation Fund
2019-01-16,,,,19.6104,Axis Multi Asset Allocation Fund
2019-01-17,,,,19.6231,Axis Multi Asset Allocation Fund
2019-01-18,,,,19.5681,Axis Multi Asset Allocation Fund
2019-01-21,,,,19.5706,Axis Multi Asset Allocation Fund
2019-01-22,,,,19.5607,Axis Multi Asset Allocation Fund
2019-01-23,,,,19.4947,Axis Multi Asset Allocation Fund
2019-01-24,,,,19.4447,Axis Multi Asset Allocation Fund
2019-01-25,,,,19.353,Axis Multi Asset Allocation Fund
2019-01-28,,,,19.2224,Axis Multi Asset Allocation Fund
2019-01-29,,,,19.2342,Axis Multi Asset Allocation Fund
2019-01-30,,,,19.2176,Axis Multi Asset Allocation Fund
2019-01-31,,,,19.3498,Axis Multi Asset Allocation Fund
2019-02-01,,,,19.4818,Axis Multi Asset Allocation Fund
2019-02-04,,,,19.5512,Axis Multi Asset Allocation Fund
2019-02-05,,,,19.6087,Axis Multi Asset Allocation Fund
2019-02-06,,,,19.7796,Axis Multi Asset Allocation Fund
2019-02-07,,,,19.819,Axis Multi Asset Allocation Fund
2019-02-08,,,,19.731,Axis Multi Asset Allocation Fund
2019-02-11,,,,19.6613,Axis Multi Asset Allocation Fund
2019-02-12,,,,19.5698,Axis Multi Asset Allocation Fund
2019-02-13,,,,19.5649,Axis Multi Asset Allocation Fund
2019-02-14,,,,19.522,Axis Multi Asset Allocation Fund
2019-02-15,,,,19.429,Axis Multi Asset Allocation Fund
2019-02-18,,,,19.3216,Axis Multi Asset Allocation Fund
2019-02-19,,,,19.3053,Axis Multi Asset Allocation Fund
2019-02-20,,,,19.4489,Axis Multi Asset Allocation Fund
2019-02-21,,,,19.4735,Axis Multi Asset Allocation Fund
2019-02-22,,,,19.4762,Axis Multi Asset Allocation Fund
2019-02-25,,,,19.6488,Axis Multi Asset Allocation Fund
2019-02-26,,,,19.6551,Axis Multi Asset Allocation Fund
2019-02-27,,,,19.6369,Axis Multi Asset Allocation Fund
2019-02-28,,,,19.6231,Axis Multi Asset Allocation Fund
2019-03-01,,,,19.6283,Axis Multi Asset Allocation Fund
2019-03-05,,,,19.6947,Axis Multi Asset Allocation Fund
2019-03-06,,,,19.8024,Axis Multi Asset Allocation Fund
2019-03-07,,,,19.776,Axis Multi Asset Allocation Fund
2019-03-08,,,,19.8013,Axis Multi Asset Allocation Fund
2019-03-11,,,,19.9539,Axis Multi Asset Allocation Fund
2019-03-12,,,,20.0681,Axis Multi Asset Allocation Fund
2019-03-13,,,,20.1219,Axis Multi Asset Allocation Fund
2019-03-14,,,,20.0821,Axis Multi Asset Allocation Fund
2019-03-15,,,,20.2278,Axis Multi Asset Allocation Fund
2019-03-18,,,,20.1905,Axis Multi Asset Allocation Fund
2019-03-19,,,,20.2139,Axis Multi Asset Allocation Fund
2019-03-20,,,,20.1747,Axis Multi Asset Allocation Fund
2019-03-22,,,,20.1303,Axis Multi Asset Allocation Fund
2019-03-25,,,,20.0217,Axis Multi Asset Allocation Fund
2019-03-26,,,,20.1518,Axis Multi Asset Allocation Fund
2019-03-27,,,,20.1317,Axis Multi Asset Allocation Fund
2019-03-28,,,,20.2545,Axis Multi Asset Allocation Fund
2019-03-29,,,,20.3349,Axis Multi Asset Allocation Fund
2019-04-01,,,,20.4031,Axis Multi Asset Allocation Fund
2019-04-02,,,,20.4748,Axis Multi Asset Allocation Fund
2019-04-03,,,,20.419,Axis Multi Asset Allocation Fund
2019-04-04,,,,20.3574,Axis Multi Asset Allocation Fund
2019-04-05,,,,20.4611,Axis Multi Asset Allocation Fund
2019-04-08,,,,20.413,Axis Multi Asset Allocation Fund
2019-04-09,,,,20.4489,Axis Multi Asset Allocation Fund
2019-04-10,,,,20.3736,Axis Multi Asset Allocation Fund
2019-04-11,,,,20.3596,Axis Multi Asset Allocation Fund
2019-04-12,,,,20.3531,Axis Multi Asset Allocation Fund
2019-04-15,,,,20.4442,Axis Multi Asset Allocation Fund
2019-04-16,,,,20.5347,Axis Multi Asset Allocation Fund
2019-04-18,,,,20.4793,Axis Multi Asset Allocation Fund
2019-04-22,,,,20.3123,Axis Multi Asset Allocation Fund
2019-04-23,,,,20.2997,Axis Multi Asset Allocation Fund
2019-04-24,,,,20.5403,Axis Multi Asset Allocation Fund
2019-04-25,,,,20.4824,Axis Multi Asset Allocation Fund
2019-04-26,,,,20.5726,Axis Multi Asset Allocation Fund
2019-04-30,,,,20.6308,Axis Multi Asset Allocation Fund
2019-05-02,,,,20.5938,Axis Multi Asset Allocation Fund
2019-05-03,,,,20.5393,Axis Multi Asset Allocation Fund
2019-05-06,,,,20.3932,Axis Multi Asset Allocation Fund
2019-05-07,,,,20.3146,Axis Multi Asset Allocation Fund
2019-05-08,,,,20.1267,Axis Multi Asset Allocation Fund
2019-05-09,,,,20.1088,Axis Multi Asset Allocation Fund
2019-05-10,,,,20.0877,Axis Multi Asset Allocation Fund
2019-05-13,,,,19.9842,Axis Multi Asset Allocation Fund
2019-05-14,,,,20.0088,Axis Multi Asset Allocation Fund
2019-05-15,,,,20.0683,Axis Multi Asset Allocation Fund
2019-05-16,,,,20.199,Axis Multi Asset Allocation Fund
2019-05-17,,,,20.3997,Axis Multi Asset Allocation Fund
2019-05-20,,,,20.8718,Axis Multi Asset Allocation Fund
2019-05-21,,,,20.7485,Axis Multi Asset Allocation Fund
2019-05-22,,,,20.7864,Axis Multi Asset Allocation Fund
2019-05-23,,,,20.7268,Axis Multi Asset Allocation Fund
2019-05-24,,,,20.9502,Axis Multi Asset Allocation Fund
2019-05-27,,,,21.0199,Axis Multi Asset Allocation Fund
2019-05-28,,,,21.0344,Axis Multi Asset Allocation Fund
2019-05-29,,,,21.0163,Axis Multi Asset Allocation Fund
2019-05-30,,,,21.1667,Axis Multi Asset Allocation Fund
2019-05-31,,,,21.2267,Axis Multi Asset Allocation Fund
2019-06-03,,,,21.4208,Axis Multi Asset Allocation Fund
2019-06-04,,,,21.3504,Axis Multi Asset Allocation Fund
2019-06-06,,,,21.2278,Axis Multi Asset Allocation Fund
2019-06-07,,,,21.2103,Axis Multi Asset Allocation Fund
2019-06-10,,,,21.229,Axis Multi Asset Allocation Fund
2019-06-11,,,,21.267,Axis Multi Asset Allocation Fund
2019-06-12,,,,21.1972,Axis Multi Asset Allocation Fund
2019-06-13,,,,21.2698,Axis Multi Asset Allocation Fund
2019-06-14,,,,21.2087,Axis Multi Asset Allocation Fund
2019-06-17,,,,21.0655,Axis Multi Asset Allocation Fund
2019-06-18,,,,21.1183,Axis Multi Asset Allocation Fund
2019-06-19,,,,21.1424,Axis Multi Asset Allocation Fund
2019-06-20,,,,21.3749,Axis Multi Asset Allocation Fund
2019-06-21,,,,21.2813,Axis Multi Asset Allocation Fund
2019-06-24,,,,21.306,Axis Multi Asset Allocation Fund
2019-06-25,,,,21.3796,Axis Multi Asset Allocation Fund
2019-06-26,,,,21.3933,Axis Multi Asset Allocation Fund
2019-06-27,,,,21.4196,Axis Multi Asset Allocation Fund
2019-06-28,,,,21.4412,Axis Multi Asset Allocation Fund
2019-07-01,,,,21.4986,Axis Multi Asset Allocation Fund
2019-07-02,,,,21.5925,Axis Multi Asset Allocation Fund
2019-07-03,,,,21.6164,Axis Multi Asset Allocation Fund
2019-07-04,,,,21.6252,Axis Multi Asset Allocation Fund
2019-07-05,,,,21.4966,Axis Multi Asset Allocation Fund
2019-07-08,,,,21.1511,Axis Multi Asset Allocation Fund
2019-07-09,,,,21.0908,Axis Multi Asset Allocation Fund
2019-07-10,,,,21.0153,Axis Multi Asset Allocation Fund
2019-07-11,,,,21.1504,Axis Multi Asset Allocation Fund
2019-07-12,,,,21.0939,Axis Multi Asset Allocation Fund
2019-07-15,,,,21.1819,Axis Multi Asset Allocation Fund
2019-07-16,,,,21.2878,Axis Multi Asset Allocation Fund
2019-07-17,,,,21.3059,Axis Multi Asset Allocation Fund
2019-07-18,,,,21.2522,Axis Multi Asset Allocation Fund
2019-07-19,,,,21.0347,Axis Multi Asset Allocation Fund
2019-07-22,,,,20.8455,Axis Multi Asset Allocation Fund
2019-07-23,,,,20.8315,Axis Multi Asset Allocation Fund
2019-07-24,,,,20.7193,Axis Multi Asset Allocation Fund
2019-07-25,,,,20.7093,Axis Multi Asset Allocation Fund
2019-07-26,,,,20.8312,Axis Multi Asset Allocation Fund
2019-07-29,,,,20.7759,Axis Multi Asset Allocation Fund
2019-07-30,,,,20.7414,Axis Multi Asset Allocation Fund
2019-07-31,,,,20.7973,Axis Multi Asset Allocation Fund
2019-08-01,,,,20.6351,Axis Multi Asset Allocation Fund
2019-08-02,,,,20.7254,Axis Multi Asset Allocation Fund
2019-08-05,,,,20.6705,Axis Multi Asset Allocation Fund
2019-08-06,,,,20.8583,Axis Multi Asset Allocation Fund
2019-08-07,,,,20.8491,Axis Multi Asset Allocation Fund
2019-08-08,,,,20.9861,Axis Multi Asset Allocation Fund
2019-08-09,,,,21.2086,Axis Multi Asset Allocation Fund
2019-08-13,,,,20.9081,Axis Multi Asset Allocation Fund
2019-08-14,,,,20.9749,Axis Multi Asset Allocation Fund
2019-08-16,,,,20.9535,Axis Multi Asset Allocation Fund
2019-08-19,,,,20.9604,Axis Multi Asset Allocation Fund
2019-08-20,,,,20.9501,Axis Multi Asset Allocation Fund
2019-08-21,,,,20.8475,Axis Multi Asset Allocation Fund
2019-08-22,,,,20.6388,Axis Multi Asset Allocation Fund
2019-08-23,,,,20.6979,Axis Multi Asset Allocation Fund
2019-08-26,,,,21.2041,Axis Multi Asset Allocation Fund
2019-08-27,,,,21.2031,Axis Multi Asset Allocation Fund
2019-08-28,,,,21.146,Axis Multi Asset Allocation Fund
2019-08-29,,,,21.0625,Axis Multi Asset Allocation Fund
2019-08-30,,,,21.1546,Axis Multi Asset Allocation Fund
2019-09-03,,,,20.9287,Axis Multi Asset Allocation Fund
2019-09-04,,,,20.9982,Axis Multi Asset Allocation Fund
2019-09-05,,,,20.9698,Axis Multi Asset Allocation Fund
2019-09-06,,,,20.9835,Axis Multi Asset Allocation Fund
2019-09-09,,,,21.1155,Axis Multi Asset Allocation Fund
2019-09-11,,,,21.101,Axis Multi Asset Allocation Fund
2019-09-12,,,,21.0362,Axis Multi Asset Allocation Fund
2019-09-13,,,,21.2063,Axis Multi Asset Allocation Fund
2019-09-16,,,,21.1429,Axis Multi Asset Allocation Fund
2019-09-17,,,,20.9214,Axis Multi Asset Allocation Fund
2019-09-18,,,,20.9616,Axis Multi Asset Allocation Fund
2019-09-19,,,,20.7582,Axis Multi Asset Allocation Fund
2019-09-20,,,,21.6497,Axis Multi Asset Allocation Fund
2019-09-23,,,,22.286,Axis Multi Asset Allocation Fund
2019-09-24,,,,22.2029,Axis Multi Asset Allocation Fund
2019-09-25,,,,22.108,Axis Multi Asset Allocation Fund
2019-09-26,,,,22.2185,Axis Multi Asset Allocation Fund
2019-09-27,,,,22.208,Axis Multi Asset Allocation Fund
2019-09-30,,,,22.1115,Axis Multi Asset Allocation Fund
2019-10-01,,,,22.0116,Axis Multi Asset Allocation Fund
2019-10-03,,,,22.0022,Axis Multi Asset Allocation Fund
2019-10-04,,,,21.8127,Axis Multi Asset Allocation Fund
2019-10-07,,,,21.7565,Axis Multi Asset Allocation Fund
2019-10-09,,,,21.9797,Axis Multi Asset Allocation Fund
2019-10-10,,,,21.8745,Axis Multi Asset Allocation Fund
2019-10-11,,,,22.0284,Axis Multi Asset Allocation Fund
2019-10-14,,,,22.0485,Axis Multi Asset Allocation Fund
2019-10-15,,,,22.1517,Axis Multi Asset Allocation Fund
2019-10-16,,,,22.2281,Axis Multi Asset Allocation Fund
2019-10-17,,,,22.3817,Axis Multi Asset Allocation Fund
2019-10-18,,,,22.489,Axis Multi Asset Allocation Fund
2019-10-22,,,,22.4324,Axis Multi Asset Allocation Fund
2019-10-23,,,,22.521,Axis Multi Asset Allocation Fund
2019-10-24,,,,22.5448,Axis Multi Asset Allocation Fund
2019-10-25,,,,22.5548,Axis Multi Asset Allocation Fund
2019-10-29,,,,22.7909,Axis Multi Asset Allocation Fund
2019-10-30,,,,22.7823,Axis Multi Asset Allocation Fund
2019-10-31,,,,22.8936,Axis Multi Asset Allocation Fund
2019-11-01,,,,22.8399,Axis Multi Asset Allocation Fund
2019-11-04,,,,22.8872,Axis Multi Asset Allocation Fund
2019-11-05,,,,22.8708,Axis Multi Asset Allocation Fund
2019-11-06,,,,22.8534,Axis Multi Asset Allocation Fund
2019-11-07,,,,22.9286,Axis Multi Asset Allocation Fund
2019-11-08,,,,22.7576,Axis Multi Asset Allocation Fund
2019-11-11,,,,22.7785,Axis Multi Asset Allocation Fund
2019-11-13,,,,22.7574,Axis Multi Asset Allocation Fund
2019-11-14,,,,22.8325,Axis Multi Asset Allocation Fund
2019-11-15,,,,22.8151,Axis Multi Asset Allocation Fund
2019-11-18,,,,22.8097,Axis Multi Asset Allocation Fund
2019-11-19,,,,22.7931,Axis Multi Asset Allocation Fund
2019-11-20,,,,22.7663,Axis Multi Asset Allocation Fund
2019-11-21,,,,22.7088,Axis Multi Asset Allocation Fund
2019-11-22,,,,22.5997,Axis Multi Asset Allocation Fund
2019-11-25,,,,22.7834,Axis Multi Asset Allocation Fund
2019-11-26,,,,22.7274,Axis Multi Asset Allocation Fund
2019-11-27,,,,22.8313,Axis Multi Asset Allocation Fund
2019-11-28,,,,22.8866,Axis Multi Asset Allocation Fund
2019-11-29,,,,22.8452,Axis Multi Asset Allocation Fund
2019-12-02,,,,22.8047,Axis Multi Asset Allocation Fund
2019-12-03,,,,22.7804,Axis Multi Asset Allocation Fund
2019-12-04,,,,22.8521,Axis Multi Asset Allocation Fund
2019-12-05,,,,22.8193,Axis Multi Asset Allocation Fund
2019-12-06,,,,22.7099,Axis Multi Asset Allocation Fund
2019-12-09,,,,22.6523,Axis Multi Asset Allocation Fund
2019-12-10,,,,22.5777,Axis Multi Asset Allocation Fund
2019-12-11,,,,22.6785,Axis Multi Asset Allocation Fund
2019-12-12,,,,22.7443,Axis Multi Asset Allocation Fund
2019-12-13,,,,22.8317,Axis Multi Asset Allocation Fund
2019-12-16,,,,22.7998,Axis Multi Asset Allocation Fund
2019-12-17,,,,22.9805,Axis Multi Asset Allocation Fund
2019-12-18,,,,23.0524,Axis Multi Asset Allocation Fund
2019-12-19,,,,23.1102,Axis Multi Asset Allocation Fund
2019-12-20,,,,23.1154,Axis Multi Asset Allocation Fund
2019-12-23,,,,23.1215,Axis Multi Asset Allocation Fund
2019-12-24,,,,23.0782,Axis Multi Asset Allocation Fund
2019-12-26,,,,23.057,Axis Multi Asset Allocation Fund
2019-12-27,,,,23.2022,Axis Multi Asset Allocation Fund
2019-12-30,,,,23.2343,Axis Multi Asset Allocation Fund
2019-12-31,,,,23.1648,Axis Multi Asset Allocation Fund
2020-01-01,,,,23.1988,Axis Multi Asset Allocation Fund
2020-01-02,,,,23.2444,Axis Multi Asset Allocation Fund
2020-01-03,,,,23.2854,Axis Multi Asset Allocation Fund
2020-01-06,,,,23.0571,Axis Multi Asset Allocation Fund
2020-01-07,,,,23.1216,Axis Multi Asset Allocation Fund
2020-01-08,,,,23.1741,Axis Multi Asset Allocation Fund
2020-01-09,,,,23.3158,Axis Multi Asset Allocation Fund
2020-01-10,,,,23.3305,Axis Multi Asset Allocation Fund
2020-01-13,,,,23.4264,Axis Multi Asset Allocation Fund
2020-01-14,,,,23.4455,Axis Multi Asset Allocation Fund
2020-01-15,,,,23.4737,Axis Multi Asset Allocation Fund
2020-01-16,,,,23.5148,Axis Multi Asset Allocation Fund
2020-01-17,,,,23.5374,Axis Multi Asset Allocation Fund
2020-01-20,,,,23.39,Axis Multi Asset Allocation Fund
2020-01-21,,,,23.3392,Axis Multi Asset Allocation Fund
2020-01-22,,,,23.2865,Axis Multi Asset Allocation Fund
2020-01-23,,,,23.3779,Axis Multi Asset Allocation Fund
2020-01-24,,,,23.5402,Axis Multi Asset Allocation Fund
2020-01-27,,,,23.4834,Axis Multi Asset Allocation Fund
2020-01-28,,,,23.4284,Axis Multi Asset Allocation Fund
2020-01-29,,,,23.53,Axis Multi Asset Allocation Fund
2020-01-30,,,,23.4396,Axis Multi Asset Allocation Fund
2020-01-31,,,,23.418,Axis Multi Asset Allocation Fund
2020-02-03,,,,23.2036,Axis Multi Asset Allocation Fund
2020-02-04,,,,23.5244,Axis Multi Asset Allocation Fund
2020-02-05,,,,23.6326,Axis Multi Asset Allocation Fund
2020-02-06,,,,23.7323,Axis Multi Asset Allocation Fund
2020-02-07,,,,23.727,Axis Multi Asset Allocation Fund
2020-02-10,,,,23.7331,Axis Multi Asset Allocation Fund
2020-02-11,,,,23.8675,Axis Multi Asset Allocation Fund
2020-02-12,,,,24.051,Axis Multi Asset Allocation Fund
2020-02-13,,,,24.0795,Axis Multi Asset Allocation Fund
2020-02-14,,,,24.0006,Axis Multi Asset Allocation Fund
2020-02-17,,,,23.8421,Axis Multi Asset Allocation Fund
2020-02-18,,,,23.7654,Axis Multi Asset Allocation Fund
2020-02-19,,,,24.0013,Axis Multi Asset Allocation Fund
2020-02-20,,,,24.0048,Axis Multi Asset Allocation Fund
2020-02-24,,,,23.7999,Axis Multi Asset Allocation Fund
2020-02-25,,,,23.6484,Axis Multi Asset Allocation Fund
2020-02-26,,,,23.5166,Axis Multi Asset Allocation Fund
2020-02-27,,,,23.4573,Axis Multi Asset Allocation Fund
2020-02-28,,,,22.9559,Axis Multi Asset Allocation Fund
2020-03-02,,,,22.7554,Axis Multi Asset Allocation Fund
2020-03-03,,,,22.9984,Axis Multi Asset Allocation Fund
2020-03-04,,,,22.9123,Axis Multi Asset Allocation Fund
2020-03-05,,,,22.9779,Axis Multi Asset Allocation Fund
2020-03-06,,,,22.8443,Axis Multi Asset Allocation Fund
2020-03-09,,,,22.0607,Axis Multi Asset Allocation Fund
2020-03-11,,,,21.9784,Axis Multi Asset Allocation Fund
2020-03-12,,,,20.7534,Axis Multi Asset Allocation Fund
2020-03-13,,,,20.9866,Axis Multi Asset Allocation Fund
2020-03-16,,,,20.0243,Axis Multi Asset Allocation Fund
2020-03-17,,,,19.5571,Axis Multi Asset Allocation Fund
2020-03-18,,,,18.8725,Axis Multi Asset Allocation Fund
2020-03-19,,,,18.4677,Axis Multi Asset Allocation Fund
2020-03-20,,,,19.1405,Axis Multi Asset Allocation Fund
2020-03-23,,,,17.4776,Axis Multi Asset Allocation Fund
2020-03-24,,,,17.7178,Axis Multi Asset Allocation Fund
2020-03-25,,,,18.4474,Axis Multi Asset Allocation Fund
2020-03-26,,,,18.954,Axis Multi Asset Allocation Fund
2020-03-27,,,,19.087,Axis Multi Asset Allocation Fund
2020-03-30,,,,18.5812,Axis Multi Asset Allocation Fund
2020-03-31,,,,18.9434,Axis Multi Asset Allocation Fund
2020-04-01,,,,18.5604,Axis Multi Asset Allocation Fund
2020-04-03,,,,18.3576,Axis Multi Asset Allocation Fund
2020-04-07,,,,19.1901,Axis Multi Asset Allocation Fund
2020-04-08,,,,19.3248,Axis Multi Asset Allocation Fund
2020-04-09,,,,19.9963,Axis Multi Asset Allocation Fund
2020-04-13,,,,19.917,Axis Multi Asset Allocation Fund
2020-04-15,,,,20.0345,Axis Multi Asset Allocation Fund
2020-04-16,,,,20.0062,Axis Multi Asset Allocation Fund
2020-04-17,,,,20.3679,Axis Multi Asset Allocation Fund
2020-04-20,,,,20.2927,Axis Multi Asset Allocation Fund
2020-04-21,,,,19.8648,Axis Multi Asset Allocation Fund
2020-04-22,,,,20.1144,Axis Multi Asset Allocation Fund
2020-04-23,,,,20.3379,Axis Multi Asset Allocation Fund
2020-04-24,,,,20.0453,Axis Multi Asset Allocation Fund
2020-04-27,,,,20.2816,Axis Multi Asset Allocation Fund
2020-04-28,,,,20.4146,Axis Multi Asset Allocation Fund
2020-04-29,,,,20.6562,Axis Multi Asset Allocation Fund
2020-04-30,,,,21.0405,Axis Multi Asset Allocation Fund
2020-05-04,,,,20.2565,Axis Multi Asset Allocation Fund
2020-05-05,,,,19.9914,Axis Multi Asset Allocation Fund
2020-05-06,,,,20.0663,Axis Multi Asset Allocation Fund
2020-05-07,,,,19.9439,Axis Multi Asset Allocation Fund
2020-05-08,,,,20.1028,Axis Multi Asset Allocation Fund
2020-05-11,,,,20.0776,Axis Multi Asset Allocation Fund
2020-05-12,,,,19.994,Axis Multi Asset Allocation Fund
2020-05-13,,,,20.2141,Axis Multi Asset Allocation Fund
2020-05-14,,,,20.0135,Axis Multi Asset Allocation Fund
2020-05-15,,,,20.0056,Axis Multi Asset Allocation Fund
2020-05-18,,,,19.6111,Axis Multi Asset Allocation Fund
2020-05-19,,,,19.584,Axis Multi Asset Allocation Fund
2020-05-20,,,,19.9155,Axis Multi Asset Allocation Fund
2020-05-21,,,,19.9377,Axis Multi Asset Allocation Fund
2020-05-22,,,,19.8587,Axis Multi Asset Allocation Fund
2020-05-26,,,,19.782,Axis Multi Asset Allocation Fund
2020-05-27,,,,19.9955,Axis Multi Asset Allocation Fund
2020-05-28,,,,20.3135,Axis Multi Asset Allocation Fund
2020-05-29,,,,20.3925,Axis Multi Asset Allocation Fund
2020-06-01,,,,20.7886,Axis Multi Asset Allocation Fund
2020-06-02,,,,21.1318,Axis Multi Asset Allocation Fund
2020-06-03,,,,21.2233,Axis Multi Asset Allocation Fund
2020-06-04,,,,21.1242,Axis Multi Asset Allocation Fund
2020-06-05,,,,21.3063,Axis Multi Asset Allocation Fund
2020-06-08,,,,21.2904,Axis Multi Asset Allocation Fund
2020-06-09,,,,21.1261,Axis Multi Asset Allocation Fund
2020-06-10,,,,21.2374,Axis Multi Asset Allocation Fund
2020-06-11,,,,21.0395,Axis Multi Asset Allocation Fund
2020-06-12,,,,21.1015,Axis Multi Asset Allocation Fund
2020-06-15,,,,20.9038,Axis Multi Asset Allocation Fund
2020-06-16,,,,21.0798,Axis Multi Asset Allocation Fund
2020-06-17,,,,21.0584,Axis Multi Asset Allocation Fund
2020-06-18,,,,21.3294,Axis Multi Asset Allocation Fund
2020-06-19,,,,21.5499,Axis Multi Asset Allocation Fund
2020-06-22,,,,21.7138,Axis Multi Asset Allocation Fund
2020-06-23,,,,21.9276,Axis Multi Asset Allocation Fund
2020-06-24,,,,21.6907,Axis Multi Asset Allocation Fund
2020-06-25,,,,21.7203,Axis Multi Asset Allocation Fund
2020-06-26,,,,21.7888,Axis Multi Asset Allocation Fund
2020-06-29,,,,21.6923,Axis Multi Asset Allocation Fund
2020-06-30,,,,21.7029,Axis Multi Asset Allocation Fund
2020-07-01,,,,21.8738,Axis Multi Asset Allocation Fund
2020-07-02,,,,21.9645,Axis Multi Asset Allocation Fund
2020-07-03,,,,22.0367,Axis Multi Asset Allocation Fund
2020-07-06,,,,22.2705,Axis Multi Asset Allocation Fund
2020-07-07,,,,22.4749,Axis Multi Asset Allocation Fund
2020-07-08,,,,22.3208,Axis Multi Asset Allocation Fund
2020-07-09,,,,22.4922,Axis Multi Asset Allocation Fund
2020-07-10,,,,22.4778,Axis Multi Asset Allocation Fund
2020-07-13,,,,22.4458,Axis Multi Asset Allocation Fund
2020-07-14,,,,22.1951,Axis Multi Asset Allocation Fund
2020-07-15,,,,22.1456,Axis Multi Asset Allocation Fund
2020-07-16,,,,22.2245,Axis Multi Asset Allocation Fund
2020-07-17,,,,22.3912,Axis Multi Asset Allocation Fund
2020-07-20,,,,22.6038,Axis Multi Asset Allocation Fund
2020-07-21,,,,22.7139,Axis Multi Asset Allocation Fund
2020-07-22,,,,22.6608,Axis Multi Asset Allocation Fund
2020-07-23,,,,23.2824,Axis Multi Asset Allocation Fund
2020-07-24,,,,23.2209,Axis Multi Asset Allocation Fund
2020-07-27,,,,22.7914,Axis Multi Asset Allocation Fund
2020-07-28,,,,23.0027,Axis Multi Asset Allocation Fund
2020-07-29,,,,22.9877,Axis Multi Asset Allocation Fund
2020-07-30,,,,22.9134,Axis Multi Asset Allocation Fund
2020-07-31,,,,22.9583,Axis Multi Asset Allocation Fund
2020-08-03,,,,22.7798,Axis Multi Asset Allocation Fund
2020-08-04,,,,23.0866,Axis Multi Asset Allocation Fund
2020-08-05,,,,23.2017,Axis Multi Asset Allocation Fund
2020-08-06,,,,23.4219,Axis Multi Asset Allocation Fund
2020-08-07,,,,23.4655,Axis Multi Asset Allocation Fund
2020-08-10,,,,23.5174,Axis Multi Asset Allocation Fund
2020-08-11,,,,23.4878,Axis Multi Asset Allocation Fund
2020-08-12,,,,23.3958,Axis Multi Asset Allocation Fund
2020-08-13,,,,23.4097,Axis Multi Asset Allocation Fund
2020-08-14,,,,23.242,Axis Multi Asset Allocation Fund
2020-08-17,,,,23.3191,Axis Multi Asset Allocation Fund
2020-08-18,,,,23.6249,Axis Multi Asset Allocation Fund
2020-08-19,,,,23.6554,Axis Multi Asset Allocation Fund
2020-08-20,,,,23.4985,Axis Multi Asset Allocation Fund
2020-08-21,,,,23.6091,Axis Multi Asset Allocation Fund
2020-08-24,,,,23.761,Axis Multi Asset Allocation Fund
2020-08-25,,,,23.829,Axis Multi Asset Allocation Fund
2020-08-26,,,,23.9093,Axis Multi Asset Allocation Fund
2020-08-27,,,,23.865,Axis Multi Asset Allocation Fund
2020-08-28,,,,23.9716,Axis Multi Asset Allocation Fund
2020-08-31,,,,23.5113,Axis Multi Asset Allocation Fund
2020-09-01,,,,23.7141,Axis Multi Asset Allocation Fund
2020-09-02,,,,23.8071,Axis Multi Asset Allocation Fund
2020-09-03,,,,23.8114,Axis Multi Asset Allocation Fund
2020-09-04,,,,23.5607,Axis Multi Asset Allocation Fund
2020-09-07,,,,23.5629,Axis Multi Asset Allocation Fund
2020-09-08,,,,23.4798,Axis Multi Asset Allocation Fund
2020-09-09,,,,23.3879,Axis Multi Asset Allocation Fund
2020-09-10,,,,23.5741,Axis Multi Asset Allocation Fund
2020-09-11,,,,23.6095,Axis Multi Asset Allocation Fund
2020-09-14,,,,23.679,Axis Multi Asset Allocation Fund
2020-09-15,,,,23.8305,Axis Multi Asset Allocation Fund
2020-09-16,,,,23.9163,Axis Multi Asset Allocation Fund
2020-09-17,,,,23.7739,Axis Multi Asset Allocation Fund
2020-09-18,,,,23.8101,Axis Multi Asset Allocation Fund
2020-09-21,,,,23.3349,Axis Multi Asset Allocation Fund
2020-09-22,,,,23.1444,Axis Multi Asset Allocation Fund
2020-09-23,,,,23.034,Axis Multi Asset Allocation Fund
2020-09-24,,,,22.5754,Axis Multi Asset Allocation Fund
2020-09-25,,,,22.9642,Axis Multi Asset Allocation Fund
2020-09-28,,,,23.1837,Axis Multi Asset Allocation Fund
2020-09-29,,,,23.255,Axis Multi Asset Allocation Fund
2020-09-30,,,,23.3637,Axis Multi Asset Allocation Fund
2020-10-01,,,,23.6012,Axis Multi Asset Allocation Fund
2020-10-05,,,,23.6829,Axis Multi Asset Allocation Fund
2020-10-06,,,,23.9181,Axis Multi Asset Allocation Fund
2020-10-07,,,,23.9263,Axis Multi Asset Allocation Fund
2020-10-08,,,,24.0508,Axis Multi Asset Allocation Fund
2020-10-09,,,,24.1297,Axis Multi Asset Allocation Fund
2020-10-12,,,,24.1085,Axis Multi Asset Allocation Fund
2020-10-13,,,,24.0458,Axis Multi Asset Allocation Fund
2020-10-14,,,,24.118,Axis Multi Asset Allocation Fund
2020-10-15,,,,23.7141,Axis Multi Asset Allocation Fund
2020-10-16,,,,23.8679,Axis Multi Asset Allocation Fund
2020-10-19,,,,24.0708,Axis Multi Asset Allocation Fund
2020-10-20,,,,24.1534,Axis Multi Asset Allocation Fund
2020-10-21,,,,24.1887,Axis Multi Asset Allocation Fund
2020-10-22,,,,24.163,Axis Multi Asset Allocation Fund
2020-10-23,,,,24.2172,Axis Multi Asset Allocation Fund
2020-10-26,,,,24.055,Axis Multi Asset Allocation Fund
2020-10-27,,,,24.3578,Axis Multi Asset Allocation Fund
2020-10-28,,,,24.2109,Axis Multi Asset Allocation Fund
2020-10-29,,,,24.1413,Axis Multi Asset Allocation Fund
2020-10-30,,,,24.0441,Axis Multi Asset Allocation Fund
2020-11-02,,,,24.1567,Axis Multi Asset Allocation Fund
2020-11-03,,,,24.3024,Axis Multi Asset Allocation Fund
2020-11-04,,,,24.4712,Axis Multi Asset Allocation Fund
2020-11-05,,,,24.7445,Axis Multi Asset Allocation Fund
2020-11-06,,,,24.9565,Axis Multi Asset Allocation Fund
2020-11-09,,,,25.2415,Axis Multi Asset Allocation Fund
2020-11-10,,,,25.3488,Axis Multi Asset Allocation Fund
2020-11-11,,,,25.5444,Axis Multi Asset Allocation Fund
2020-11-12,,,,25.5164,Axis Multi Asset Allocation Fund
2020-11-13,,,,25.5873,Axis Multi Asset Allocation Fund
2020-11-17,,,,25.8817,Axis Multi Asset Allocation Fund
2020-11-18,,,,25.9923,Axis Multi Asset Allocation Fund
2020-11-19,,,,25.7944,Axis Multi Asset Allocation Fund
2020-11-20,,,,26.1108,Axis Multi Asset Allocation Fund
2020-11-23,,,,26.2899,Axis Multi Asset Allocation Fund
2020-11-24,,,,26.3401,Axis Multi Asset Allocation Fund
2020-11-25,,,,26.0396,Axis Multi Asset Allocation Fund
2020-11-26,,,,26.2452,Axis Multi Asset Allocation Fund
2020-11-27,,,,26.2808,Axis Multi Asset Allocation Fund
2020-12-01,,,,26.4331,Axis Multi Asset Allocation Fund
2020-12-02,,,,26.4599,Axis Multi Asset Allocation Fund
2020-12-03,,,,26.5947,Axis Multi Asset Allocation Fund
2020-12-04,,,,26.7423,Axis Multi Asset Allocation Fund
2020-12-07,,,,26.8583,Axis Multi Asset Allocation Fund
2020-12-08,,,,26.9159,Axis Multi Asset Allocation Fund
2020-12-09,,,,27.0299,Axis Multi Asset Allocation Fund
2020-12-10,,,,26.9199,Axis Multi Asset Allocation Fund
2020-12-11,,,,26.9668,Axis Multi Asset Allocation Fund
2020-12-14,,,,27.042,Axis Multi Asset Allocation Fund
2020-12-15,,,,27.1308,Axis Multi Asset Allocation Fund
2020-12-16,,,,27.2831,Axis Multi Asset Allocation Fund
2020-12-17,,,,27.4036,Axis Multi Asset Allocation Fund
2020-12-18,,,,27.4232,Axis Multi Asset Allocation Fund
2020-12-21,,,,26.9507,Axis Multi Asset Allocation Fund
2020-12-22,,,,26.9865,Axis Multi Asset Allocation Fund
2020-12-23,,,,27.2234,Axis Multi Asset Allocation Fund
2020-12-24,,,,27.4456,Axis Multi Asset Allocation Fund
2020-12-28,,,,27.6099,Axis Multi Asset Allocation Fund
2020-12-29,,,,27.5965,Axis Multi Asset Allocation Fund
2020-12-30,,,,27.7183,Axis Multi Asset Allocation Fund
2020-12-31,,,,27.7261,Axis Multi Asset Allocation Fund
2021-01-01,,,,27.7968,Axis Multi Asset Allocation Fund
2021-01-04,,,,28.0467,Axis Multi Asset Allocation Fund
2021-01-05,,,,28.1125,Axis Multi Asset Allocation Fund
2021-01-06,,,,28.0374,Axis Multi Asset Allocation Fund
2021-01-07,,,,28.008,Axis Multi Asset Allocation Fund
2021-01-08,,,,28.2381,Axis Multi Asset Allocation Fund
2021-01-11,,,,28.2477,Axis Multi Asset Allocation Fund
2021-01-12,,,,28.2291,Axis Multi Asset Allocation Fund
2021-01-13,,,,28.0854,Axis Multi Asset Allocation Fund
2021-01-14,,,,28.1042,Axis Multi Asset Allocation Fund
2021-01-15,,,,27.916,Axis Multi Asset Allocation Fund
2021-01-18,,,,27.5818,Axis Multi Asset Allocation Fund
2021-01-19,,,,27.9438,Axis Multi Asset Allocation Fund
2021-01-20,,,,28.0773,Axis Multi Asset Allocation Fund
2021-01-21,,,,28.0006,Axis Multi Asset Allocation Fund
2021-01-22,,,,27.8419,Axis Multi Asset Allocation Fund
2021-01-25,,,,27.6809,Axis Multi Asset Allocation Fund
2021-01-27,,,,27.3847,Axis Multi Asset Allocation Fund
2021-01-28,,,,27.1445,Axis Multi Asset Allocation Fund
2021-01-29,,,,26.9077,Axis Multi Asset Allocation Fund
2021-02-01,,,,27.6019,Axis Multi Asset Allocation Fund
2021-02-02,,,,27.9557,Axis Multi Asset Allocation Fund
2021-02-03,,,,28.1169,Axis Multi Asset Allocation Fund
2021-02-04,,,,28.2424,Axis Multi Asset Allocation Fund
2021-02-05,,,,28.2715,Axis Multi Asset Allocation Fund
2021-02-08,,,,28.4672,Axis Multi Asset Allocation Fund
2021-02-09,,,,28.4543,Axis Multi Asset Allocation Fund
2021-02-10,,,,28.5314,Axis Multi Asset Allocation Fund
2021-02-11,,,,28.6366,Axis Multi Asset Allocation Fund
2021-02-12,,,,28.6418,Axis Multi Asset Allocation Fund
2021-02-15,,,,28.9399,Axis Multi Asset Allocation Fund
2021-02-16,,,,28.9509,Axis Multi Asset Allocation Fund
2021-02-17,,,,28.8197,Axis Multi Asset Allocation Fund
2021-02-18,,,,28.6444,Axis Multi Asset Allocation Fund
2021-02-19,,,,28.4718,Axis Multi Asset Allocation Fund
2021-02-22,,,,28.1589,Axis Multi Asset Allocation Fund
2021-02-23,,,,28.2579,Axis Multi Asset Allocation Fund
2021-02-24,,,,28.525,Axis Multi Asset Allocation Fund
2021-02-25,,,,28.555,Axis Multi Asset Allocation Fund
2021-02-26,,,,27.9254,Axis Multi Asset Allocation Fund
2021-03-01,,,,28.1644,Axis Multi Asset Allocation Fund
2021-03-02,,,,28.4133,Axis Multi Asset Allocation Fund
2021-03-03,,,,28.7968,Axis Multi Asset Allocation Fund
2021-03-04,,,,28.6744,Axis Multi Asset Allocation Fund
2021-03-05,,,,28.4625,Axis Multi Asset Allocation Fund
2021-03-08,,,,28.4368,Axis Multi Asset Allocation Fund
2021-03-09,,,,28.5691,Axis Multi Asset Allocation Fund
2021-03-10,,,,28.696,Axis Multi Asset Allocation Fund
2021-03-12,,,,28.4865,Axis Multi Asset Allocation Fund
2021-03-15,,,,28.4926,Axis Multi Asset Allocation Fund
2021-03-16,,,,28.4762,Axis Multi Asset Allocation Fund
2021-03-17,,,,28.1953,Axis Multi Asset Allocation Fund
2021-03-18,,,,27.9308,Axis Multi Asset Allocation Fund
2021-03-19,,,,28.1573,Axis Multi Asset Allocation Fund
2021-03-22,,,,28.1477,Axis Multi Asset Allocation Fund
2021-03-23,,,,28.2906,Axis Multi Asset Allocation Fund
2021-03-24,,,,27.9458,Axis Multi Asset Allocation Fund
2021-03-25,,,,27.6433,Axis Multi Asset Allocation Fund
2021-03-26,,,,27.9157,Axis Multi Asset Allocation Fund
2021-03-30,,,,28.2777,Axis Multi Asset Allocation Fund
2021-03-31,,,,28.1537,Axis Multi Asset Allocation Fund
2021-04-01,,,,28.4304,Axis Multi Asset Allocation Fund
2021-04-05,,,,28.1157,Axis Multi Asset Allocation Fund
2021-04-06,,,,28.1911,Axis Multi Asset Allocation Fund
2021-04-07,,,,28.5112,Axis Multi Asset Allocation Fund
2021-04-08,,,,28.6677,Axis Multi Asset Allocation Fund
2021-04-09,,,,28.654,Axis Multi Asset Allocation Fund
2021-04-12,,,,27.8749,Axis Multi Asset Allocation Fund
2021-04-13,,,,28.1232,Axis Multi Asset Allocation Fund
2021-04-15,,,,28.2198,Axis Multi Asset Allocation Fund
2021-04-16,,,,28.2854,Axis Multi Asset Allocation Fund
2021-04-19,,,,28.001,Axis Multi Asset Allocation Fund
2021-04-20,,,,27.9403,Axis Multi Asset Allocation Fund
2021-04-22,,,,28.1591,Axis Multi Asset Allocation Fund
2021-04-23,,,,28.0986,Axis Multi Asset Allocation Fund
2021-04-26,,,,28.2472,Axis Multi Asset Allocation Fund
2021-04-27,,,,28.5559,Axis Multi Asset Allocation Fund
2021-04-28,,,,28.8935,Axis Multi Asset Allocation Fund
2021-04-29,,,,28.9583,Axis Multi Asset Allocation Fund
2021-04-30,,,,28.6039,Axis Multi Asset Allocation Fund
2021-05-03,,,,28.6962,Axis Multi Asset Allocation Fund
2021-05-04,,,,28.4883,Axis Multi Asset Allocation Fund
2021-05-05,,,,28.66,Axis Multi Asset Allocation Fund
2021-05-06,,,,28.8101,Axis Multi Asset Allocation Fund
2021-05-07,,,,28.8863,Axis Multi Asset Allocation Fund
2021-05-10,,,,29.0853,Axis Multi Asset Allocation Fund
2021-05-11,,,,28.9658,Axis Multi Asset Allocation Fund
2021-05-12,,,,28.7731,Axis Multi Asset Allocation Fund
2021-05-14,,,,28.6392,Axis Multi Asset Allocation Fund
2021-05-17,,,,29.0202,Axis Multi Asset Allocation Fund
2021-05-18,,,,29.4494,Axis Multi Asset Allocation Fund
2021-05-19,,,,29.2956,Axis Multi Asset Allocation Fund
2021-05-20,,,,29.1842,Axis Multi Asset Allocation Fund
2021-05-21,,,,29.505,Axis Multi Asset Allocation Fund
2021-05-24,,,,29.4997,Axis Multi Asset Allocation Fund
2021-05-25,,,,29.5658,Axis Multi Asset Allocation Fund
2021-05-26,,,,29.7709,Axis Multi Asset Allocation Fund
2021-05-27,,,,29.7655,Axis Multi Asset Allocation Fund
2021-05-28,,,,29.7659,Axis Multi Asset Allocation Fund
2021-05-31,,,,30.0006,Axis Multi Asset Allocation Fund
2021-06-01,,,,29.9832,Axis Multi Asset Allocation Fund
2021-06-02,,,,30.1288,Axis Multi Asset Allocation Fund
2021-06-03,,,,30.2766,Axis Multi Asset Allocation Fund
2021-06-04,,,,30.2618,Axis Multi Asset Allocation Fund
2021-06-07,,,,30.335,Axis Multi Asset Allocation Fund
2021-06-08,,,,30.375,Axis Multi Asset Allocation Fund
2021-06-09,,,,30.187,Axis Multi Asset Allocation Fund
2021-06-10,,,,30.4293,Axis Multi Asset Allocation Fund
2021-06-11,,,,30.4903,Axis Multi Asset Allocation Fund
2021-06-14,,,,30.555,Axis Multi Asset Allocation Fund
2021-06-15,,,,30.6324,Axis Multi Asset Allocation Fund
2021-06-16,,,,30.5039,Axis Multi Asset Allocation Fund
2021-06-17,,,,30.3367,Axis Multi Asset Allocation Fund
2021-06-18,,,,30.3101,Axis Multi Asset Allocation Fund
2021-06-21,,,,30.3474,Axis Multi Asset Allocation Fund
2021-06-22,,,,30.4395,Axis Multi Asset Allocation Fund
2021-06-23,,,,30.3555,Axis Multi Asset Allocation Fund
2021-06-24,,,,30.4972,Axis Multi Asset Allocation Fund
2021-06-25,,,,30.6397,Axis Multi Asset Allocation Fund
2021-06-28,,,,30.6285,Axis Multi Asset Allocation Fund
2021-06-29,,,,30.5367,Axis Multi Asset Allocation Fund
2021-06-30,,,,30.5916,Axis Multi Asset Allocation Fund
2021-07-01,,,,30.6097,Axis Multi Asset Allocation Fund
2021-07-02,,,,30.7769,Axis Multi Asset Allocation Fund
2021-07-05,,,,31.0053,Axis Multi Asset Allocation Fund
2021-07-06,,,,30.9976,Axis Multi Asset Allocation Fund
2021-07-07,,,,31.1298,Axis Multi Asset Allocation Fund
2021-07-08,,,,30.9617,Axis Multi Asset Allocation Fund
2021-07-09,,,,30.97,Axis Multi Asset Allocation Fund
2021-07-12,,,,30.9496,Axis Multi Asset Allocation Fund
2021-07-13,,,,31.1295,Axis Multi Asset Allocation Fund
2021-07-14,,,,31.245,Axis Multi Asset Allocation Fund
2021-07-15,,,,31.3762,Axis Multi Asset Allocation Fund
2021-07-16,,,,31.427,Axis Multi Asset Allocation Fund
2021-07-19,,,,31.2477,Axis Multi Asset Allocation Fund
2021-07-20,,,,31.0501,Axis Multi Asset Allocation Fund
2021-07-22,,,,31.3258,Axis Multi Asset Allocation Fund
2021-07-23,,,,31.3658,Axis Multi Asset Allocation Fund
2021-07-26,,,,31.3977,Axis Multi Asset Allocation Fund
2021-07-27,,,,31.2727,Axis Multi Asset Allocation Fund
2021-07-28,,,,31.2345,Axis Multi Asset Allocation Fund
2021-07-29,,,,31.4658,Axis Multi Asset Allocation Fund
2021-07-30,,,,31.4505,Axis Multi Asset Allocation Fund
2021-08-02,,,,31.7532,Axis Multi Asset Allocation Fund
2021-08-03,,,,32.0753,Axis Multi Asset Allocation Fund
2021-08-04,,,,32.1345,Axis Multi Asset Allocation Fund
2021-08-05,,,,32.1433,Axis Multi Asset Allocation Fund
2021-08-06,,,,31.9931,Axis Multi Asset Allocation Fund
2021-08-09,,,,31.964,Axis Multi Asset Allocation Fund
2021-08-10,,,,31.9192,Axis Multi Asset Allocation Fund
2021-08-11,,,,31.8673,Axis Multi Asset Allocation Fund
2021-08-12,,,,32.0918,Axis Multi Asset Allocation Fund
2021-08-13,,,,32.2304,Axis Multi Asset Allocation Fund
2021-08-16,,,,32.1935,Axis Multi Asset Allocation Fund
2021-08-17,,,,32.3558,Axis Multi Asset Allocation Fund
2021-08-18,,,,32.3157,Axis Multi Asset Allocation Fund
2021-08-20,,,,32.1056,Axis Multi Asset Allocation Fund
2021-08-23,,,,32.0997,Axis Multi Asset Allocation Fund
2021-08-24,,,,32.3189,Axis Multi Asset Allocation Fund
2021-08-25,,,,32.3822,Axis Multi Asset Allocation Fund
2021-08-26,,,,32.4378,Axis Multi Asset Allocation Fund
2021-08-27,,,,32.6461,Axis Multi Asset Allocation Fund
2021-08-30,,,,33.0302,Axis Multi Asset Allocation Fund
2021-08-31,,,,33.3142,Axis Multi Asset Allocation Fund
2021-09-01,,,,33.2109,Axis Multi Asset Allocation Fund
2021-09-02,,,,33.4159,Axis Multi Asset Allocation Fund
2021-09-03,,,,33.5726,Axis Multi Asset Allocation Fund
2021-09-06,,,,33.6822,Axis Multi Asset Allocation Fund
2021-09-07,,,,33.6171,Axis Multi Asset Allocation Fund
2021-09-08,,,,33.5779,Axis Multi Asset Allocation Fund
2021-09-09,,,,33.6277,Axis Multi Asset Allocation Fund
2021-09-13,,,,33.7132,Axis Multi Asset Allocation Fund
2021-09-14,,,,33.8266,Axis Multi Asset Allocation Fund
2021-09-15,,,,34.0212,Axis Multi Asset Allocation Fund
2021-09-16,,,,34.1156,Axis Multi Asset Allocation Fund
2021-09-17,,,,34.0514,Axis Multi Asset Allocation Fund
2021-09-20,,,,33.7768,Axis Multi Asset Allocation Fund
2021-09-21,,,,34.0386,Axis Multi Asset Allocation Fund
2021-09-22,,,,34.0528,Axis Multi Asset Allocation Fund
2021-09-23,,,,34.3619,Axis Multi Asset Allocation Fund
2021-09-24,,,,34.31,Axis Multi Asset Allocation Fund
2021-09-27,,,,34.3031,Axis Multi Asset Allocation Fund
2021-09-28,,,,34.0408,Axis Multi Asset Allocation Fund
2021-09-29,,,,33.9718,Axis Multi Asset Allocation Fund
2021-09-30,,,,33.9226,Axis Multi Asset Allocation Fund
2021-10-01,,,,33.7656,Axis Multi Asset Allocation Fund
2021-10-04,,,,34.0798,Axis Multi Asset Allocation Fund
2021-10-05,,,,34.2333,Axis Multi Asset Allocation Fund
2021-10-06,,,,34.054,Axis Multi Asset Allocation Fund
2021-10-07,,,,34.3457,Axis Multi Asset Allocation Fund
2021-10-08,,,,34.4898,Axis Multi Asset Allocation Fund
2021-10-11,,,,34.6306,Axis Multi Asset Allocation Fund
2021-10-12,,,,34.6802,Axis Multi Asset Allocation Fund
2021-10-13,,,,35.0742,Axis Multi Asset Allocation Fund
2021-10-14,,,,35.294,Axis Multi Asset Allocation Fund
2021-10-18,,,,35.2341,Axis Multi Asset Allocation Fund
2021-10-19,,,,35.0895,Axis Multi Asset Allocation Fund
2021-10-20,,,,34.6828,Axis Multi Asset Allocation Fund
2021-10-21,,,,34.7255,Axis Multi Asset Allocation Fund
2021-10-22,,,,34.5838,Axis Multi Asset Allocation Fund
2021-10-25,,,,34.5092,Axis Multi Asset Allocation Fund
2021-10-26,,,,34.8485,Axis Multi Asset Allocation Fund
2021-10-27,,,,34.7761,Axis Multi Asset Allocation Fund
2021-10-28,,,,34.4896,Axis Multi Asset Allocation Fund
2021-10-29,,,,34.3065,Axis Multi Asset Allocation Fund
2021-11-01,,,,34.4914,Axis Multi Asset Allocation Fund
2021-11-02,,,,34.5624,Axis Multi Asset Allocation Fund
2021-11-03,,,,34.4574,Axis Multi Asset Allocation Fund
2021-11-08,,,,34.8413,Axis Multi Asset Allocation Fund
2021-11-09,,,,34.8829,Axis Multi Asset Allocation Fund
2021-11-10,,,,35.2471,Axis Multi Asset Allocation Fund
2021-11-11,,,,35.2047,Axis Multi Asset Allocation Fund
2021-11-12,,,,35.5117,Axis Multi Asset Allocation Fund
2021-11-15,,,,35.5079,Axis Multi Asset Allocation Fund
2021-11-16,,,,35.5231,Axis Multi Asset Allocation Fund
2021-11-17,,,,35.373,Axis Multi Asset Allocation Fund
2021-11-18,,,,35.0886,Axis Multi Asset Allocation Fund
2021-11-22,,,,34.4055,Axis Multi Asset Allocation Fund
2021-11-23,,,,34.5085,Axis Multi Asset Allocation Fund
2021-11-24,,,,34.5941,Axis Multi Asset Allocation Fund
2021-11-25,,,,34.8263,Axis Multi Asset Allocation Fund
2021-11-26,,,,34.1296,Axis Multi Asset Allocation Fund
2021-11-29,,,,34.1562,Axis Multi Asset Allocation Fund
2021-11-30,,,,34.1359,Axis Multi Asset Allocation Fund
2021-12-01,,,,34.2805,Axis Multi Asset Allocation Fund
2021-12-02,,,,34.5648,Axis Multi Asset Allocation Fund
2021-12-03,,,,34.345,Axis Multi Asset Allocation Fund
2021-12-06,,,,33.9469,Axis Multi Asset Allocation Fund
2021-12-07,,,,34.2756,Axis Multi Asset Allocation Fund
2021-12-08,,,,34.6835,Axis Multi Asset Allocation Fund
2021-12-09,,,,34.7463,Axis Multi Asset Allocation Fund
2021-12-10,,,,34.7406,Axis Multi Asset Allocation Fund
2021-12-13,,,,34.6015,Axis Multi Asset Allocation Fund
2021-12-14,,,,34.5014,Axis Multi Asset Allocation Fund
2021-12-15,,,,34.3397,Axis Multi Asset Allocation Fund
2021-12-16,,,,34.441,Axis Multi Asset Allocation Fund
2021-12-17,,,,34.0626,Axis Multi Asset Allocation Fund
2021-12-20,,,,33.3145,Axis Multi Asset Allocation Fund
2021-12-21,,,,33.5145,Axis Multi Asset Allocation Fund
2021-12-22,,,,33.9415,Axis Multi Asset Allocation Fund
2021-12-23,,,,34.1316,Axis Multi Asset Allocation Fund
2021-12-24,,,,33.9739,Axis Multi Asset Allocation Fund
2021-12-27,,,,34.124,Axis Multi Asset Allocation Fund
2021-12-28,,,,34.3832,Axis Multi Asset Allocation Fund
2021-12-29,,,,34.3949,Axis Multi Asset Allocation Fund
2021-12-30,,,,34.3,Axis Multi Asset Allocation Fund
2021-12-31,,,,34.6227,Axis Multi Asset Allocation Fund
2022-01-03,,,,35.0031,Axis Multi Asset Allocation Fund
2022-01-04,,,,35.1204,Axis Multi Asset Allocation Fund
2022-01-05,,,,35.2505,Axis Multi Asset Allocation Fund
2022-01-06,,,,35.0429,Axis Multi Asset Allocation Fund
2022-01-07,,,,35.1001,Axis Multi Asset Allocation Fund
2022-01-10,,,,35.3012,Axis Multi Asset Allocation Fund
2022-01-11,,,,35.3124,Axis Multi Asset Allocation Fund
2022-01-12,,,,35.4213,Axis Multi Asset Allocation Fund
2022-01-13,,,,35.4957,Axis Multi Asset Allocation Fund
2022-01-14,,,,35.6407,Axis Multi Asset Allocation Fund
2022-01-17,,,,35.8346,Axis Multi Asset Allocation Fund
2022-01-18,,,,35.5473,Axis Multi Asset Allocation Fund
2022-01-19,,,,35.2902,Axis Multi Asset Allocation Fund
2022-01-20,,,,35.0706,Axis Multi Asset Allocation Fund
2022-01-21,,,,34.6108,Axis Multi Asset Allocation Fund
2022-01-24,,,,33.6984,Axis Multi Asset Allocation Fund
2022-01-25,,,,33.7373,Axis Multi Asset Allocation Fund
2022-01-27,,,,33.3837,Axis Multi Asset Allocation Fund
2022-01-28,,,,33.3745,Axis Multi Asset Allocation Fund
2022-01-31,,,,33.704,Axis Multi Asset Allocation Fund
2022-02-01,,,,34.167,Axis Multi Asset Allocation Fund
2022-02-02,,,,34.5113,Axis Multi Asset Allocation Fund
2022-02-03,,,,34.2226,Axis Multi Asset Allocation Fund
2022-02-04,,,,34.1784,Axis Multi Asset Allocation Fund
2022-02-07,,,,33.8005,Axis Multi Asset Allocation Fund
2022-02-08,,,,33.7296,Axis Multi Asset Allocation Fund
2022-02-09,,,,33.9464,Axis Multi Asset Allocation Fund
2022-02-10,,,,34.0957,Axis Multi Asset Allocation Fund
2022-02-11,,,,33.6202,Axis Multi Asset Allocation Fund
2022-02-14,,,,32.9395,Axis Multi Asset Allocation Fund
2022-02-15,,,,33.563,Axis Multi Asset Allocation Fund
2022-02-16,,,,33.5329,Axis Multi Asset Allocation Fund
2022-02-17,,,,33.5295,Axis Multi Asset Allocation Fund
2022-02-18,,,,33.3293,Axis Multi Asset Allocation Fund
2022-02-21,,,,33.1537,Axis Multi Asset Allocation Fund
2022-02-22,,,,33.0376,Axis Multi Asset Allocation Fund
2022-02-23,,,,33.0697,Axis Multi Asset Allocation Fund
2022-02-24,,,,32.0626,Axis Multi Asset Allocation Fund
2022-02-25,,,,32.6947,Axis Multi Asset Allocation Fund
2022-02-28,,,,32.8721,Axis Multi Asset Allocation Fund
2022-03-02,,,,32.6919,Axis Multi Asset Allocation Fund
2022-03-03,,,,32.5664,Axis Multi Asset Allocation Fund
2022-03-04,,,,32.2185,Axis Multi Asset Allocation Fund
2022-03-07,,,,31.714,Axis Multi Asset Allocation Fund
2022-03-08,,,,32.0058,Axis Multi Asset Allocation Fund
2022-03-09,,,,32.397,Axis Multi Asset Allocation Fund
2022-03-10,,,,32.6662,Axis Multi Asset Allocation Fund
2022-03-11,,,,32.743,Axis Multi Asset Allocation Fund
2022-03-14,,,,32.8935,Axis Multi Asset Allocation Fund
2022-03-15,,,,32.7367,Axis Multi Asset Allocation Fund
2022-03-16,,,,33.1092,Axis Multi Asset Allocation Fund
2022-03-17,,,,33.5208,Axis Multi Asset Allocation Fund
2022-03-21,,,,33.2136,Axis Multi Asset Allocation Fund
2022-03-22,,,,33.3947,Axis Multi Asset Allocation Fund
2022-03-23,,,,33.339,Axis Multi Asset Allocation Fund
2022-03-24,,,,33.2564,Axis Multi Asset Allocation Fund
2022-03-25,,,,33.1132,Axis Multi Asset Allocation Fund
2022-03-28,,,,33.1393,Axis Multi Asset Allocation Fund
2022-03-29,,,,33.2996,Axis Multi Asset Allocation Fund
2022-03-30,,,,33.648,Axis Multi Asset Allocation Fund
2022-03-31,,,,33.6559,Axis Multi Asset Allocation Fund
2022-04-01,,,,33.9405,Axis Multi Asset Allocation Fund
2022-04-04,,,,34.3707,Axis Multi Asset Allocation Fund
2022-04-05,,,,34.2978,Axis Multi Asset Allocation Fund
2022-04-06,,,,34.0672,Axis Multi Asset Allocation Fund
2022-04-07,,,,33.8804,Axis Multi Asset Allocation Fund
2022-04-08,,,,34.0222,Axis Multi Asset Allocation Fund
2022-04-11,,,,33.954,Axis Multi Asset Allocation Fund
2022-04-12,,,,33.7461,Axis Multi Asset Allocation Fund
2022-04-13,,,,33.7395,Axis Multi Asset Allocation Fund
2022-04-18,,,,33.2994,Axis Multi Asset Allocation Fund
2022-04-19,,,,32.8989,Axis Multi Asset Allocation Fund
2022-04-20,,,,33.0016,Axis Multi Asset Allocation Fund
2022-04-21,,,,33.3539,Axis Multi Asset Allocation Fund
2022-04-22,,,,33.149,Axis Multi Asset Allocation Fund
2022-04-25,,,,32.7873,Axis Multi Asset Allocation Fund
2022-04-26,,,,33.1063,Axis Multi Asset Allocation Fund
2022-04-27,,,,32.6932,Axis Multi Asset Allocation Fund
2022-04-28,,,,32.9125,Axis Multi Asset Allocation Fund
2022-04-29,,,,32.8175,Axis Multi Asset Allocation Fund
2022-05-02,,,,32.712,Axis Multi Asset Allocation Fund
2022-05-04,,,,32.0699,Axis Multi Asset Allocation Fund
2022-05-05,,,,32.138,Axis Multi Asset Allocation Fund
2022-05-06,,,,31.4328,Axis Multi Asset Allocation Fund
2022-05-09,,,,31.1926,Axis Multi Asset Allocation Fund
2022-05-10,,,,30.996,Axis Multi Asset Allocation Fund
2022-05-11,,,,30.7438,Axis Multi Asset Allocation Fund
2022-05-12,,,,30.3115,Axis Multi Asset Allocation Fund
2022-05-13,,,,30.2618,Axis Multi Asset Allocation Fund
2022-05-16,,,,30.4947,Axis Multi Asset Allocation Fund
2022-05-17,,,,31.0539,Axis Multi Asset Allocation Fund
2022-05-18,,,,31.0647,Axis Multi Asset Allocation Fund
2022-05-19,,,,30.4382,Axis Multi Asset Allocation Fund
2022-05-20,,,,30.8983,Axis Multi Asset Allocation Fund
2022-05-23,,,,30.8972,Axis Multi Asset Allocation Fund
2022-05-24,,,,30.7901,Axis Multi Asset Allocation Fund
2022-05-25,,,,30.5722,Axis Multi Asset Allocation Fund
2022-05-26,,,,30.7302,Axis Multi Asset Allocation Fund
2022-05-27,,,,31.1261,Axis Multi Asset Allocation Fund
2022-05-30,,,,31.5734,Axis Multi Asset Allocation Fund
2022-05-31,,,,31.5989,Axis Multi Asset Allocation Fund
2022-06-01,,,,31.451,Axis Multi Asset Allocation Fund
2022-06-02,,,,31.5551,Axis Multi Asset Allocation Fund
2022-06-03,,,,31.4921,Axis Multi Asset Allocation Fund
2022-06-06,,,,31.3777,Axis Multi Asset Allocation Fund
2022-06-07,,,,31.1054,Axis Multi Asset Allocation Fund
2022-06-08,,,,31.1313,Axis Multi Asset Allocation Fund
2022-06-09,,,,31.2549,Axis Multi Asset Allocation Fund
2022-06-10,,,,30.8219,Axis Multi Asset Allocation Fund
2022-06-13,,,,30.1982,Axis Multi Asset Allocation Fund
2022-06-14,,,,30.0903,Axis Multi Asset Allocation Fund
2022-06-15,,,,30.1863,Axis Multi Asset Allocation Fund
2022-06-16,,,,29.7502,Axis Multi Asset Allocation Fund
2022-06-17,,,,29.6162,Axis Multi Asset Allocation Fund
2022-06-20,,,,29.6878,Axis Multi Asset Allocation Fund
2022-06-21,,,,30.0443,Axis Multi Asset Allocation Fund
2022-06-22,,,,29.7825,Axis Multi Asset Allocation Fund
2022-06-23,,,,30.0201,Axis Multi Asset Allocation Fund
2022-06-24,,,,30.1991,Axis Multi Asset Allocation Fund
2022-06-27,,,,30.3952,Axis Multi Asset Allocation Fund
2022-06-28,,,,30.3564,Axis Multi Asset Allocation Fund
2022-06-29,,,,30.2044,Axis Multi Asset Allocation Fund
2022-06-30,,,,30.1445,Axis Multi Asset Allocation Fund
2022-07-01,,,,30.2812,Axis Multi Asset Allocation Fund
2022-07-04,,,,30.4455,Axis Multi Asset Allocation Fund
2022-07-05,,,,30.515,Axis Multi Asset Allocation Fund
2022-07-06,,,,30.8191,Axis Multi Asset Allocation Fund
2022-07-07,,,,30.9801,Axis Multi Asset Allocation Fund
2022-07-08,,,,31.1131,Axis Multi Asset Allocation Fund
2022-07-11,,,,31.1344,Axis Multi Asset Allocation Fund
2022-07-12,,,,30.9143,Axis Multi Asset Allocation Fund
2022-07-13,,,,30.8893,Axis Multi Asset Allocation Fund
2022-07-14,,,,30.8171,Axis Multi Asset Allocation Fund
2022-07-15,,,,30.9695,Axis Multi Asset Allocation Fund
2022-07-18,,,,31.382,Axis Multi Asset Allocation Fund
2022-07-19,,,,31.4212,Axis Multi Asset Allocation Fund
2022-07-20,,,,31.5774,Axis Multi Asset Allocation Fund
2022-07-21,,,,31.7822,Axis Multi Asset Allocation Fund
2022-07-22,,,,31.9266,Axis Multi Asset Allocation Fund
2022-07-25,,,,31.8512,Axis Multi Asset Allocation Fund
2022-07-26,,,,31.6017,Axis Multi Asset Allocation Fund
2022-07-27,,,,31.8047,Axis Multi Asset Allocation Fund
2022-07-28,,,,32.3958,Axis Multi Asset Allocation Fund
2022-07-29,,,,32.6757,Axis Multi Asset Allocation Fund
2022-08-01,,,,32.9095,Axis Multi Asset Allocation Fund
2022-08-02,,,,32.9632,Axis Multi Asset Allocation Fund
2022-08-03,,,,32.9856,Axis Multi Asset Allocation Fund
2022-08-04,,,,33.0588,Axis Multi Asset Allocation Fund
2022-08-05,,,,33.1049,Axis Multi Asset Allocation Fund
2022-08-08,,,,33.2625,Axis Multi Asset Allocation Fund
2022-08-10,,,,33.2516,Axis Multi Asset Allocation Fund
2022-08-11,,,,33.4981,Axis Multi Asset Allocation Fund
2022-08-12,,,,33.5295,Axis Multi Asset Allocation Fund
2022-08-16,,,,33.6957,Axis Multi Asset Allocation Fund
2022-08-17,,,,33.8697,Axis Multi Asset Allocation Fund
2022-08-18,,,,33.8851,Axis Multi Asset Allocation Fund
2022-08-19,,,,33.5938,Axis Multi Asset Allocation Fund
2022-08-22,,,,33.1709,Axis Multi Asset Allocation Fund
2022-08-23,,,,33.2292,Axis Multi Asset Allocation Fund
2022-08-24,,,,33.3127,Axis Multi Asset Allocation Fund
2022-08-25,,,,33.2713,Axis Multi Asset Allocation Fund
2022-08-26,,,,33.3522,Axis Multi Asset Allocation Fund
2022-08-29,,,,33.0091,Axis Multi Asset Allocation Fund
2022-08-30,,,,33.6226,Axis Multi Asset Allocation Fund
2022-09-01,,,,33.382,Axis Multi Asset Allocation Fund
2022-09-02,,,,33.4219,Axis Multi Asset Allocation Fund
2022-09-05,,,,33.5011,Axis Multi Asset Allocation Fund
2022-09-06,,,,33.4104,Axis Multi Asset Allocation Fund
2022-09-07,,,,33.3808,Axis Multi Asset Allocation Fund
2022-09-08,,,,33.6172,Axis Multi Asset Allocation Fund
2022-09-09,,,,33.6342,Axis Multi Asset Allocation Fund
2022-09-12,,,,33.7518,Axis Multi Asset Allocation Fund
2022-09-13,,,,33.92,Axis Multi Asset Allocation Fund
2022-09-14,,,,33.8034,Axis Multi Asset Allocation Fund
2022-09-15,,,,33.6293,Axis Multi Asset Allocation Fund
2022-09-16,,,,33.0417,Axis Multi Asset Allocation Fund
2022-09-19,,,,33.1972,Axis Multi Asset Allocation Fund
2022-09-20,,,,33.4204,Axis Multi Asset Allocation Fund
2022-09-21,,,,33.2611,Axis Multi Asset Allocation Fund
2022-09-22,,,,33.2157,Axis Multi Asset Allocation Fund
2022-09-23,,,,32.7639,Axis Multi Asset Allocation Fund
2022-09-26,,,,32.3611,Axis Multi Asset Allocation Fund
2022-09-27,,,,32.2906,Axis Multi Asset Allocation Fund
2022-09-28,,,,32.1935,Axis Multi Asset Allocation Fund
2022-09-29,,,,32.1749,Axis Multi Asset Allocation Fund
2022-09-30,,,,32.6068,Axis Multi Asset Allocation Fund
2022-10-03,,,,32.4036,Axis Multi Asset Allocation Fund
2022-10-04,,,,32.9525,Axis Multi Asset Allocation Fund
2022-10-06,,,,33.0188,Axis Multi Asset Allocation Fund
2022-10-07,,,,33.0086,Axis Multi Asset Allocation Fund
2022-10-10,,,,32.8332,Axis Multi Asset Allocation Fund
2022-10-11,,,,32.4238,Axis Multi Asset Allocation Fund
2022-10-12,,,,32.557,Axis Multi Asset Allocation Fund
2022-10-13,,,,32.4176,Axis Multi Asset Allocation Fund
2022-10-14,,,,32.6358,Axis Multi Asset Allocation Fund
2022-10-17,,,,32.6826,Axis Multi Asset Allocation Fund
2022-10-18,,,,32.8111,Axis Multi Asset Allocation Fund
2022-10-19,,,,32.888,Axis Multi Asset Allocation Fund
2022-10-20,,,,32.9397,Axis Multi Asset Allocation Fund
2022-10-21,,,,32.796,Axis Multi Asset Allocation Fund
2022-10-25,,,,32.9099,Axis Multi Asset Allocation Fund
2022-10-27,,,,32.9354,Axis Multi Asset Allocation Fund
2022-10-28,,,,32.9054,Axis Multi Asset Allocation Fund
2022-10-31,,,,33.2394,Axis Multi Asset Allocation Fund
2022-11-01,,,,33.4261,Axis Multi Asset Allocation Fund
2022-11-02,,,,33.3439,Axis Multi Asset Allocation Fund
2022-11-03,,,,33.2322,Axis Multi Asset Allocation Fund
2022-11-04,,,,33.2797,Axis Multi Asset Allocation Fund
2022-11-07,,,,33.32,Axis Multi Asset Allocation Fund
2022-11-09,,,,33.2892,Axis Multi Asset Allocation Fund
2022-11-10,,,,33.0964,Axis Multi Asset Allocation Fund
2022-11-11,,,,33.561,Axis Multi Asset Allocation Fund
2022-11-14,,,,33.5314,Axis Multi Asset Allocation Fund
2022-11-15,,,,33.5757,Axis Multi Asset Allocation Fund
2022-11-16,,,,33.576,Axis Multi Asset Allocation Fund
2022-11-17,,,,33.4538,Axis Multi Asset Allocation Fund
2022-11-18,,,,33.4159,Axis Multi Asset Allocation Fund
2022-11-21,,,,33.1636,Axis Multi Asset Allocation Fund
2022-11-22,,,,33.2541,Axis Multi Asset Allocation Fund
2022-11-23,,,,33.3046,Axis Multi Asset Allocation Fund
2022-11-24,,,,33.6008,Axis Multi Asset Allocation Fund
2022-11-25,,,,33.5682,Axis Multi Asset Allocation Fund
2022-11-28,,,,33.6776,Axis Multi Asset Allocation Fund
2022-11-29,,,,33.7226,Axis Multi Asset Allocation Fund
2022-11-30,,,,33.8794,Axis Multi Asset Allocation Fund
2022-12-01,,,,34.0071,Axis Multi Asset Allocation Fund
2022-12-02,,,,33.9326,Axis Multi Asset Allocation Fund
2022-12-05,,,,33.9753,Axis Multi Asset Allocation Fund
2022-12-06,,,,33.8622,Axis Multi Asset Allocation Fund
2022-12-07,,,,33.7385,Axis Multi Asset Allocation Fund
2022-12-08,,,,33.7584,Axis Multi Asset Allocation Fund
2022-12-09,,,,33.5792,Axis Multi Asset Allocation Fund
2022-12-12,,,,33.6361,Axis Multi Asset Allocation Fund
2022-12-13,,,,33.7981,Axis Multi Asset Allocation Fund
2022-12-14,,,,33.9608,Axis Multi Asset Allocation Fund
2022-12-15,,,,33.6123,Axis Multi Asset Allocation Fund
2022-12-16,,,,33.3166,Axis Multi Asset Allocation Fund
2022-12-19,,,,33.5064,Axis Multi Asset Allocation Fund
2022-12-20,,,,33.4864,Axis Multi Asset Allocation Fund
2022-12-21,,,,33.237,Axis Multi Asset Allocation Fund
2022-12-22,,,,33.126,Axis Multi Asset Allocation Fund
2022-12-23,,,,32.6696,Axis Multi Asset Allocation Fund
2022-12-26,,,,33.0,Axis Multi Asset Allocation Fund
2022-12-27,,,,33.1844,Axis Multi Asset Allocation Fund
2022-12-28,,,,33.1047,Axis Multi Asset Allocation Fund
2022-12-29,,,,33.1861,Axis Multi Asset Allocation Fund
2022-12-30,,,,33.1292,Axis Multi Asset Allocation Fund
2023-01-02,,,,33.2614,Axis Multi Asset Allocation Fund
2023-01-03,,,,33.3479,Axis Multi Asset Allocation Fund
2023-01-04,,,,33.1687,Axis Multi Asset Allocation Fund
2023-01-05,,,,32.8605,Axis Multi Asset Allocation Fund
2023-01-06,,,,32.6103,Axis Multi Asset Allocation Fund
2023-01-09,,,,32.8922,Axis Multi Asset Allocation Fund
2023-01-10,,,,32.7182,Axis Multi Asset Allocation Fund
2023-01-11,,,,32.7157,Axis Multi Asset Allocation Fund
2023-01-12,,,,32.7034,Axis Multi Asset Allocation Fund
2023-01-13,,,,32.7983,Axis Multi Asset Allocation Fund
2023-01-16,,,,32.7005,Axis Multi Asset Allocation Fund
2023-01-17,,,,32.7869,Axis Multi Asset Allocation Fund
2023-01-18,,,,32.8385,Axis Multi Asset Allocation Fund
2023-01-19,,,,32.7409,Axis Multi Asset Allocation Fund
2023-01-20,,,,32.609,Axis Multi Asset Allocation Fund
2023-01-23,,,,32.602,Axis Multi Asset Allocation Fund
2023-01-24,,,,32.629,Axis Multi Asset Allocation Fund
2023-01-25,,,,32.3555,Axis Multi Asset Allocation Fund
2023-01-27,,,,32.0876,Axis Multi Asset Allocation Fund
2023-01-30,,,,32.2168,Axis Multi Asset Allocation Fund
2023-01-31,,,,32.2289,Axis Multi Asset Allocation Fund
2023-02-01,,,,32.3664,Axis Multi Asset Allocation Fund
2023-02-02,,,,32.4665,Axis Multi Asset Allocation Fund
2023-02-03,,,,32.5908,Axis Multi Asset Allocation Fund
2023-02-06,,,,32.4442,Axis Multi Asset Allocation Fund
2023-02-07,,,,32.48,Axis Multi Asset Allocation Fund
2023-02-08,,,,32.7471,Axis Multi Asset Allocation Fund
2023-02-09,,,,32.865,Axis Multi Asset Allocation Fund
2023-02-10,,,,32.8215,Axis Multi Asset Allocation Fund
2023-02-13,,,,32.6994,Axis Multi Asset Allocation Fund
2023-02-14,,,,32.7867,Axis Multi Asset Allocation Fund
2023-02-15,,,,32.8692,Axis Multi Asset Allocation Fund
2023-02-16,,,,32.9819,Axis Multi Asset Allocation Fund
2023-02-17,,,,32.846,Axis Multi Asset Allocation Fund
2023-02-20,,,,32.833,Axis Multi Asset Allocation Fund
2023-02-21,,,,32.7361,Axis Multi Asset Allocation Fund
2023-02-22,,,,32.3671,Axis Multi Asset Allocation Fund
2023-02-23,,,,32.2289,Axis Multi Asset Allocation Fund
2023-02-24,,,,32.1866,Axis Multi Asset Allocation Fund
2023-02-27,,,,32.004,Axis Multi Asset Allocation Fund
2023-02-28,,,,31.9453,Axis Multi Asset Allocation Fund
2023-03-01,,,,32.1669,Axis Multi Asset Allocation Fund
2023-03-02,,,,32.0097,Axis Multi Asset Allocation Fund
2023-03-03,,,,32.201,Axis Multi Asset Allocation Fund
2023-03-06,,,,32.3565,Axis Multi Asset Allocation Fund
2023-03-08,,,,32.2744,Axis Multi Asset Allocation Fund
2023-03-09,,,,32.0519,Axis Multi Asset Allocation Fund
2023-03-10,,,,31.851,Axis Multi Asset Allocation Fund
2023-03-13,,,,31.6009,Axis Multi Asset Allocation Fund
2023-03-14,,,,31.4494,Axis Multi Asset Allocation Fund
2023-03-15,,,,31.3385,Axis Multi Asset Allocation Fund
2023-03-16,,,,31.3585,Axis Multi Asset Allocation Fund
2023-03-17,,,,31.4572,Axis Multi Asset Allocation Fund
2023-03-20,,,,31.3964,Axis Multi Asset Allocation Fund
2023-03-21,,,,31.512,Axis Multi Asset Allocation Fund
2023-03-22,,,,31.61,Axis Multi Asset Allocation Fund
2023-03-23,,,,31.529,Axis Multi Asset Allocation Fund
2023-03-24,,,,31.3889,Axis Multi Asset Allocation Fund
2023-03-27,,,,31.2768,Axis Multi Asset Allocation Fund
2023-03-28,,,,31.2103,Axis Multi Asset Allocation Fund
2023-03-29,,,,31.4405,Axis Multi Asset Allocation Fund
2023-03-31,,,,31.9006,Axis Multi Asset Allocation Fund
2023-04-03,,,,32.0074,Axis Multi Asset Allocation Fund
2023-04-05,,,,32.3936,Axis Multi Asset Allocation Fund
2023-04-06,,,,32.4507,Axis Multi Asset Allocation Fund
2023-04-10,,,,32.3856,Axis Multi Asset Allocation Fund
2023-04-11,,,,32.5151,Axis Multi Asset Allocation Fund
2023-04-12,,,,32.6884,Axis Multi Asset Allocation Fund
2023-04-13,,,,32.7364,Axis Multi Asset Allocation Fund
2023-04-17,,,,32.5991,Axis Multi Asset Allocation Fund
2023-04-18,,,,32.5703,Axis Multi Asset Allocation Fund
2023-04-19,,,,32.513,Axis Multi Asset Allocation Fund
2023-04-20,,,,32.4981,Axis Multi Asset Allocation Fund
2023-04-21,,,,32.4379,Axis Multi Asset Allocation Fund
2023-04-24,,,,32.5209,Axis Multi Asset Allocation Fund
2023-04-25,,,,32.6022,Axis Multi Asset Allocation Fund
2023-04-26,,,,32.6437,Axis Multi Asset Allocation Fund
2023-04-27,,,,32.81,Axis Multi Asset Allocation Fund
2023-04-28,,,,33.0921,Axis Multi Asset Allocation Fund
2023-05-02,,,,33.2056,Axis Multi Asset Allocation Fund
2023-05-03,,,,33.2268,Axis Multi Asset Allocation Fund
2023-05-04,,,,33.5642,Axis Multi Asset Allocation Fund
2023-05-05,,,,33.3757,Axis Multi Asset Allocation Fund
2023-05-08,,,,33.6565,Axis Multi Asset Allocation Fund
2023-05-09,,,,33.6776,Axis Multi Asset Allocation Fund
2023-05-10,,,,33.797,Axis Multi Asset Allocation Fund
2023-05-11,,,,33.8048,Axis Multi Asset Allocation Fund
2023-05-12,,,,33.7856,Axis Multi Asset Allocation Fund
2023-05-15,,,,33.8234,Axis Multi Asset Allocation Fund
2023-05-16,,,,33.7218,Axis Multi Asset Allocation Fund
2023-05-17,,,,33.5003,Axis Multi Asset Allocation Fund
2023-05-18,,,,33.4603,Axis Multi Asset Allocation Fund
2023-05-19,,,,33.4698,Axis Multi Asset Allocation Fund
2023-05-22,,,,33.6021,Axis Multi Asset Allocation Fund
2023-05-23,,,,33.6047,Axis Multi Asset Allocation Fund
2023-05-24,,,,33.5662,Axis Multi Asset Allocation Fund
2023-05-25,,,,33.5775,Axis Multi Asset Allocation Fund
2023-05-26,,,,33.8387,Axis Multi Asset Allocation Fund
2023-05-29,,,,33.9065,Axis Multi Asset Allocation Fund
2023-05-30,,,,33.9712,Axis Multi Asset Allocation Fund
2023-05-31,,,,33.9199,Axis Multi Asset Allocation Fund
2023-06-01,,,,33.8749,Axis Multi Asset Allocation Fund
2023-06-02,,,,33.9834,Axis Multi Asset Allocation Fund
2023-06-05,,,,34.0076,Axis Multi Asset Allocation Fund
2023-06-06,,,,34.1131,Axis Multi Asset Allocation Fund
2023-06-07,,,,34.2636,Axis Multi Asset Allocation Fund
2023-06-08,,,,34.0488,Axis Multi Asset Allocation Fund
2023-06-09,,,,34.0474,Axis Multi Asset Allocation Fund
2023-06-12,,,,34.1439,Axis Multi Asset Allocation Fund
2023-06-13,,,,34.3186,Axis Multi Asset Allocation Fund
2023-06-14,,,,34.3094,Axis Multi Asset Allocation Fund
2023-06-15,,,,34.3349,Axis Multi Asset Allocation Fund
2023-06-16,,,,34.6104,Axis Multi Asset Allocation Fund
2023-06-19,,,,34.556,Axis Multi Asset Allocation Fund
2023-06-20,,,,34.5655,Axis Multi Asset Allocation Fund
2023-06-21,,,,34.5697,Axis Multi Asset Allocation Fund
2023-06-22,,,,34.3357,Axis Multi Asset Allocation Fund
2023-06-23,,,,34.1204,Axis Multi Asset Allocation Fund
2023-06-26,,,,34.229,Axis Multi Asset Allocation Fund
2023-06-27,,,,34.3558,Axis Multi Asset Allocation Fund
2023-06-28,,,,34.5009,Axis Multi Asset Allocation Fund
2023-06-30,,,,34.6947,Axis Multi Asset Allocation Fund
2023-07-03,,,,34.8666,Axis Multi Asset Allocation Fund
2023-07-04,,,,35.0857,Axis Multi Asset Allocation Fund
2023-07-05,,,,35.1032,Axis Multi Asset Allocation Fund
2023-07-06,,,,35.1998,Axis Multi Asset Allocation Fund
2023-07-07,,,,35.0226,Axis Multi Asset Allocation Fund
2023-07-10,,,,34.953,Axis Multi Asset Allocation Fund
2023-07-11,,,,35.0334,Axis Multi Asset Allocation Fund
2023-07-12,,,,35.0357,Axis Multi Asset Allocation Fund
2023-07-13,,,,35.1834,Axis Multi Asset Allocation Fund
2023-07-14,,,,35.4439,Axis Multi Asset Allocation Fund
2023-07-17,,,,35.5365,Axis Multi Asset Allocation Fund
2023-07-18,,,,35.5179,Axis Multi Asset Allocation Fund
2023-07-19,,,,35.6924,Axis Multi Asset Allocation Fund
2023-07-20,,,,35.7753,Axis Multi Asset Allocation Fund
2023-07-21,,,,35.4987,Axis Multi Asset Allocation Fund
2023-07-24,,,,35.4278,Axis Multi Asset Allocation Fund
2023-07-25,,,,35.4842,Axis Multi Asset Allocation Fund
2023-07-26,,,,35.5367,Axis Multi Asset Allocation Fund
2023-07-27,,,,35.3426,Axis Multi Asset Allocation Fund
2023-07-28,,,,35.342,Axis Multi Asset Allocation Fund
2023-07-31,,,,35.49,Axis Multi Asset Allocation Fund
2023-08-01,,,,35.47,Axis Multi Asset Allocation Fund
2023-08-02,,,,35.2484,Axis Multi Asset Allocation Fund
2023-08-03,,,,35.0626,Axis Multi Asset Allocation Fund
2023-08-04,,,,35.2204,Axis Multi Asset Allocation Fund
2023-08-07,,,,35.3152,Axis Multi Asset Allocation Fund
2023-08-08,,,,35.3265,Axis Multi Asset Allocation Fund
2023-08-09,,,,35.3416,Axis Multi Asset Allocation Fund
2023-08-10,,,,35.2347,Axis Multi Asset Allocation Fund
2023-08-11,,,,35.0705,Axis Multi Asset Allocation Fund
2023-08-14,,,,34.9488,Axis Multi Asset Allocation Fund
2023-08-16,,,,35.0135,Axis Multi Asset Allocation Fund
2023-08-17,,,,34.8727,Axis Multi Asset Allocation Fund
2023-08-18,,,,34.7543,Axis Multi Asset Allocation Fund
2023-08-21,,,,34.8605,Axis Multi Asset Allocation Fund
2023-08-22,,,,34.92,Axis Multi Asset Allocation Fund
2023-08-23,,,,34.9864,Axis Multi Asset Allocation Fund
2023-08-24,,,,34.9856,Axis Multi Asset Allocation Fund
2023-08-25,,,,34.889,Axis Multi Asset Allocation Fund
2023-08-28,,,,34.9805,Axis Multi Asset Allocation Fund
2023-08-29,,,,35.1297,Axis Multi Asset Allocation Fund
2023-08-30,,,,35.2449,Axis Multi Asset Allocation Fund
2023-08-31,,,,35.1664,Axis Multi Asset Allocation Fund
2023-09-01,,,,35.4004,Axis Multi Asset Allocation Fund
2023-09-04,,,,35.5477,Axis Multi Asset Allocation Fund
2023-09-05,,,,35.6322,Axis Multi Asset Allocation Fund
2023-09-06,,,,35.6843,Axis Multi Asset Allocation Fund
2023-09-07,,,,35.7742,Axis Multi Asset Allocation Fund
2023-09-08,,,,35.8737,Axis Multi Asset Allocation Fund
2023-09-11,,,,36.0863,Axis Multi Asset Allocation Fund
2023-09-12,,,,35.8694,Axis Multi Asset Allocation Fund
2023-09-13,,,,35.9284,Axis Multi Asset Allocation Fund
2023-09-14,,,,36.0507,Axis Multi Asset Allocation Fund
2023-09-15,,,,36.1389,Axis Multi Asset Allocation Fund
2023-09-18,,,,36.0545,Axis Multi Asset Allocation Fund
2023-09-20,,,,35.807,Axis Multi Asset Allocation Fund
2023-09-21,,,,35.5099,Axis Multi Asset Allocation Fund
2023-09-22,,,,35.4205,Axis Multi Asset Allocation Fund
2023-09-25,,,,35.4825,Axis Multi Asset Allocation Fund
2023-09-26,,,,35.494,Axis Multi Asset Allocation Fund
2023-09-27,,,,35.5423,Axis Multi Asset Allocation Fund
2023-09-29,,,,35.4512,Axis Multi Asset Allocation Fund
2023-10-03,,,,35.4274,Axis Multi Asset Allocation Fund
2023-10-04,,,,35.3063,Axis Multi Asset Allocation Fund
2023-10-05,,,,35.4029,Axis Multi Asset Allocation Fund
2023-10-06,,,,35.5548,Axis Multi Asset Allocation Fund
2023-10-09,,,,35.3703,Axis Multi Asset Allocation Fund
2023-10-10,,,,35.5673,Axis Multi Asset Allocation Fund
2023-10-11,,,,35.7531,Axis Multi Asset Allocation Fund
2023-10-12,,,,35.7036,Axis Multi Asset Allocation Fund
2023-10-13,,,,35.7399,Axis Multi Asset Allocation Fund
2023-10-16,,,,35.7136,Axis Multi Asset Allocation Fund
2023-10-17,,,,35.773,Axis Multi Asset Allocation Fund
2023-10-18,,,,35.5814,Axis Multi Asset Allocation Fund
2023-10-19,,,,35.5138,Axis Multi Asset Allocation Fund
2023-10-20,,,,35.4877,Axis Multi Asset Allocation Fund
2023-10-23,,,,35.0648,Axis Multi Asset Allocation Fund
2023-10-25,,,,34.8487,Axis Multi Asset Allocation Fund
2023-10-26,,,,34.5396,Axis Multi Asset Allocation Fund
2023-10-27,,,,34.7782,Axis Multi Asset Allocation Fund
2023-10-30,,,,34.8785,Axis Multi Asset Allocation Fund
2023-10-31,,,,34.7762,Axis Multi Asset Allocation Fund
2023-11-01,,,,34.6865,Axis Multi Asset Allocation Fund
2023-11-02,,,,34.8637,Axis Multi Asset Allocation Fund
2023-11-03,,,,34.9462,Axis Multi Asset Allocation Fund
2023-11-06,,,,35.2198,Axis Multi Asset Allocation Fund
2023-11-07,,,,35.2267,Axis Multi Asset Allocation Fund
2023-11-08,,,,35.2626,Axis Multi Asset Allocation Fund
2023-11-09,,,,35.1615,Axis Multi Asset Allocation Fund
2023-11-10,,,,35.2659,Axis Multi Asset Allocation Fund
2023-11-13,,,,35.2049,Axis Multi Asset Allocation Fund
2023-11-15,,,,35.4532,Axis Multi Asset Allocation Fund
2023-11-16,,,,35.5371,Axis Multi Asset Allocation Fund
2023-11-17,,,,35.5347,Axis Multi Asset Allocation Fund
2023-11-20,,,,35.4114,Axis Multi Asset Allocation Fund
2023-11-21,,,,35.5308,Axis Multi Asset Allocation Fund
2023-11-22,,,,35.5685,Axis Multi Asset Allocation Fund
2023-11-23,,,,35.5523,Axis Multi Asset Allocation Fund
2023-11-24,,,,35.5129,Axis Multi Asset Allocation Fund
2023-11-28,,,,35.6134,Axis Multi Asset Allocation Fund
2023-11-29,,,,35.8447,Axis Multi Asset Allocation Fund
2023-11-30,,,,35.9769,Axis Multi Asset Allocation Fund
2023-12-01,,,,36.2112,Axis Multi Asset Allocation Fund
2023-12-04,,,,36.6617,Axis Multi Asset Allocation Fund
2023-12-05,,,,36.7562,Axis Multi Asset Allocation Fund
2023-12-06,,,,36.9192,Axis Multi Asset Allocation Fund
2023-12-07,,,,36.9321,Axis Multi Asset Allocation Fund
2023-12-08,,,,36.917,Axis Multi Asset Allocation Fund
2023-12-11,,,,36.9025,Axis Multi Asset Allocation Fund
2023-12-12,,,,36.6755,Axis Multi Asset Allocation Fund
2023-12-13,,,,36.6558,Axis Multi Asset Allocation Fund
2023-12-14,,,,37.1024,Axis Multi Asset Allocation Fund
2023-12-15,,,,37.3757,Axis Multi Asset Allocation Fund
2023-12-18,,,,37.4286,Axis Multi Asset Allocation Fund
2023-12-19,,,,37.4553,Axis Multi Asset Allocation Fund
2023-12-20,,,,36.9678,Axis Multi Asset Allocation Fund
2023-12-21,,,,37.1433,Axis Multi Asset Allocation Fund
2023-12-22,,,,37.3305,Axis Multi Asset Allocation Fund
2023-12-26,,,,37.3978,Axis Multi Asset Allocation Fund
2023-12-27,,,,37.6888,Axis Multi Asset Allocation Fund
2023-12-28,,,,37.7994,Axis Multi Asset Allocation Fund
2023-12-29,,,,37.8858,Axis Multi Asset Allocation Fund
2024-01-01,,,,37.9293,Axis Multi Asset Allocation Fund
2024-01-02,,,,37.8485,Axis Multi Asset Allocation Fund
2024-01-03,,,,37.5699,Axis Multi Asset Allocation Fund
2024-01-04,,,,37.7891,Axis Multi Asset Allocation Fund
2024-01-05,,,,37.8552,Axis Multi Asset Allocation Fund
2024-01-08,,,,37.5908,Axis Multi Asset Allocation Fund
2024-01-09,,,,37.6437,Axis Multi Asset Allocation Fund
2024-01-10,,,,37.6272,Axis Multi Asset Allocation Fund
2024-01-11,,,,37.6665,Axis Multi Asset Allocation Fund
2024-01-12,,,,37.8525,Axis Multi Asset Allocation Fund
2024-01-15,,,,37.9682,Axis Multi Asset Allocation Fund
2024-01-16,,,,37.8561,Axis Multi Asset Allocation Fund
2024-01-17,,,,37.2814,Axis Multi Asset Allocation Fund
2024-01-18,,,,37.1697,Axis Multi Asset Allocation Fund
2024-01-19,,,,37.3898,Axis Multi Asset Allocation Fund
2024-01-23,,,,36.8964,Axis Multi Asset Allocation Fund
2024-01-24,,,,37.1373,Axis Multi Asset Allocation Fund
2024-01-25,,,,37.1208,Axis Multi Asset Allocation Fund
2024-01-29,,,,37.4819,Axis Multi Asset Allocation Fund
2024-01-30,,,,37.2036,Axis Multi Asset Allocation Fund
2024-01-31,,,,37.5745,Axis Multi Asset Allocation Fund
2024-02-01,,,,37.5655,Axis Multi Asset Allocation Fund
2024-02-02,,,,37.6757,Axis Multi Asset Allocation Fund
2024-02-05,,,,37.5015,Axis Multi Asset Allocation Fund
2024-02-06,,,,37.7123,Axis Multi Asset Allocation Fund
2024-02-07,,,,37.7738,Axis Multi Asset Allocation Fund
2024-02-08,,,,37.616,Axis Multi Asset Allocation Fund
2024-02-09,,,,37.6782,Axis Multi Asset Allocation Fund
2024-02-12,,,,37.3468,Axis Multi Asset Allocation Fund
2024-02-13,,,,37.4689,Axis Multi Asset Allocation Fund
2024-02-14,,,,37.5436,Axis Multi Asset Allocation Fund
2024-02-15,,,,37.6881,Axis Multi Asset Allocation Fund
2024-02-16,,,,37.8927,Axis Multi Asset Allocation Fund
2024-02-19,,,,38.0289,Axis Multi Asset Allocation Fund
2024-02-20,,,,38.0646,Axis Multi Asset Allocation Fund
2024-02-21,,,,37.9995,Axis Multi Asset Allocation Fund
2024-02-22,,,,38.2218,Axis Multi Asset Allocation Fund
2024-02-23,,,,38.3695,Axis Multi Asset Allocation Fund
2024-02-26,,,,38.3223,Axis Multi Asset Allocation Fund
2024-02-27,,,,38.3914,Axis Multi Asset Allocation Fund
2024-02-28,,,,37.974,Axis Multi Asset Allocation Fund
2024-02-29,,,,38.1579,Axis Multi Asset Allocation Fund
2024-03-01,,,,38.4106,Axis Multi Asset Allocation Fund
2024-03-04,,,,38.5352,Axis Multi Asset Allocation Fund
2024-03-05,,,,38.5029,Axis Multi Asset Allocation Fund
2024-03-06,,,,38.4966,Axis Multi Asset Allocation Fund
2024-03-07,,,,38.6044,Axis Multi Asset Allocation Fund
2024-03-11,,,,38.5203,Axis Multi Asset Allocation Fund
2024-03-12,,,,38.3428,Axis Multi Asset Allocation Fund
2024-03-13,,,,37.5895,Axis Multi Asset Allocation Fund
2024-03-14,,,,37.9498,Axis Multi Asset Allocation Fund
2024-03-15,,,,37.8817,Axis Multi Asset Allocation Fund
2024-03-18,,,,37.9282,Axis Multi Asset Allocation Fund
2024-03-19,,,,37.6863,Axis Multi Asset Allocation Fund
2024-03-20,,,,37.7107,Axis Multi Asset Allocation Fund
2024-03-21,,,,38.157,Axis Multi Asset Allocation Fund
2024-03-22,,,,38.2714,Axis Multi Asset Allocation Fund
2024-03-26,,,,38.3059,Axis Multi Asset Allocation Fund
2024-03-27,,,,38.4074,Axis Multi Asset Allocation Fund
2024-03-28,,,,38.7392,Axis Multi Asset Allocation Fund
2024-03-31,,,,38.7368,Axis Multi Asset Allocation Fund
2024-04-01,,,,39.1639,Axis Multi Asset Allocation Fund
2024-04-02,,,,39.2528,Axis Multi Asset Allocation Fund
2024-04-03,,,,39.3163,Axis Multi Asset Allocation Fund
2024-04-04,,,,39.4645,Axis Multi Asset Allocation Fund
2024-04-05,,,,39.5332,Axis Multi Asset Allocation Fund
2024-04-08,,,,39.8341,Axis Multi Asset Allocation Fund
2024-04-09,,,,39.8433,Axis Multi Asset Allocation Fund
2024-04-10,,,,40.0223,Axis Multi Asset Allocation Fund
2024-04-12,,,,39.9794,Axis Multi Asset Allocation Fund
2024-04-15,,,,39.531,Axis Multi Asset Allocation Fund
2024-04-16,,,,39.4594,Axis Multi Asset Allocation Fund
2024-04-18,,,,39.3466,Axis Multi Asset Allocation Fund
2024-04-19,,,,39.4036,Axis Multi Asset Allocation Fund
2024-04-22,,,,39.6258,Axis Multi Asset Allocation Fund
2024-04-23,,,,39.5951,Axis Multi Asset Allocation Fund
2024-04-24,,,,39.7306,Axis Multi Asset Allocation Fund
2024-04-25,,,,39.9644,Axis Multi Asset Allocation Fund
2024-04-26,,,,39.8525,Axis Multi Asset Allocation Fund
2024-04-29,,,,40.0703,Axis Multi Asset Allocation Fund
2024-04-30,,,,40.0361,Axis Multi Asset Allocation Fund
2024-05-02,,,,40.1225,Axis Multi Asset Allocation Fund
2024-05-03,,,,39.9965,Axis Multi Asset Allocation Fund
2024-05-06,,,,39.9699,Axis Multi Asset Allocation Fund
2024-05-07,,,,39.781,Axis Multi Asset Allocation Fund
2024-05-08,,,,39.8819,Axis Multi Asset Allocation Fund
2024-05-09,,,,39.453,Axis Multi Asset Allocation Fund
2024-05-10,,,,39.7401,Axis Multi Asset Allocation Fund
2024-05-13,,,,39.7267,Axis Multi Asset Allocation Fund
2024-05-14,,,,39.9,Axis Multi Asset Allocation Fund
2024-05-15,,,,40.0852,Axis Multi Asset Allocation Fund
2024-05-16,,,,40.4373,Axis Multi Asset Allocation Fund
2024-05-17,,,,40.5626,Axis Multi Asset Allocation Fund
2024-05-21,,,,40.8241,Axis Multi Asset Allocation Fund
2024-05-22,,,,40.9471,Axis Multi Asset Allocation Fund
2024-05-23,,,,41.1068,Axis Multi Asset Allocation Fund
2024-05-24,,,,40.9475,Axis Multi Asset Allocation Fund
2024-05-27,,,,40.9941,Axis Multi Asset Allocation Fund
2024-05-28,,,,40.9751,Axis Multi Asset Allocation Fund
2024-05-29,,,,40.8535,Axis Multi Asset Allocation Fund
2024-05-30,,,,40.4813,Axis Multi Asset Allocation Fund
2024-05-31,,,,40.5288,Axis Multi Asset Allocation Fund
2024-06-03,,,,41.4441,Axis Multi Asset Allocation Fund
2024-06-04,,,,39.4075,Axis Multi Asset Allocation Fund
2024-06-05,,,,40.313,Axis Multi Asset Allocation Fund
2024-06-06,,,,40.8135,Axis Multi Asset Allocation Fund
2024-06-07,,,,41.2527,Axis Multi Asset Allocation Fund
2024-06-10,,,,41.3634,Axis Multi Asset Allocation Fund
2024-06-11,,,,41.4391,Axis Multi Asset Allocation Fund
2024-06-12,,,,41.6569,Axis Multi Asset Allocation Fund
2024-06-13,,,,41.8369,Axis Multi Asset Allocation Fund
2024-06-14,,,,42.0421,Axis Multi Asset Allocation Fund
2024-06-18,,,,42.0603,Axis Multi Asset Allocation Fund
2024-06-19,,,,41.9589,Axis Multi Asset Allocation Fund
2024-06-20,,,,42.0706,Axis Multi Asset Allocation Fund
2024-06-21,,,,42.1311,Axis Multi Asset Allocation Fund
2024-06-24,,,,42.1549,Axis Multi Asset Allocation Fund
2024-06-25,,,,42.2201,Axis Multi Asset Allocation Fund
2024-06-26,,,,42.2492,Axis Multi Asset Allocation Fund
2024-06-27,,,,42.3541,Axis Multi Asset Allocation Fund
2024-06-28,,,,42.4013,Axis Multi Asset Allocation Fund
2024-07-01,,,,42.6861,Axis Multi Asset Allocation Fund
2024-07-02,,,,42.7198,Axis Multi Asset Allocation Fund
2024-07-03,,,,42.9657,Axis Multi Asset Allocation Fund
2024-07-04,,,,43.1088,Axis Multi Asset Allocation Fund
2024-07-05,,,,43.2574,Axis Multi Asset Allocation Fund
2024-07-08,,,,43.2516,Axis Multi Asset Allocation Fund
2024-07-09,,,,43.4478,Axis Multi Asset Allocation Fund
2024-07-10,,,,43.2807,Axis Multi Asset Allocation Fund
2024-07-11,,,,43.4464,Axis Multi Asset Allocation Fund
2024-07-12,,,,43.6108,Axis Multi Asset Allocation Fund
2024-07-15,,,,43.7211,Axis Multi Asset Allocation Fund
2024-07-16,,,,43.8016,Axis Multi Asset Allocation Fund
2024-07-18,,,,43.8656,Axis Multi Asset Allocation Fund
2024-07-19,,,,43.306,Axis Multi Asset Allocation Fund
2024-07-22,,,,43.4613,Axis Multi Asset Allocation Fund
2024-07-23,,,,43.3184,Axis Multi Asset Allocation Fund
2024-07-24,,,,43.3455,Axis Multi Asset Allocation Fund
2024-07-25,,,,43.5617,Axis Multi Asset Allocation Fund
2024-07-26,,,,43.9993,Axis Multi Asset Allocation Fund
2024-07-29,,,,44.1823,Axis Multi Asset Allocation Fund
2024-07-30,,,,44.0756,Axis Multi Asset Allocation Fund
2024-07-31,,,,44.279,Axis Multi Asset Allocation Fund
2024-08-01,,,,44.2446,Axis Multi Asset Allocation Fund
2024-08-02,,,,43.9568,Axis Multi Asset Allocation Fund
2024-08-05,,,,42.9779,Axis Multi Asset Allocation Fund
2024-08-06,,,,42.7584,Axis Multi Asset Allocation Fund
2024-08-07,,,,43.3793,Axis Multi Asset Allocation Fund
2024-08-08,,,,43.186,Axis Multi Asset Allocation Fund
2024-08-09,,,,43.5959,Axis Multi Asset Allocation Fund
2024-08-12,,,,43.6973,Axis Multi Asset Allocation Fund
2024-08-13,,,,43.5049,Axis Multi Asset Allocation Fund
2024-08-14,,,,43.5094,Axis Multi Asset Allocation Fund
2024-08-16,,,,43.9959,Axis Multi Asset Allocation Fund
2024-08-19,,,,44.1953,Axis Multi Asset Allocation Fund
2024-08-20,,,,44.3784,Axis Multi Asset Allocation Fund
2024-08-21,,,,44.4647,Axis Multi Asset Allocation Fund
2024-08-22,,,,44.6109,Axis Multi Asset Allocation Fund
2024-08-23,,,,44.538,Axis Multi Asset Allocation Fund
2024-08-26,,,,44.7459,Axis Multi Asset Allocation Fund
2024-08-27,,,,44.8201,Axis Multi Asset Allocation Fund
2024-08-28,,,,44.8987,Axis Multi Asset Allocation Fund
2024-08-29,,,,44.8424,Axis Multi Asset Allocation Fund
2024-08-30,,,,45.0283,Axis Multi Asset Allocation Fund
2024-08-31,,,,45.0284,Axis Multi Asset Allocation Fund
2024-09-02,,,,44.9078,Axis Multi Asset Allocation Fund
2024-09-03,,,,44.9252,Axis Multi Asset Allocation Fund
2024-09-04,,,,44.8427,Axis Multi Asset Allocation Fund
2024-09-05,,,,44.8492,Axis Multi Asset Allocation Fund
2024-09-06,,,,44.5609,Axis Multi Asset Allocation Fund
2024-09-09,,,,44.5499,Axis Multi Asset Allocation Fund
2024-09-10,,,,44.8402,Axis Multi Asset Allocation Fund
2024-09-11,,,,44.7179,Axis Multi Asset Allocation Fund
2024-09-12,,,,45.0365,Axis Multi Asset Allocation Fund
2024-09-13,,,,45.1616,Axis Multi Asset Allocation Fund
2024-09-16,,,,45.306,Axis Multi Asset Allocation Fund
2024-09-17,,,,45.3043,Axis Multi Asset Allocation Fund
2024-09-18,,,,45.1462,Axis Multi Asset Allocation Fund
2024-09-19,,,,45.1193,Axis Multi Asset Allocation Fund
2024-09-20,,,,45.6033,Axis Multi Asset Allocation Fund
2024-09-23,,,,45.8663,Axis Multi Asset Allocation Fund
2024-09-24,,,,45.8974,Axis Multi Asset Allocation Fund
2024-09-25,,,,45.8987,Axis Multi Asset Allocation Fund
2024-09-26,,,,46.0177,Axis Multi Asset Allocation Fund
2024-09-27,,,,45.9507,Axis Multi Asset Allocation Fund
2024-09-30,,,,45.6617,Axis Multi Asset Allocation Fund
2024-10-01,,,,45.781,Axis Multi Asset Allocation Fund
2024-10-03,,,,45.1549,Axis Multi Asset Allocation Fund
2024-10-04,,,,44.9346,Axis Multi Asset Allocation Fund
2024-10-07,,,,44.4452,Axis Multi Asset Allocation Fund
2024-10-08,,,,44.8502,Axis Multi Asset Allocation Fund
2024-10-09,,,,45.0559,Axis Multi Asset Allocation Fund
2024-10-10,,,,45.0405,Axis Multi Asset Allocation Fund
2024-10-11,,,,45.1304,Axis Multi Asset Allocation Fund
2024-10-14,,,,45.4253,Axis Multi Asset Allocation Fund
2024-10-15,,,,45.4875,Axis Multi Asset Allocation Fund
2024-10-16,,,,45.4779,Axis Multi Asset Allocation Fund
2024-10-17,,,,45.0623,Axis Multi Asset Allocation Fund
2024-10-18,,,,45.1352,Axis Multi Asset Allocation Fund
2024-10-21,,,,45.0446,Axis Multi Asset Allocation Fund
2024-10-22,,,,44.4715,Axis Multi Asset Allocation Fund
2024-10-23,,,,44.583,Axis Multi Asset Allocation Fund
2024-10-24,,,,44.4241,Axis Multi Asset Allocation Fund
2024-10-25,,,,44.0353,Axis Multi Asset Allocation Fund
2024-10-28,,,,44.1582,Axis Multi Asset Allocation Fund
2024-10-29,,,,44.5205,Axis Multi Asset Allocation Fund
2024-10-30,,,,44.5178,Axis Multi Asset Allocation Fund
2024-10-31,,,,44.54,Axis Multi Asset Allocation Fund
2024-11-04,,,,44.2002,Axis Multi Asset Allocation Fund
2024-11-05,,,,44.3365,Axis Multi Asset Allocation Fund
2024-11-06,,,,44.7204,Axis Multi Asset Allocation Fund
2024-11-07,,,,44.3158,Axis Multi Asset Allocation Fund
2024-11-08,,,,44.2378,Axis Multi Asset Allocation Fund
2024-11-11,,,,44.125,Axis Multi Asset Allocation Fund
2024-11-12,,,,43.6742,Axis Multi Asset Allocation Fund
2024-11-13,,,,43.2005,Axis Multi Asset Allocation Fund
2024-11-14,,,,43.094,Axis Multi Asset Allocation Fund
2024-11-18,,,,43.2296,Axis Multi Asset Allocation Fund
2024-11-19,,,,43.5223,Axis Multi Asset Allocation Fund
2024-11-21,,,,43.5198,Axis Multi Asset Allocation Fund
2024-11-22,,,,44.0599,Axis Multi Asset Allocation Fund
2024-11-25,,,,44.3853,Axis Multi Asset Allocation Fund
2024-11-26,,,,44.2814,Axis Multi Asset Allocation Fund
2024-11-27,,,,44.4658,Axis Multi Asset Allocation Fund
2024-11-28,,,,44.1858,Axis Multi Asset Allocation Fund
2024-11-29,,,,44.4021,Axis Multi Asset Allocation Fund
2024-11-30,,,,44.4028,Axis Multi Asset Allocation Fund
2024-12-02,,,,44.5731,Axis Multi Asset Allocation Fund
2024-12-03,,,,44.8093,Axis Multi Asset Allocation Fund
2024-12-04,,,,44.943,Axis Multi Asset Allocation Fund
2024-12-05,,,,45.1987,Axis Multi Asset Allocation Fund
2024-12-06,,,,45.2264,Axis Multi Asset Allocation Fund
2024-12-09,,,,45.1945,Axis Multi Asset Allocation Fund
2024-12-10,,,,45.3231,Axis Multi Asset Allocation Fund
2024-12-11,,,,45.3803,Axis Multi Asset Allocation Fund
2024-12-12,,,,45.2769,Axis Multi Asset Allocation Fund
2024-12-13,,,,45.2507,Axis Multi Asset Allocation Fund
2024-12-16,,,,45.2645,Axis Multi Asset Allocation Fund
2024-12-17,,,,44.9084,Axis Multi Asset Allocation Fund
2024-12-18,,,,44.7876,Axis Multi Asset Allocation Fund
2024-12-19,,,,44.5084,Axis Multi Asset Allocation Fund
2024-12-20,,,,44.0108,Axis Multi Asset Allocation Fund
2024-12-23,,,,44.1621,Axis Multi Asset Allocation Fund
2024-12-24,,,,44.1702,Axis Multi Asset Allocation Fund
2024-12-26,,,,44.2447,Axis Multi Asset Allocation Fund
2024-12-27,,,,44.2556,Axis Multi Asset Allocation Fund
2024-12-30,,,,44.1855,Axis Multi Asset Allocation Fund
2024-12-31,,,,44.1296,Axis Multi Asset Allocation Fund
2025-01-01,,,,44.3159,Axis Multi Asset Allocation Fund
2025-01-02,,,,44.7397,Axis Multi Asset Allocation Fund
2025-01-03,,,,44.6129,Axis Multi Asset Allocation Fund
2025-01-06,,,,43.9915,Axis Multi Asset Allocation Fund
2025-01-07,,,,44.1977,Axis Multi Asset Allocation Fund
2025-01-08,,,,44.0353,Axis Multi Asset Allocation Fund
2025-01-09,,,,43.8677,Axis Multi Asset Allocation Fund
2025-01-10,,,,43.607,Axis Multi Asset Allocation Fund
2025-01-13,,,,42.8676,Axis Multi Asset Allocation Fund
2025-01-14,,,,43.0232,Axis Multi Asset Allocation Fund
2025-01-15,,,,43.1477,Axis Multi Asset Allocation Fund
2025-01-16,,,,43.476,Axis Multi Asset Allocation Fund
2025-01-17,,,,43.3569,Axis Multi Asset Allocation Fund
2025-01-20,,,,43.4715,Axis Multi Asset Allocation Fund
2025-01-21,,,,42.9473,Axis Multi Asset Allocation Fund
2025-01-22,,,,42.9181,Axis Multi Asset Allocation Fund
2025-01-23,,,,43.1025,Axis Multi Asset Allocation Fund
2025-01-24,,,,42.835,Axis Multi Asset Allocation Fund
2025-01-27,,,,42.3486,Axis Multi Asset Allocation Fund
2025-01-28,,,,42.3199,Axis Multi Asset Allocation Fund
2025-01-29,,,,42.8286,Axis Multi Asset Allocation Fund
2025-01-30,,,,42.9718,Axis Multi Asset Allocation Fund
2025-01-31,,,,43.3154,Axis Multi Asset Allocation Fund
2025-02-03,,,,43.3724,Axis Multi Asset Allocation Fund
2025-02-04,,,,43.735,Axis Multi Asset Allocation Fund
2025-02-05,,,,43.8958,Axis Multi Asset Allocation Fund
2025-02-06,,,,43.7107,Axis Multi Asset Allocation Fund
2025-02-07,,,,43.6814,Axis Multi Asset Allocation Fund
2025-02-10,,,,43.4019,Axis Multi Asset Allocation Fund
2025-02-11,,,,42.8052,Axis Multi Asset Allocation Fund
2025-02-12,,,,42.7569,Axis Multi Asset Allocation Fund
2025-02-13,,,,42.8301,Axis Multi Asset Allocation Fund
2025-02-14,,,,42.5393,Axis Multi Asset Allocation Fund
2025-02-17,,,,42.3551,Axis Multi Asset Allocation Fund
2025-02-18,,,,42.3075,Axis Multi Asset Allocation Fund
2025-02-19,,,,42.5325,Axis Multi Asset Allocation Fund
2025-02-20,,,,42.6265,Axis Multi Asset Allocation Fund
2025-02-21,,,,42.4081,Axis Multi Asset Allocation Fund
2025-02-24,,,,42.1968,Axis Multi Asset Allocation Fund
2025-02-25,,,,42.1481,Axis Multi Asset Allocation Fund
2025-02-27,,,,41.9281,Axis Multi Asset Allocation Fund
2025-02-28,,,,41.4637,Axis Multi Asset Allocation Fund
2025-03-03,,,,41.6007,Axis Multi Asset Allocation Fund
2025-03-04,,,,41.8185,Axis Multi Asset Allocation Fund
2025-03-05,,,,42.1593,Axis Multi Asset Allocation Fund
2025-03-06,,,,42.3614,Axis Multi Asset Allocation Fund
2025-03-07,,,,42.3698,Axis Multi Asset Allocation Fund
2025-03-10,,,,42.1937,Axis Multi Asset Allocation Fund
2025-03-11,,,,42.2483,Axis Multi Asset Allocation Fund
2025-03-12,,,,42.2291,Axis Multi Asset Allocation Fund
2025-03-13,,,,42.1381,Axis Multi Asset Allocation Fund
2025-03-17,,,,42.3395,Axis Multi Asset Allocation Fund
2025-03-18,,,,42.7861,Axis Multi Asset Allocation Fund
2025-03-19,,,,43.0032,Axis Multi Asset Allocation Fund
2025-03-20,,,,43.266,Axis Multi Asset Allocation Fund
2025-03-21,,,,43.3739,Axis Multi Asset Allocation Fund
2025-03-24,,,,43.5849,Axis Multi Asset Allocation Fund
2025-03-25,,,,43.4738,Axis Multi Asset Allocation Fund
2025-03-26,,,,43.3629,Axis Multi Asset Allocation Fund
2025-03-27,,,,43.547,Axis Multi Asset Allocation Fund
2025-03-28,,,,43.4975,Axis Multi Asset Allocation Fund
2025-03-31,,,,43.4981,Axis Multi Asset Allocation Fund
2025-04-01,,,,43.3464,Axis Multi Asset Allocation Fund
2025-04-02,,,,43.5911,Axis Multi Asset Allocation Fund
2025-04-03,,,,43.4829,Axis Multi Asset Allocation Fund
2025-04-04,,,,42.9106,Axis Multi Asset Allocation Fund
2025-04-07,,,,41.9827,Axis Multi Asset Allocation Fund
2025-04-08,,,,42.3664,Axis Multi Asset Allocation Fund
2025-04-09,,,,42.3399,Axis Multi Asset Allocation Fund
2025-04-11,,,,42.9321,Axis Multi Asset Allocation Fund
2025-04-15,,,,43.5103,Axis Multi Asset Allocation Fund
2025-04-16,,,,43.7446,Axis Multi Asset Allocation Fund
2025-04-17,,,,44.0478,Axis Multi Asset Allocation Fund
2025-04-21,,,,44.5749,Axis Multi Asset Allocation Fund
2025-04-22,,,,44.7053,Axis Multi Asset Allocation Fund
2025-04-23,,,,44.7309,Axis Multi Asset Allocation Fund
2025-04-24,,,,44.6973,Axis Multi Asset Allocation Fund
2025-04-25,,,,44.3083,Axis Multi Asset Allocation Fund
2025-04-28,,,,44.4925,Axis Multi Asset Allocation Fund
2025-04-29,,,,44.6015,Axis Multi Asset Allocation Fund
2025-04-30,,,,44.4179,Axis Multi Asset Allocation Fund
2025-05-02,,,,44.4044,Axis Multi Asset Allocation Fund
2025-05-05,,,,44.6736,Axis Multi Asset Allocation Fund
2025-05-06,,,,44.5122,Axis Multi Asset Allocation Fund
2025-05-07,,,,44.5653,Axis Multi Asset Allocation Fund
2025-05-08,,,,44.2856,Axis Multi Asset Allocation Fund
2025-05-09,,,,44.1276,Axis Multi Asset Allocation Fund
2025-05-12,,,,44.8882,Axis Multi Asset Allocation Fund
2025-05-13,,,,44.7236,Axis Multi Asset Allocation Fund
2025-05-14,,,,44.8875,Axis Multi Asset Allocation Fund
2025-05-15,,,,45.1464,Axis Multi Asset Allocation Fund
2025-05-16,,,,45.3205,Axis Multi Asset Allocation Fund
2025-05-19,,,,45.3141,Axis Multi Asset Allocation Fund
2025-05-20,,,,44.9607,Axis Multi Asset Allocation Fund
2025-05-21,,,,45.2432,Axis Multi Asset Allocation Fund
2025-05-22,,,,45.1515,Axis Multi Asset Allocation Fund
2025-05-23,,,,45.3289,Axis Multi Asset Allocation Fund
2025-05-26,,,,45.5042,Axis Multi Asset Allocation Fund
2025-05-27,,,,45.4391,Axis Multi Asset Allocation Fund
2025-05-28,,,,45.5018,Axis Multi Asset Allocation Fund
2025-05-29,,,,45.5563,Axis Multi Asset Allocation Fund
2025-05-30,,,,45.5074,Axis Multi Asset Allocation Fund
2025-05-31,,,,45.5076,Axis Multi Asset Allocation Fund
2025-06-02,,,,45.5798,Axis Multi Asset Allocation Fund
2025-06-03,,,,45.5447,Axis Multi Asset Allocation Fund
2025-06-04,,,,45.7225,Axis Multi Asset Allocation Fund
2025-06-05,,,,45.962,Axis Multi Asset Allocation Fund
2025-06-06,,,,46.0607,Axis Multi Asset Allocation Fund
2025-06-09,,,,46.1772,Axis Multi Asset Allocation Fund
2025-06-10,,,,46.1712,Axis Multi Asset Allocation Fund
2025-06-11,,,,46.2344,Axis Multi Asset Allocation Fund
2025-06-12,,,,45.8893,Axis Multi Asset Allocation Fund
2025-06-13,,,,45.8356,Axis Multi Asset Allocation Fund
2025-06-16,,,,46.0193,Axis Multi Asset Allocation Fund
2025-06-17,,,,45.9224,Axis Multi Asset Allocation Fund
2025-06-18,,,,45.9131,Axis Multi Asset Allocation Fund
2025-06-19,,,,45.6777,Axis Multi Asset Allocation Fund
2025-06-20,,,,45.9691,Axis Multi Asset Allocation Fund
2025-06-23,,,,45.9472,Axis Multi Asset Allocation Fund
2025-06-24,,,,45.9911,Axis Multi Asset Allocation Fund
2025-06-25,,,,46.2064,Axis Multi Asset Allocation Fund
2025-06-26,,,,46.4282,Axis Multi Asset Allocation Fund
2025-06-27,,,,46.4609,Axis Multi Asset Allocation Fund
2025-06-30,,,,46.4929,Axis Multi Asset Allocation Fund
2025-07-01,,,,46.526,Axis Multi Asset Allocation Fund
2025-07-02,,,,46.4438,Axis Multi Asset Allocation Fund
2025-07-03,,,,46.3876,Axis Multi Asset Allocation Fund
2025-07-04,,,,46.4536,Axis Multi Asset Allocation Fund
2025-07-07,,,,46.4174,Axis Multi Asset Allocation Fund
2025-07-08,,,,46.5046,Axis Multi Asset Allocation Fund
2025-07-09,,,,46.4637,Axis Multi Asset Allocation Fund
2025-07-10,,,,46.3677,Axis Multi Asset Allocation Fund
2025-07-11,,,,46.2515,Axis Multi Asset Allocation Fund
2025-07-14,,,,46.4015,Axis Multi Asset Allocation Fund
2025-07-15,,,,46.5435,Axis Multi Asset Allocation Fund
2025-07-16,,,,46.606,Axis Multi Asset Allocation Fund
2025-07-17,,,,46.6055,Axis Multi Asset Allocation Fund
2025-07-18,,,,46.5166,Axis Multi Asset Allocation Fund
2025-07-21,,,,46.7058,Axis Multi Asset Allocation Fund
2025-07-22,,,,46.7137,Axis Multi Asset Allocation Fund
2025-07-23,,,,46.9719,Axis Multi Asset Allocation Fund
2025-07-24,,,,46.7742,Axis Multi Asset Allocation Fund
2025-07-25,,,,46.4427,Axis Multi Asset Allocation Fund
2025-07-28,,,,46.1685,Axis Multi Asset Allocation Fund
2025-07-29,,,,46.4274,Axis Multi Asset Allocation Fund
2025-07-30,,,,46.5493,Axis Multi Asset Allocation Fund
2025-07-31,,,,46.3821,Axis Multi Asset Allocation Fund
2025-08-01,,,,46.0825,Axis Multi Asset Allocation Fund
2025-08-04,,,,46.3697,Axis Multi Asset Allocation Fund
2025-08-05,,,,46.4609,Axis Multi Asset Allocation Fund
2025-08-06,,,,46.2793,Axis Multi Asset Allocation Fund
2025-08-07,,,,46.3751,Axis Multi Asset Allocation Fund
2025-08-08,,,,46.0765,Axis Multi Asset Allocation Fund
2025-08-11,,,,46.1248,Axis Multi Asset Allocation Fund
2025-08-12,,,,45.9925,Axis Multi Asset Allocation Fund
2025-08-13,,,,46.2911,Axis Multi Asset Allocation Fund
2025-08-14,,,,46.2806,Axis Multi Asset Allocation Fund
2025-08-18,,,,46.5921,Axis Multi Asset Allocation Fund
2025-08-19,,,,46.7552,Axis Multi Asset Allocation Fund
2025-08-20,,,,46.8192,Axis Multi Asset Allocation Fund
2025-08-21,,,,46.9675,Axis Multi Asset Allocation Fund
2025-08-22,,,,46.919,Axis Multi Asset Allocation Fund
2025-08-25,,,,47.1052,Axis Multi Asset Allocation Fund
2025-08-26,,,,46.7793,Axis Multi Asset Allocation Fund
2025-08-28,,,,46.5368,Axis Multi Asset Allocation Fund
2025-08-29,,,,46.5444,Axis Multi Asset Allocation Fund
2025-08-31,,,,46.5444,Axis Multi Asset Allocation Fund
2025-09-01,,,,47.1269,Axis Multi Asset Allocation Fund
2025-09-02,,,,47.1052,Axis Multi Asset Allocation Fund
2025-09-03,,,,47.3832,Axis Multi Asset Allocation Fund
2025-09-04,,,,47.3535,Axis Multi Asset Allocation Fund
2025-09-05,,,,47.4156,Axis Multi Asset Allocation Fund
2025-09-08,,,,47.6503,Axis Multi Asset Allocation Fund
2025-09-09,,,,47.9076,Axis Multi Asset Allocation Fund
2025-09-10,,,,47.8738,Axis Multi Asset Allocation Fund
2025-09-11,,,,47.8463,Axis Multi Asset Allocation Fund
2025-09-12,,,,48.0501,Axis Multi Asset Allocation Fund
2025-09-15,,,,48.0537,Axis Multi Asset Allocation Fund
2025-09-16,,,,48.4151,Axis Multi Asset Allocation Fund
2025-09-17,,,,48.4072,Axis Multi Asset Allocation Fund
2025-09-18,,,,48.5354,Axis Multi Asset Allocation Fund
2025-09-19,,,,48.5141,Axis Multi Asset Allocation Fund
2025-09-22,,,,48.5653,Axis Multi Asset Allocation Fund
2025-09-23,,,,48.6073,Axis Multi Asset Allocation Fund
2025-09-24,,,,48.3975,Axis Multi Asset Allocation Fund
2025-09-25,,,,48.1409,Axis Multi Asset Allocation Fund
2025-09-26,,,,47.7024,Axis Multi Asset Allocation Fund
2025-09-30,,,,48.0666,Axis Multi Asset Allocation Fund
2025-10-01,,,,48.5234,Axis Multi Asset Allocation Fund
2025-10-03,,,,48.6318,Axis Multi Asset Allocation Fund
2025-10-06,,,,48.9983,Axis Multi Asset Allocation Fund
2025-10-07,,,,49.0725,Axis Multi Asset Allocation Fund
2025-10-08,,,,49.2228,Axis Multi Asset Allocation Fund
2025-10-09,,,,49.4183,Axis Multi Asset Allocation Fund
2025-10-10,,,,49.4457,Axis Multi Asset Allocation Fund
2025-10-13,,,,49.7933,Axis Multi Asset Allocation Fund
2025-10-14,,,,50.0096,Axis Multi Asset Allocation Fund
2025-10-15,,,,50.222,Axis Multi Asset Allocation Fund
2025-10-16,,,,50.3622,Axis Multi Asset Allocation Fund
2025-10-17,,,,50.4443,Axis Multi Asset Allocation Fund
2025-10-20,,,,50.2615,Axis Multi Asset Allocation Fund
2025-10-23,,,,49.8422,Axis Multi Asset Allocation Fund
2025-10-24,,,,49.591,Axis Multi Asset Allocation Fund
2025-10-27,,,,49.7708,Axis Multi Asset Allocation Fund
2025-10-28,,,,49.5311,Axis Multi Asset Allocation Fund
2025-10-29,,,,49.9129,Axis Multi Asset Allocation Fund
2025-10-30,,,,49.8052,Axis Multi Asset Allocation Fund
2025-10-31,,,,49.644,Axis Multi Asset Allocation Fund
2025-11-03,,,,49.8348,Axis Multi Asset Allocation Fund
2025-11-04,,,,49.632,Axis Multi Asset Allocation Fund
2025-11-06,,,,49.3631,Axis Multi Asset Allocation Fund
2025-11-07,,,,49.4113,Axis Multi Asset Allocation Fund
2025-11-10,,,,49.6709,Axis Multi Asset Allocation Fund
2025-11-11,,,,49.9364,Axis Multi Asset Allocation Fund
2025-11-12,,,,50.2372,Axis Multi Asset Allocation Fund
2025-11-13,,,,50.4569,Axis Multi Asset Allocation Fund
2025-11-14,,,,50.3104,Axis Multi Asset Allocation Fund
2025-11-17,,,,50.4383,Axis Multi Asset Allocation Fund
2025-11-18,,,,50.1935,Axis Multi Asset Allocation Fund
2025-11-19,,,,50.4996,Axis Multi Asset Allocation Fund
2025-11-20,,,,50.3598,Axis Multi Asset Allocation Fund
2025-11-21,,,,50.0113,Axis Multi Asset Allocation Fund
2025-11-24,,,,49.9335,Axis Multi Asset Allocation Fund
2025-11-25,,,,50.0485,Axis Multi Asset Allocation Fund
2025-11-26,,,,50.5205,Axis Multi Asset Allocation Fund
2025-11-27,,,,50.5316,Axis Multi Asset Allocation Fund
2025-11-28,,,,50.6054,Axis Multi Asset Allocation Fund
2025-11-30,,,,50.605,Axis Multi Asset Allocation Fund
2025-12-01,,,,50.8288,Axis Multi Asset Allocation Fund
2025-12-02,,,,50.6396,Axis Multi Asset Allocation Fund
2025-12-03,,,,50.5776,Axis Multi Asset Allocation Fund
2025-12-04,,,,50.4399,Axis Multi Asset Allocation Fund
2025-12-05,,,,50.602,Axis Multi Asset Allocation Fund
2025-12-08,,,,50.1561,Axis Multi Asset Allocation Fund
2025-12-09,,,,50.2251,Axis Multi Asset Allocation Fund
2025-12-10,,,,50.1207,Axis Multi Asset Allocation Fund
2025-12-11,,,,50.4727,Axis Multi Asset Allocation Fund
2025-12-12,,,,50.9589,Axis Multi Asset Allocation Fund
2025-12-15,,,,50.9457,Axis Multi Asset Allocation Fund
2025-12-16,,,,50.7102,Axis Multi Asset Allocation Fund
2025-12-17,,,,50.6694,Axis Multi Asset Allocation Fund
2025-12-18,,,,50.7461,Axis Multi Asset Allocation Fund
2025-12-19,,,,51.0232,Axis Multi Asset Allocation Fund
2025-12-22,,,,51.4676,Axis Multi Asset Allocation Fund
2025-12-23,,,,51.6299,Axis Multi Asset Allocation Fund
2025-12-24,,,,51.6211,Axis Multi Asset Allocation Fund
2025-12-26,,,,51.7149,Axis Multi Asset Allocation Fund
2025-12-29,,,,51.5323,Axis Multi Asset Allocation Fund
2025-12-30,,,,51.3324,Axis Multi Asset Allocation Fund
2025-12-31,,,,51.3985,Axis Multi Asset Allocation Fund
2026-01-01,,,,51.559,Axis Multi Asset Allocation Fund
2026-01-02,,,,52.0214,Axis Multi Asset Allocation Fund
2026-01-05,,,,52.0746,Axis Multi Asset Allocation Fund
2026-01-06,,,,52.1726,Axis Multi Asset Allocation Fund
2026-01-07,,,,52.2642,Axis Multi Asset Allocation Fund
2026-01-08,,,,51.6399,Axis Multi Asset Allocation Fund
2026-01-09,,,,51.4686,Axis Multi Asset Allocation Fund
2026-01-12,,,,51.9215,Axis Multi Asset Allocation Fund
2026-01-13,,,,51.9835,Axis Multi Asset Allocation Fund
2026-01-14,,,,52.2388,Axis Multi Asset Allocation Fund
2026-01-16,,,,52.3376,Axis Multi Asset Allocation Fund
2026-01-19,,,,52.5346,Axis Multi Asset Allocation Fund
2026-01-20,,,,52.4105,Axis Multi Asset Allocation Fund
2026-01-21,,,,53.07,Axis Multi Asset Allocation Fund
2026-01-22,,,,52.2226,Axis Multi Asset Allocation Fund
2026-01-23,,,,52.2646,Axis Multi Asset Allocation Fund
2026-01-27,,,,52.8799,Axis Multi Asset Allocation Fund
2026-01-28,,,,53.632,Axis Multi Asset Allocation Fund
2026-01-29,,,,54.5058,Axis Multi Asset Allocation Fund
2026-01-31,,,,52.8458,Axis Multi Asset Allocation Fund
2026-02-02,,,,51.3767,Axis Multi Asset Allocation Fund
2026-02-03,,,,52.6322,Axis Multi Asset Allocation Fund
2026-02-04,,,,53.1432,Axis Multi Asset Allocation Fund
2026-02-05,,,,52.6165,Axis Multi Asset Allocation Fund
2026-02-06,,,,52.576,Axis Multi Asset Allocation Fund
2026-02-09,,,,53.2242,Axis Multi Asset Allocation Fund
2026-02-10,,,,53.3882,Axis Multi Asset Allocation Fund
2026-02-11,,,,53.5093,Axis Multi Asset Allocation Fund
2026-02-12,,,,53.4483,Axis Multi Asset Allocation Fund
2026-02-13,,,,52.8218,Axis Multi Asset Allocation Fund
2026-02-16,,,,53.0097,Axis Multi Asset Allocation Fund
2026-02-17,,,,52.9422,Axis Multi Asset Allocation Fund
2026-02-18,,,,53.1239,Axis Multi Asset Allocation Fund
2026-02-19,,,,52.8615,Axis Multi Asset Allocation Fund
2026-02-20,,,,53.035,Axis Multi Asset Allocation Fund
2026-02-23,,,,53.4293,Axis Multi Asset Allocation Fund
2026-02-24,,,,53.2341,Axis Multi Asset Allocation Fund
2026-02-25,,,,53.3665,Axis Multi Asset Allocation Fund
2026-02-26,,,,53.2556,Axis Multi Asset Allocation Fund
2026-02-27,,,,52.985,Axis Multi Asset Allocation Fund
2026-02-28,,,,52.9871,Axis Multi Asset Allocation Fund
2026-03-02,,,,53.1257,Axis Multi Asset Allocation Fund
2026-03-04,,,,52.0676,Axis Multi Asset Allocation Fund
2026-03-05,,,,52.2723,Axis Multi Asset Allocation Fund
2026-03-06,,,,51.8117,Axis Multi Asset Allocation Fund
2026-03-09,,,,51.2262,Axis Multi Asset Allocation Fund
2026-03-10,,,,51.6713,Axis Multi Asset Allocation Fund
2026-03-11,,,,51.3046,Axis Multi Asset Allocation Fund
2026-03-12,,,,51.0312,Axis Multi Asset Allocation Fund
2026-03-13,,,,50.1098,Axis Multi Asset Allocation Fund
2026-03-16,,,,50.1014,Axis Multi Asset Allocation Fund
2026-03-17,,,,50.4451,Axis Multi Asset Allocation Fund
2026-03-18,,,,50.7996,Axis Multi Asset Allocation Fund
2026-03-19,,,,49.3662,Axis Multi Asset Allocation Fund
2026-03-20,,,,49.576,Axis Multi Asset Allocation Fund
2026-03-23,,,,47.9008,Axis Multi Asset Allocation Fund
2026-03-24,,,,48.8922,Axis Multi Asset Allocation Fund
2026-03-25,,,,49.6643,Axis Multi Asset Allocation Fund
2026-03-27,,,,48.9006,Axis Multi Asset Allocation Fund
2026-03-30,,,,48.2796,Axis Multi Asset Allocation Fund
2026-03-31,,,,48.2787,Axis Multi Asset Allocation Fund
2026-04-01,,,,48.8483,Axis Multi Asset Allocation Fund
2026-04-02,,,,48.5599,Axis Multi Asset Allocation Fund
2026-04-06,,,,49.1246,Axis Multi Asset Allocation Fund
2026-04-07,,,,49.2039,Axis Multi Asset Allocation Fund
2026-04-08,,,,50.602,Axis Multi Asset Allocation Fund
2026-04-09,,,,50.1691,Axis Multi Asset Allocation Fund
2026-04-10,,,,50.7086,Axis Multi Asset Allocation Fund
2026-04-13,,,,50.4564,Axis Multi Asset Allocation Fund
2026-04-15,,,,51.146,Axis Multi Asset Allocation Fund
2026-04-16,,,,51.206,Axis Multi Asset Allocation Fund
2026-04-17,,,,51.4316,Axis Multi Asset Allocation Fund
2026-04-20,,,,51.45,Axis Multi Asset Allocation Fund
2026-04-21,,,,51.7862,Axis Multi Asset Allocation Fund
2026-04-22,,,,51.5797,Axis Multi Asset Allocation Fund
2026-04-23,,,,51.1609,Axis Multi Asset Allocation Fund
2026-04-24,,,,50.8434,Axis Multi Asset Allocation Fund
2026-04-27,,,,51.1815,Axis Multi Asset Allocation Fund
2026-04-28,,,,50.9272,Axis Multi Asset Allocation Fund
2026-04-29,,,,51.0585,Axis Multi Asset Allocation Fund
2026-04-30,,,,50.9371,Axis Multi Asset Allocation Fund
2026-05-04,,,,51.1233,Axis Multi Asset Allocation Fund
2026-05-05,,,,51.0391,Axis Multi Asset Allocation Fund
2026-05-06,,,,51.6919,Axis Multi Asset Allocation Fund
2026-05-07,,,,51.8781,Axis Multi Asset Allocation Fund
2026-05-08,,,,51.7044,Axis Multi Asset Allocation Fund
2026-05-11,,,,51.1701,Axis Multi Asset Allocation Fund
2026-05-12,,,,50.6824,Axis Multi Asset Allocation Fund
2026-05-13,,,,51.2908,Axis Multi Asset Allocation Fund
2026-05-14,,,,51.6862,Axis Multi Asset Allocation Fund
2026-05-15,,,,51.283,Axis Multi Asset Allocation Fund
2026-05-18,,,,51.2114,Axis Multi Asset Allocation Fund
2026-05-19,,,,51.313,Axis Multi Asset Allocation Fund
2026-05-20,,,,51.2956,Axis Multi Asset Allocation Fund
2026-05-21,,,,51.2657,Axis Multi Asset Allocation Fund
2026-05-22,,,,51.3521,Axis Multi Asset Allocation Fund
2026-05-25,,,,51.8275,Axis Multi Asset Allocation Fund
2026-05-26,,,,51.6363,Axis Multi Asset Allocation Fund
2026-05-27,,,,51.6234,Axis Multi Asset Allocation Fund
2026-05-29,,,,51.1313,Axis Multi Asset Allocation Fund
2026-05-31,,,,51.1321,Axis Multi Asset Allocation Fund
2026-06-01,,,,50.6927,Axis Multi Asset Allocation Fund
2026-06-02,,,,50.862,Axis Multi Asset Allocation Fund
2026-06-03,,,,50.7042,Axis Multi Asset Allocation Fund
2026-06-04,,,,50.8187,Axis Multi Asset Allocation Fund
2026-06-05,,,,50.7988,Axis Multi Asset Allocation Fund
2026-06-08,,,,50.1433,Axis Multi Asset Allocation Fund
2026-06-09,,,,50.5252,Axis Multi Asset Allocation Fund
2026-06-10,,,,50.2141,Axis Multi Asset Allocation Fund
2026-06-11,,,,50.0647,Axis Multi Asset Allocation Fund
2026-06-12,,,,50.9359,Axis Multi Asset Allocation Fund
2026-06-15,,,,51.5542,Axis Multi Asset Allocation Fund
2026-06-16,,,,51.6297,Axis Multi Asset Allocation Fund
2026-06-17,,,,51.7169,Axis Multi Asset Allocation Fund
2026-06-18,,,,51.7928,Axis Multi Asset Allocation Fund
2026-06-19,,,,51.6042,Axis Multi Asset Allocation Fund
2026-06-22,,,,51.8816,Axis Multi Asset Allocation Fund
2026-06-23,,,,51.4293,Axis Multi Asset Allocation Fund
2026-06-24,,,,51.6752,Axis Multi Asset Allocation Fund
2026-06-25,,,,51.6079,Axis Multi Asset Allocation Fund
2026-06-29,,,,51.5017,Axis Multi Asset Allocation Fund
2026-06-30,,,,51.5517,Axis Multi Asset Allocation Fund
2026-07-01,,,,51.7392,Axis Multi Asset Allocation Fund
2026-07-02,,,,52.2106,Axis Multi Asset Allocation Fund
2026-07-03,,,,52.4337,Axis Multi Asset Allocation Fund
2026-07-06,,,,52.6336,Axis Multi Asset Allocation Fund
2026-07-07,,,,52.5205,Axis Multi Asset Allocation Fund
2026-07-08,,,,51.7181,Axis Multi Asset Allocation Fund
2026-07-09,,,,52.0575,Axis Multi Asset Allocation Fund
2026-07-10,,,,52.3825,Axis Multi Asset Allocation Fund
2026-07-13,,,,52.2742,Axis Multi Asset Allocation Fund
2026-07-14,,,,51.9612,Axis Multi Asset Allocation Fund
2026-07-15,,,,52.1255,Axis Multi Asset Allocation Fund
2026-07-16,,,,52.0682,Axis Multi Asset Allocation Fund
2026-07-17,,,,52.2002,Axis Multi Asset Allocation Fund
2026-07-20,,,,52.219,Axis Multi Asset Allocation Fund
2026-07-21,,,,52.3583,Axis Multi Asset Allocation Fund
2026-07-22,,,,52.1738,Axis Multi Asset Allocation Fund
2026-07-23,,,,51.954,Axis Multi Asset Allocation Fund
2026-07-24,,,,51.7648,Axis Multi Asset Allocation Fund
2026-07-27,,,,52.1361,Axis Multi Asset Allocation Fund
2026-07-28,,,,52.0271,Axis Multi Asset Allocation Fund
2026-07-29,,,,52.3259,Axis Multi Asset Allocation Fund
2026-07-30,,,,52.5772,Axis Multi Asset Allocation Fund
2026-07-31,,,,52.7269,Axis Multi Asset Allocation Fund
2026-08-03,,,,53.2042,Axis Multi Asset Allocation Fund
2026-08-04,,,,53.0809,Axis Multi Asset Allocation Fund
2026-08-05,,,,53.3903,Axis Multi Asset Allocation Fund
2026-08-06,,,,53.6168,Axis Multi Asset Allocation Fund
2026-08-07,,,,53.6816,Axis Multi Asset Allocation Fund
2026-08-10,,,,53.8081,Axis Multi Asset Allocation Fund
2026-08-11,,,,53.7159,Axis Multi Asset Allocation Fund
2026-08-12,,,,53.8185,Axis Multi Asset Allocation Fund
2026-08-13,,,,53.6571,Axis Multi Asset Allocation Fund
2026-08-14,,,,53.5744,Axis Multi Asset Allocation Fund
2026-08-17,,,,53.676,Axis Multi Asset Allocation Fund
2026-08-18,,,,53.6237,Axis Multi Asset Allocation Fund
2026-08-19,,,,53.4628,Axis Multi Asset Allocation Fund
2026-08-20,,,,53.8677,Axis Multi Asset Allocation Fund
2026-08-21,,,,54.1313,Axis Multi Asset Allocation Fund
2026-08-24,,,,54.186,Axis Multi Asset Allocation Fund
2026-08-25,,,,54.2237,Axis Multi Asset Allocation Fund
2026-08-26,,,,54.1362,Axis Multi Asset Allocation Fund
2026-08-27,,,,53.8102,Axis Multi Asset Allocation Fund
2026-08-28,,,,53.9428,Axis Multi Asset Allocation Fund
2026-08-31,,,,53.7077,Axis Multi Asset Allocation Fund
2026-09-01,,,,53.3567,Axis Multi Asset Allocation Fund
2026-09-02,,,,53.0701,Axis Multi Asset Allocation Fund
2026-09-03,,,,53.3088,Axis Multi Asset Allocation Fund
2026-09-04,,,,53.4322,Axis Multi Asset Allocation Fund
2026-09-07,,,,53.1966,Axis Multi Asset Allocation Fund
2026-09-08,,,,53.1509,Axis Multi Asset Allocation Fund
2026-09-09,,,,52.957,Axis Multi Asset Allocation Fund
2026-09-10,,,,53.0307,Axis Multi Asset Allocation Fund
2026-09-11,,,,52.8401,Axis Multi Asset Allocation Fund
2026-09-15,,,,52.1064,Axis Multi Asset Allocation Fund
2026-09-16,,,,52.2729,Axis Multi Asset Allocation Fund
2026-09-17,,,,52.3902,Axis Multi Asset Allocation Fund
2026-09-18,,,,52.9468,Axis Multi Asset Allocation Fund
