Date,Open,High,Low,Close,Index
2013-01-01,,,,19.1492,HDFC Multi Asset Allocation Fund
2013-01-02,,,,19.1917,HDFC Multi Asset Allocation Fund
2013-01-03,,,,19.2186,HDFC Multi Asset Allocation Fund
2013-01-04,,,,19.2387,HDFC Multi Asset Allocation Fund
2013-01-07,,,,19.2551,HDFC Multi Asset Allocation Fund
2013-01-08,,,,19.2556,HDFC Multi Asset Allocation Fund
2013-01-09,,,,19.2447,HDFC Multi Asset Allocation Fund
2013-01-10,,,,19.2452,HDFC Multi Asset Allocation Fund
2013-01-11,,,,19.2169,HDFC Multi Asset Allocation Fund
2013-01-14,,,,19.2671,HDFC Multi Asset Allocation Fund
2013-01-15,,,,19.2696,HDFC Multi Asset Allocation Fund
2013-01-16,,,,19.2248,HDFC Multi Asset Allocation Fund
2013-01-17,,,,19.2526,HDFC Multi Asset Allocation Fund
2013-01-18,,,,19.2702,HDFC Multi Asset Allocation Fund
2013-01-21,,,,19.279,HDFC Multi Asset Allocation Fund
2013-01-22,,,,19.2361,HDFC Multi Asset Allocation Fund
2013-01-23,,,,19.2008,HDFC Multi Asset Allocation Fund
2013-01-24,,,,19.1388,HDFC Multi Asset Allocation Fund
2013-01-28,,,,19.2027,HDFC Multi Asset Allocation Fund
2013-01-29,,,,19.1766,HDFC Multi Asset Allocation Fund
2013-01-30,,,,19.1534,HDFC Multi Asset Allocation Fund
2013-01-31,,,,19.1791,HDFC Multi Asset Allocation Fund
2013-02-01,,,,19.1297,HDFC Multi Asset Allocation Fund
2013-02-04,,,,19.1074,HDFC Multi Asset Allocation Fund
2013-02-05,,,,19.0921,HDFC Multi Asset Allocation Fund
2013-02-06,,,,19.0893,HDFC Multi Asset Allocation Fund
2013-02-07,,,,19.0619,HDFC Multi Asset Allocation Fund
2013-02-08,,,,19.0379,HDFC Multi Asset Allocation Fund
2013-02-11,,,,19.0456,HDFC Multi Asset Allocation Fund
2013-02-12,,,,19.0592,HDFC Multi Asset Allocation Fund
2013-02-13,,,,19.0514,HDFC Multi Asset Allocation Fund
2013-02-14,,,,19.0106,HDFC Multi Asset Allocation Fund
2013-02-15,,,,19.0039,HDFC Multi Asset Allocation Fund
2013-02-18,,,,19.0211,HDFC Multi Asset Allocation Fund
2013-02-20,,,,19.0631,HDFC Multi Asset Allocation Fund
2013-02-21,,,,19.0196,HDFC Multi Asset Allocation Fund
2013-02-22,,,,19.0215,HDFC Multi Asset Allocation Fund
2013-02-25,,,,19.013,HDFC Multi Asset Allocation Fund
2013-02-26,,,,18.9676,HDFC Multi Asset Allocation Fund
2013-02-27,,,,18.9893,HDFC Multi Asset Allocation Fund
2013-02-28,,,,18.9395,HDFC Multi Asset Allocation Fund
2013-03-01,,,,18.9391,HDFC Multi Asset Allocation Fund
2013-03-04,,,,18.904,HDFC Multi Asset Allocation Fund
2013-03-05,,,,18.9429,HDFC Multi Asset Allocation Fund
2013-03-06,,,,18.9868,HDFC Multi Asset Allocation Fund
2013-03-07,,,,19.0163,HDFC Multi Asset Allocation Fund
2013-03-08,,,,19.0421,HDFC Multi Asset Allocation Fund
2013-03-11,,,,19.0708,HDFC Multi Asset Allocation Fund
2013-03-12,,,,19.0593,HDFC Multi Asset Allocation Fund
2013-03-13,,,,19.0258,HDFC Multi Asset Allocation Fund
2013-03-14,,,,19.0592,HDFC Multi Asset Allocation Fund
2013-03-15,,,,19.0486,HDFC Multi Asset Allocation Fund
2013-03-18,,,,19.0582,HDFC Multi Asset Allocation Fund
2013-03-19,,,,19.0127,HDFC Multi Asset Allocation Fund
2013-03-20,,,,18.9645,HDFC Multi Asset Allocation Fund
2013-03-21,,,,18.9115,HDFC Multi Asset Allocation Fund
2013-03-22,,,,18.9086,HDFC Multi Asset Allocation Fund
2013-03-25,,,,18.917,HDFC Multi Asset Allocation Fund
2013-03-26,,,,18.9222,HDFC Multi Asset Allocation Fund
2013-03-28,,,,18.9753,HDFC Multi Asset Allocation Fund
2013-04-02,,,,19.0855,HDFC Multi Asset Allocation Fund
2013-04-03,,,,19.072,HDFC Multi Asset Allocation Fund
2013-04-04,,,,19.0412,HDFC Multi Asset Allocation Fund
2013-04-05,,,,19.0425,HDFC Multi Asset Allocation Fund
2013-04-08,,,,19.0544,HDFC Multi Asset Allocation Fund
2013-04-09,,,,19.0268,HDFC Multi Asset Allocation Fund
2013-04-10,,,,19.0428,HDFC Multi Asset Allocation Fund
2013-04-12,,,,19.0614,HDFC Multi Asset Allocation Fund
2013-04-15,,,,19.0833,HDFC Multi Asset Allocation Fund
2013-04-16,,,,19.1177,HDFC Multi Asset Allocation Fund
2013-04-17,,,,19.1268,HDFC Multi Asset Allocation Fund
2013-04-18,,,,19.1725,HDFC Multi Asset Allocation Fund
2013-04-22,,,,19.1907,HDFC Multi Asset Allocation Fund
2013-04-23,,,,19.1851,HDFC Multi Asset Allocation Fund
2013-04-25,,,,19.2002,HDFC Multi Asset Allocation Fund
2013-04-26,,,,19.1882,HDFC Multi Asset Allocation Fund
2013-04-29,,,,19.2178,HDFC Multi Asset Allocation Fund
2013-04-30,,,,19.2145,HDFC Multi Asset Allocation Fund
2013-05-02,,,,19.2572,HDFC Multi Asset Allocation Fund
2013-05-03,,,,19.2192,HDFC Multi Asset Allocation Fund
2013-05-06,,,,19.2432,HDFC Multi Asset Allocation Fund
2013-05-07,,,,19.2668,HDFC Multi Asset Allocation Fund
2013-05-08,,,,19.2775,HDFC Multi Asset Allocation Fund
2013-05-09,,,,19.2875,HDFC Multi Asset Allocation Fund
2013-05-10,,,,19.3095,HDFC Multi Asset Allocation Fund
2013-05-13,,,,19.2801,HDFC Multi Asset Allocation Fund
2013-05-14,,,,19.2745,HDFC Multi Asset Allocation Fund
2013-05-15,,,,19.3255,HDFC Multi Asset Allocation Fund
2013-05-16,,,,19.3487,HDFC Multi Asset Allocation Fund
2013-05-17,,,,19.3752,HDFC Multi Asset Allocation Fund
2013-05-20,,,,19.373,HDFC Multi Asset Allocation Fund
2013-05-21,,,,19.3438,HDFC Multi Asset Allocation Fund
2013-05-22,,,,19.3427,HDFC Multi Asset Allocation Fund
2013-05-23,,,,19.2848,HDFC Multi Asset Allocation Fund
2013-05-24,,,,19.2996,HDFC Multi Asset Allocation Fund
2013-05-27,,,,19.334,HDFC Multi Asset Allocation Fund
2013-05-28,,,,19.3544,HDFC Multi Asset Allocation Fund
2013-05-29,,,,19.3662,HDFC Multi Asset Allocation Fund
2013-05-30,,,,19.3627,HDFC Multi Asset Allocation Fund
2013-05-31,,,,19.3143,HDFC Multi Asset Allocation Fund
2013-06-03,,,,19.3259,HDFC Multi Asset Allocation Fund
2013-06-04,,,,19.3101,HDFC Multi Asset Allocation Fund
2013-06-05,,,,19.3045,HDFC Multi Asset Allocation Fund
2013-06-06,,,,19.3125,HDFC Multi Asset Allocation Fund
2013-06-07,,,,19.2947,HDFC Multi Asset Allocation Fund
2013-06-10,,,,19.2953,HDFC Multi Asset Allocation Fund
2013-06-11,,,,19.2551,HDFC Multi Asset Allocation Fund
2013-06-12,,,,19.237,HDFC Multi Asset Allocation Fund
2013-06-13,,,,19.1998,HDFC Multi Asset Allocation Fund
2013-06-14,,,,19.2321,HDFC Multi Asset Allocation Fund
2013-06-17,,,,19.2526,HDFC Multi Asset Allocation Fund
2013-06-18,,,,19.2676,HDFC Multi Asset Allocation Fund
2013-06-19,,,,19.2849,HDFC Multi Asset Allocation Fund
2013-06-20,,,,19.2306,HDFC Multi Asset Allocation Fund
2013-06-21,,,,19.1982,HDFC Multi Asset Allocation Fund
2013-06-24,,,,19.1439,HDFC Multi Asset Allocation Fund
2013-06-25,,,,19.122,HDFC Multi Asset Allocation Fund
2013-06-26,,,,19.1146,HDFC Multi Asset Allocation Fund
2013-06-27,,,,19.1118,HDFC Multi Asset Allocation Fund
2013-06-28,,,,19.1911,HDFC Multi Asset Allocation Fund
2013-07-02,,,,19.2476,HDFC Multi Asset Allocation Fund
2013-07-03,,,,19.1872,HDFC Multi Asset Allocation Fund
2013-07-04,,,,19.2076,HDFC Multi Asset Allocation Fund
2013-07-05,,,,19.2122,HDFC Multi Asset Allocation Fund
2013-07-08,,,,19.2092,HDFC Multi Asset Allocation Fund
2013-07-09,,,,19.2409,HDFC Multi Asset Allocation Fund
2013-07-10,,,,19.2205,HDFC Multi Asset Allocation Fund
2013-07-11,,,,19.2462,HDFC Multi Asset Allocation Fund
2013-07-12,,,,19.2589,HDFC Multi Asset Allocation Fund
2013-07-15,,,,19.2922,HDFC Multi Asset Allocation Fund
2013-07-16,,,,19.1803,HDFC Multi Asset Allocation Fund
2013-07-17,,,,19.1878,HDFC Multi Asset Allocation Fund
2013-07-18,,,,19.2472,HDFC Multi Asset Allocation Fund
2013-07-19,,,,19.2272,HDFC Multi Asset Allocation Fund
2013-07-22,,,,19.2284,HDFC Multi Asset Allocation Fund
2013-07-23,,,,19.2235,HDFC Multi Asset Allocation Fund
2013-07-24,,,,19.1251,HDFC Multi Asset Allocation Fund
2013-07-25,,,,19.104,HDFC Multi Asset Allocation Fund
2013-07-26,,,,19.0587,HDFC Multi Asset Allocation Fund
2013-07-29,,,,19.0295,HDFC Multi Asset Allocation Fund
2013-07-30,,,,18.9869,HDFC Multi Asset Allocation Fund
2013-07-31,,,,18.9506,HDFC Multi Asset Allocation Fund
2013-08-01,,,,18.9156,HDFC Multi Asset Allocation Fund
2013-08-02,,,,18.9008,HDFC Multi Asset Allocation Fund
2013-08-05,,,,18.8932,HDFC Multi Asset Allocation Fund
2013-08-06,,,,18.8446,HDFC Multi Asset Allocation Fund
2013-08-07,,,,18.8718,HDFC Multi Asset Allocation Fund
2013-08-08,,,,18.8928,HDFC Multi Asset Allocation Fund
2013-08-12,,,,18.9476,HDFC Multi Asset Allocation Fund
2013-08-13,,,,18.9725,HDFC Multi Asset Allocation Fund
2013-08-14,,,,19.0136,HDFC Multi Asset Allocation Fund
2013-08-16,,,,18.9603,HDFC Multi Asset Allocation Fund
2013-08-19,,,,18.9221,HDFC Multi Asset Allocation Fund
2013-08-20,,,,18.9292,HDFC Multi Asset Allocation Fund
2013-08-21,,,,18.9181,HDFC Multi Asset Allocation Fund
2013-08-22,,,,18.9399,HDFC Multi Asset Allocation Fund
2013-08-23,,,,18.9837,HDFC Multi Asset Allocation Fund
2013-08-26,,,,19.0029,HDFC Multi Asset Allocation Fund
2013-08-27,,,,18.9281,HDFC Multi Asset Allocation Fund
2013-08-28,,,,18.8993,HDFC Multi Asset Allocation Fund
2013-08-29,,,,18.929,HDFC Multi Asset Allocation Fund
2013-08-30,,,,18.9717,HDFC Multi Asset Allocation Fund
2013-09-02,,,,19.0215,HDFC Multi Asset Allocation Fund
2013-09-03,,,,18.976,HDFC Multi Asset Allocation Fund
2013-09-04,,,,19.0252,HDFC Multi Asset Allocation Fund
2013-09-05,,,,19.128,HDFC Multi Asset Allocation Fund
2013-09-06,,,,19.1527,HDFC Multi Asset Allocation Fund
2013-09-10,,,,19.2206,HDFC Multi Asset Allocation Fund
2013-09-11,,,,19.2625,HDFC Multi Asset Allocation Fund
2013-09-12,,,,19.2406,HDFC Multi Asset Allocation Fund
2013-09-13,,,,19.2634,HDFC Multi Asset Allocation Fund
2013-09-16,,,,19.2614,HDFC Multi Asset Allocation Fund
2013-09-17,,,,19.2757,HDFC Multi Asset Allocation Fund
2013-09-18,,,,19.2946,HDFC Multi Asset Allocation Fund
2013-09-19,,,,19.3977,HDFC Multi Asset Allocation Fund
2013-09-20,,,,19.3828,HDFC Multi Asset Allocation Fund
2013-09-23,,,,19.3419,HDFC Multi Asset Allocation Fund
2013-09-24,,,,19.3376,HDFC Multi Asset Allocation Fund
2013-09-25,,,,19.366,HDFC Multi Asset Allocation Fund
2013-09-26,,,,19.3674,HDFC Multi Asset Allocation Fund
2013-09-27,,,,19.3822,HDFC Multi Asset Allocation Fund
2013-09-30,,,,19.3471,HDFC Multi Asset Allocation Fund
2013-10-01,,,,19.3847,HDFC Multi Asset Allocation Fund
2013-10-03,,,,19.4301,HDFC Multi Asset Allocation Fund
2013-10-04,,,,19.4872,HDFC Multi Asset Allocation Fund
2013-10-07,,,,19.5279,HDFC Multi Asset Allocation Fund
2013-10-08,,,,19.5773,HDFC Multi Asset Allocation Fund
2013-10-09,,,,19.6129,HDFC Multi Asset Allocation Fund
2013-10-10,,,,19.6447,HDFC Multi Asset Allocation Fund
2013-10-11,,,,19.6679,HDFC Multi Asset Allocation Fund
2013-10-14,,,,19.6624,HDFC Multi Asset Allocation Fund
2013-10-15,,,,19.6194,HDFC Multi Asset Allocation Fund
2013-10-17,,,,19.5852,HDFC Multi Asset Allocation Fund
2013-10-18,,,,19.6203,HDFC Multi Asset Allocation Fund
2013-10-21,,,,19.6536,HDFC Multi Asset Allocation Fund
2013-10-22,,,,19.6608,HDFC Multi Asset Allocation Fund
2013-10-23,,,,19.6575,HDFC Multi Asset Allocation Fund
2013-10-24,,,,19.6857,HDFC Multi Asset Allocation Fund
2013-10-25,,,,19.6774,HDFC Multi Asset Allocation Fund
2013-10-28,,,,19.6689,HDFC Multi Asset Allocation Fund
2013-10-29,,,,19.7238,HDFC Multi Asset Allocation Fund
2013-10-30,,,,19.7295,HDFC Multi Asset Allocation Fund
2013-10-31,,,,19.7967,HDFC Multi Asset Allocation Fund
2013-11-01,,,,19.8891,HDFC Multi Asset Allocation Fund
2013-11-05,,,,19.9704,HDFC Multi Asset Allocation Fund
2013-11-06,,,,19.9825,HDFC Multi Asset Allocation Fund
2013-11-07,,,,19.9625,HDFC Multi Asset Allocation Fund
2013-11-08,,,,19.9733,HDFC Multi Asset Allocation Fund
2013-11-11,,,,19.941,HDFC Multi Asset Allocation Fund
2013-11-12,,,,19.9289,HDFC Multi Asset Allocation Fund
2013-11-13,,,,19.9091,HDFC Multi Asset Allocation Fund
2013-11-14,,,,19.9576,HDFC Multi Asset Allocation Fund
2013-11-18,,,,20.0089,HDFC Multi Asset Allocation Fund
2013-11-19,,,,20.0518,HDFC Multi Asset Allocation Fund
2013-11-20,,,,20.0438,HDFC Multi Asset Allocation Fund
2013-11-21,,,,19.9999,HDFC Multi Asset Allocation Fund
2013-11-22,,,,20.0012,HDFC Multi Asset Allocation Fund
2013-11-25,,,,20.0557,HDFC Multi Asset Allocation Fund
2013-11-26,,,,20.0538,HDFC Multi Asset Allocation Fund
2013-11-27,,,,20.0922,HDFC Multi Asset Allocation Fund
2013-11-28,,,,20.1068,HDFC Multi Asset Allocation Fund
2013-11-29,,,,20.1538,HDFC Multi Asset Allocation Fund
2013-12-02,,,,20.1969,HDFC Multi Asset Allocation Fund
2013-12-03,,,,20.2284,HDFC Multi Asset Allocation Fund
2013-12-04,,,,20.2092,HDFC Multi Asset Allocation Fund
2013-12-05,,,,20.256,HDFC Multi Asset Allocation Fund
2013-12-06,,,,20.2688,HDFC Multi Asset Allocation Fund
2013-12-09,,,,20.3045,HDFC Multi Asset Allocation Fund
2013-12-10,,,,20.2797,HDFC Multi Asset Allocation Fund
2013-12-11,,,,20.2792,HDFC Multi Asset Allocation Fund
2013-12-12,,,,20.2966,HDFC Multi Asset Allocation Fund
2013-12-13,,,,20.247,HDFC Multi Asset Allocation Fund
2013-12-16,,,,20.2541,HDFC Multi Asset Allocation Fund
2013-12-17,,,,20.2719,HDFC Multi Asset Allocation Fund
2013-12-18,,,,20.3023,HDFC Multi Asset Allocation Fund
2013-12-19,,,,20.3046,HDFC Multi Asset Allocation Fund
2013-12-20,,,,20.3445,HDFC Multi Asset Allocation Fund
2013-12-23,,,,20.3874,HDFC Multi Asset Allocation Fund
2013-12-24,,,,20.4162,HDFC Multi Asset Allocation Fund
2013-12-26,,,,20.4344,HDFC Multi Asset Allocation Fund
2013-12-27,,,,20.4375,HDFC Multi Asset Allocation Fund
2013-12-30,,,,20.4549,HDFC Multi Asset Allocation Fund
2013-12-31,,,,20.4989,HDFC Multi Asset Allocation Fund
2014-01-01,,,,20.5059,HDFC Multi Asset Allocation Fund
2014-01-02,,,,20.4626,HDFC Multi Asset Allocation Fund
2014-01-03,,,,20.4641,HDFC Multi Asset Allocation Fund
2014-01-06,,,,20.4719,HDFC Multi Asset Allocation Fund
2014-01-07,,,,20.4733,HDFC Multi Asset Allocation Fund
2014-01-08,,,,20.4861,HDFC Multi Asset Allocation Fund
2014-01-09,,,,20.4564,HDFC Multi Asset Allocation Fund
2014-01-10,,,,20.4503,HDFC Multi Asset Allocation Fund
2014-01-13,,,,20.4791,HDFC Multi Asset Allocation Fund
2014-01-15,,,,20.4794,HDFC Multi Asset Allocation Fund
2014-01-16,,,,20.4873,HDFC Multi Asset Allocation Fund
2014-01-17,,,,20.4565,HDFC Multi Asset Allocation Fund
2014-01-20,,,,20.5073,HDFC Multi Asset Allocation Fund
2014-01-21,,,,20.5154,HDFC Multi Asset Allocation Fund
2014-01-22,,,,20.5214,HDFC Multi Asset Allocation Fund
2014-01-23,,,,20.5183,HDFC Multi Asset Allocation Fund
2014-01-24,,,,20.4697,HDFC Multi Asset Allocation Fund
2014-01-27,,,,20.398,HDFC Multi Asset Allocation Fund
2014-01-28,,,,20.4088,HDFC Multi Asset Allocation Fund
2014-01-29,,,,20.396,HDFC Multi Asset Allocation Fund
2014-01-30,,,,20.3604,HDFC Multi Asset Allocation Fund
2014-01-31,,,,20.4019,HDFC Multi Asset Allocation Fund
2014-02-03,,,,20.3748,HDFC Multi Asset Allocation Fund
2014-02-04,,,,20.3925,HDFC Multi Asset Allocation Fund
2014-02-05,,,,20.4239,HDFC Multi Asset Allocation Fund
2014-02-06,,,,20.4076,HDFC Multi Asset Allocation Fund
2014-02-07,,,,20.4329,HDFC Multi Asset Allocation Fund
2014-02-10,,,,20.4563,HDFC Multi Asset Allocation Fund
2014-02-11,,,,20.4682,HDFC Multi Asset Allocation Fund
2014-02-12,,,,20.4926,HDFC Multi Asset Allocation Fund
2014-02-13,,,,20.4574,HDFC Multi Asset Allocation Fund
2014-02-14,,,,20.4685,HDFC Multi Asset Allocation Fund
2014-02-17,,,,20.4857,HDFC Multi Asset Allocation Fund
2014-02-18,,,,20.5252,HDFC Multi Asset Allocation Fund
2014-02-20,,,,20.5323,HDFC Multi Asset Allocation Fund
2014-02-21,,,,20.5742,HDFC Multi Asset Allocation Fund
2014-02-24,,,,20.602,HDFC Multi Asset Allocation Fund
2014-02-25,,,,20.5943,HDFC Multi Asset Allocation Fund
2014-02-26,,,,20.5972,HDFC Multi Asset Allocation Fund
2014-02-28,,,,20.6331,HDFC Multi Asset Allocation Fund
2014-03-03,,,,20.6313,HDFC Multi Asset Allocation Fund
2014-03-04,,,,20.6479,HDFC Multi Asset Allocation Fund
2014-03-05,,,,20.7099,HDFC Multi Asset Allocation Fund
2014-03-06,,,,20.7483,HDFC Multi Asset Allocation Fund
2014-03-07,,,,20.7786,HDFC Multi Asset Allocation Fund
2014-03-10,,,,20.8157,HDFC Multi Asset Allocation Fund
2014-03-11,,,,20.8334,HDFC Multi Asset Allocation Fund
2014-03-12,,,,20.8338,HDFC Multi Asset Allocation Fund
2014-03-13,,,,20.8402,HDFC Multi Asset Allocation Fund
2014-03-14,,,,20.8404,HDFC Multi Asset Allocation Fund
2014-03-18,,,,20.8698,HDFC Multi Asset Allocation Fund
2014-03-19,,,,20.8908,HDFC Multi Asset Allocation Fund
2014-03-20,,,,20.9008,HDFC Multi Asset Allocation Fund
2014-03-21,,,,20.9696,HDFC Multi Asset Allocation Fund
2014-03-24,,,,21.0074,HDFC Multi Asset Allocation Fund
2014-03-25,,,,21.0031,HDFC Multi Asset Allocation Fund
2014-03-26,,,,21.0252,HDFC Multi Asset Allocation Fund
2014-03-27,,,,21.1103,HDFC Multi Asset Allocation Fund
2014-03-28,,,,21.2156,HDFC Multi Asset Allocation Fund
2014-03-31,,,,21.2763,HDFC Multi Asset Allocation Fund
2014-04-02,,,,21.3645,HDFC Multi Asset Allocation Fund
2014-04-03,,,,21.3557,HDFC Multi Asset Allocation Fund
2014-04-04,,,,21.3774,HDFC Multi Asset Allocation Fund
2014-04-07,,,,21.4011,HDFC Multi Asset Allocation Fund
2014-04-09,,,,21.5109,HDFC Multi Asset Allocation Fund
2014-04-10,,,,21.5739,HDFC Multi Asset Allocation Fund
2014-04-11,,,,21.6282,HDFC Multi Asset Allocation Fund
2014-04-15,,,,21.611,HDFC Multi Asset Allocation Fund
2014-04-16,,,,21.6017,HDFC Multi Asset Allocation Fund
2014-04-17,,,,21.6693,HDFC Multi Asset Allocation Fund
2014-04-21,,,,21.7186,HDFC Multi Asset Allocation Fund
2014-04-22,,,,21.7244,HDFC Multi Asset Allocation Fund
2014-04-23,,,,21.7144,HDFC Multi Asset Allocation Fund
2014-04-25,,,,21.6975,HDFC Multi Asset Allocation Fund
2014-04-28,,,,21.7116,HDFC Multi Asset Allocation Fund
2014-04-29,,,,21.7165,HDFC Multi Asset Allocation Fund
2014-04-30,,,,21.6927,HDFC Multi Asset Allocation Fund
2014-05-02,,,,21.7118,HDFC Multi Asset Allocation Fund
2014-05-05,,,,21.7331,HDFC Multi Asset Allocation Fund
2014-05-06,,,,21.7543,HDFC Multi Asset Allocation Fund
2014-05-07,,,,21.7256,HDFC Multi Asset Allocation Fund
2014-05-08,,,,21.7411,HDFC Multi Asset Allocation Fund
2014-05-09,,,,21.82,HDFC Multi Asset Allocation Fund
2014-05-12,,,,21.8613,HDFC Multi Asset Allocation Fund
2014-05-13,,,,21.9167,HDFC Multi Asset Allocation Fund
2014-05-15,,,,21.96,HDFC Multi Asset Allocation Fund
2014-05-16,,,,22.0542,HDFC Multi Asset Allocation Fund
2014-05-19,,,,22.2831,HDFC Multi Asset Allocation Fund
2014-05-20,,,,22.3948,HDFC Multi Asset Allocation Fund
2014-05-21,,,,22.4651,HDFC Multi Asset Allocation Fund
2014-05-22,,,,22.569,HDFC Multi Asset Allocation Fund
2014-05-23,,,,22.6505,HDFC Multi Asset Allocation Fund
2014-05-26,,,,22.5816,HDFC Multi Asset Allocation Fund
2014-05-27,,,,22.5204,HDFC Multi Asset Allocation Fund
2014-05-28,,,,22.5543,HDFC Multi Asset Allocation Fund
2014-05-29,,,,22.5654,HDFC Multi Asset Allocation Fund
2014-05-30,,,,22.5543,HDFC Multi Asset Allocation Fund
2014-06-02,,,,22.6608,HDFC Multi Asset Allocation Fund
2014-06-03,,,,22.6907,HDFC Multi Asset Allocation Fund
2014-06-04,,,,22.7588,HDFC Multi Asset Allocation Fund
2014-06-05,,,,22.8348,HDFC Multi Asset Allocation Fund
2014-06-06,,,,22.9141,HDFC Multi Asset Allocation Fund
2014-06-09,,,,23.0536,HDFC Multi Asset Allocation Fund
2014-06-10,,,,23.0579,HDFC Multi Asset Allocation Fund
2014-06-11,,,,23.0429,HDFC Multi Asset Allocation Fund
2014-06-12,,,,23.06,HDFC Multi Asset Allocation Fund
2014-06-13,,,,22.9729,HDFC Multi Asset Allocation Fund
2014-06-16,,,,22.9938,HDFC Multi Asset Allocation Fund
2014-06-17,,,,23.0828,HDFC Multi Asset Allocation Fund
2014-06-18,,,,23.1036,HDFC Multi Asset Allocation Fund
2014-06-19,,,,23.0999,HDFC Multi Asset Allocation Fund
2014-06-20,,,,23.0553,HDFC Multi Asset Allocation Fund
2014-06-23,,,,23.0833,HDFC Multi Asset Allocation Fund
2014-06-24,,,,23.1561,HDFC Multi Asset Allocation Fund
2014-06-25,,,,23.1189,HDFC Multi Asset Allocation Fund
2014-06-26,,,,23.0961,HDFC Multi Asset Allocation Fund
2014-06-27,,,,23.1659,HDFC Multi Asset Allocation Fund
2014-06-30,,,,23.2781,HDFC Multi Asset Allocation Fund
2014-07-02,,,,23.3733,HDFC Multi Asset Allocation Fund
2014-07-03,,,,23.3621,HDFC Multi Asset Allocation Fund
2014-07-04,,,,23.4302,HDFC Multi Asset Allocation Fund
2014-07-07,,,,23.4731,HDFC Multi Asset Allocation Fund
2014-07-08,,,,23.318,HDFC Multi Asset Allocation Fund
2014-07-09,,,,23.2844,HDFC Multi Asset Allocation Fund
2014-07-10,,,,23.2748,HDFC Multi Asset Allocation Fund
2014-07-11,,,,23.1719,HDFC Multi Asset Allocation Fund
2014-07-14,,,,23.1642,HDFC Multi Asset Allocation Fund
2014-07-15,,,,23.243,HDFC Multi Asset Allocation Fund
2014-07-16,,,,23.3208,HDFC Multi Asset Allocation Fund
2014-07-17,,,,23.3871,HDFC Multi Asset Allocation Fund
2014-07-18,,,,23.3682,HDFC Multi Asset Allocation Fund
2014-07-21,,,,23.4029,HDFC Multi Asset Allocation Fund
2014-07-22,,,,23.4284,HDFC Multi Asset Allocation Fund
2014-07-23,,,,23.4134,HDFC Multi Asset Allocation Fund
2014-07-24,,,,23.4238,HDFC Multi Asset Allocation Fund
2014-07-25,,,,23.3301,HDFC Multi Asset Allocation Fund
2014-07-28,,,,23.281,HDFC Multi Asset Allocation Fund
2014-07-30,,,,23.3237,HDFC Multi Asset Allocation Fund
2014-07-31,,,,23.3158,HDFC Multi Asset Allocation Fund
2014-08-01,,,,23.3119,HDFC Multi Asset Allocation Fund
2014-08-04,,,,23.3557,HDFC Multi Asset Allocation Fund
2014-08-05,,,,23.4068,HDFC Multi Asset Allocation Fund
2014-08-06,,,,23.3979,HDFC Multi Asset Allocation Fund
2014-08-07,,,,23.4151,HDFC Multi Asset Allocation Fund
2014-08-08,,,,23.3452,HDFC Multi Asset Allocation Fund
2014-08-11,,,,23.3911,HDFC Multi Asset Allocation Fund
2014-08-12,,,,23.4264,HDFC Multi Asset Allocation Fund
2014-08-13,,,,23.3533,HDFC Multi Asset Allocation Fund
2014-08-14,,,,23.3995,HDFC Multi Asset Allocation Fund
2014-08-19,,,,23.5595,HDFC Multi Asset Allocation Fund
2014-08-20,,,,23.5519,HDFC Multi Asset Allocation Fund
2014-08-21,,,,23.6239,HDFC Multi Asset Allocation Fund
2014-08-22,,,,23.6624,HDFC Multi Asset Allocation Fund
2014-08-25,,,,23.6245,HDFC Multi Asset Allocation Fund
2014-08-26,,,,23.5955,HDFC Multi Asset Allocation Fund
2014-08-27,,,,23.659,HDFC Multi Asset Allocation Fund
2014-08-28,,,,23.6679,HDFC Multi Asset Allocation Fund
2014-09-01,,,,23.7439,HDFC Multi Asset Allocation Fund
2014-09-02,,,,23.7656,HDFC Multi Asset Allocation Fund
2014-09-03,,,,23.7961,HDFC Multi Asset Allocation Fund
2014-09-04,,,,23.7782,HDFC Multi Asset Allocation Fund
2014-09-05,,,,23.8566,HDFC Multi Asset Allocation Fund
2014-09-08,,,,23.9358,HDFC Multi Asset Allocation Fund
2014-09-09,,,,23.9382,HDFC Multi Asset Allocation Fund
2014-09-10,,,,23.9298,HDFC Multi Asset Allocation Fund
2014-09-11,,,,24.0149,HDFC Multi Asset Allocation Fund
2014-09-12,,,,24.0831,HDFC Multi Asset Allocation Fund
2014-09-15,,,,24.0826,HDFC Multi Asset Allocation Fund
2014-09-16,,,,23.9039,HDFC Multi Asset Allocation Fund
2014-09-17,,,,23.8992,HDFC Multi Asset Allocation Fund
2014-09-18,,,,23.989,HDFC Multi Asset Allocation Fund
2014-09-19,,,,24.0177,HDFC Multi Asset Allocation Fund
2014-09-22,,,,24.0526,HDFC Multi Asset Allocation Fund
2014-09-23,,,,23.962,HDFC Multi Asset Allocation Fund
2014-09-24,,,,23.9042,HDFC Multi Asset Allocation Fund
2014-09-25,,,,23.813,HDFC Multi Asset Allocation Fund
2014-09-26,,,,23.8972,HDFC Multi Asset Allocation Fund
2014-09-29,,,,23.9033,HDFC Multi Asset Allocation Fund
2014-09-30,,,,23.9235,HDFC Multi Asset Allocation Fund
2014-10-01,,,,23.9244,HDFC Multi Asset Allocation Fund
2014-10-07,,,,23.9242,HDFC Multi Asset Allocation Fund
2014-10-08,,,,23.922,HDFC Multi Asset Allocation Fund
2014-10-09,,,,23.983,HDFC Multi Asset Allocation Fund
2014-10-10,,,,23.9351,HDFC Multi Asset Allocation Fund
2014-10-13,,,,23.9475,HDFC Multi Asset Allocation Fund
2014-10-14,,,,23.9709,HDFC Multi Asset Allocation Fund
2014-10-16,,,,23.8937,HDFC Multi Asset Allocation Fund
2014-10-17,,,,23.907,HDFC Multi Asset Allocation Fund
2014-10-20,,,,23.9591,HDFC Multi Asset Allocation Fund
2014-10-21,,,,24.0061,HDFC Multi Asset Allocation Fund
2014-10-22,,,,24.0332,HDFC Multi Asset Allocation Fund
2014-10-27,,,,24.0989,HDFC Multi Asset Allocation Fund
2014-10-28,,,,24.1121,HDFC Multi Asset Allocation Fund
2014-10-29,,,,24.1227,HDFC Multi Asset Allocation Fund
2014-10-30,,,,24.1608,HDFC Multi Asset Allocation Fund
2014-10-31,,,,24.2367,HDFC Multi Asset Allocation Fund
2014-11-03,,,,24.2506,HDFC Multi Asset Allocation Fund
2014-11-05,,,,24.2515,HDFC Multi Asset Allocation Fund
2014-11-07,,,,24.2804,HDFC Multi Asset Allocation Fund
2014-11-10,,,,24.2493,HDFC Multi Asset Allocation Fund
2014-11-11,,,,24.272,HDFC Multi Asset Allocation Fund
2014-11-12,,,,24.3013,HDFC Multi Asset Allocation Fund
2014-11-13,,,,24.27,HDFC Multi Asset Allocation Fund
2014-11-14,,,,24.3154,HDFC Multi Asset Allocation Fund
2014-11-17,,,,24.4478,HDFC Multi Asset Allocation Fund
2014-11-18,,,,24.5018,HDFC Multi Asset Allocation Fund
2014-11-19,,,,24.4663,HDFC Multi Asset Allocation Fund
2014-11-20,,,,24.4972,HDFC Multi Asset Allocation Fund
2014-11-21,,,,24.502,HDFC Multi Asset Allocation Fund
2014-11-24,,,,24.5277,HDFC Multi Asset Allocation Fund
2014-11-25,,,,24.4616,HDFC Multi Asset Allocation Fund
2014-11-26,,,,24.4797,HDFC Multi Asset Allocation Fund
2014-11-27,,,,24.4794,HDFC Multi Asset Allocation Fund
2014-11-28,,,,24.5538,HDFC Multi Asset Allocation Fund
2014-12-01,,,,24.5811,HDFC Multi Asset Allocation Fund
2014-12-02,,,,24.6199,HDFC Multi Asset Allocation Fund
2014-12-03,,,,24.6905,HDFC Multi Asset Allocation Fund
2014-12-04,,,,24.7031,HDFC Multi Asset Allocation Fund
2014-12-05,,,,24.7249,HDFC Multi Asset Allocation Fund
2014-12-08,,,,24.6978,HDFC Multi Asset Allocation Fund
2014-12-09,,,,24.5879,HDFC Multi Asset Allocation Fund
2014-12-10,,,,24.6636,HDFC Multi Asset Allocation Fund
2014-12-11,,,,24.6727,HDFC Multi Asset Allocation Fund
2014-12-12,,,,24.6493,HDFC Multi Asset Allocation Fund
2014-12-15,,,,24.6584,HDFC Multi Asset Allocation Fund
2014-12-16,,,,24.5147,HDFC Multi Asset Allocation Fund
2014-12-17,,,,24.535,HDFC Multi Asset Allocation Fund
2014-12-18,,,,24.6362,HDFC Multi Asset Allocation Fund
2014-12-19,,,,24.6567,HDFC Multi Asset Allocation Fund
2014-12-22,,,,24.7082,HDFC Multi Asset Allocation Fund
2014-12-23,,,,24.7145,HDFC Multi Asset Allocation Fund
2014-12-24,,,,24.7078,HDFC Multi Asset Allocation Fund
2014-12-26,,,,24.7467,HDFC Multi Asset Allocation Fund
2014-12-29,,,,24.7958,HDFC Multi Asset Allocation Fund
2014-12-30,,,,24.801,HDFC Multi Asset Allocation Fund
2014-12-31,,,,24.8322,HDFC Multi Asset Allocation Fund
2015-01-01,,,,24.8591,HDFC Multi Asset Allocation Fund
2015-01-02,,,,24.8828,HDFC Multi Asset Allocation Fund
2015-01-05,,,,24.8898,HDFC Multi Asset Allocation Fund
2015-01-06,,,,24.7634,HDFC Multi Asset Allocation Fund
2015-01-07,,,,24.749,HDFC Multi Asset Allocation Fund
2015-01-08,,,,24.8312,HDFC Multi Asset Allocation Fund
2015-01-09,,,,24.8517,HDFC Multi Asset Allocation Fund
2015-01-12,,,,24.8777,HDFC Multi Asset Allocation Fund
2015-01-13,,,,24.8878,HDFC Multi Asset Allocation Fund
2015-01-14,,,,24.8641,HDFC Multi Asset Allocation Fund
2015-01-15,,,,24.9574,HDFC Multi Asset Allocation Fund
2015-01-16,,,,24.9344,HDFC Multi Asset Allocation Fund
2015-01-19,,,,24.9971,HDFC Multi Asset Allocation Fund
2015-01-20,,,,25.0459,HDFC Multi Asset Allocation Fund
2015-01-21,,,,25.0873,HDFC Multi Asset Allocation Fund
2015-01-22,,,,25.0825,HDFC Multi Asset Allocation Fund
2015-01-23,,,,25.083,HDFC Multi Asset Allocation Fund
2015-01-27,,,,25.1382,HDFC Multi Asset Allocation Fund
2015-01-28,,,,25.1376,HDFC Multi Asset Allocation Fund
2015-01-29,,,,25.0641,HDFC Multi Asset Allocation Fund
2015-01-30,,,,25.028,HDFC Multi Asset Allocation Fund
2015-02-02,,,,25.0494,HDFC Multi Asset Allocation Fund
2015-02-03,,,,25.0361,HDFC Multi Asset Allocation Fund
2015-02-04,,,,24.9872,HDFC Multi Asset Allocation Fund
2015-02-05,,,,24.9558,HDFC Multi Asset Allocation Fund
2015-02-06,,,,24.8774,HDFC Multi Asset Allocation Fund
2015-02-09,,,,24.8253,HDFC Multi Asset Allocation Fund
2015-02-10,,,,24.8714,HDFC Multi Asset Allocation Fund
2015-02-11,,,,24.894,HDFC Multi Asset Allocation Fund
2015-02-12,,,,24.9142,HDFC Multi Asset Allocation Fund
2015-02-13,,,,24.9647,HDFC Multi Asset Allocation Fund
2015-02-16,,,,24.9959,HDFC Multi Asset Allocation Fund
2015-02-18,,,,25.0182,HDFC Multi Asset Allocation Fund
2015-02-20,,,,25.0762,HDFC Multi Asset Allocation Fund
2015-02-23,,,,25.0524,HDFC Multi Asset Allocation Fund
2015-02-24,,,,25.0396,HDFC Multi Asset Allocation Fund
2015-02-25,,,,25.032,HDFC Multi Asset Allocation Fund
2015-02-26,,,,24.9677,HDFC Multi Asset Allocation Fund
2015-02-27,,,,25.0402,HDFC Multi Asset Allocation Fund
2015-03-02,,,,25.0852,HDFC Multi Asset Allocation Fund
2015-03-03,,,,25.1028,HDFC Multi Asset Allocation Fund
2015-03-04,,,,25.0724,HDFC Multi Asset Allocation Fund
2015-03-05,,,,25.0946,HDFC Multi Asset Allocation Fund
2015-03-09,,,,25.0433,HDFC Multi Asset Allocation Fund
2015-03-10,,,,25.0343,HDFC Multi Asset Allocation Fund
2015-03-11,,,,25.0418,HDFC Multi Asset Allocation Fund
2015-03-12,,,,25.0778,HDFC Multi Asset Allocation Fund
2015-03-13,,,,25.0131,HDFC Multi Asset Allocation Fund
2015-03-16,,,,25.0068,HDFC Multi Asset Allocation Fund
2015-03-17,,,,25.0519,HDFC Multi Asset Allocation Fund
2015-03-18,,,,25.0602,HDFC Multi Asset Allocation Fund
2015-03-19,,,,25.0121,HDFC Multi Asset Allocation Fund
2015-03-20,,,,24.9454,HDFC Multi Asset Allocation Fund
2015-03-23,,,,24.9146,HDFC Multi Asset Allocation Fund
2015-03-24,,,,24.8923,HDFC Multi Asset Allocation Fund
2015-03-25,,,,24.8699,HDFC Multi Asset Allocation Fund
2015-03-26,,,,24.8189,HDFC Multi Asset Allocation Fund
2015-03-27,,,,24.8309,HDFC Multi Asset Allocation Fund
2015-03-30,,,,24.9318,HDFC Multi Asset Allocation Fund
2015-03-31,,,,25.0056,HDFC Multi Asset Allocation Fund
2015-04-06,,,,25.1431,HDFC Multi Asset Allocation Fund
2015-04-07,,,,25.136,HDFC Multi Asset Allocation Fund
2015-04-08,,,,25.2131,HDFC Multi Asset Allocation Fund
2015-04-09,,,,25.2429,HDFC Multi Asset Allocation Fund
2015-04-10,,,,25.2772,HDFC Multi Asset Allocation Fund
2015-04-13,,,,25.2868,HDFC Multi Asset Allocation Fund
2015-04-15,,,,25.2912,HDFC Multi Asset Allocation Fund
2015-04-16,,,,25.2778,HDFC Multi Asset Allocation Fund
2015-04-17,,,,25.2482,HDFC Multi Asset Allocation Fund
2015-04-20,,,,25.1645,HDFC Multi Asset Allocation Fund
2015-04-21,,,,25.1363,HDFC Multi Asset Allocation Fund
2015-04-22,,,,25.1659,HDFC Multi Asset Allocation Fund
2015-04-23,,,,25.1435,HDFC Multi Asset Allocation Fund
2015-04-24,,,,25.0804,HDFC Multi Asset Allocation Fund
2015-04-27,,,,24.9676,HDFC Multi Asset Allocation Fund
2015-04-28,,,,25.0056,HDFC Multi Asset Allocation Fund
2015-04-29,,,,25.0015,HDFC Multi Asset Allocation Fund
2015-04-30,,,,24.992,HDFC Multi Asset Allocation Fund
2015-05-05,,,,25.0831,HDFC Multi Asset Allocation Fund
2015-05-06,,,,24.9843,HDFC Multi Asset Allocation Fund
2015-05-07,,,,24.911,HDFC Multi Asset Allocation Fund
2015-05-08,,,,24.9688,HDFC Multi Asset Allocation Fund
2015-05-11,,,,25.0354,HDFC Multi Asset Allocation Fund
2015-05-12,,,,24.9892,HDFC Multi Asset Allocation Fund
2015-05-13,,,,25.0395,HDFC Multi Asset Allocation Fund
2015-05-14,,,,25.0763,HDFC Multi Asset Allocation Fund
2015-05-15,,,,25.1147,HDFC Multi Asset Allocation Fund
2015-05-18,,,,25.1336,HDFC Multi Asset Allocation Fund
2015-05-19,,,,25.1561,HDFC Multi Asset Allocation Fund
2015-05-20,,,,25.1598,HDFC Multi Asset Allocation Fund
2015-05-21,,,,25.1782,HDFC Multi Asset Allocation Fund
2015-05-22,,,,25.1734,HDFC Multi Asset Allocation Fund
2015-05-25,,,,25.1626,HDFC Multi Asset Allocation Fund
2015-05-26,,,,25.1329,HDFC Multi Asset Allocation Fund
2015-05-27,,,,25.132,HDFC Multi Asset Allocation Fund
2015-05-28,,,,25.1395,HDFC Multi Asset Allocation Fund
2015-05-29,,,,25.1253,HDFC Multi Asset Allocation Fund
2015-06-01,,,,25.1538,HDFC Multi Asset Allocation Fund
2015-06-02,,,,25.0782,HDFC Multi Asset Allocation Fund
2015-06-03,,,,25.0202,HDFC Multi Asset Allocation Fund
2015-06-04,,,,25.0134,HDFC Multi Asset Allocation Fund
2015-06-05,,,,25.0317,HDFC Multi Asset Allocation Fund
2015-06-08,,,,25.0134,HDFC Multi Asset Allocation Fund
2015-06-09,,,,25.0194,HDFC Multi Asset Allocation Fund
2015-06-10,,,,25.0359,HDFC Multi Asset Allocation Fund
2015-06-11,,,,24.9983,HDFC Multi Asset Allocation Fund
2015-06-12,,,,25.0019,HDFC Multi Asset Allocation Fund
2015-06-15,,,,25.0044,HDFC Multi Asset Allocation Fund
2015-06-16,,,,25.0173,HDFC Multi Asset Allocation Fund
2015-06-17,,,,25.0588,HDFC Multi Asset Allocation Fund
2015-06-18,,,,25.1073,HDFC Multi Asset Allocation Fund
2015-06-19,,,,25.1394,HDFC Multi Asset Allocation Fund
2015-06-22,,,,25.2126,HDFC Multi Asset Allocation Fund
2015-06-23,,,,25.2433,HDFC Multi Asset Allocation Fund
2015-06-24,,,,25.2268,HDFC Multi Asset Allocation Fund
2015-06-25,,,,25.2315,HDFC Multi Asset Allocation Fund
2015-06-26,,,,25.2386,HDFC Multi Asset Allocation Fund
2015-06-29,,,,25.1538,HDFC Multi Asset Allocation Fund
2015-06-30,,,,25.1891,HDFC Multi Asset Allocation Fund
2015-07-01,,,,25.2484,HDFC Multi Asset Allocation Fund
2015-07-02,,,,25.2467,HDFC Multi Asset Allocation Fund
2015-07-03,,,,25.2648,HDFC Multi Asset Allocation Fund
2015-07-06,,,,25.3064,HDFC Multi Asset Allocation Fund
2015-07-07,,,,25.3154,HDFC Multi Asset Allocation Fund
2015-07-08,,,,25.2487,HDFC Multi Asset Allocation Fund
2015-07-09,,,,25.2701,HDFC Multi Asset Allocation Fund
2015-07-10,,,,25.2803,HDFC Multi Asset Allocation Fund
2015-07-13,,,,25.3322,HDFC Multi Asset Allocation Fund
2015-07-14,,,,25.3459,HDFC Multi Asset Allocation Fund
2015-07-15,,,,25.3938,HDFC Multi Asset Allocation Fund
2015-07-16,,,,25.4554,HDFC Multi Asset Allocation Fund
2015-07-17,,,,25.447,HDFC Multi Asset Allocation Fund
2015-07-20,,,,25.4382,HDFC Multi Asset Allocation Fund
2015-07-21,,,,25.3766,HDFC Multi Asset Allocation Fund
2015-07-22,,,,25.4215,HDFC Multi Asset Allocation Fund
2015-07-23,,,,25.4635,HDFC Multi Asset Allocation Fund
2015-07-24,,,,25.4734,HDFC Multi Asset Allocation Fund
2015-07-27,,,,25.4376,HDFC Multi Asset Allocation Fund
2015-07-28,,,,25.4391,HDFC Multi Asset Allocation Fund
2015-07-29,,,,25.4797,HDFC Multi Asset Allocation Fund
2015-07-30,,,,25.5511,HDFC Multi Asset Allocation Fund
2015-07-31,,,,25.6294,HDFC Multi Asset Allocation Fund
2015-08-03,,,,25.7043,HDFC Multi Asset Allocation Fund
2015-08-04,,,,25.7297,HDFC Multi Asset Allocation Fund
2015-08-05,,,,25.7987,HDFC Multi Asset Allocation Fund
2015-08-06,,,,25.7853,HDFC Multi Asset Allocation Fund
2015-08-07,,,,25.7929,HDFC Multi Asset Allocation Fund
2015-08-10,,,,25.7922,HDFC Multi Asset Allocation Fund
2015-08-11,,,,25.7085,HDFC Multi Asset Allocation Fund
2015-08-12,,,,25.5953,HDFC Multi Asset Allocation Fund
2015-08-13,,,,25.5572,HDFC Multi Asset Allocation Fund
2015-08-14,,,,25.6618,HDFC Multi Asset Allocation Fund
2015-08-17,,,,25.7259,HDFC Multi Asset Allocation Fund
2015-08-19,,,,25.7626,HDFC Multi Asset Allocation Fund
2015-08-20,,,,25.6669,HDFC Multi Asset Allocation Fund
2015-08-21,,,,25.6333,HDFC Multi Asset Allocation Fund
2015-08-24,,,,25.2921,HDFC Multi Asset Allocation Fund
2015-08-25,,,,25.348,HDFC Multi Asset Allocation Fund
2015-08-26,,,,25.3467,HDFC Multi Asset Allocation Fund
2015-08-27,,,,25.4653,HDFC Multi Asset Allocation Fund
2015-08-28,,,,25.4689,HDFC Multi Asset Allocation Fund
2015-08-31,,,,25.4596,HDFC Multi Asset Allocation Fund
2015-09-01,,,,25.362,HDFC Multi Asset Allocation Fund
2015-09-02,,,,25.3513,HDFC Multi Asset Allocation Fund
2015-09-03,,,,25.4197,HDFC Multi Asset Allocation Fund
2015-09-04,,,,25.36,HDFC Multi Asset Allocation Fund
2015-09-07,,,,25.2992,HDFC Multi Asset Allocation Fund
2015-09-08,,,,25.3298,HDFC Multi Asset Allocation Fund
2015-09-09,,,,25.4005,HDFC Multi Asset Allocation Fund
2015-09-10,,,,25.3757,HDFC Multi Asset Allocation Fund
2015-09-11,,,,25.3993,HDFC Multi Asset Allocation Fund
2015-09-14,,,,25.4667,HDFC Multi Asset Allocation Fund
2015-09-15,,,,25.427,HDFC Multi Asset Allocation Fund
2015-09-16,,,,25.4376,HDFC Multi Asset Allocation Fund
2015-09-18,,,,25.4885,HDFC Multi Asset Allocation Fund
2015-09-21,,,,25.5407,HDFC Multi Asset Allocation Fund
2015-09-22,,,,25.4637,HDFC Multi Asset Allocation Fund
2015-09-23,,,,25.4764,HDFC Multi Asset Allocation Fund
2015-09-24,,,,25.4882,HDFC Multi Asset Allocation Fund
2015-09-28,,,,25.5023,HDFC Multi Asset Allocation Fund
2015-09-29,,,,25.5189,HDFC Multi Asset Allocation Fund
2015-09-30,,,,25.5799,HDFC Multi Asset Allocation Fund
2015-10-01,,,,25.5474,HDFC Multi Asset Allocation Fund
2015-10-05,,,,25.6719,HDFC Multi Asset Allocation Fund
2015-10-06,,,,25.6867,HDFC Multi Asset Allocation Fund
2015-10-07,,,,25.6847,HDFC Multi Asset Allocation Fund
2015-10-08,,,,25.6992,HDFC Multi Asset Allocation Fund
2015-10-09,,,,25.7079,HDFC Multi Asset Allocation Fund
2015-10-12,,,,25.7293,HDFC Multi Asset Allocation Fund
2015-10-13,,,,25.7584,HDFC Multi Asset Allocation Fund
2015-10-14,,,,25.7427,HDFC Multi Asset Allocation Fund
2015-10-15,,,,25.7936,HDFC Multi Asset Allocation Fund
2015-10-16,,,,25.81,HDFC Multi Asset Allocation Fund
2015-10-19,,,,25.8348,HDFC Multi Asset Allocation Fund
2015-10-20,,,,25.8607,HDFC Multi Asset Allocation Fund
2015-10-21,,,,25.8617,HDFC Multi Asset Allocation Fund
2015-10-23,,,,25.8753,HDFC Multi Asset Allocation Fund
2015-10-26,,,,25.8469,HDFC Multi Asset Allocation Fund
2015-10-27,,,,25.8586,HDFC Multi Asset Allocation Fund
2015-10-28,,,,25.8323,HDFC Multi Asset Allocation Fund
2015-10-29,,,,25.8068,HDFC Multi Asset Allocation Fund
2015-10-30,,,,25.7658,HDFC Multi Asset Allocation Fund
2015-11-02,,,,25.7865,HDFC Multi Asset Allocation Fund
2015-11-03,,,,25.7959,HDFC Multi Asset Allocation Fund
2015-11-04,,,,25.8303,HDFC Multi Asset Allocation Fund
2015-11-05,,,,25.7821,HDFC Multi Asset Allocation Fund
2015-11-06,,,,25.7468,HDFC Multi Asset Allocation Fund
2015-11-09,,,,25.8046,HDFC Multi Asset Allocation Fund
2015-11-10,,,,25.7683,HDFC Multi Asset Allocation Fund
2015-11-13,,,,25.8274,HDFC Multi Asset Allocation Fund
2015-11-16,,,,25.8527,HDFC Multi Asset Allocation Fund
2015-11-17,,,,25.88,HDFC Multi Asset Allocation Fund
2015-11-18,,,,25.8786,HDFC Multi Asset Allocation Fund
2015-11-19,,,,25.8811,HDFC Multi Asset Allocation Fund
2015-11-20,,,,25.9,HDFC Multi Asset Allocation Fund
2015-11-23,,,,25.9164,HDFC Multi Asset Allocation Fund
2015-11-24,,,,25.9278,HDFC Multi Asset Allocation Fund
2015-11-26,,,,25.952,HDFC Multi Asset Allocation Fund
2015-11-27,,,,25.9902,HDFC Multi Asset Allocation Fund
2015-11-30,,,,25.9907,HDFC Multi Asset Allocation Fund
2015-12-01,,,,26.009,HDFC Multi Asset Allocation Fund
2015-12-02,,,,26.0146,HDFC Multi Asset Allocation Fund
2015-12-03,,,,25.9713,HDFC Multi Asset Allocation Fund
2015-12-04,,,,25.9415,HDFC Multi Asset Allocation Fund
2015-12-07,,,,25.935,HDFC Multi Asset Allocation Fund
2015-12-08,,,,25.8919,HDFC Multi Asset Allocation Fund
2015-12-09,,,,25.837,HDFC Multi Asset Allocation Fund
2015-12-10,,,,25.8523,HDFC Multi Asset Allocation Fund
2015-12-11,,,,25.8132,HDFC Multi Asset Allocation Fund
2015-12-14,,,,25.8223,HDFC Multi Asset Allocation Fund
2015-12-15,,,,25.8642,HDFC Multi Asset Allocation Fund
2015-12-16,,,,25.8691,HDFC Multi Asset Allocation Fund
2015-12-17,,,,25.9215,HDFC Multi Asset Allocation Fund
2015-12-18,,,,25.9156,HDFC Multi Asset Allocation Fund
2015-12-21,,,,25.9943,HDFC Multi Asset Allocation Fund
2015-12-22,,,,25.9786,HDFC Multi Asset Allocation Fund
2015-12-23,,,,26.0159,HDFC Multi Asset Allocation Fund
2015-12-28,,,,26.1044,HDFC Multi Asset Allocation Fund
2015-12-29,,,,26.1108,HDFC Multi Asset Allocation Fund
2015-12-30,,,,26.126,HDFC Multi Asset Allocation Fund
2015-12-31,,,,26.1434,HDFC Multi Asset Allocation Fund
2016-01-01,,,,26.1894,HDFC Multi Asset Allocation Fund
2016-01-04,,,,26.1243,HDFC Multi Asset Allocation Fund
2016-01-05,,,,26.1401,HDFC Multi Asset Allocation Fund
2016-01-06,,,,26.1497,HDFC Multi Asset Allocation Fund
2016-01-07,,,,26.0339,HDFC Multi Asset Allocation Fund
2016-01-08,,,,26.1141,HDFC Multi Asset Allocation Fund
2016-01-11,,,,26.101,HDFC Multi Asset Allocation Fund
2016-01-12,,,,26.0537,HDFC Multi Asset Allocation Fund
2016-01-13,,,,25.9989,HDFC Multi Asset Allocation Fund
2016-01-14,,,,25.9284,HDFC Multi Asset Allocation Fund
2016-01-15,,,,25.7749,HDFC Multi Asset Allocation Fund
2016-01-18,,,,25.6437,HDFC Multi Asset Allocation Fund
2016-01-19,,,,25.7125,HDFC Multi Asset Allocation Fund
2016-01-20,,,,25.618,HDFC Multi Asset Allocation Fund
2016-01-21,,,,25.6594,HDFC Multi Asset Allocation Fund
2016-01-22,,,,25.7897,HDFC Multi Asset Allocation Fund
2016-01-25,,,,25.8079,HDFC Multi Asset Allocation Fund
2016-01-27,,,,25.865,HDFC Multi Asset Allocation Fund
2016-01-28,,,,25.844,HDFC Multi Asset Allocation Fund
2016-01-29,,,,25.9107,HDFC Multi Asset Allocation Fund
2016-02-01,,,,25.9057,HDFC Multi Asset Allocation Fund
2016-02-02,,,,25.8439,HDFC Multi Asset Allocation Fund
2016-02-03,,,,25.7917,HDFC Multi Asset Allocation Fund
2016-02-04,,,,25.7738,HDFC Multi Asset Allocation Fund
2016-02-05,,,,25.8692,HDFC Multi Asset Allocation Fund
2016-02-08,,,,25.8759,HDFC Multi Asset Allocation Fund
2016-02-09,,,,25.7898,HDFC Multi Asset Allocation Fund
2016-02-10,,,,25.7086,HDFC Multi Asset Allocation Fund
2016-02-11,,,,25.5656,HDFC Multi Asset Allocation Fund
2016-02-12,,,,25.5421,HDFC Multi Asset Allocation Fund
2016-02-15,,,,25.7047,HDFC Multi Asset Allocation Fund
2016-02-16,,,,25.6012,HDFC Multi Asset Allocation Fund
2016-02-17,,,,25.6532,HDFC Multi Asset Allocation Fund
2016-02-18,,,,25.6387,HDFC Multi Asset Allocation Fund
2016-02-22,,,,25.6532,HDFC Multi Asset Allocation Fund
2016-02-23,,,,25.5892,HDFC Multi Asset Allocation Fund
2016-02-24,,,,25.5486,HDFC Multi Asset Allocation Fund
2016-02-25,,,,25.5179,HDFC Multi Asset Allocation Fund
2016-02-26,,,,25.5188,HDFC Multi Asset Allocation Fund
2016-02-29,,,,25.5286,HDFC Multi Asset Allocation Fund
2016-03-01,,,,25.6745,HDFC Multi Asset Allocation Fund
2016-03-02,,,,25.7692,HDFC Multi Asset Allocation Fund
2016-03-03,,,,25.8242,HDFC Multi Asset Allocation Fund
2016-03-04,,,,25.8949,HDFC Multi Asset Allocation Fund
2016-03-08,,,,25.891,HDFC Multi Asset Allocation Fund
2016-03-09,,,,25.8817,HDFC Multi Asset Allocation Fund
2016-03-10,,,,25.8493,HDFC Multi Asset Allocation Fund
2016-03-11,,,,25.8513,HDFC Multi Asset Allocation Fund
2016-03-14,,,,25.9022,HDFC Multi Asset Allocation Fund
2016-03-15,,,,25.9131,HDFC Multi Asset Allocation Fund
2016-03-16,,,,25.9114,HDFC Multi Asset Allocation Fund
2016-03-17,,,,25.9334,HDFC Multi Asset Allocation Fund
2016-03-18,,,,25.9959,HDFC Multi Asset Allocation Fund
2016-03-21,,,,26.0627,HDFC Multi Asset Allocation Fund
2016-03-22,,,,26.1089,HDFC Multi Asset Allocation Fund
2016-03-23,,,,26.1484,HDFC Multi Asset Allocation Fund
2016-03-28,,,,26.1016,HDFC Multi Asset Allocation Fund
2016-03-29,,,,26.0992,HDFC Multi Asset Allocation Fund
2016-03-30,,,,26.1994,HDFC Multi Asset Allocation Fund
2016-03-31,,,,26.2663,HDFC Multi Asset Allocation Fund
2016-04-04,,,,26.3286,HDFC Multi Asset Allocation Fund
2016-04-05,,,,26.2695,HDFC Multi Asset Allocation Fund
2016-04-06,,,,26.2894,HDFC Multi Asset Allocation Fund
2016-04-07,,,,26.287,HDFC Multi Asset Allocation Fund
2016-04-11,,,,26.3878,HDFC Multi Asset Allocation Fund
2016-04-12,,,,26.4171,HDFC Multi Asset Allocation Fund
2016-04-13,,,,26.4952,HDFC Multi Asset Allocation Fund
2016-04-18,,,,26.5784,HDFC Multi Asset Allocation Fund
2016-04-20,,,,26.6057,HDFC Multi Asset Allocation Fund
2016-04-21,,,,26.6492,HDFC Multi Asset Allocation Fund
2016-04-22,,,,26.6613,HDFC Multi Asset Allocation Fund
2016-04-25,,,,26.6303,HDFC Multi Asset Allocation Fund
2016-04-26,,,,26.6678,HDFC Multi Asset Allocation Fund
2016-04-27,,,,26.6691,HDFC Multi Asset Allocation Fund
2016-04-28,,,,26.6135,HDFC Multi Asset Allocation Fund
2016-04-29,,,,26.6064,HDFC Multi Asset Allocation Fund
2016-05-02,,,,26.624,HDFC Multi Asset Allocation Fund
2016-05-03,,,,26.6097,HDFC Multi Asset Allocation Fund
2016-05-04,,,,26.5851,HDFC Multi Asset Allocation Fund
2016-05-05,,,,26.5907,HDFC Multi Asset Allocation Fund
2016-05-06,,,,26.6157,HDFC Multi Asset Allocation Fund
2016-05-09,,,,26.6969,HDFC Multi Asset Allocation Fund
2016-05-10,,,,26.7051,HDFC Multi Asset Allocation Fund
2016-05-11,,,,26.7015,HDFC Multi Asset Allocation Fund
2016-05-12,,,,26.7497,HDFC Multi Asset Allocation Fund
2016-05-13,,,,26.755,HDFC Multi Asset Allocation Fund
2016-05-16,,,,26.7359,HDFC Multi Asset Allocation Fund
2016-05-17,,,,26.742,HDFC Multi Asset Allocation Fund
2016-05-18,,,,26.7577,HDFC Multi Asset Allocation Fund
2016-05-19,,,,26.7187,HDFC Multi Asset Allocation Fund
2016-05-20,,,,26.6773,HDFC Multi Asset Allocation Fund
2016-05-23,,,,26.6745,HDFC Multi Asset Allocation Fund
2016-05-24,,,,26.6543,HDFC Multi Asset Allocation Fund
2016-05-25,,,,26.7316,HDFC Multi Asset Allocation Fund
2016-05-26,,,,26.7571,HDFC Multi Asset Allocation Fund
2016-05-27,,,,26.8204,HDFC Multi Asset Allocation Fund
2016-05-30,,,,26.8573,HDFC Multi Asset Allocation Fund
2016-05-31,,,,26.8902,HDFC Multi Asset Allocation Fund
2016-06-01,,,,26.8958,HDFC Multi Asset Allocation Fund
2016-06-02,,,,26.9273,HDFC Multi Asset Allocation Fund
2016-06-03,,,,26.9531,HDFC Multi Asset Allocation Fund
2016-06-06,,,,26.9777,HDFC Multi Asset Allocation Fund
2016-06-07,,,,27.0345,HDFC Multi Asset Allocation Fund
2016-06-08,,,,27.0665,HDFC Multi Asset Allocation Fund
2016-06-09,,,,27.0547,HDFC Multi Asset Allocation Fund
2016-06-10,,,,27.0577,HDFC Multi Asset Allocation Fund
2016-06-13,,,,27.0441,HDFC Multi Asset Allocation Fund
2016-06-14,,,,27.0646,HDFC Multi Asset Allocation Fund
2016-06-15,,,,27.1541,HDFC Multi Asset Allocation Fund
2016-06-16,,,,27.1453,HDFC Multi Asset Allocation Fund
2016-06-17,,,,27.1399,HDFC Multi Asset Allocation Fund
2016-06-20,,,,27.1616,HDFC Multi Asset Allocation Fund
2016-06-21,,,,27.1753,HDFC Multi Asset Allocation Fund
2016-06-22,,,,27.1441,HDFC Multi Asset Allocation Fund
2016-06-23,,,,27.1504,HDFC Multi Asset Allocation Fund
2016-06-24,,,,27.0566,HDFC Multi Asset Allocation Fund
2016-06-27,,,,27.1252,HDFC Multi Asset Allocation Fund
2016-06-28,,,,27.1843,HDFC Multi Asset Allocation Fund
2016-06-29,,,,27.2503,HDFC Multi Asset Allocation Fund
2016-06-30,,,,27.3167,HDFC Multi Asset Allocation Fund
2016-07-01,,,,27.3512,HDFC Multi Asset Allocation Fund
2016-07-04,,,,27.4161,HDFC Multi Asset Allocation Fund
2016-07-05,,,,27.4026,HDFC Multi Asset Allocation Fund
2016-07-07,,,,27.3956,HDFC Multi Asset Allocation Fund
2016-07-08,,,,27.4084,HDFC Multi Asset Allocation Fund
2016-07-11,,,,27.4732,HDFC Multi Asset Allocation Fund
2016-07-12,,,,27.4701,HDFC Multi Asset Allocation Fund
2016-07-13,,,,27.4628,HDFC Multi Asset Allocation Fund
2016-07-14,,,,27.561,HDFC Multi Asset Allocation Fund
2016-07-15,,,,27.5155,HDFC Multi Asset Allocation Fund
2016-07-18,,,,27.5132,HDFC Multi Asset Allocation Fund
2016-07-19,,,,27.5023,HDFC Multi Asset Allocation Fund
2016-07-20,,,,27.5607,HDFC Multi Asset Allocation Fund
2016-07-21,,,,27.553,HDFC Multi Asset Allocation Fund
2016-07-22,,,,27.583,HDFC Multi Asset Allocation Fund
2016-07-25,,,,27.6637,HDFC Multi Asset Allocation Fund
2016-07-26,,,,27.6395,HDFC Multi Asset Allocation Fund
2016-07-27,,,,27.638,HDFC Multi Asset Allocation Fund
2016-07-28,,,,27.6734,HDFC Multi Asset Allocation Fund
2016-07-29,,,,27.7021,HDFC Multi Asset Allocation Fund
2016-08-01,,,,27.72,HDFC Multi Asset Allocation Fund
2016-08-02,,,,27.7404,HDFC Multi Asset Allocation Fund
2016-08-03,,,,27.6773,HDFC Multi Asset Allocation Fund
2016-08-04,,,,27.7052,HDFC Multi Asset Allocation Fund
2016-08-05,,,,27.7871,HDFC Multi Asset Allocation Fund
2016-08-08,,,,27.848,HDFC Multi Asset Allocation Fund
2016-08-09,,,,27.8374,HDFC Multi Asset Allocation Fund
2016-08-10,,,,27.8066,HDFC Multi Asset Allocation Fund
2016-08-11,,,,27.7926,HDFC Multi Asset Allocation Fund
2016-08-12,,,,27.8576,HDFC Multi Asset Allocation Fund
2016-08-16,,,,27.9006,HDFC Multi Asset Allocation Fund
2016-08-18,,,,28.0132,HDFC Multi Asset Allocation Fund
2016-08-19,,,,28.0426,HDFC Multi Asset Allocation Fund
2016-08-22,,,,28.0261,HDFC Multi Asset Allocation Fund
2016-08-23,,,,28.0387,HDFC Multi Asset Allocation Fund
2016-08-24,,,,28.0989,HDFC Multi Asset Allocation Fund
2016-08-25,,,,28.0883,HDFC Multi Asset Allocation Fund
2016-08-26,,,,28.0841,HDFC Multi Asset Allocation Fund
2016-08-29,,,,28.1384,HDFC Multi Asset Allocation Fund
2016-08-30,,,,28.2012,HDFC Multi Asset Allocation Fund
2016-08-31,,,,28.2406,HDFC Multi Asset Allocation Fund
2016-09-01,,,,28.2324,HDFC Multi Asset Allocation Fund
2016-09-02,,,,28.258,HDFC Multi Asset Allocation Fund
2016-09-06,,,,28.3361,HDFC Multi Asset Allocation Fund
2016-09-07,,,,28.3887,HDFC Multi Asset Allocation Fund
2016-09-08,,,,28.404,HDFC Multi Asset Allocation Fund
2016-09-09,,,,28.3639,HDFC Multi Asset Allocation Fund
2016-09-12,,,,28.2535,HDFC Multi Asset Allocation Fund
2016-09-14,,,,28.3421,HDFC Multi Asset Allocation Fund
2016-09-15,,,,28.3841,HDFC Multi Asset Allocation Fund
2016-09-16,,,,28.3915,HDFC Multi Asset Allocation Fund
2016-09-19,,,,28.4036,HDFC Multi Asset Allocation Fund
2016-09-20,,,,28.3869,HDFC Multi Asset Allocation Fund
2016-09-21,,,,28.4063,HDFC Multi Asset Allocation Fund
2016-09-22,,,,28.4594,HDFC Multi Asset Allocation Fund
2016-09-23,,,,28.4444,HDFC Multi Asset Allocation Fund
2016-09-26,,,,28.4406,HDFC Multi Asset Allocation Fund
2016-09-27,,,,28.4508,HDFC Multi Asset Allocation Fund
2016-09-28,,,,28.5123,HDFC Multi Asset Allocation Fund
2016-09-29,,,,28.3372,HDFC Multi Asset Allocation Fund
2016-09-30,,,,28.4382,HDFC Multi Asset Allocation Fund
2016-10-03,,,,28.5616,HDFC Multi Asset Allocation Fund
2016-10-04,,,,28.6468,HDFC Multi Asset Allocation Fund
2016-10-05,,,,28.7162,HDFC Multi Asset Allocation Fund
2016-10-06,,,,28.6677,HDFC Multi Asset Allocation Fund
2016-10-07,,,,28.6848,HDFC Multi Asset Allocation Fund
2016-10-10,,,,28.7118,HDFC Multi Asset Allocation Fund
2016-10-13,,,,28.6435,HDFC Multi Asset Allocation Fund
2016-10-14,,,,28.6941,HDFC Multi Asset Allocation Fund
2016-10-17,,,,28.6479,HDFC Multi Asset Allocation Fund
2016-10-18,,,,28.6905,HDFC Multi Asset Allocation Fund
2016-10-19,,,,28.7543,HDFC Multi Asset Allocation Fund
2016-10-20,,,,28.7739,HDFC Multi Asset Allocation Fund
2016-10-21,,,,28.823,HDFC Multi Asset Allocation Fund
2016-10-24,,,,28.8845,HDFC Multi Asset Allocation Fund
2016-10-25,,,,28.8576,HDFC Multi Asset Allocation Fund
2016-10-26,,,,28.7876,HDFC Multi Asset Allocation Fund
2016-10-27,,,,28.7495,HDFC Multi Asset Allocation Fund
2016-10-28,,,,28.7639,HDFC Multi Asset Allocation Fund
2016-11-01,,,,28.8176,HDFC Multi Asset Allocation Fund
2016-11-02,,,,28.7335,HDFC Multi Asset Allocation Fund
2016-11-03,,,,28.6509,HDFC Multi Asset Allocation Fund
2016-11-04,,,,28.5575,HDFC Multi Asset Allocation Fund
2016-11-07,,,,28.6257,HDFC Multi Asset Allocation Fund
2016-11-08,,,,28.6052,HDFC Multi Asset Allocation Fund
2016-11-09,,,,28.5948,HDFC Multi Asset Allocation Fund
2016-11-10,,,,28.6883,HDFC Multi Asset Allocation Fund
2016-11-11,,,,28.5588,HDFC Multi Asset Allocation Fund
2016-11-15,,,,28.4575,HDFC Multi Asset Allocation Fund
2016-11-16,,,,28.4663,HDFC Multi Asset Allocation Fund
2016-11-17,,,,28.501,HDFC Multi Asset Allocation Fund
2016-11-18,,,,28.5337,HDFC Multi Asset Allocation Fund
2016-11-21,,,,28.3764,HDFC Multi Asset Allocation Fund
2016-11-22,,,,28.4297,HDFC Multi Asset Allocation Fund
2016-11-23,,,,28.4614,HDFC Multi Asset Allocation Fund
2016-11-24,,,,28.4728,HDFC Multi Asset Allocation Fund
2016-11-25,,,,28.5631,HDFC Multi Asset Allocation Fund
2016-11-28,,,,28.5668,HDFC Multi Asset Allocation Fund
2016-11-29,,,,28.5965,HDFC Multi Asset Allocation Fund
2016-11-30,,,,28.6398,HDFC Multi Asset Allocation Fund
2016-12-01,,,,28.6573,HDFC Multi Asset Allocation Fund
2016-12-02,,,,28.5938,HDFC Multi Asset Allocation Fund
2016-12-05,,,,28.6263,HDFC Multi Asset Allocation Fund
2016-12-06,,,,28.6453,HDFC Multi Asset Allocation Fund
2016-12-07,,,,28.6041,HDFC Multi Asset Allocation Fund
2016-12-08,,,,28.6463,HDFC Multi Asset Allocation Fund
2016-12-09,,,,28.6727,HDFC Multi Asset Allocation Fund
2016-12-13,,,,28.6694,HDFC Multi Asset Allocation Fund
2016-12-14,,,,28.6252,HDFC Multi Asset Allocation Fund
2016-12-15,,,,28.6121,HDFC Multi Asset Allocation Fund
2016-12-16,,,,28.6026,HDFC Multi Asset Allocation Fund
2016-12-19,,,,28.5992,HDFC Multi Asset Allocation Fund
2016-12-20,,,,28.5726,HDFC Multi Asset Allocation Fund
2016-12-21,,,,28.5641,HDFC Multi Asset Allocation Fund
2016-12-22,,,,28.4987,HDFC Multi Asset Allocation Fund
2016-12-23,,,,28.4795,HDFC Multi Asset Allocation Fund
2016-12-26,,,,28.4025,HDFC Multi Asset Allocation Fund
2016-12-27,,,,28.4988,HDFC Multi Asset Allocation Fund
2016-12-28,,,,28.5059,HDFC Multi Asset Allocation Fund
2016-12-29,,,,28.5538,HDFC Multi Asset Allocation Fund
2016-12-30,,,,28.6338,HDFC Multi Asset Allocation Fund
2017-01-02,,,,28.671,HDFC Multi Asset Allocation Fund
2017-01-03,,,,28.7101,HDFC Multi Asset Allocation Fund
2017-01-04,,,,28.7126,HDFC Multi Asset Allocation Fund
2017-01-05,,,,28.7649,HDFC Multi Asset Allocation Fund
2017-01-06,,,,28.7566,HDFC Multi Asset Allocation Fund
2017-01-09,,,,28.8087,HDFC Multi Asset Allocation Fund
2017-01-10,,,,28.821,HDFC Multi Asset Allocation Fund
2017-01-11,,,,28.9241,HDFC Multi Asset Allocation Fund
2017-01-12,,,,28.9164,HDFC Multi Asset Allocation Fund
2017-01-13,,,,28.9104,HDFC Multi Asset Allocation Fund
2017-01-16,,,,28.9366,HDFC Multi Asset Allocation Fund
2017-01-17,,,,28.9568,HDFC Multi Asset Allocation Fund
2017-01-18,,,,28.9643,HDFC Multi Asset Allocation Fund
2017-01-19,,,,28.9832,HDFC Multi Asset Allocation Fund
2017-01-20,,,,28.9135,HDFC Multi Asset Allocation Fund
2017-01-23,,,,28.9572,HDFC Multi Asset Allocation Fund
2017-01-24,,,,28.9784,HDFC Multi Asset Allocation Fund
2017-01-25,,,,29.0412,HDFC Multi Asset Allocation Fund
2017-01-27,,,,29.0532,HDFC Multi Asset Allocation Fund
2017-01-30,,,,29.0446,HDFC Multi Asset Allocation Fund
2017-01-31,,,,28.9988,HDFC Multi Asset Allocation Fund
2017-02-01,,,,29.1035,HDFC Multi Asset Allocation Fund
2017-02-02,,,,29.1162,HDFC Multi Asset Allocation Fund
2017-02-03,,,,29.1703,HDFC Multi Asset Allocation Fund
2017-02-06,,,,29.222,HDFC Multi Asset Allocation Fund
2017-02-07,,,,29.1897,HDFC Multi Asset Allocation Fund
2017-02-08,,,,29.187,HDFC Multi Asset Allocation Fund
2017-02-09,,,,29.1938,HDFC Multi Asset Allocation Fund
2017-02-10,,,,29.2197,HDFC Multi Asset Allocation Fund
2017-02-13,,,,29.1958,HDFC Multi Asset Allocation Fund
2017-02-14,,,,29.1916,HDFC Multi Asset Allocation Fund
2017-02-15,,,,29.1021,HDFC Multi Asset Allocation Fund
2017-02-16,,,,29.1761,HDFC Multi Asset Allocation Fund
2017-02-17,,,,29.1861,HDFC Multi Asset Allocation Fund
2017-02-20,,,,29.2477,HDFC Multi Asset Allocation Fund
2017-02-22,,,,29.2486,HDFC Multi Asset Allocation Fund
2017-02-23,,,,29.2564,HDFC Multi Asset Allocation Fund
2017-02-27,,,,29.2855,HDFC Multi Asset Allocation Fund
2017-02-28,,,,29.3048,HDFC Multi Asset Allocation Fund
2017-03-01,,,,29.3465,HDFC Multi Asset Allocation Fund
2017-03-02,,,,29.3331,HDFC Multi Asset Allocation Fund
2017-03-03,,,,29.358,HDFC Multi Asset Allocation Fund
2017-03-06,,,,29.3941,HDFC Multi Asset Allocation Fund
2017-03-07,,,,29.3762,HDFC Multi Asset Allocation Fund
2017-03-08,,,,29.3692,HDFC Multi Asset Allocation Fund
2017-03-09,,,,29.3481,HDFC Multi Asset Allocation Fund
2017-03-10,,,,29.3492,HDFC Multi Asset Allocation Fund
2017-03-14,,,,29.4117,HDFC Multi Asset Allocation Fund
2017-03-15,,,,29.4204,HDFC Multi Asset Allocation Fund
2017-03-16,,,,29.5034,HDFC Multi Asset Allocation Fund
2017-03-17,,,,29.5078,HDFC Multi Asset Allocation Fund
2017-03-20,,,,29.5085,HDFC Multi Asset Allocation Fund
2017-03-21,,,,29.4937,HDFC Multi Asset Allocation Fund
2017-03-22,,,,29.4544,HDFC Multi Asset Allocation Fund
2017-03-23,,,,29.4832,HDFC Multi Asset Allocation Fund
2017-03-24,,,,29.5403,HDFC Multi Asset Allocation Fund
2017-03-27,,,,29.5644,HDFC Multi Asset Allocation Fund
2017-03-29,,,,29.6472,HDFC Multi Asset Allocation Fund
2017-03-30,,,,29.7015,HDFC Multi Asset Allocation Fund
2017-03-31,,,,29.7643,HDFC Multi Asset Allocation Fund
2017-04-03,,,,29.8158,HDFC Multi Asset Allocation Fund
2017-04-05,,,,29.8805,HDFC Multi Asset Allocation Fund
2017-04-06,,,,29.8808,HDFC Multi Asset Allocation Fund
2017-04-07,,,,29.854,HDFC Multi Asset Allocation Fund
2017-04-10,,,,29.8858,HDFC Multi Asset Allocation Fund
2017-04-11,,,,29.9418,HDFC Multi Asset Allocation Fund
2017-04-12,,,,29.924,HDFC Multi Asset Allocation Fund
2017-04-13,,,,29.9094,HDFC Multi Asset Allocation Fund
2017-04-17,,,,29.9197,HDFC Multi Asset Allocation Fund
2017-04-18,,,,29.8761,HDFC Multi Asset Allocation Fund
2017-04-19,,,,29.8707,HDFC Multi Asset Allocation Fund
2017-04-20,,,,29.9017,HDFC Multi Asset Allocation Fund
2017-04-21,,,,29.9078,HDFC Multi Asset Allocation Fund
2017-04-24,,,,29.968,HDFC Multi Asset Allocation Fund
2017-04-25,,,,29.9937,HDFC Multi Asset Allocation Fund
2017-04-26,,,,29.9783,HDFC Multi Asset Allocation Fund
2017-04-27,,,,29.9788,HDFC Multi Asset Allocation Fund
2017-04-28,,,,30.0079,HDFC Multi Asset Allocation Fund
2017-05-02,,,,30.0447,HDFC Multi Asset Allocation Fund
2017-05-03,,,,30.0411,HDFC Multi Asset Allocation Fund
2017-05-04,,,,30.0741,HDFC Multi Asset Allocation Fund
2017-05-05,,,,30.034,HDFC Multi Asset Allocation Fund
2017-05-08,,,,30.0696,HDFC Multi Asset Allocation Fund
2017-05-09,,,,30.102,HDFC Multi Asset Allocation Fund
2017-05-11,,,,30.1449,HDFC Multi Asset Allocation Fund
2017-05-12,,,,30.1285,HDFC Multi Asset Allocation Fund
2017-05-15,,,,30.1795,HDFC Multi Asset Allocation Fund
2017-05-16,,,,30.2024,HDFC Multi Asset Allocation Fund
2017-05-17,,,,30.2143,HDFC Multi Asset Allocation Fund
2017-05-18,,,,30.1381,HDFC Multi Asset Allocation Fund
2017-05-19,,,,30.1029,HDFC Multi Asset Allocation Fund
2017-05-22,,,,30.0563,HDFC Multi Asset Allocation Fund
2017-05-23,,,,29.988,HDFC Multi Asset Allocation Fund
2017-05-24,,,,29.9402,HDFC Multi Asset Allocation Fund
2017-05-25,,,,30.027,HDFC Multi Asset Allocation Fund
2017-05-26,,,,30.1062,HDFC Multi Asset Allocation Fund
2017-05-29,,,,30.0806,HDFC Multi Asset Allocation Fund
2017-05-30,,,,30.1046,HDFC Multi Asset Allocation Fund
2017-05-31,,,,30.1449,HDFC Multi Asset Allocation Fund
2017-06-01,,,,30.1817,HDFC Multi Asset Allocation Fund
2017-06-02,,,,30.1812,HDFC Multi Asset Allocation Fund
2017-06-05,,,,30.2094,HDFC Multi Asset Allocation Fund
2017-06-06,,,,30.1842,HDFC Multi Asset Allocation Fund
2017-06-07,,,,30.1883,HDFC Multi Asset Allocation Fund
2017-06-08,,,,30.2122,HDFC Multi Asset Allocation Fund
2017-06-09,,,,30.2289,HDFC Multi Asset Allocation Fund
2017-06-12,,,,30.2086,HDFC Multi Asset Allocation Fund
2017-06-13,,,,30.2237,HDFC Multi Asset Allocation Fund
2017-06-14,,,,30.2683,HDFC Multi Asset Allocation Fund
2017-06-15,,,,30.2907,HDFC Multi Asset Allocation Fund
2017-06-16,,,,30.2948,HDFC Multi Asset Allocation Fund
2017-06-19,,,,30.3479,HDFC Multi Asset Allocation Fund
2017-06-20,,,,30.3957,HDFC Multi Asset Allocation Fund
2017-06-21,,,,30.3979,HDFC Multi Asset Allocation Fund
2017-06-22,,,,30.3984,HDFC Multi Asset Allocation Fund
2017-06-23,,,,30.3438,HDFC Multi Asset Allocation Fund
2017-06-27,,,,30.2552,HDFC Multi Asset Allocation Fund
2017-06-28,,,,30.2681,HDFC Multi Asset Allocation Fund
2017-06-29,,,,30.2854,HDFC Multi Asset Allocation Fund
2017-06-30,,,,30.3386,HDFC Multi Asset Allocation Fund
2017-07-03,,,,30.4418,HDFC Multi Asset Allocation Fund
2017-07-04,,,,30.4401,HDFC Multi Asset Allocation Fund
2017-07-05,,,,30.5448,HDFC Multi Asset Allocation Fund
2017-07-06,,,,30.5996,HDFC Multi Asset Allocation Fund
2017-07-07,,,,30.5863,HDFC Multi Asset Allocation Fund
2017-07-10,,,,30.6382,HDFC Multi Asset Allocation Fund
2017-07-11,,,,30.6315,HDFC Multi Asset Allocation Fund
2017-07-12,,,,30.6556,HDFC Multi Asset Allocation Fund
2017-07-13,,,,30.6808,HDFC Multi Asset Allocation Fund
2017-07-14,,,,30.6769,HDFC Multi Asset Allocation Fund
2017-07-17,,,,30.6718,HDFC Multi Asset Allocation Fund
2017-07-18,,,,30.6268,HDFC Multi Asset Allocation Fund
2017-07-19,,,,30.6768,HDFC Multi Asset Allocation Fund
2017-07-20,,,,30.7129,HDFC Multi Asset Allocation Fund
2017-07-21,,,,30.7395,HDFC Multi Asset Allocation Fund
2017-07-24,,,,30.7443,HDFC Multi Asset Allocation Fund
2017-07-25,,,,30.7244,HDFC Multi Asset Allocation Fund
2017-07-26,,,,30.7313,HDFC Multi Asset Allocation Fund
2017-07-27,,,,30.725,HDFC Multi Asset Allocation Fund
2017-07-28,,,,30.7391,HDFC Multi Asset Allocation Fund
2017-07-31,,,,30.7818,HDFC Multi Asset Allocation Fund
2017-08-01,,,,30.7404,HDFC Multi Asset Allocation Fund
2017-08-02,,,,30.6956,HDFC Multi Asset Allocation Fund
2017-08-03,,,,30.6427,HDFC Multi Asset Allocation Fund
2017-08-04,,,,30.6674,HDFC Multi Asset Allocation Fund
2017-08-07,,,,30.7259,HDFC Multi Asset Allocation Fund
2017-08-08,,,,30.6647,HDFC Multi Asset Allocation Fund
2017-08-09,,,,30.5783,HDFC Multi Asset Allocation Fund
2017-08-10,,,,30.471,HDFC Multi Asset Allocation Fund
2017-08-11,,,,30.4075,HDFC Multi Asset Allocation Fund
2017-08-14,,,,30.4847,HDFC Multi Asset Allocation Fund
2017-08-16,,,,30.5591,HDFC Multi Asset Allocation Fund
2017-08-18,,,,30.5709,HDFC Multi Asset Allocation Fund
2017-08-21,,,,30.5057,HDFC Multi Asset Allocation Fund
2017-08-22,,,,30.4794,HDFC Multi Asset Allocation Fund
2017-08-23,,,,30.5448,HDFC Multi Asset Allocation Fund
2017-08-24,,,,30.5597,HDFC Multi Asset Allocation Fund
2017-08-28,,,,30.6047,HDFC Multi Asset Allocation Fund
2017-08-29,,,,30.5697,HDFC Multi Asset Allocation Fund
2017-08-30,,,,30.6243,HDFC Multi Asset Allocation Fund
2017-08-31,,,,30.6418,HDFC Multi Asset Allocation Fund
2017-09-01,,,,30.6933,HDFC Multi Asset Allocation Fund
2017-09-04,,,,30.6539,HDFC Multi Asset Allocation Fund
2017-09-05,,,,30.6778,HDFC Multi Asset Allocation Fund
2017-09-06,,,,30.6683,HDFC Multi Asset Allocation Fund
2017-09-07,,,,30.6938,HDFC Multi Asset Allocation Fund
2017-09-08,,,,30.6892,HDFC Multi Asset Allocation Fund
2017-09-11,,,,30.7456,HDFC Multi Asset Allocation Fund
2017-09-12,,,,30.8181,HDFC Multi Asset Allocation Fund
2017-09-13,,,,30.7953,HDFC Multi Asset Allocation Fund
2017-09-14,,,,30.8383,HDFC Multi Asset Allocation Fund
2017-09-15,,,,30.9063,HDFC Multi Asset Allocation Fund
2017-09-18,,,,31.0031,HDFC Multi Asset Allocation Fund
2017-09-19,,,,31.0084,HDFC Multi Asset Allocation Fund
2017-09-20,,,,31.0304,HDFC Multi Asset Allocation Fund
2017-09-21,,,,31.0346,HDFC Multi Asset Allocation Fund
2017-09-22,,,,30.8796,HDFC Multi Asset Allocation Fund
2017-09-25,,,,30.8024,HDFC Multi Asset Allocation Fund
2017-09-26,,,,30.8646,HDFC Multi Asset Allocation Fund
2017-09-27,,,,30.7875,HDFC Multi Asset Allocation Fund
2017-09-28,,,,30.8363,HDFC Multi Asset Allocation Fund
2017-09-29,,,,30.8686,HDFC Multi Asset Allocation Fund
2017-10-03,,,,30.939,HDFC Multi Asset Allocation Fund
2017-10-04,,,,31.0045,HDFC Multi Asset Allocation Fund
2017-10-05,,,,31.0352,HDFC Multi Asset Allocation Fund
2017-10-06,,,,31.0931,HDFC Multi Asset Allocation Fund
2017-10-09,,,,31.1013,HDFC Multi Asset Allocation Fund
2017-10-10,,,,31.1211,HDFC Multi Asset Allocation Fund
2017-10-11,,,,31.0578,HDFC Multi Asset Allocation Fund
2017-10-12,,,,31.1401,HDFC Multi Asset Allocation Fund
2017-10-13,,,,31.1757,HDFC Multi Asset Allocation Fund
2017-10-16,,,,31.2176,HDFC Multi Asset Allocation Fund
2017-10-17,,,,31.2326,HDFC Multi Asset Allocation Fund
2017-10-18,,,,31.2151,HDFC Multi Asset Allocation Fund
2017-10-23,,,,31.2162,HDFC Multi Asset Allocation Fund
2017-10-24,,,,31.2235,HDFC Multi Asset Allocation Fund
2017-10-25,,,,31.3942,HDFC Multi Asset Allocation Fund
2017-10-26,,,,31.4225,HDFC Multi Asset Allocation Fund
2017-10-27,,,,31.4238,HDFC Multi Asset Allocation Fund
2017-10-30,,,,31.4951,HDFC Multi Asset Allocation Fund
2017-10-31,,,,31.5662,HDFC Multi Asset Allocation Fund
2017-11-01,,,,31.6367,HDFC Multi Asset Allocation Fund
2017-11-02,,,,31.6487,HDFC Multi Asset Allocation Fund
2017-11-03,,,,31.6772,HDFC Multi Asset Allocation Fund
2017-11-06,,,,31.7269,HDFC Multi Asset Allocation Fund
2017-11-07,,,,31.7212,HDFC Multi Asset Allocation Fund
2017-11-08,,,,31.6331,HDFC Multi Asset Allocation Fund
2017-11-09,,,,31.6972,HDFC Multi Asset Allocation Fund
2017-11-10,,,,31.724,HDFC Multi Asset Allocation Fund
2017-11-13,,,,31.7051,HDFC Multi Asset Allocation Fund
2017-11-14,,,,31.7121,HDFC Multi Asset Allocation Fund
2017-11-15,,,,31.6603,HDFC Multi Asset Allocation Fund
2017-11-16,,,,31.7311,HDFC Multi Asset Allocation Fund
2017-11-17,,,,31.7295,HDFC Multi Asset Allocation Fund
2017-11-20,,,,31.7551,HDFC Multi Asset Allocation Fund
2017-11-21,,,,31.7778,HDFC Multi Asset Allocation Fund
2017-11-22,,,,31.8181,HDFC Multi Asset Allocation Fund
2017-11-23,,,,31.8217,HDFC Multi Asset Allocation Fund
2017-11-24,,,,31.8482,HDFC Multi Asset Allocation Fund
2017-11-27,,,,31.8624,HDFC Multi Asset Allocation Fund
2017-11-28,,,,31.8466,HDFC Multi Asset Allocation Fund
2017-11-29,,,,31.8326,HDFC Multi Asset Allocation Fund
2017-11-30,,,,31.8246,HDFC Multi Asset Allocation Fund
2017-12-04,,,,31.7474,HDFC Multi Asset Allocation Fund
2017-12-05,,,,31.7839,HDFC Multi Asset Allocation Fund
2017-12-06,,,,31.7559,HDFC Multi Asset Allocation Fund
2017-12-07,,,,31.8327,HDFC Multi Asset Allocation Fund
2017-12-08,,,,31.8716,HDFC Multi Asset Allocation Fund
2017-12-11,,,,31.9129,HDFC Multi Asset Allocation Fund
2017-12-12,,,,31.9191,HDFC Multi Asset Allocation Fund
2017-12-13,,,,31.8787,HDFC Multi Asset Allocation Fund
2017-12-14,,,,31.854,HDFC Multi Asset Allocation Fund
2017-12-15,,,,31.9484,HDFC Multi Asset Allocation Fund
2017-12-18,,,,31.9858,HDFC Multi Asset Allocation Fund
2017-12-19,,,,32.0388,HDFC Multi Asset Allocation Fund
2017-12-20,,,,32.0709,HDFC Multi Asset Allocation Fund
2017-12-21,,,,32.0766,HDFC Multi Asset Allocation Fund
2017-12-22,,,,32.1451,HDFC Multi Asset Allocation Fund
2017-12-26,,,,32.1614,HDFC Multi Asset Allocation Fund
2017-12-27,,,,32.1259,HDFC Multi Asset Allocation Fund
2017-12-28,,,,32.1623,HDFC Multi Asset Allocation Fund
2017-12-29,,,,32.2004,HDFC Multi Asset Allocation Fund
2018-01-01,,,,32.2113,HDFC Multi Asset Allocation Fund
2018-01-02,,,,32.2049,HDFC Multi Asset Allocation Fund
2018-01-03,,,,32.2956,HDFC Multi Asset Allocation Fund
2018-01-04,,,,32.3712,HDFC Multi Asset Allocation Fund
2018-01-05,,,,32.4039,HDFC Multi Asset Allocation Fund
2018-01-08,,,,32.5089,HDFC Multi Asset Allocation Fund
2018-01-09,,,,32.4641,HDFC Multi Asset Allocation Fund
2018-01-10,,,,32.4371,HDFC Multi Asset Allocation Fund
2018-01-11,,,,32.4295,HDFC Multi Asset Allocation Fund
2018-01-12,,,,32.4143,HDFC Multi Asset Allocation Fund
2018-01-15,,,,32.4213,HDFC Multi Asset Allocation Fund
2018-01-16,,,,32.3285,HDFC Multi Asset Allocation Fund
2018-01-17,,,,32.3616,HDFC Multi Asset Allocation Fund
2018-01-18,,,,32.2536,HDFC Multi Asset Allocation Fund
2018-01-19,,,,32.3376,HDFC Multi Asset Allocation Fund
2018-01-22,,,,32.3804,HDFC Multi Asset Allocation Fund
2018-01-23,,,,32.4154,HDFC Multi Asset Allocation Fund
2018-01-24,,,,32.4534,HDFC Multi Asset Allocation Fund
2018-01-25,,,,32.4092,HDFC Multi Asset Allocation Fund
2018-01-29,,,,32.3743,HDFC Multi Asset Allocation Fund
2018-01-30,,,,32.3279,HDFC Multi Asset Allocation Fund
2018-01-31,,,,32.2705,HDFC Multi Asset Allocation Fund
2018-02-01,,,,32.2485,HDFC Multi Asset Allocation Fund
2018-02-02,,,,32.1047,HDFC Multi Asset Allocation Fund
2018-02-05,,,,32.094,HDFC Multi Asset Allocation Fund
2018-02-06,,,,32.0051,HDFC Multi Asset Allocation Fund
2018-02-07,,,,32.0845,HDFC Multi Asset Allocation Fund
2018-02-08,,,,32.1887,HDFC Multi Asset Allocation Fund
2018-02-09,,,,32.1918,HDFC Multi Asset Allocation Fund
2018-02-12,,,,32.2269,HDFC Multi Asset Allocation Fund
2018-02-14,,,,32.218,HDFC Multi Asset Allocation Fund
2018-02-15,,,,32.1697,HDFC Multi Asset Allocation Fund
2018-02-16,,,,32.1236,HDFC Multi Asset Allocation Fund
2018-02-20,,,,32.0462,HDFC Multi Asset Allocation Fund
2018-02-21,,,,32.0448,HDFC Multi Asset Allocation Fund
2018-02-22,,,,32.0288,HDFC Multi Asset Allocation Fund
2018-02-23,,,,32.1163,HDFC Multi Asset Allocation Fund
2018-02-26,,,,32.1381,HDFC Multi Asset Allocation Fund
2018-02-27,,,,32.1205,HDFC Multi Asset Allocation Fund
2018-02-28,,,,32.1295,HDFC Multi Asset Allocation Fund
2018-03-01,,,,32.1014,HDFC Multi Asset Allocation Fund
2018-03-05,,,,32.0771,HDFC Multi Asset Allocation Fund
2018-03-06,,,,32.0166,HDFC Multi Asset Allocation Fund
2018-03-07,,,,31.9366,HDFC Multi Asset Allocation Fund
2018-03-08,,,,31.9569,HDFC Multi Asset Allocation Fund
2018-03-09,,,,31.9773,HDFC Multi Asset Allocation Fund
2018-03-12,,,,32.0062,HDFC Multi Asset Allocation Fund
2018-03-13,,,,32.054,HDFC Multi Asset Allocation Fund
2018-03-14,,,,32.0618,HDFC Multi Asset Allocation Fund
2018-03-15,,,,32.112,HDFC Multi Asset Allocation Fund
2018-03-16,,,,32.0624,HDFC Multi Asset Allocation Fund
2018-03-19,,,,31.9553,HDFC Multi Asset Allocation Fund
2018-03-20,,,,31.9986,HDFC Multi Asset Allocation Fund
2018-03-21,,,,32.0124,HDFC Multi Asset Allocation Fund
2018-03-22,,,,31.984,HDFC Multi Asset Allocation Fund
2018-03-23,,,,31.9209,HDFC Multi Asset Allocation Fund
2018-03-26,,,,31.9621,HDFC Multi Asset Allocation Fund
2018-03-27,,,,32.0003,HDFC Multi Asset Allocation Fund
2018-03-28,,,,31.9849,HDFC Multi Asset Allocation Fund
2018-04-03,,,,32.1852,HDFC Multi Asset Allocation Fund
2018-04-04,,,,32.1801,HDFC Multi Asset Allocation Fund
2018-04-05,,,,32.284,HDFC Multi Asset Allocation Fund
2018-04-06,,,,32.3159,HDFC Multi Asset Allocation Fund
2018-04-09,,,,32.3278,HDFC Multi Asset Allocation Fund
2018-04-10,,,,32.3218,HDFC Multi Asset Allocation Fund
2018-04-11,,,,32.3301,HDFC Multi Asset Allocation Fund
2018-04-12,,,,32.3102,HDFC Multi Asset Allocation Fund
2018-04-13,,,,32.3247,HDFC Multi Asset Allocation Fund
2018-04-16,,,,32.311,HDFC Multi Asset Allocation Fund
2018-04-17,,,,32.3052,HDFC Multi Asset Allocation Fund
2018-04-18,,,,32.3035,HDFC Multi Asset Allocation Fund
2018-04-19,,,,32.3366,HDFC Multi Asset Allocation Fund
2018-04-20,,,,32.3588,HDFC Multi Asset Allocation Fund
2018-04-23,,,,32.3829,HDFC Multi Asset Allocation Fund
2018-04-24,,,,32.3599,HDFC Multi Asset Allocation Fund
2018-04-25,,,,32.3435,HDFC Multi Asset Allocation Fund
2018-04-26,,,,32.3694,HDFC Multi Asset Allocation Fund
2018-04-27,,,,32.4071,HDFC Multi Asset Allocation Fund
2018-05-02,,,,32.4085,HDFC Multi Asset Allocation Fund
2018-05-03,,,,32.3763,HDFC Multi Asset Allocation Fund
2018-05-04,,,,32.3817,HDFC Multi Asset Allocation Fund
2018-05-07,,,,32.4005,HDFC Multi Asset Allocation Fund
2018-05-08,,,,32.397,HDFC Multi Asset Allocation Fund
2018-05-09,,,,32.3591,HDFC Multi Asset Allocation Fund
2018-05-10,,,,32.3068,HDFC Multi Asset Allocation Fund
2018-05-11,,,,32.3308,HDFC Multi Asset Allocation Fund
2018-05-14,,,,32.318,HDFC Multi Asset Allocation Fund
2018-05-15,,,,32.2535,HDFC Multi Asset Allocation Fund
2018-05-16,,,,32.2464,HDFC Multi Asset Allocation Fund
2018-05-17,,,,32.2418,HDFC Multi Asset Allocation Fund
2018-05-18,,,,32.1909,HDFC Multi Asset Allocation Fund
2018-05-21,,,,32.119,HDFC Multi Asset Allocation Fund
2018-05-22,,,,32.1377,HDFC Multi Asset Allocation Fund
2018-05-23,,,,32.1448,HDFC Multi Asset Allocation Fund
2018-05-24,,,,32.1458,HDFC Multi Asset Allocation Fund
2018-05-25,,,,32.1956,HDFC Multi Asset Allocation Fund
2018-05-28,,,,32.269,HDFC Multi Asset Allocation Fund
2018-05-29,,,,32.2571,HDFC Multi Asset Allocation Fund
2018-05-30,,,,32.2577,HDFC Multi Asset Allocation Fund
2018-05-31,,,,32.3393,HDFC Multi Asset Allocation Fund
2018-06-01,,,,32.208,HDFC Multi Asset Allocation Fund
2018-06-04,,,,31.944,HDFC Multi Asset Allocation Fund
2018-06-05,,,,31.679,HDFC Multi Asset Allocation Fund
2018-06-06,,,,31.911,HDFC Multi Asset Allocation Fund
2018-06-07,,,,32.186,HDFC Multi Asset Allocation Fund
2018-06-08,,,,32.239,HDFC Multi Asset Allocation Fund
2018-06-11,,,,32.263,HDFC Multi Asset Allocation Fund
2018-06-12,,,,32.451,HDFC Multi Asset Allocation Fund
2018-06-13,,,,32.468,HDFC Multi Asset Allocation Fund
2018-06-14,,,,32.411,HDFC Multi Asset Allocation Fund
2018-06-15,,,,32.379,HDFC Multi Asset Allocation Fund
2018-06-18,,,,32.235,HDFC Multi Asset Allocation Fund
2018-06-19,,,,32.017,HDFC Multi Asset Allocation Fund
2018-06-20,,,,32.07,HDFC Multi Asset Allocation Fund
2018-06-21,,,,31.976,HDFC Multi Asset Allocation Fund
2018-06-22,,,,32.076,HDFC Multi Asset Allocation Fund
2018-06-25,,,,32.009,HDFC Multi Asset Allocation Fund
2018-06-26,,,,31.924,HDFC Multi Asset Allocation Fund
2018-06-27,,,,31.718,HDFC Multi Asset Allocation Fund
2018-06-28,,,,31.497,HDFC Multi Asset Allocation Fund
2018-06-29,,,,31.72,HDFC Multi Asset Allocation Fund
2018-07-02,,,,31.613,HDFC Multi Asset Allocation Fund
2018-07-03,,,,31.672,HDFC Multi Asset Allocation Fund
2018-07-04,,,,31.8,HDFC Multi Asset Allocation Fund
2018-07-05,,,,31.773,HDFC Multi Asset Allocation Fund
2018-07-06,,,,31.84,HDFC Multi Asset Allocation Fund
2018-07-09,,,,32.03,HDFC Multi Asset Allocation Fund
2018-07-10,,,,32.215,HDFC Multi Asset Allocation Fund
2018-07-11,,,,32.196,HDFC Multi Asset Allocation Fund
2018-07-12,,,,32.329,HDFC Multi Asset Allocation Fund
2018-07-13,,,,32.27,HDFC Multi Asset Allocation Fund
2018-07-16,,,,32.065,HDFC Multi Asset Allocation Fund
2018-07-17,,,,32.183,HDFC Multi Asset Allocation Fund
2018-07-18,,,,32.035,HDFC Multi Asset Allocation Fund
2018-07-19,,,,31.953,HDFC Multi Asset Allocation Fund
2018-07-20,,,,32.119,HDFC Multi Asset Allocation Fund
2018-07-23,,,,32.283,HDFC Multi Asset Allocation Fund
2018-07-24,,,,32.585,HDFC Multi Asset Allocation Fund
2018-07-25,,,,32.642,HDFC Multi Asset Allocation Fund
2018-07-26,,,,32.758,HDFC Multi Asset Allocation Fund
2018-07-27,,,,32.921,HDFC Multi Asset Allocation Fund
2018-07-30,,,,32.962,HDFC Multi Asset Allocation Fund
2018-07-31,,,,32.941,HDFC Multi Asset Allocation Fund
2018-08-01,,,,32.965,HDFC Multi Asset Allocation Fund
2018-08-02,,,,32.786,HDFC Multi Asset Allocation Fund
2018-08-03,,,,32.986,HDFC Multi Asset Allocation Fund
2018-08-06,,,,32.983,HDFC Multi Asset Allocation Fund
2018-08-07,,,,32.929,HDFC Multi Asset Allocation Fund
2018-08-08,,,,32.968,HDFC Multi Asset Allocation Fund
2018-08-09,,,,32.947,HDFC Multi Asset Allocation Fund
2018-08-10,,,,32.788,HDFC Multi Asset Allocation Fund
2018-08-13,,,,32.651,HDFC Multi Asset Allocation Fund
2018-08-14,,,,32.733,HDFC Multi Asset Allocation Fund
2018-08-16,,,,32.66,HDFC Multi Asset Allocation Fund
2018-08-17,,,,32.888,HDFC Multi Asset Allocation Fund
2018-08-20,,,,33.001,HDFC Multi Asset Allocation Fund
2018-08-21,,,,33.147,HDFC Multi Asset Allocation Fund
2018-08-23,,,,33.148,HDFC Multi Asset Allocation Fund
2018-08-24,,,,33.076,HDFC Multi Asset Allocation Fund
2018-08-27,,,,33.262,HDFC Multi Asset Allocation Fund
2018-08-28,,,,33.439,HDFC Multi Asset Allocation Fund
2018-08-29,,,,33.381,HDFC Multi Asset Allocation Fund
2018-08-30,,,,33.377,HDFC Multi Asset Allocation Fund
2018-08-31,,,,33.451,HDFC Multi Asset Allocation Fund
2018-09-03,,,,33.27,HDFC Multi Asset Allocation Fund
2018-09-04,,,,33.072,HDFC Multi Asset Allocation Fund
2018-09-05,,,,33.013,HDFC Multi Asset Allocation Fund
2018-09-06,,,,33.184,HDFC Multi Asset Allocation Fund
2018-09-07,,,,33.256,HDFC Multi Asset Allocation Fund
2018-09-10,,,,32.977,HDFC Multi Asset Allocation Fund
2018-09-11,,,,32.731,HDFC Multi Asset Allocation Fund
2018-09-12,,,,32.875,HDFC Multi Asset Allocation Fund
2018-09-14,,,,33.127,HDFC Multi Asset Allocation Fund
2018-09-17,,,,32.974,HDFC Multi Asset Allocation Fund
2018-09-18,,,,32.711,HDFC Multi Asset Allocation Fund
2018-09-19,,,,32.623,HDFC Multi Asset Allocation Fund
2018-09-21,,,,32.294,HDFC Multi Asset Allocation Fund
2018-09-24,,,,31.947,HDFC Multi Asset Allocation Fund
2018-09-25,,,,32.072,HDFC Multi Asset Allocation Fund
2018-09-26,,,,32.019,HDFC Multi Asset Allocation Fund
2018-09-27,,,,31.831,HDFC Multi Asset Allocation Fund
2018-09-28,,,,31.653,HDFC Multi Asset Allocation Fund
2018-10-01,,,,31.771,HDFC Multi Asset Allocation Fund
2018-10-03,,,,31.571,HDFC Multi Asset Allocation Fund
2018-10-04,,,,31.134,HDFC Multi Asset Allocation Fund
2018-10-05,,,,30.669,HDFC Multi Asset Allocation Fund
2018-10-08,,,,30.521,HDFC Multi Asset Allocation Fund
2018-10-09,,,,30.412,HDFC Multi Asset Allocation Fund
2018-10-10,,,,30.92,HDFC Multi Asset Allocation Fund
2018-10-11,,,,30.517,HDFC Multi Asset Allocation Fund
2018-10-12,,,,30.909,HDFC Multi Asset Allocation Fund
2018-10-15,,,,31.137,HDFC Multi Asset Allocation Fund
2018-10-16,,,,31.296,HDFC Multi Asset Allocation Fund
2018-10-17,,,,31.055,HDFC Multi Asset Allocation Fund
2018-10-19,,,,30.772,HDFC Multi Asset Allocation Fund
2018-10-22,,,,30.589,HDFC Multi Asset Allocation Fund
2018-10-23,,,,30.418,HDFC Multi Asset Allocation Fund
2018-10-24,,,,30.468,HDFC Multi Asset Allocation Fund
2018-10-25,,,,30.344,HDFC Multi Asset Allocation Fund
2018-10-26,,,,30.316,HDFC Multi Asset Allocation Fund
2018-10-29,,,,30.763,HDFC Multi Asset Allocation Fund
2018-10-30,,,,30.716,HDFC Multi Asset Allocation Fund
2018-10-31,,,,31.101,HDFC Multi Asset Allocation Fund
2018-11-01,,,,31.134,HDFC Multi Asset Allocation Fund
2018-11-02,,,,31.418,HDFC Multi Asset Allocation Fund
2018-11-05,,,,31.327,HDFC Multi Asset Allocation Fund
2018-11-06,,,,31.274,HDFC Multi Asset Allocation Fund
2018-11-09,,,,31.389,HDFC Multi Asset Allocation Fund
2018-11-12,,,,31.185,HDFC Multi Asset Allocation Fund
2018-11-13,,,,31.29,HDFC Multi Asset Allocation Fund
2018-11-14,,,,31.3,HDFC Multi Asset Allocation Fund
2018-11-15,,,,31.357,HDFC Multi Asset Allocation Fund
2018-11-16,,,,31.388,HDFC Multi Asset Allocation Fund
2018-11-19,,,,31.539,HDFC Multi Asset Allocation Fund
2018-11-20,,,,31.293,HDFC Multi Asset Allocation Fund
2018-11-21,,,,31.152,HDFC Multi Asset Allocation Fund
2018-11-22,,,,31.08,HDFC Multi Asset Allocation Fund
2018-11-26,,,,31.156,HDFC Multi Asset Allocation Fund
2018-11-27,,,,31.255,HDFC Multi Asset Allocation Fund
2018-11-28,,,,31.256,HDFC Multi Asset Allocation Fund
2018-11-29,,,,31.408,HDFC Multi Asset Allocation Fund
2018-11-30,,,,31.41,HDFC Multi Asset Allocation Fund
2018-12-03,,,,31.449,HDFC Multi Asset Allocation Fund
2018-12-04,,,,31.486,HDFC Multi Asset Allocation Fund
2018-12-05,,,,31.305,HDFC Multi Asset Allocation Fund
2018-12-06,,,,31.059,HDFC Multi Asset Allocation Fund
2018-12-07,,,,31.123,HDFC Multi Asset Allocation Fund
2018-12-10,,,,30.791,HDFC Multi Asset Allocation Fund
2018-12-11,,,,30.948,HDFC Multi Asset Allocation Fund
2018-12-12,,,,31.333,HDFC Multi Asset Allocation Fund
2018-12-13,,,,31.443,HDFC Multi Asset Allocation Fund
2018-12-14,,,,31.477,HDFC Multi Asset Allocation Fund
2018-12-17,,,,31.637,HDFC Multi Asset Allocation Fund
2018-12-18,,,,31.647,HDFC Multi Asset Allocation Fund
2018-12-19,,,,31.773,HDFC Multi Asset Allocation Fund
2018-12-20,,,,31.788,HDFC Multi Asset Allocation Fund
2018-12-21,,,,31.574,HDFC Multi Asset Allocation Fund
2018-12-24,,,,31.365,HDFC Multi Asset Allocation Fund
2018-12-26,,,,31.425,HDFC Multi Asset Allocation Fund
2018-12-27,,,,31.543,HDFC Multi Asset Allocation Fund
2018-12-28,,,,31.715,HDFC Multi Asset Allocation Fund
2018-12-31,,,,31.785,HDFC Multi Asset Allocation Fund
2019-01-01,,,,31.948,HDFC Multi Asset Allocation Fund
2019-01-02,,,,31.824,HDFC Multi Asset Allocation Fund
2019-01-03,,,,31.62,HDFC Multi Asset Allocation Fund
2019-01-04,,,,31.68,HDFC Multi Asset Allocation Fund
2019-01-07,,,,31.746,HDFC Multi Asset Allocation Fund
2019-01-08,,,,31.783,HDFC Multi Asset Allocation Fund
2019-01-09,,,,31.874,HDFC Multi Asset Allocation Fund
2019-01-10,,,,31.847,HDFC Multi Asset Allocation Fund
2019-01-11,,,,31.796,HDFC Multi Asset Allocation Fund
2019-01-14,,,,31.782,HDFC Multi Asset Allocation Fund
2019-01-15,,,,32.029,HDFC Multi Asset Allocation Fund
2019-01-16,,,,32.096,HDFC Multi Asset Allocation Fund
2019-01-17,,,,32.124,HDFC Multi Asset Allocation Fund
2019-01-18,,,,32.001,HDFC Multi Asset Allocation Fund
2019-01-21,,,,32.072,HDFC Multi Asset Allocation Fund
2019-01-22,,,,31.991,HDFC Multi Asset Allocation Fund
2019-01-23,,,,31.804,HDFC Multi Asset Allocation Fund
2019-01-24,,,,31.783,HDFC Multi Asset Allocation Fund
2019-01-25,,,,31.626,HDFC Multi Asset Allocation Fund
2019-01-28,,,,31.461,HDFC Multi Asset Allocation Fund
2019-01-29,,,,31.478,HDFC Multi Asset Allocation Fund
2019-01-30,,,,31.566,HDFC Multi Asset Allocation Fund
2019-01-31,,,,31.847,HDFC Multi Asset Allocation Fund
2019-02-01,,,,31.962,HDFC Multi Asset Allocation Fund
2019-02-04,,,,31.932,HDFC Multi Asset Allocation Fund
2019-02-05,,,,31.806,HDFC Multi Asset Allocation Fund
2019-02-06,,,,31.864,HDFC Multi Asset Allocation Fund
2019-02-07,,,,31.925,HDFC Multi Asset Allocation Fund
2019-02-08,,,,31.657,HDFC Multi Asset Allocation Fund
2019-02-11,,,,31.491,HDFC Multi Asset Allocation Fund
2019-02-12,,,,31.343,HDFC Multi Asset Allocation Fund
2019-02-13,,,,31.231,HDFC Multi Asset Allocation Fund
2019-02-14,,,,31.146,HDFC Multi Asset Allocation Fund
2019-02-15,,,,31.135,HDFC Multi Asset Allocation Fund
2019-02-18,,,,30.972,HDFC Multi Asset Allocation Fund
2019-02-19,,,,31.053,HDFC Multi Asset Allocation Fund
2019-02-20,,,,31.25,HDFC Multi Asset Allocation Fund
2019-02-21,,,,31.364,HDFC Multi Asset Allocation Fund
2019-02-22,,,,31.427,HDFC Multi Asset Allocation Fund
2019-02-25,,,,31.673,HDFC Multi Asset Allocation Fund
2019-02-26,,,,31.594,HDFC Multi Asset Allocation Fund
2019-02-27,,,,31.521,HDFC Multi Asset Allocation Fund
2019-02-28,,,,31.579,HDFC Multi Asset Allocation Fund
2019-03-01,,,,31.771,HDFC Multi Asset Allocation Fund
2019-03-05,,,,32.091,HDFC Multi Asset Allocation Fund
2019-03-06,,,,32.261,HDFC Multi Asset Allocation Fund
2019-03-07,,,,32.341,HDFC Multi Asset Allocation Fund
2019-03-08,,,,32.246,HDFC Multi Asset Allocation Fund
2019-03-11,,,,32.524,HDFC Multi Asset Allocation Fund
2019-03-12,,,,32.814,HDFC Multi Asset Allocation Fund
2019-03-13,,,,32.866,HDFC Multi Asset Allocation Fund
2019-03-14,,,,32.831,HDFC Multi Asset Allocation Fund
2019-03-15,,,,32.932,HDFC Multi Asset Allocation Fund
2019-03-18,,,,32.932,HDFC Multi Asset Allocation Fund
2019-03-19,,,,33.069,HDFC Multi Asset Allocation Fund
2019-03-20,,,,33.094,HDFC Multi Asset Allocation Fund
2019-03-22,,,,32.976,HDFC Multi Asset Allocation Fund
2019-03-25,,,,32.864,HDFC Multi Asset Allocation Fund
2019-03-26,,,,33.082,HDFC Multi Asset Allocation Fund
2019-03-27,,,,33.133,HDFC Multi Asset Allocation Fund
2019-03-28,,,,33.318,HDFC Multi Asset Allocation Fund
2019-03-29,,,,33.478,HDFC Multi Asset Allocation Fund
2019-04-01,,,,33.585,HDFC Multi Asset Allocation Fund
2019-04-02,,,,33.696,HDFC Multi Asset Allocation Fund
2019-04-03,,,,33.472,HDFC Multi Asset Allocation Fund
2019-04-04,,,,33.391,HDFC Multi Asset Allocation Fund
2019-04-05,,,,33.529,HDFC Multi Asset Allocation Fund
2019-04-08,,,,33.423,HDFC Multi Asset Allocation Fund
2019-04-09,,,,33.53,HDFC Multi Asset Allocation Fund
2019-04-10,,,,33.408,HDFC Multi Asset Allocation Fund
2019-04-11,,,,33.429,HDFC Multi Asset Allocation Fund
2019-04-12,,,,33.47,HDFC Multi Asset Allocation Fund
2019-04-15,,,,33.518,HDFC Multi Asset Allocation Fund
2019-04-16,,,,33.635,HDFC Multi Asset Allocation Fund
2019-04-18,,,,33.51,HDFC Multi Asset Allocation Fund
2019-04-22,,,,33.257,HDFC Multi Asset Allocation Fund
2019-04-23,,,,33.154,HDFC Multi Asset Allocation Fund
2019-04-24,,,,33.341,HDFC Multi Asset Allocation Fund
2019-04-25,,,,33.19,HDFC Multi Asset Allocation Fund
2019-04-26,,,,33.374,HDFC Multi Asset Allocation Fund
2019-04-30,,,,33.335,HDFC Multi Asset Allocation Fund
2019-05-02,,,,33.242,HDFC Multi Asset Allocation Fund
2019-05-03,,,,33.164,HDFC Multi Asset Allocation Fund
2019-05-06,,,,32.987,HDFC Multi Asset Allocation Fund
2019-05-07,,,,32.836,HDFC Multi Asset Allocation Fund
2019-05-08,,,,32.504,HDFC Multi Asset Allocation Fund
2019-05-09,,,,32.4,HDFC Multi Asset Allocation Fund
2019-05-10,,,,32.439,HDFC Multi Asset Allocation Fund
2019-05-13,,,,32.211,HDFC Multi Asset Allocation Fund
2019-05-14,,,,32.372,HDFC Multi Asset Allocation Fund
2019-05-15,,,,32.181,HDFC Multi Asset Allocation Fund
2019-05-16,,,,32.337,HDFC Multi Asset Allocation Fund
2019-05-17,,,,32.48,HDFC Multi Asset Allocation Fund
2019-05-20,,,,33.146,HDFC Multi Asset Allocation Fund
2019-05-21,,,,32.946,HDFC Multi Asset Allocation Fund
2019-05-22,,,,33.046,HDFC Multi Asset Allocation Fund
2019-05-23,,,,32.935,HDFC Multi Asset Allocation Fund
2019-05-24,,,,33.478,HDFC Multi Asset Allocation Fund
2019-05-27,,,,33.873,HDFC Multi Asset Allocation Fund
2019-05-28,,,,33.909,HDFC Multi Asset Allocation Fund
2019-05-29,,,,33.666,HDFC Multi Asset Allocation Fund
2019-05-30,,,,33.81,HDFC Multi Asset Allocation Fund
2019-05-31,,,,33.833,HDFC Multi Asset Allocation Fund
2019-06-03,,,,33.96,HDFC Multi Asset Allocation Fund
2019-06-04,,,,33.919,HDFC Multi Asset Allocation Fund
2019-06-06,,,,33.609,HDFC Multi Asset Allocation Fund
2019-06-07,,,,33.72,HDFC Multi Asset Allocation Fund
2019-06-10,,,,33.682,HDFC Multi Asset Allocation Fund
2019-06-11,,,,33.701,HDFC Multi Asset Allocation Fund
2019-06-12,,,,33.541,HDFC Multi Asset Allocation Fund
2019-06-13,,,,33.605,HDFC Multi Asset Allocation Fund
2019-06-14,,,,33.511,HDFC Multi Asset Allocation Fund
2019-06-17,,,,33.141,HDFC Multi Asset Allocation Fund
2019-06-18,,,,33.202,HDFC Multi Asset Allocation Fund
2019-06-19,,,,33.143,HDFC Multi Asset Allocation Fund
2019-06-20,,,,33.478,HDFC Multi Asset Allocation Fund
2019-06-21,,,,33.378,HDFC Multi Asset Allocation Fund
2019-06-24,,,,33.427,HDFC Multi Asset Allocation Fund
2019-06-25,,,,33.659,HDFC Multi Asset Allocation Fund
2019-06-26,,,,33.622,HDFC Multi Asset Allocation Fund
2019-06-27,,,,33.671,HDFC Multi Asset Allocation Fund
2019-06-28,,,,33.626,HDFC Multi Asset Allocation Fund
2019-07-01,,,,33.721,HDFC Multi Asset Allocation Fund
2019-07-02,,,,33.757,HDFC Multi Asset Allocation Fund
2019-07-03,,,,33.862,HDFC Multi Asset Allocation Fund
2019-07-04,,,,34.005,HDFC Multi Asset Allocation Fund
2019-07-05,,,,33.809,HDFC Multi Asset Allocation Fund
2019-07-08,,,,33.434,HDFC Multi Asset Allocation Fund
2019-07-09,,,,33.376,HDFC Multi Asset Allocation Fund
2019-07-10,,,,33.242,HDFC Multi Asset Allocation Fund
2019-07-11,,,,33.432,HDFC Multi Asset Allocation Fund
2019-07-12,,,,33.453,HDFC Multi Asset Allocation Fund
2019-07-15,,,,33.44,HDFC Multi Asset Allocation Fund
2019-07-16,,,,33.518,HDFC Multi Asset Allocation Fund
2019-07-17,,,,33.534,HDFC Multi Asset Allocation Fund
2019-07-18,,,,33.472,HDFC Multi Asset Allocation Fund
2019-07-19,,,,33.194,HDFC Multi Asset Allocation Fund
2019-07-22,,,,32.988,HDFC Multi Asset Allocation Fund
2019-07-23,,,,32.922,HDFC Multi Asset Allocation Fund
2019-07-24,,,,32.828,HDFC Multi Asset Allocation Fund
2019-07-25,,,,32.813,HDFC Multi Asset Allocation Fund
2019-07-26,,,,32.678,HDFC Multi Asset Allocation Fund
2019-07-29,,,,32.544,HDFC Multi Asset Allocation Fund
2019-07-30,,,,32.287,HDFC Multi Asset Allocation Fund
2019-07-31,,,,32.312,HDFC Multi Asset Allocation Fund
2019-08-01,,,,32.005,HDFC Multi Asset Allocation Fund
2019-08-02,,,,32.038,HDFC Multi Asset Allocation Fund
2019-08-05,,,,31.802,HDFC Multi Asset Allocation Fund
2019-08-06,,,,31.971,HDFC Multi Asset Allocation Fund
2019-08-07,,,,31.892,HDFC Multi Asset Allocation Fund
2019-08-08,,,,32.229,HDFC Multi Asset Allocation Fund
2019-08-09,,,,32.393,HDFC Multi Asset Allocation Fund
2019-08-13,,,,32.258,HDFC Multi Asset Allocation Fund
2019-08-14,,,,32.288,HDFC Multi Asset Allocation Fund
2019-08-16,,,,32.279,HDFC Multi Asset Allocation Fund
2019-08-19,,,,32.354,HDFC Multi Asset Allocation Fund
2019-08-20,,,,32.327,HDFC Multi Asset Allocation Fund
2019-08-21,,,,32.049,HDFC Multi Asset Allocation Fund
2019-08-22,,,,31.708,HDFC Multi Asset Allocation Fund
2019-08-23,,,,31.791,HDFC Multi Asset Allocation Fund
2019-08-26,,,,32.328,HDFC Multi Asset Allocation Fund
2019-08-27,,,,32.57,HDFC Multi Asset Allocation Fund
2019-08-28,,,,32.648,HDFC Multi Asset Allocation Fund
2019-08-29,,,,32.453,HDFC Multi Asset Allocation Fund
2019-08-30,,,,32.427,HDFC Multi Asset Allocation Fund
2019-09-03,,,,32.193,HDFC Multi Asset Allocation Fund
2019-09-04,,,,32.35,HDFC Multi Asset Allocation Fund
2019-09-05,,,,32.364,HDFC Multi Asset Allocation Fund
2019-09-06,,,,32.437,HDFC Multi Asset Allocation Fund
2019-09-09,,,,32.621,HDFC Multi Asset Allocation Fund
2019-09-11,,,,32.715,HDFC Multi Asset Allocation Fund
2019-09-12,,,,32.736,HDFC Multi Asset Allocation Fund
2019-09-13,,,,32.842,HDFC Multi Asset Allocation Fund
2019-09-16,,,,32.77,HDFC Multi Asset Allocation Fund
2019-09-17,,,,32.467,HDFC Multi Asset Allocation Fund
2019-09-18,,,,32.527,HDFC Multi Asset Allocation Fund
2019-09-19,,,,32.209,HDFC Multi Asset Allocation Fund
2019-09-20,,,,33.279,HDFC Multi Asset Allocation Fund
2019-09-23,,,,33.826,HDFC Multi Asset Allocation Fund
2019-09-24,,,,33.88,HDFC Multi Asset Allocation Fund
2019-09-25,,,,33.604,HDFC Multi Asset Allocation Fund
2019-09-26,,,,33.645,HDFC Multi Asset Allocation Fund
2019-09-27,,,,33.539,HDFC Multi Asset Allocation Fund
2019-09-30,,,,33.4,HDFC Multi Asset Allocation Fund
2019-10-01,,,,33.087,HDFC Multi Asset Allocation Fund
2019-10-03,,,,33.212,HDFC Multi Asset Allocation Fund
2019-10-04,,,,33.01,HDFC Multi Asset Allocation Fund
2019-10-07,,,,32.846,HDFC Multi Asset Allocation Fund
2019-10-09,,,,33.264,HDFC Multi Asset Allocation Fund
2019-10-10,,,,33.156,HDFC Multi Asset Allocation Fund
2019-10-11,,,,33.266,HDFC Multi Asset Allocation Fund
2019-10-14,,,,33.26,HDFC Multi Asset Allocation Fund
2019-10-15,,,,33.352,HDFC Multi Asset Allocation Fund
2019-10-16,,,,33.361,HDFC Multi Asset Allocation Fund
2019-10-17,,,,33.548,HDFC Multi Asset Allocation Fund
2019-10-18,,,,33.821,HDFC Multi Asset Allocation Fund
2019-10-22,,,,33.766,HDFC Multi Asset Allocation Fund
2019-10-23,,,,33.751,HDFC Multi Asset Allocation Fund
2019-10-24,,,,33.629,HDFC Multi Asset Allocation Fund
2019-10-25,,,,33.703,HDFC Multi Asset Allocation Fund
2019-10-29,,,,34.042,HDFC Multi Asset Allocation Fund
2019-10-30,,,,34.192,HDFC Multi Asset Allocation Fund
2019-10-31,,,,34.356,HDFC Multi Asset Allocation Fund
2019-11-01,,,,34.374,HDFC Multi Asset Allocation Fund
2019-11-04,,,,34.447,HDFC Multi Asset Allocation Fund
2019-11-05,,,,34.28,HDFC Multi Asset Allocation Fund
2019-11-06,,,,34.269,HDFC Multi Asset Allocation Fund
2019-11-07,,,,34.26,HDFC Multi Asset Allocation Fund
2019-11-08,,,,34.017,HDFC Multi Asset Allocation Fund
2019-11-11,,,,34.17,HDFC Multi Asset Allocation Fund
2019-11-13,,,,33.978,HDFC Multi Asset Allocation Fund
2019-11-14,,,,34.084,HDFC Multi Asset Allocation Fund
2019-11-15,,,,34.102,HDFC Multi Asset Allocation Fund
2019-11-18,,,,34.073,HDFC Multi Asset Allocation Fund
2019-11-19,,,,34.207,HDFC Multi Asset Allocation Fund
2019-11-20,,,,34.288,HDFC Multi Asset Allocation Fund
2019-11-21,,,,34.168,HDFC Multi Asset Allocation Fund
2019-11-22,,,,34.147,HDFC Multi Asset Allocation Fund
2019-11-25,,,,34.398,HDFC Multi Asset Allocation Fund
2019-11-26,,,,34.248,HDFC Multi Asset Allocation Fund
2019-11-27,,,,34.338,HDFC Multi Asset Allocation Fund
2019-11-28,,,,34.456,HDFC Multi Asset Allocation Fund
2019-11-29,,,,34.363,HDFC Multi Asset Allocation Fund
2019-12-02,,,,34.345,HDFC Multi Asset Allocation Fund
2019-12-03,,,,34.254,HDFC Multi Asset Allocation Fund
2019-12-04,,,,34.345,HDFC Multi Asset Allocation Fund
2019-12-05,,,,34.32,HDFC Multi Asset Allocation Fund
2019-12-06,,,,34.059,HDFC Multi Asset Allocation Fund
2019-12-09,,,,33.974,HDFC Multi Asset Allocation Fund
2019-12-10,,,,33.843,HDFC Multi Asset Allocation Fund
2019-12-11,,,,33.881,HDFC Multi Asset Allocation Fund
2019-12-12,,,,34.122,HDFC Multi Asset Allocation Fund
2019-12-13,,,,34.375,HDFC Multi Asset Allocation Fund
2019-12-16,,,,34.287,HDFC Multi Asset Allocation Fund
2019-12-17,,,,34.595,HDFC Multi Asset Allocation Fund
2019-12-18,,,,34.654,HDFC Multi Asset Allocation Fund
2019-12-19,,,,34.632,HDFC Multi Asset Allocation Fund
2019-12-20,,,,34.699,HDFC Multi Asset Allocation Fund
2019-12-23,,,,34.765,HDFC Multi Asset Allocation Fund
2019-12-24,,,,34.713,HDFC Multi Asset Allocation Fund
2019-12-26,,,,34.67,HDFC Multi Asset Allocation Fund
2019-12-27,,,,34.904,HDFC Multi Asset Allocation Fund
2019-12-30,,,,34.958,HDFC Multi Asset Allocation Fund
2019-12-31,,,,34.967,HDFC Multi Asset Allocation Fund
2020-01-01,,,,35.025,HDFC Multi Asset Allocation Fund
2020-01-02,,,,35.25,HDFC Multi Asset Allocation Fund
2020-01-03,,,,35.366,HDFC Multi Asset Allocation Fund
2020-01-06,,,,35.043,HDFC Multi Asset Allocation Fund
2020-01-07,,,,35.056,HDFC Multi Asset Allocation Fund
2020-01-08,,,,35.107,HDFC Multi Asset Allocation Fund
2020-01-09,,,,35.363,HDFC Multi Asset Allocation Fund
2020-01-10,,,,35.419,HDFC Multi Asset Allocation Fund
2020-01-13,,,,35.628,HDFC Multi Asset Allocation Fund
2020-01-14,,,,35.667,HDFC Multi Asset Allocation Fund
2020-01-15,,,,35.676,HDFC Multi Asset Allocation Fund
2020-01-16,,,,35.699,HDFC Multi Asset Allocation Fund
2020-01-17,,,,35.856,HDFC Multi Asset Allocation Fund
2020-01-20,,,,35.71,HDFC Multi Asset Allocation Fund
2020-01-21,,,,35.629,HDFC Multi Asset Allocation Fund
2020-01-22,,,,35.678,HDFC Multi Asset Allocation Fund
2020-01-23,,,,35.867,HDFC Multi Asset Allocation Fund
2020-01-24,,,,35.911,HDFC Multi Asset Allocation Fund
2020-01-27,,,,35.791,HDFC Multi Asset Allocation Fund
2020-01-28,,,,35.764,HDFC Multi Asset Allocation Fund
2020-01-29,,,,35.851,HDFC Multi Asset Allocation Fund
2020-01-30,,,,35.682,HDFC Multi Asset Allocation Fund
2020-01-31,,,,35.599,HDFC Multi Asset Allocation Fund
2020-02-03,,,,34.962,HDFC Multi Asset Allocation Fund
2020-02-04,,,,35.476,HDFC Multi Asset Allocation Fund
2020-02-05,,,,35.714,HDFC Multi Asset Allocation Fund
2020-02-06,,,,35.891,HDFC Multi Asset Allocation Fund
2020-02-07,,,,35.876,HDFC Multi Asset Allocation Fund
2020-02-10,,,,35.832,HDFC Multi Asset Allocation Fund
2020-02-11,,,,35.865,HDFC Multi Asset Allocation Fund
2020-02-12,,,,35.968,HDFC Multi Asset Allocation Fund
2020-02-13,,,,35.947,HDFC Multi Asset Allocation Fund
2020-02-14,,,,35.911,HDFC Multi Asset Allocation Fund
2020-02-17,,,,35.786,HDFC Multi Asset Allocation Fund
2020-02-18,,,,35.846,HDFC Multi Asset Allocation Fund
2020-02-19,,,,36.184,HDFC Multi Asset Allocation Fund
2020-02-20,,,,36.214,HDFC Multi Asset Allocation Fund
2020-02-24,,,,36.17,HDFC Multi Asset Allocation Fund
2020-02-25,,,,36.021,HDFC Multi Asset Allocation Fund
2020-02-26,,,,35.834,HDFC Multi Asset Allocation Fund
2020-02-27,,,,35.576,HDFC Multi Asset Allocation Fund
2020-02-28,,,,34.664,HDFC Multi Asset Allocation Fund
2020-03-02,,,,34.504,HDFC Multi Asset Allocation Fund
2020-03-03,,,,34.933,HDFC Multi Asset Allocation Fund
2020-03-04,,,,34.797,HDFC Multi Asset Allocation Fund
2020-03-05,,,,34.873,HDFC Multi Asset Allocation Fund
2020-03-06,,,,34.54,HDFC Multi Asset Allocation Fund
2020-03-09,,,,33.442,HDFC Multi Asset Allocation Fund
2020-03-11,,,,33.262,HDFC Multi Asset Allocation Fund
2020-03-12,,,,31.414,HDFC Multi Asset Allocation Fund
2020-03-13,,,,31.765,HDFC Multi Asset Allocation Fund
2020-03-16,,,,30.184,HDFC Multi Asset Allocation Fund
2020-03-17,,,,29.522,HDFC Multi Asset Allocation Fund
2020-03-18,,,,28.619,HDFC Multi Asset Allocation Fund
2020-03-19,,,,27.922,HDFC Multi Asset Allocation Fund
2020-03-20,,,,28.841,HDFC Multi Asset Allocation Fund
2020-03-23,,,,26.407,HDFC Multi Asset Allocation Fund
2020-03-24,,,,26.767,HDFC Multi Asset Allocation Fund
2020-03-25,,,,27.717,HDFC Multi Asset Allocation Fund
2020-03-26,,,,28.197,HDFC Multi Asset Allocation Fund
2020-03-27,,,,28.69,HDFC Multi Asset Allocation Fund
2020-03-30,,,,28.005,HDFC Multi Asset Allocation Fund
2020-03-31,,,,28.624,HDFC Multi Asset Allocation Fund
2020-04-01,,,,28.158,HDFC Multi Asset Allocation Fund
2020-04-03,,,,27.962,HDFC Multi Asset Allocation Fund
2020-04-07,,,,29.086,HDFC Multi Asset Allocation Fund
2020-04-08,,,,29.186,HDFC Multi Asset Allocation Fund
2020-04-09,,,,30.164,HDFC Multi Asset Allocation Fund
2020-04-13,,,,30.176,HDFC Multi Asset Allocation Fund
2020-04-15,,,,30.386,HDFC Multi Asset Allocation Fund
2020-04-16,,,,30.552,HDFC Multi Asset Allocation Fund
2020-04-17,,,,30.917,HDFC Multi Asset Allocation Fund
2020-04-20,,,,30.942,HDFC Multi Asset Allocation Fund
2020-04-21,,,,30.296,HDFC Multi Asset Allocation Fund
2020-04-22,,,,30.608,HDFC Multi Asset Allocation Fund
2020-04-23,,,,31.075,HDFC Multi Asset Allocation Fund
2020-04-24,,,,30.73,HDFC Multi Asset Allocation Fund
2020-04-27,,,,30.998,HDFC Multi Asset Allocation Fund
2020-04-28,,,,31.257,HDFC Multi Asset Allocation Fund
2020-04-29,,,,31.663,HDFC Multi Asset Allocation Fund
2020-04-30,,,,32.002,HDFC Multi Asset Allocation Fund
2020-05-04,,,,31.035,HDFC Multi Asset Allocation Fund
2020-05-05,,,,30.747,HDFC Multi Asset Allocation Fund
2020-05-06,,,,30.9,HDFC Multi Asset Allocation Fund
2020-05-07,,,,30.776,HDFC Multi Asset Allocation Fund
2020-05-08,,,,30.752,HDFC Multi Asset Allocation Fund
2020-05-11,,,,30.649,HDFC Multi Asset Allocation Fund
2020-05-12,,,,30.508,HDFC Multi Asset Allocation Fund
2020-05-13,,,,30.963,HDFC Multi Asset Allocation Fund
2020-05-14,,,,30.479,HDFC Multi Asset Allocation Fund
2020-05-15,,,,30.599,HDFC Multi Asset Allocation Fund
2020-05-18,,,,30.005,HDFC Multi Asset Allocation Fund
2020-05-19,,,,29.98,HDFC Multi Asset Allocation Fund
2020-05-20,,,,30.389,HDFC Multi Asset Allocation Fund
2020-05-21,,,,30.488,HDFC Multi Asset Allocation Fund
2020-05-22,,,,30.324,HDFC Multi Asset Allocation Fund
2020-05-26,,,,30.298,HDFC Multi Asset Allocation Fund
2020-05-27,,,,30.717,HDFC Multi Asset Allocation Fund
2020-05-28,,,,31.192,HDFC Multi Asset Allocation Fund
2020-05-29,,,,31.295,HDFC Multi Asset Allocation Fund
2020-06-01,,,,31.912,HDFC Multi Asset Allocation Fund
2020-06-02,,,,32.286,HDFC Multi Asset Allocation Fund
2020-06-03,,,,32.526,HDFC Multi Asset Allocation Fund
2020-06-04,,,,32.515,HDFC Multi Asset Allocation Fund
2020-06-05,,,,33.063,HDFC Multi Asset Allocation Fund
2020-06-08,,,,33.143,HDFC Multi Asset Allocation Fund
2020-06-09,,,,32.797,HDFC Multi Asset Allocation Fund
2020-06-10,,,,32.875,HDFC Multi Asset Allocation Fund
2020-06-11,,,,32.515,HDFC Multi Asset Allocation Fund
2020-06-12,,,,32.587,HDFC Multi Asset Allocation Fund
2020-06-15,,,,32.27,HDFC Multi Asset Allocation Fund
2020-06-16,,,,32.599,HDFC Multi Asset Allocation Fund
2020-06-17,,,,32.551,HDFC Multi Asset Allocation Fund
2020-06-18,,,,33.002,HDFC Multi Asset Allocation Fund
2020-06-19,,,,33.384,HDFC Multi Asset Allocation Fund
2020-06-22,,,,33.619,HDFC Multi Asset Allocation Fund
2020-06-23,,,,33.874,HDFC Multi Asset Allocation Fund
2020-06-24,,,,33.563,HDFC Multi Asset Allocation Fund
2020-06-25,,,,33.484,HDFC Multi Asset Allocation Fund
2020-06-26,,,,33.8,HDFC Multi Asset Allocation Fund
2020-06-29,,,,33.717,HDFC Multi Asset Allocation Fund
2020-06-30,,,,33.698,HDFC Multi Asset Allocation Fund
2020-07-01,,,,34.035,HDFC Multi Asset Allocation Fund
2020-07-02,,,,34.201,HDFC Multi Asset Allocation Fund
2020-07-03,,,,34.432,HDFC Multi Asset Allocation Fund
2020-07-06,,,,34.765,HDFC Multi Asset Allocation Fund
2020-07-07,,,,34.843,HDFC Multi Asset Allocation Fund
2020-07-08,,,,34.778,HDFC Multi Asset Allocation Fund
2020-07-09,,,,35.046,HDFC Multi Asset Allocation Fund
2020-07-10,,,,35.029,HDFC Multi Asset Allocation Fund
2020-07-13,,,,35.082,HDFC Multi Asset Allocation Fund
2020-07-14,,,,34.688,HDFC Multi Asset Allocation Fund
2020-07-15,,,,34.735,HDFC Multi Asset Allocation Fund
2020-07-16,,,,34.931,HDFC Multi Asset Allocation Fund
2020-07-17,,,,35.331,HDFC Multi Asset Allocation Fund
2020-07-20,,,,35.601,HDFC Multi Asset Allocation Fund
2020-07-21,,,,35.931,HDFC Multi Asset Allocation Fund
2020-07-22,,,,35.936,HDFC Multi Asset Allocation Fund
2020-07-23,,,,36.487,HDFC Multi Asset Allocation Fund
2020-07-24,,,,36.551,HDFC Multi Asset Allocation Fund
2020-07-27,,,,36.556,HDFC Multi Asset Allocation Fund
2020-07-28,,,,36.675,HDFC Multi Asset Allocation Fund
2020-07-29,,,,36.55,HDFC Multi Asset Allocation Fund
2020-07-30,,,,36.396,HDFC Multi Asset Allocation Fund
2020-07-31,,,,36.474,HDFC Multi Asset Allocation Fund
2020-08-03,,,,36.225,HDFC Multi Asset Allocation Fund
2020-08-04,,,,36.715,HDFC Multi Asset Allocation Fund
2020-08-05,,,,36.889,HDFC Multi Asset Allocation Fund
2020-08-06,,,,37.217,HDFC Multi Asset Allocation Fund
2020-08-07,,,,37.306,HDFC Multi Asset Allocation Fund
2020-08-10,,,,37.388,HDFC Multi Asset Allocation Fund
2020-08-11,,,,37.358,HDFC Multi Asset Allocation Fund
2020-08-12,,,,37.204,HDFC Multi Asset Allocation Fund
2020-08-13,,,,37.301,HDFC Multi Asset Allocation Fund
2020-08-14,,,,37.05,HDFC Multi Asset Allocation Fund
2020-08-17,,,,37.168,HDFC Multi Asset Allocation Fund
2020-08-18,,,,37.637,HDFC Multi Asset Allocation Fund
2020-08-19,,,,37.699,HDFC Multi Asset Allocation Fund
2020-08-20,,,,37.453,HDFC Multi Asset Allocation Fund
2020-08-21,,,,37.601,HDFC Multi Asset Allocation Fund
2020-08-24,,,,37.793,HDFC Multi Asset Allocation Fund
2020-08-25,,,,37.643,HDFC Multi Asset Allocation Fund
2020-08-26,,,,37.77,HDFC Multi Asset Allocation Fund
2020-08-27,,,,37.764,HDFC Multi Asset Allocation Fund
2020-08-28,,,,37.841,HDFC Multi Asset Allocation Fund
2020-08-31,,,,37.309,HDFC Multi Asset Allocation Fund
2020-09-01,,,,37.488,HDFC Multi Asset Allocation Fund
2020-09-02,,,,37.622,HDFC Multi Asset Allocation Fund
2020-09-03,,,,37.565,HDFC Multi Asset Allocation Fund
2020-09-04,,,,37.205,HDFC Multi Asset Allocation Fund
2020-09-07,,,,37.192,HDFC Multi Asset Allocation Fund
2020-09-08,,,,37.206,HDFC Multi Asset Allocation Fund
2020-09-09,,,,37.114,HDFC Multi Asset Allocation Fund
2020-09-10,,,,37.493,HDFC Multi Asset Allocation Fund
2020-09-11,,,,37.551,HDFC Multi Asset Allocation Fund
2020-09-14,,,,37.657,HDFC Multi Asset Allocation Fund
2020-09-15,,,,37.911,HDFC Multi Asset Allocation Fund
2020-09-16,,,,38.015,HDFC Multi Asset Allocation Fund
2020-09-17,,,,37.911,HDFC Multi Asset Allocation Fund
2020-09-18,,,,37.901,HDFC Multi Asset Allocation Fund
2020-09-21,,,,37.2,HDFC Multi Asset Allocation Fund
2020-09-22,,,,36.921,HDFC Multi Asset Allocation Fund
2020-09-23,,,,36.84,HDFC Multi Asset Allocation Fund
2020-09-24,,,,36.186,HDFC Multi Asset Allocation Fund
2020-09-25,,,,36.762,HDFC Multi Asset Allocation Fund
2020-09-28,,,,37.101,HDFC Multi Asset Allocation Fund
2020-09-29,,,,37.138,HDFC Multi Asset Allocation Fund
2020-09-30,,,,37.126,HDFC Multi Asset Allocation Fund
2020-10-01,,,,37.352,HDFC Multi Asset Allocation Fund
2020-10-05,,,,37.502,HDFC Multi Asset Allocation Fund
2020-10-06,,,,37.794,HDFC Multi Asset Allocation Fund
2020-10-07,,,,37.833,HDFC Multi Asset Allocation Fund
2020-10-08,,,,38.053,HDFC Multi Asset Allocation Fund
2020-10-09,,,,38.281,HDFC Multi Asset Allocation Fund
2020-10-12,,,,38.329,HDFC Multi Asset Allocation Fund
2020-10-13,,,,38.409,HDFC Multi Asset Allocation Fund
2020-10-14,,,,38.427,HDFC Multi Asset Allocation Fund
2020-10-15,,,,37.826,HDFC Multi Asset Allocation Fund
2020-10-16,,,,37.995,HDFC Multi Asset Allocation Fund
2020-10-19,,,,38.159,HDFC Multi Asset Allocation Fund
2020-10-20,,,,38.223,HDFC Multi Asset Allocation Fund
2020-10-21,,,,38.35,HDFC Multi Asset Allocation Fund
2020-10-22,,,,38.219,HDFC Multi Asset Allocation Fund
2020-10-23,,,,38.283,HDFC Multi Asset Allocation Fund
2020-10-26,,,,37.913,HDFC Multi Asset Allocation Fund
2020-10-27,,,,38.005,HDFC Multi Asset Allocation Fund
2020-10-28,,,,37.783,HDFC Multi Asset Allocation Fund
2020-10-29,,,,37.584,HDFC Multi Asset Allocation Fund
2020-10-30,,,,37.462,HDFC Multi Asset Allocation Fund
2020-11-02,,,,37.552,HDFC Multi Asset Allocation Fund
2020-11-03,,,,37.863,HDFC Multi Asset Allocation Fund
2020-11-04,,,,38.047,HDFC Multi Asset Allocation Fund
2020-11-05,,,,38.386,HDFC Multi Asset Allocation Fund
2020-11-06,,,,38.708,HDFC Multi Asset Allocation Fund
2020-11-09,,,,39.172,HDFC Multi Asset Allocation Fund
2020-11-10,,,,39.121,HDFC Multi Asset Allocation Fund
2020-11-11,,,,39.342,HDFC Multi Asset Allocation Fund
2020-11-12,,,,39.302,HDFC Multi Asset Allocation Fund
2020-11-13,,,,39.401,HDFC Multi Asset Allocation Fund
2020-11-17,,,,39.651,HDFC Multi Asset Allocation Fund
2020-11-18,,,,39.586,HDFC Multi Asset Allocation Fund
2020-11-19,,,,39.296,HDFC Multi Asset Allocation Fund
2020-11-20,,,,39.439,HDFC Multi Asset Allocation Fund
2020-11-23,,,,39.589,HDFC Multi Asset Allocation Fund
2020-11-24,,,,39.657,HDFC Multi Asset Allocation Fund
2020-11-25,,,,39.277,HDFC Multi Asset Allocation Fund
2020-11-26,,,,39.523,HDFC Multi Asset Allocation Fund
2020-11-27,,,,39.536,HDFC Multi Asset Allocation Fund
2020-12-01,,,,39.758,HDFC Multi Asset Allocation Fund
2020-12-02,,,,39.87,HDFC Multi Asset Allocation Fund
2020-12-03,,,,39.925,HDFC Multi Asset Allocation Fund
2020-12-04,,,,40.141,HDFC Multi Asset Allocation Fund
2020-12-07,,,,40.318,HDFC Multi Asset Allocation Fund
2020-12-08,,,,40.476,HDFC Multi Asset Allocation Fund
2020-12-09,,,,40.697,HDFC Multi Asset Allocation Fund
2020-12-10,,,,40.565,HDFC Multi Asset Allocation Fund
2020-12-11,,,,40.642,HDFC Multi Asset Allocation Fund
2020-12-14,,,,41.332,HDFC Multi Asset Allocation Fund
2020-12-15,,,,41.558,HDFC Multi Asset Allocation Fund
2020-12-16,,,,42.075,HDFC Multi Asset Allocation Fund
2020-12-17,,,,42.036,HDFC Multi Asset Allocation Fund
2020-12-18,,,,41.938,HDFC Multi Asset Allocation Fund
2020-12-21,,,,41.168,HDFC Multi Asset Allocation Fund
2020-12-22,,,,41.588,HDFC Multi Asset Allocation Fund
2020-12-23,,,,42.065,HDFC Multi Asset Allocation Fund
2020-12-24,,,,42.268,HDFC Multi Asset Allocation Fund
2020-12-28,,,,42.468,HDFC Multi Asset Allocation Fund
2020-12-29,,,,42.527,HDFC Multi Asset Allocation Fund
2020-12-30,,,,42.585,HDFC Multi Asset Allocation Fund
2020-12-31,,,,42.697,HDFC Multi Asset Allocation Fund
2021-01-01,,,,42.726,HDFC Multi Asset Allocation Fund
2021-01-04,,,,43.073,HDFC Multi Asset Allocation Fund
2021-01-05,,,,43.25,HDFC Multi Asset Allocation Fund
2021-01-06,,,,43.157,HDFC Multi Asset Allocation Fund
2021-01-07,,,,43.004,HDFC Multi Asset Allocation Fund
2021-01-08,,,,43.294,HDFC Multi Asset Allocation Fund
2021-01-11,,,,43.423,HDFC Multi Asset Allocation Fund
2021-01-12,,,,43.549,HDFC Multi Asset Allocation Fund
2021-01-13,,,,43.498,HDFC Multi Asset Allocation Fund
2021-01-14,,,,43.452,HDFC Multi Asset Allocation Fund
2021-01-15,,,,43.194,HDFC Multi Asset Allocation Fund
2021-01-18,,,,42.807,HDFC Multi Asset Allocation Fund
2021-01-19,,,,43.24,HDFC Multi Asset Allocation Fund
2021-01-20,,,,43.463,HDFC Multi Asset Allocation Fund
2021-01-21,,,,43.342,HDFC Multi Asset Allocation Fund
2021-01-22,,,,42.916,HDFC Multi Asset Allocation Fund
2021-01-25,,,,42.686,HDFC Multi Asset Allocation Fund
2021-01-27,,,,42.212,HDFC Multi Asset Allocation Fund
2021-01-28,,,,41.949,HDFC Multi Asset Allocation Fund
2021-01-29,,,,41.663,HDFC Multi Asset Allocation Fund
2021-02-01,,,,42.649,HDFC Multi Asset Allocation Fund
2021-02-02,,,,43.112,HDFC Multi Asset Allocation Fund
2021-02-03,,,,43.435,HDFC Multi Asset Allocation Fund
2021-02-04,,,,43.548,HDFC Multi Asset Allocation Fund
2021-02-05,,,,43.461,HDFC Multi Asset Allocation Fund
2021-02-08,,,,43.83,HDFC Multi Asset Allocation Fund
2021-02-09,,,,43.916,HDFC Multi Asset Allocation Fund
2021-02-10,,,,43.86,HDFC Multi Asset Allocation Fund
2021-02-11,,,,43.974,HDFC Multi Asset Allocation Fund
2021-02-12,,,,43.921,HDFC Multi Asset Allocation Fund
2021-02-15,,,,44.156,HDFC Multi Asset Allocation Fund
2021-02-16,,,,44.131,HDFC Multi Asset Allocation Fund
2021-02-17,,,,43.907,HDFC Multi Asset Allocation Fund
2021-02-18,,,,43.811,HDFC Multi Asset Allocation Fund
2021-02-19,,,,43.49,HDFC Multi Asset Allocation Fund
2021-02-22,,,,43.14,HDFC Multi Asset Allocation Fund
2021-02-23,,,,43.235,HDFC Multi Asset Allocation Fund
2021-02-24,,,,43.644,HDFC Multi Asset Allocation Fund
2021-02-25,,,,43.758,HDFC Multi Asset Allocation Fund
2021-02-26,,,,43.046,HDFC Multi Asset Allocation Fund
2021-03-01,,,,43.318,HDFC Multi Asset Allocation Fund
2021-03-02,,,,43.505,HDFC Multi Asset Allocation Fund
2021-03-03,,,,43.942,HDFC Multi Asset Allocation Fund
2021-03-04,,,,43.639,HDFC Multi Asset Allocation Fund
2021-03-05,,,,43.319,HDFC Multi Asset Allocation Fund
2021-03-08,,,,43.362,HDFC Multi Asset Allocation Fund
2021-03-09,,,,43.532,HDFC Multi Asset Allocation Fund
2021-03-10,,,,43.693,HDFC Multi Asset Allocation Fund
2021-03-12,,,,43.525,HDFC Multi Asset Allocation Fund
2021-03-15,,,,43.543,HDFC Multi Asset Allocation Fund
2021-03-16,,,,43.551,HDFC Multi Asset Allocation Fund
2021-03-17,,,,43.249,HDFC Multi Asset Allocation Fund
2021-03-18,,,,42.951,HDFC Multi Asset Allocation Fund
2021-03-19,,,,43.21,HDFC Multi Asset Allocation Fund
2021-03-22,,,,43.225,HDFC Multi Asset Allocation Fund
2021-03-23,,,,43.376,HDFC Multi Asset Allocation Fund
2021-03-24,,,,43.024,HDFC Multi Asset Allocation Fund
2021-03-25,,,,42.711,HDFC Multi Asset Allocation Fund
2021-03-26,,,,43.023,HDFC Multi Asset Allocation Fund
2021-03-30,,,,43.653,HDFC Multi Asset Allocation Fund
2021-03-31,,,,43.355,HDFC Multi Asset Allocation Fund
2021-04-01,,,,43.711,HDFC Multi Asset Allocation Fund
2021-04-05,,,,43.48,HDFC Multi Asset Allocation Fund
2021-04-06,,,,43.527,HDFC Multi Asset Allocation Fund
2021-04-07,,,,43.857,HDFC Multi Asset Allocation Fund
2021-04-08,,,,43.974,HDFC Multi Asset Allocation Fund
2021-04-09,,,,43.939,HDFC Multi Asset Allocation Fund
2021-04-12,,,,43.15,HDFC Multi Asset Allocation Fund
2021-04-13,,,,43.477,HDFC Multi Asset Allocation Fund
2021-04-15,,,,43.66,HDFC Multi Asset Allocation Fund
2021-04-16,,,,43.764,HDFC Multi Asset Allocation Fund
2021-04-19,,,,43.526,HDFC Multi Asset Allocation Fund
2021-04-20,,,,43.433,HDFC Multi Asset Allocation Fund
2021-04-22,,,,43.639,HDFC Multi Asset Allocation Fund
2021-04-23,,,,43.647,HDFC Multi Asset Allocation Fund
2021-04-26,,,,43.8,HDFC Multi Asset Allocation Fund
2021-04-27,,,,44.004,HDFC Multi Asset Allocation Fund
2021-04-28,,,,44.287,HDFC Multi Asset Allocation Fund
2021-04-29,,,,44.326,HDFC Multi Asset Allocation Fund
2021-04-30,,,,43.984,HDFC Multi Asset Allocation Fund
2021-05-03,,,,44.066,HDFC Multi Asset Allocation Fund
2021-05-04,,,,43.827,HDFC Multi Asset Allocation Fund
2021-05-05,,,,44.037,HDFC Multi Asset Allocation Fund
2021-05-06,,,,44.249,HDFC Multi Asset Allocation Fund
2021-05-07,,,,44.424,HDFC Multi Asset Allocation Fund
2021-05-10,,,,44.606,HDFC Multi Asset Allocation Fund
2021-05-11,,,,44.545,HDFC Multi Asset Allocation Fund
2021-05-12,,,,44.399,HDFC Multi Asset Allocation Fund
2021-05-14,,,,44.354,HDFC Multi Asset Allocation Fund
2021-05-17,,,,44.806,HDFC Multi Asset Allocation Fund
2021-05-18,,,,45.098,HDFC Multi Asset Allocation Fund
2021-05-19,,,,45.026,HDFC Multi Asset Allocation Fund
2021-05-20,,,,44.921,HDFC Multi Asset Allocation Fund
2021-05-21,,,,45.317,HDFC Multi Asset Allocation Fund
2021-05-24,,,,45.449,HDFC Multi Asset Allocation Fund
2021-05-25,,,,45.45,HDFC Multi Asset Allocation Fund
2021-05-26,,,,45.689,HDFC Multi Asset Allocation Fund
2021-05-27,,,,45.699,HDFC Multi Asset Allocation Fund
2021-05-28,,,,45.728,HDFC Multi Asset Allocation Fund
2021-05-31,,,,46.09,HDFC Multi Asset Allocation Fund
2021-06-01,,,,46.097,HDFC Multi Asset Allocation Fund
2021-06-02,,,,46.162,HDFC Multi Asset Allocation Fund
2021-06-03,,,,46.322,HDFC Multi Asset Allocation Fund
2021-06-04,,,,46.215,HDFC Multi Asset Allocation Fund
2021-06-07,,,,46.404,HDFC Multi Asset Allocation Fund
2021-06-08,,,,46.479,HDFC Multi Asset Allocation Fund
2021-06-09,,,,46.369,HDFC Multi Asset Allocation Fund
2021-06-10,,,,46.562,HDFC Multi Asset Allocation Fund
2021-06-11,,,,46.699,HDFC Multi Asset Allocation Fund
2021-06-14,,,,46.674,HDFC Multi Asset Allocation Fund
2021-06-15,,,,46.796,HDFC Multi Asset Allocation Fund
2021-06-16,,,,46.674,HDFC Multi Asset Allocation Fund
2021-06-17,,,,46.445,HDFC Multi Asset Allocation Fund
2021-06-18,,,,46.337,HDFC Multi Asset Allocation Fund
2021-06-21,,,,46.448,HDFC Multi Asset Allocation Fund
2021-06-22,,,,46.47,HDFC Multi Asset Allocation Fund
2021-06-23,,,,46.393,HDFC Multi Asset Allocation Fund
2021-06-24,,,,46.577,HDFC Multi Asset Allocation Fund
2021-06-25,,,,46.751,HDFC Multi Asset Allocation Fund
2021-06-28,,,,46.758,HDFC Multi Asset Allocation Fund
2021-06-29,,,,46.74,HDFC Multi Asset Allocation Fund
2021-06-30,,,,46.757,HDFC Multi Asset Allocation Fund
2021-07-01,,,,46.819,HDFC Multi Asset Allocation Fund
2021-07-02,,,,46.97,HDFC Multi Asset Allocation Fund
2021-07-05,,,,47.168,HDFC Multi Asset Allocation Fund
2021-07-06,,,,47.247,HDFC Multi Asset Allocation Fund
2021-07-07,,,,47.343,HDFC Multi Asset Allocation Fund
2021-07-08,,,,47.239,HDFC Multi Asset Allocation Fund
2021-07-09,,,,47.183,HDFC Multi Asset Allocation Fund
2021-07-12,,,,47.185,HDFC Multi Asset Allocation Fund
2021-07-13,,,,47.342,HDFC Multi Asset Allocation Fund
2021-07-14,,,,47.488,HDFC Multi Asset Allocation Fund
2021-07-15,,,,47.688,HDFC Multi Asset Allocation Fund
2021-07-16,,,,47.689,HDFC Multi Asset Allocation Fund
2021-07-19,,,,47.505,HDFC Multi Asset Allocation Fund
2021-07-20,,,,47.268,HDFC Multi Asset Allocation Fund
2021-07-22,,,,47.546,HDFC Multi Asset Allocation Fund
2021-07-23,,,,47.674,HDFC Multi Asset Allocation Fund
2021-07-26,,,,47.721,HDFC Multi Asset Allocation Fund
2021-07-27,,,,47.529,HDFC Multi Asset Allocation Fund
2021-07-28,,,,47.556,HDFC Multi Asset Allocation Fund
2021-07-29,,,,47.717,HDFC Multi Asset Allocation Fund
2021-07-30,,,,47.813,HDFC Multi Asset Allocation Fund
2021-08-02,,,,47.988,HDFC Multi Asset Allocation Fund
2021-08-03,,,,48.253,HDFC Multi Asset Allocation Fund
2021-08-04,,,,48.456,HDFC Multi Asset Allocation Fund
2021-08-05,,,,48.496,HDFC Multi Asset Allocation Fund
2021-08-06,,,,48.385,HDFC Multi Asset Allocation Fund
2021-08-09,,,,48.334,HDFC Multi Asset Allocation Fund
2021-08-10,,,,48.291,HDFC Multi Asset Allocation Fund
2021-08-11,,,,48.226,HDFC Multi Asset Allocation Fund
2021-08-12,,,,48.542,HDFC Multi Asset Allocation Fund
2021-08-13,,,,48.725,HDFC Multi Asset Allocation Fund
2021-08-16,,,,48.738,HDFC Multi Asset Allocation Fund
2021-08-17,,,,48.947,HDFC Multi Asset Allocation Fund
2021-08-18,,,,48.869,HDFC Multi Asset Allocation Fund
2021-08-20,,,,48.689,HDFC Multi Asset Allocation Fund
2021-08-23,,,,48.622,HDFC Multi Asset Allocation Fund
2021-08-24,,,,48.831,HDFC Multi Asset Allocation Fund
2021-08-25,,,,48.865,HDFC Multi Asset Allocation Fund
2021-08-26,,,,48.892,HDFC Multi Asset Allocation Fund
2021-08-27,,,,49.008,HDFC Multi Asset Allocation Fund
2021-08-30,,,,49.357,HDFC Multi Asset Allocation Fund
2021-08-31,,,,49.582,HDFC Multi Asset Allocation Fund
2021-09-01,,,,49.488,HDFC Multi Asset Allocation Fund
2021-09-02,,,,49.712,HDFC Multi Asset Allocation Fund
2021-09-03,,,,49.792,HDFC Multi Asset Allocation Fund
2021-09-06,,,,49.89,HDFC Multi Asset Allocation Fund
2021-09-07,,,,49.863,HDFC Multi Asset Allocation Fund
2021-09-08,,,,49.863,HDFC Multi Asset Allocation Fund
2021-09-09,,,,49.884,HDFC Multi Asset Allocation Fund
2021-09-13,,,,49.878,HDFC Multi Asset Allocation Fund
2021-09-14,,,,49.906,HDFC Multi Asset Allocation Fund
2021-09-15,,,,50.147,HDFC Multi Asset Allocation Fund
2021-09-16,,,,50.196,HDFC Multi Asset Allocation Fund
2021-09-17,,,,50.016,HDFC Multi Asset Allocation Fund
2021-09-20,,,,49.723,HDFC Multi Asset Allocation Fund
2021-09-21,,,,49.835,HDFC Multi Asset Allocation Fund
2021-09-22,,,,49.904,HDFC Multi Asset Allocation Fund
2021-09-23,,,,50.19,HDFC Multi Asset Allocation Fund
2021-09-24,,,,50.175,HDFC Multi Asset Allocation Fund
2021-09-27,,,,50.118,HDFC Multi Asset Allocation Fund
2021-09-28,,,,49.925,HDFC Multi Asset Allocation Fund
2021-09-29,,,,49.889,HDFC Multi Asset Allocation Fund
2021-09-30,,,,49.814,HDFC Multi Asset Allocation Fund
2021-10-01,,,,49.785,HDFC Multi Asset Allocation Fund
2021-10-04,,,,49.951,HDFC Multi Asset Allocation Fund
2021-10-05,,,,50.141,HDFC Multi Asset Allocation Fund
2021-10-06,,,,49.954,HDFC Multi Asset Allocation Fund
2021-10-07,,,,50.157,HDFC Multi Asset Allocation Fund
2021-10-08,,,,50.313,HDFC Multi Asset Allocation Fund
2021-10-11,,,,50.492,HDFC Multi Asset Allocation Fund
2021-10-12,,,,50.52,HDFC Multi Asset Allocation Fund
2021-10-13,,,,50.714,HDFC Multi Asset Allocation Fund
2021-10-14,,,,51.042,HDFC Multi Asset Allocation Fund
2021-10-18,,,,51.142,HDFC Multi Asset Allocation Fund
2021-10-19,,,,51.108,HDFC Multi Asset Allocation Fund
2021-10-20,,,,50.788,HDFC Multi Asset Allocation Fund
2021-10-21,,,,50.633,HDFC Multi Asset Allocation Fund
2021-10-22,,,,50.552,HDFC Multi Asset Allocation Fund
2021-10-25,,,,50.624,HDFC Multi Asset Allocation Fund
2021-10-26,,,,50.834,HDFC Multi Asset Allocation Fund
2021-10-27,,,,50.814,HDFC Multi Asset Allocation Fund
2021-10-28,,,,50.381,HDFC Multi Asset Allocation Fund
2021-10-29,,,,50.196,HDFC Multi Asset Allocation Fund
2021-11-01,,,,50.439,HDFC Multi Asset Allocation Fund
2021-11-02,,,,50.524,HDFC Multi Asset Allocation Fund
2021-11-03,,,,50.365,HDFC Multi Asset Allocation Fund
2021-11-08,,,,50.762,HDFC Multi Asset Allocation Fund
2021-11-09,,,,50.804,HDFC Multi Asset Allocation Fund
2021-11-10,,,,51.658,HDFC Multi Asset Allocation Fund
2021-11-11,,,,51.623,HDFC Multi Asset Allocation Fund
2021-11-12,,,,51.968,HDFC Multi Asset Allocation Fund
2021-11-15,,,,52.027,HDFC Multi Asset Allocation Fund
2021-11-16,,,,51.918,HDFC Multi Asset Allocation Fund
2021-11-17,,,,51.681,HDFC Multi Asset Allocation Fund
2021-11-18,,,,51.509,HDFC Multi Asset Allocation Fund
2021-11-22,,,,51.058,HDFC Multi Asset Allocation Fund
2021-11-23,,,,51.122,HDFC Multi Asset Allocation Fund
2021-11-24,,,,51.191,HDFC Multi Asset Allocation Fund
2021-11-25,,,,51.461,HDFC Multi Asset Allocation Fund
2021-11-26,,,,50.843,HDFC Multi Asset Allocation Fund
2021-11-29,,,,50.809,HDFC Multi Asset Allocation Fund
2021-11-30,,,,50.804,HDFC Multi Asset Allocation Fund
2021-12-01,,,,50.99,HDFC Multi Asset Allocation Fund
2021-12-02,,,,51.217,HDFC Multi Asset Allocation Fund
2021-12-03,,,,50.885,HDFC Multi Asset Allocation Fund
2021-12-06,,,,50.438,HDFC Multi Asset Allocation Fund
2021-12-07,,,,50.724,HDFC Multi Asset Allocation Fund
2021-12-08,,,,51.165,HDFC Multi Asset Allocation Fund
2021-12-09,,,,51.173,HDFC Multi Asset Allocation Fund
2021-12-10,,,,51.083,HDFC Multi Asset Allocation Fund
2021-12-13,,,,50.993,HDFC Multi Asset Allocation Fund
2021-12-14,,,,50.953,HDFC Multi Asset Allocation Fund
2021-12-15,,,,50.878,HDFC Multi Asset Allocation Fund
2021-12-16,,,,50.904,HDFC Multi Asset Allocation Fund
2021-12-17,,,,50.562,HDFC Multi Asset Allocation Fund
2021-12-20,,,,49.862,HDFC Multi Asset Allocation Fund
2021-12-21,,,,50.075,HDFC Multi Asset Allocation Fund
2021-12-22,,,,50.37,HDFC Multi Asset Allocation Fund
2021-12-23,,,,50.637,HDFC Multi Asset Allocation Fund
2021-12-24,,,,50.511,HDFC Multi Asset Allocation Fund
2021-12-27,,,,50.639,HDFC Multi Asset Allocation Fund
2021-12-28,,,,50.847,HDFC Multi Asset Allocation Fund
2021-12-29,,,,50.861,HDFC Multi Asset Allocation Fund
2021-12-30,,,,50.841,HDFC Multi Asset Allocation Fund
2021-12-31,,,,51.086,HDFC Multi Asset Allocation Fund
2022-01-03,,,,51.41,HDFC Multi Asset Allocation Fund
2022-01-04,,,,51.59,HDFC Multi Asset Allocation Fund
2022-01-05,,,,51.637,HDFC Multi Asset Allocation Fund
2022-01-06,,,,51.354,HDFC Multi Asset Allocation Fund
2022-01-07,,,,51.422,HDFC Multi Asset Allocation Fund
2022-01-10,,,,51.63,HDFC Multi Asset Allocation Fund
2022-01-11,,,,51.712,HDFC Multi Asset Allocation Fund
2022-01-12,,,,51.942,HDFC Multi Asset Allocation Fund
2022-01-13,,,,52.081,HDFC Multi Asset Allocation Fund
2022-01-14,,,,52.132,HDFC Multi Asset Allocation Fund
2022-01-17,,,,52.13,HDFC Multi Asset Allocation Fund
2022-01-18,,,,51.831,HDFC Multi Asset Allocation Fund
2022-01-19,,,,51.628,HDFC Multi Asset Allocation Fund
2022-01-20,,,,51.542,HDFC Multi Asset Allocation Fund
2022-01-21,,,,51.317,HDFC Multi Asset Allocation Fund
2022-01-24,,,,50.505,HDFC Multi Asset Allocation Fund
2022-01-25,,,,50.701,HDFC Multi Asset Allocation Fund
2022-01-27,,,,50.374,HDFC Multi Asset Allocation Fund
2022-01-28,,,,50.31,HDFC Multi Asset Allocation Fund
2022-01-31,,,,50.563,HDFC Multi Asset Allocation Fund
2022-02-01,,,,50.989,HDFC Multi Asset Allocation Fund
2022-02-02,,,,51.288,HDFC Multi Asset Allocation Fund
2022-02-03,,,,51.047,HDFC Multi Asset Allocation Fund
2022-02-04,,,,50.994,HDFC Multi Asset Allocation Fund
2022-02-07,,,,50.596,HDFC Multi Asset Allocation Fund
2022-02-08,,,,50.59,HDFC Multi Asset Allocation Fund
2022-02-09,,,,50.845,HDFC Multi Asset Allocation Fund
2022-02-10,,,,51.012,HDFC Multi Asset Allocation Fund
2022-02-11,,,,50.648,HDFC Multi Asset Allocation Fund
2022-02-14,,,,49.92,HDFC Multi Asset Allocation Fund
2022-02-15,,,,50.481,HDFC Multi Asset Allocation Fund
2022-02-16,,,,50.424,HDFC Multi Asset Allocation Fund
2022-02-17,,,,50.449,HDFC Multi Asset Allocation Fund
2022-02-18,,,,50.347,HDFC Multi Asset Allocation Fund
2022-02-21,,,,50.199,HDFC Multi Asset Allocation Fund
2022-02-22,,,,50.043,HDFC Multi Asset Allocation Fund
2022-02-23,,,,49.999,HDFC Multi Asset Allocation Fund
2022-02-24,,,,49.019,HDFC Multi Asset Allocation Fund
2022-02-25,,,,49.546,HDFC Multi Asset Allocation Fund
2022-02-28,,,,49.716,HDFC Multi Asset Allocation Fund
2022-03-02,,,,49.502,HDFC Multi Asset Allocation Fund
2022-03-03,,,,49.363,HDFC Multi Asset Allocation Fund
2022-03-04,,,,49.023,HDFC Multi Asset Allocation Fund
2022-03-07,,,,48.686,HDFC Multi Asset Allocation Fund
2022-03-08,,,,48.931,HDFC Multi Asset Allocation Fund
2022-03-09,,,,49.336,HDFC Multi Asset Allocation Fund
2022-03-10,,,,49.557,HDFC Multi Asset Allocation Fund
2022-03-11,,,,49.673,HDFC Multi Asset Allocation Fund
2022-03-14,,,,49.93,HDFC Multi Asset Allocation Fund
2022-03-15,,,,49.635,HDFC Multi Asset Allocation Fund
2022-03-16,,,,50.044,HDFC Multi Asset Allocation Fund
2022-03-17,,,,50.512,HDFC Multi Asset Allocation Fund
2022-03-21,,,,50.265,HDFC Multi Asset Allocation Fund
2022-03-22,,,,50.43,HDFC Multi Asset Allocation Fund
2022-03-23,,,,50.366,HDFC Multi Asset Allocation Fund
2022-03-24,,,,50.311,HDFC Multi Asset Allocation Fund
2022-03-25,,,,50.219,HDFC Multi Asset Allocation Fund
2022-03-28,,,,50.292,HDFC Multi Asset Allocation Fund
2022-03-29,,,,50.482,HDFC Multi Asset Allocation Fund
2022-03-30,,,,50.792,HDFC Multi Asset Allocation Fund
2022-03-31,,,,50.907,HDFC Multi Asset Allocation Fund
2022-04-01,,,,51.266,HDFC Multi Asset Allocation Fund
2022-04-04,,,,51.851,HDFC Multi Asset Allocation Fund
2022-04-05,,,,51.788,HDFC Multi Asset Allocation Fund
2022-04-06,,,,51.673,HDFC Multi Asset Allocation Fund
2022-04-07,,,,51.536,HDFC Multi Asset Allocation Fund
2022-04-08,,,,51.734,HDFC Multi Asset Allocation Fund
2022-04-11,,,,51.702,HDFC Multi Asset Allocation Fund
2022-04-12,,,,51.507,HDFC Multi Asset Allocation Fund
2022-04-13,,,,51.494,HDFC Multi Asset Allocation Fund
2022-04-18,,,,51.171,HDFC Multi Asset Allocation Fund
2022-04-19,,,,50.829,HDFC Multi Asset Allocation Fund
2022-04-20,,,,50.956,HDFC Multi Asset Allocation Fund
2022-04-21,,,,51.277,HDFC Multi Asset Allocation Fund
2022-04-22,,,,50.983,HDFC Multi Asset Allocation Fund
2022-04-25,,,,50.541,HDFC Multi Asset Allocation Fund
2022-04-26,,,,50.802,HDFC Multi Asset Allocation Fund
2022-04-27,,,,50.503,HDFC Multi Asset Allocation Fund
2022-04-28,,,,50.78,HDFC Multi Asset Allocation Fund
2022-04-29,,,,50.585,HDFC Multi Asset Allocation Fund
2022-05-02,,,,50.441,HDFC Multi Asset Allocation Fund
2022-05-04,,,,49.862,HDFC Multi Asset Allocation Fund
2022-05-05,,,,49.941,HDFC Multi Asset Allocation Fund
2022-05-06,,,,49.616,HDFC Multi Asset Allocation Fund
2022-05-09,,,,49.408,HDFC Multi Asset Allocation Fund
2022-05-10,,,,49.261,HDFC Multi Asset Allocation Fund
2022-05-11,,,,49.115,HDFC Multi Asset Allocation Fund
2022-05-12,,,,48.636,HDFC Multi Asset Allocation Fund
2022-05-13,,,,48.564,HDFC Multi Asset Allocation Fund
2022-05-16,,,,48.69,HDFC Multi Asset Allocation Fund
2022-05-17,,,,49.335,HDFC Multi Asset Allocation Fund
2022-05-18,,,,49.315,HDFC Multi Asset Allocation Fund
2022-05-19,,,,48.765,HDFC Multi Asset Allocation Fund
2022-05-20,,,,49.417,HDFC Multi Asset Allocation Fund
2022-05-23,,,,49.379,HDFC Multi Asset Allocation Fund
2022-05-24,,,,49.253,HDFC Multi Asset Allocation Fund
2022-05-25,,,,49.13,HDFC Multi Asset Allocation Fund
2022-05-26,,,,49.436,HDFC Multi Asset Allocation Fund
2022-05-27,,,,49.745,HDFC Multi Asset Allocation Fund
2022-05-30,,,,50.185,HDFC Multi Asset Allocation Fund
2022-05-31,,,,50.112,HDFC Multi Asset Allocation Fund
2022-06-01,,,,50.056,HDFC Multi Asset Allocation Fund
2022-06-02,,,,50.21,HDFC Multi Asset Allocation Fund
2022-06-03,,,,50.045,HDFC Multi Asset Allocation Fund
2022-06-06,,,,49.911,HDFC Multi Asset Allocation Fund
2022-06-07,,,,49.676,HDFC Multi Asset Allocation Fund
2022-06-08,,,,49.58,HDFC Multi Asset Allocation Fund
2022-06-09,,,,49.791,HDFC Multi Asset Allocation Fund
2022-06-10,,,,49.472,HDFC Multi Asset Allocation Fund
2022-06-13,,,,48.886,HDFC Multi Asset Allocation Fund
2022-06-14,,,,48.825,HDFC Multi Asset Allocation Fund
2022-06-15,,,,48.782,HDFC Multi Asset Allocation Fund
2022-06-16,,,,48.309,HDFC Multi Asset Allocation Fund
2022-06-17,,,,48.214,HDFC Multi Asset Allocation Fund
2022-06-20,,,,48.154,HDFC Multi Asset Allocation Fund
2022-06-21,,,,48.682,HDFC Multi Asset Allocation Fund
2022-06-22,,,,48.384,HDFC Multi Asset Allocation Fund
2022-06-23,,,,48.641,HDFC Multi Asset Allocation Fund
2022-06-24,,,,48.898,HDFC Multi Asset Allocation Fund
2022-06-27,,,,49.21,HDFC Multi Asset Allocation Fund
2022-06-28,,,,49.243,HDFC Multi Asset Allocation Fund
2022-06-29,,,,49.161,HDFC Multi Asset Allocation Fund
2022-06-30,,,,49.178,HDFC Multi Asset Allocation Fund
2022-07-01,,,,49.261,HDFC Multi Asset Allocation Fund
2022-07-04,,,,49.577,HDFC Multi Asset Allocation Fund
2022-07-05,,,,49.57,HDFC Multi Asset Allocation Fund
2022-07-06,,,,49.783,HDFC Multi Asset Allocation Fund
2022-07-07,,,,49.922,HDFC Multi Asset Allocation Fund
2022-07-08,,,,50.064,HDFC Multi Asset Allocation Fund
2022-07-11,,,,50.094,HDFC Multi Asset Allocation Fund
2022-07-12,,,,49.865,HDFC Multi Asset Allocation Fund
2022-07-13,,,,49.693,HDFC Multi Asset Allocation Fund
2022-07-14,,,,49.637,HDFC Multi Asset Allocation Fund
2022-07-15,,,,49.743,HDFC Multi Asset Allocation Fund
2022-07-18,,,,50.126,HDFC Multi Asset Allocation Fund
2022-07-19,,,,50.244,HDFC Multi Asset Allocation Fund
2022-07-20,,,,50.437,HDFC Multi Asset Allocation Fund
2022-07-21,,,,50.624,HDFC Multi Asset Allocation Fund
2022-07-22,,,,50.849,HDFC Multi Asset Allocation Fund
2022-07-25,,,,50.811,HDFC Multi Asset Allocation Fund
2022-07-26,,,,50.519,HDFC Multi Asset Allocation Fund
2022-07-27,,,,50.747,HDFC Multi Asset Allocation Fund
2022-07-28,,,,51.066,HDFC Multi Asset Allocation Fund
2022-07-29,,,,51.4,HDFC Multi Asset Allocation Fund
2022-08-01,,,,51.763,HDFC Multi Asset Allocation Fund
2022-08-02,,,,51.716,HDFC Multi Asset Allocation Fund
2022-08-03,,,,51.734,HDFC Multi Asset Allocation Fund
2022-08-04,,,,51.74,HDFC Multi Asset Allocation Fund
2022-08-05,,,,51.812,HDFC Multi Asset Allocation Fund
2022-08-08,,,,52.007,HDFC Multi Asset Allocation Fund
2022-08-10,,,,52.108,HDFC Multi Asset Allocation Fund
2022-08-11,,,,52.355,HDFC Multi Asset Allocation Fund
2022-08-12,,,,52.447,HDFC Multi Asset Allocation Fund
2022-08-16,,,,52.614,HDFC Multi Asset Allocation Fund
2022-08-17,,,,52.797,HDFC Multi Asset Allocation Fund
2022-08-18,,,,52.826,HDFC Multi Asset Allocation Fund
2022-08-19,,,,52.552,HDFC Multi Asset Allocation Fund
2022-08-22,,,,52.101,HDFC Multi Asset Allocation Fund
2022-08-23,,,,52.216,HDFC Multi Asset Allocation Fund
2022-08-24,,,,52.323,HDFC Multi Asset Allocation Fund
2022-08-25,,,,52.323,HDFC Multi Asset Allocation Fund
2022-08-26,,,,52.354,HDFC Multi Asset Allocation Fund
2022-08-29,,,,51.991,HDFC Multi Asset Allocation Fund
2022-08-30,,,,52.628,HDFC Multi Asset Allocation Fund
2022-09-01,,,,52.389,HDFC Multi Asset Allocation Fund
2022-09-02,,,,52.433,HDFC Multi Asset Allocation Fund
2022-09-05,,,,52.63,HDFC Multi Asset Allocation Fund
2022-09-06,,,,52.614,HDFC Multi Asset Allocation Fund
2022-09-07,,,,52.597,HDFC Multi Asset Allocation Fund
2022-09-08,,,,52.914,HDFC Multi Asset Allocation Fund
2022-09-09,,,,52.96,HDFC Multi Asset Allocation Fund
2022-09-12,,,,53.161,HDFC Multi Asset Allocation Fund
2022-09-13,,,,53.384,HDFC Multi Asset Allocation Fund
2022-09-14,,,,53.188,HDFC Multi Asset Allocation Fund
2022-09-15,,,,53.015,HDFC Multi Asset Allocation Fund
2022-09-16,,,,52.365,HDFC Multi Asset Allocation Fund
2022-09-19,,,,52.461,HDFC Multi Asset Allocation Fund
2022-09-20,,,,52.839,HDFC Multi Asset Allocation Fund
2022-09-21,,,,52.656,HDFC Multi Asset Allocation Fund
2022-09-22,,,,52.566,HDFC Multi Asset Allocation Fund
2022-09-23,,,,52.069,HDFC Multi Asset Allocation Fund
2022-09-26,,,,51.418,HDFC Multi Asset Allocation Fund
2022-09-27,,,,51.384,HDFC Multi Asset Allocation Fund
2022-09-28,,,,51.139,HDFC Multi Asset Allocation Fund
2022-09-29,,,,51.241,HDFC Multi Asset Allocation Fund
2022-09-30,,,,51.717,HDFC Multi Asset Allocation Fund
2022-10-03,,,,51.451,HDFC Multi Asset Allocation Fund
2022-10-04,,,,52.115,HDFC Multi Asset Allocation Fund
2022-10-06,,,,52.313,HDFC Multi Asset Allocation Fund
2022-10-07,,,,52.322,HDFC Multi Asset Allocation Fund
2022-10-10,,,,52.107,HDFC Multi Asset Allocation Fund
2022-10-11,,,,51.702,HDFC Multi Asset Allocation Fund
2022-10-12,,,,51.872,HDFC Multi Asset Allocation Fund
2022-10-13,,,,51.7,HDFC Multi Asset Allocation Fund
2022-10-14,,,,51.834,HDFC Multi Asset Allocation Fund
2022-10-17,,,,52.023,HDFC Multi Asset Allocation Fund
2022-10-18,,,,52.31,HDFC Multi Asset Allocation Fund
2022-10-19,,,,52.308,HDFC Multi Asset Allocation Fund
2022-10-20,,,,52.341,HDFC Multi Asset Allocation Fund
2022-10-21,,,,52.339,HDFC Multi Asset Allocation Fund
2022-10-25,,,,52.761,HDFC Multi Asset Allocation Fund
2022-10-27,,,,52.979,HDFC Multi Asset Allocation Fund
2022-10-28,,,,52.879,HDFC Multi Asset Allocation Fund
2022-10-31,,,,53.213,HDFC Multi Asset Allocation Fund
2022-11-01,,,,53.387,HDFC Multi Asset Allocation Fund
2022-11-02,,,,53.315,HDFC Multi Asset Allocation Fund
2022-11-03,,,,53.184,HDFC Multi Asset Allocation Fund
2022-11-04,,,,53.155,HDFC Multi Asset Allocation Fund
2022-11-07,,,,53.434,HDFC Multi Asset Allocation Fund
2022-11-09,,,,53.331,HDFC Multi Asset Allocation Fund
2022-11-10,,,,53.17,HDFC Multi Asset Allocation Fund
2022-11-11,,,,53.664,HDFC Multi Asset Allocation Fund
2022-11-14,,,,53.713,HDFC Multi Asset Allocation Fund
2022-11-15,,,,53.904,HDFC Multi Asset Allocation Fund
2022-11-16,,,,53.935,HDFC Multi Asset Allocation Fund
2022-11-17,,,,53.853,HDFC Multi Asset Allocation Fund
2022-11-18,,,,53.813,HDFC Multi Asset Allocation Fund
2022-11-21,,,,53.631,HDFC Multi Asset Allocation Fund
2022-11-22,,,,53.754,HDFC Multi Asset Allocation Fund
2022-11-23,,,,53.788,HDFC Multi Asset Allocation Fund
2022-11-24,,,,54.129,HDFC Multi Asset Allocation Fund
2022-11-25,,,,54.183,HDFC Multi Asset Allocation Fund
2022-11-28,,,,54.312,HDFC Multi Asset Allocation Fund
2022-11-29,,,,54.354,HDFC Multi Asset Allocation Fund
2022-11-30,,,,54.586,HDFC Multi Asset Allocation Fund
2022-12-01,,,,54.694,HDFC Multi Asset Allocation Fund
2022-12-02,,,,54.701,HDFC Multi Asset Allocation Fund
2022-12-05,,,,54.753,HDFC Multi Asset Allocation Fund
2022-12-06,,,,54.566,HDFC Multi Asset Allocation Fund
2022-12-07,,,,54.499,HDFC Multi Asset Allocation Fund
2022-12-08,,,,54.642,HDFC Multi Asset Allocation Fund
2022-12-09,,,,54.532,HDFC Multi Asset Allocation Fund
2022-12-12,,,,54.526,HDFC Multi Asset Allocation Fund
2022-12-13,,,,54.701,HDFC Multi Asset Allocation Fund
2022-12-14,,,,54.867,HDFC Multi Asset Allocation Fund
2022-12-15,,,,54.477,HDFC Multi Asset Allocation Fund
2022-12-16,,,,54.221,HDFC Multi Asset Allocation Fund
2022-12-19,,,,54.502,HDFC Multi Asset Allocation Fund
2022-12-20,,,,54.498,HDFC Multi Asset Allocation Fund
2022-12-21,,,,54.19,HDFC Multi Asset Allocation Fund
2022-12-22,,,,54.063,HDFC Multi Asset Allocation Fund
2022-12-23,,,,53.456,HDFC Multi Asset Allocation Fund
2022-12-26,,,,53.917,HDFC Multi Asset Allocation Fund
2022-12-27,,,,54.096,HDFC Multi Asset Allocation Fund
2022-12-28,,,,54.022,HDFC Multi Asset Allocation Fund
2022-12-29,,,,54.156,HDFC Multi Asset Allocation Fund
2022-12-30,,,,54.035,HDFC Multi Asset Allocation Fund
2023-01-02,,,,54.284,HDFC Multi Asset Allocation Fund
2023-01-03,,,,54.41,HDFC Multi Asset Allocation Fund
2023-01-04,,,,54.196,HDFC Multi Asset Allocation Fund
2023-01-05,,,,54.182,HDFC Multi Asset Allocation Fund
2023-01-06,,,,53.93,HDFC Multi Asset Allocation Fund
2023-01-09,,,,54.348,HDFC Multi Asset Allocation Fund
2023-01-10,,,,54.088,HDFC Multi Asset Allocation Fund
2023-01-11,,,,54.098,HDFC Multi Asset Allocation Fund
2023-01-12,,,,54.071,HDFC Multi Asset Allocation Fund
2023-01-13,,,,54.244,HDFC Multi Asset Allocation Fund
2023-01-16,,,,54.245,HDFC Multi Asset Allocation Fund
2023-01-17,,,,54.388,HDFC Multi Asset Allocation Fund
2023-01-18,,,,54.529,HDFC Multi Asset Allocation Fund
2023-01-19,,,,54.487,HDFC Multi Asset Allocation Fund
2023-01-20,,,,54.429,HDFC Multi Asset Allocation Fund
2023-01-23,,,,54.567,HDFC Multi Asset Allocation Fund
2023-01-24,,,,54.558,HDFC Multi Asset Allocation Fund
2023-01-25,,,,54.16,HDFC Multi Asset Allocation Fund
2023-01-27,,,,53.766,HDFC Multi Asset Allocation Fund
2023-01-30,,,,53.697,HDFC Multi Asset Allocation Fund
2023-01-31,,,,53.851,HDFC Multi Asset Allocation Fund
2023-02-01,,,,53.934,HDFC Multi Asset Allocation Fund
2023-02-02,,,,54.114,HDFC Multi Asset Allocation Fund
2023-02-03,,,,54.277,HDFC Multi Asset Allocation Fund
2023-02-06,,,,54.11,HDFC Multi Asset Allocation Fund
2023-02-07,,,,54.09,HDFC Multi Asset Allocation Fund
2023-02-08,,,,54.258,HDFC Multi Asset Allocation Fund
2023-02-09,,,,54.239,HDFC Multi Asset Allocation Fund
2023-02-10,,,,54.187,HDFC Multi Asset Allocation Fund
2023-02-13,,,,54.058,HDFC Multi Asset Allocation Fund
2023-02-14,,,,54.219,HDFC Multi Asset Allocation Fund
2023-02-15,,,,54.227,HDFC Multi Asset Allocation Fund
2023-02-16,,,,54.357,HDFC Multi Asset Allocation Fund
2023-02-17,,,,54.188,HDFC Multi Asset Allocation Fund
2023-02-20,,,,54.125,HDFC Multi Asset Allocation Fund
2023-02-21,,,,54.09,HDFC Multi Asset Allocation Fund
2023-02-22,,,,53.69,HDFC Multi Asset Allocation Fund
2023-02-23,,,,53.62,HDFC Multi Asset Allocation Fund
2023-02-24,,,,53.539,HDFC Multi Asset Allocation Fund
2023-02-27,,,,53.427,HDFC Multi Asset Allocation Fund
2023-02-28,,,,53.281,HDFC Multi Asset Allocation Fund
2023-03-01,,,,53.572,HDFC Multi Asset Allocation Fund
2023-03-02,,,,53.431,HDFC Multi Asset Allocation Fund
2023-03-03,,,,53.813,HDFC Multi Asset Allocation Fund
2023-03-06,,,,54.038,HDFC Multi Asset Allocation Fund
2023-03-08,,,,54.069,HDFC Multi Asset Allocation Fund
2023-03-09,,,,53.911,HDFC Multi Asset Allocation Fund
2023-03-10,,,,53.689,HDFC Multi Asset Allocation Fund
2023-03-13,,,,53.44,HDFC Multi Asset Allocation Fund
2023-03-14,,,,53.423,HDFC Multi Asset Allocation Fund
2023-03-15,,,,53.308,HDFC Multi Asset Allocation Fund
2023-03-16,,,,53.405,HDFC Multi Asset Allocation Fund
2023-03-17,,,,53.584,HDFC Multi Asset Allocation Fund
2023-03-20,,,,53.553,HDFC Multi Asset Allocation Fund
2023-03-21,,,,53.712,HDFC Multi Asset Allocation Fund
2023-03-22,,,,53.709,HDFC Multi Asset Allocation Fund
2023-03-23,,,,53.69,HDFC Multi Asset Allocation Fund
2023-03-24,,,,53.663,HDFC Multi Asset Allocation Fund
2023-03-27,,,,53.549,HDFC Multi Asset Allocation Fund
2023-03-28,,,,53.48,HDFC Multi Asset Allocation Fund
2023-03-29,,,,53.765,HDFC Multi Asset Allocation Fund
2023-03-31,,,,54.316,HDFC Multi Asset Allocation Fund
2023-04-03,,,,54.411,HDFC Multi Asset Allocation Fund
2023-04-05,,,,54.768,HDFC Multi Asset Allocation Fund
2023-04-06,,,,54.859,HDFC Multi Asset Allocation Fund
2023-04-10,,,,54.866,HDFC Multi Asset Allocation Fund
2023-04-11,,,,55.021,HDFC Multi Asset Allocation Fund
2023-04-12,,,,55.169,HDFC Multi Asset Allocation Fund
2023-04-13,,,,55.153,HDFC Multi Asset Allocation Fund
2023-04-17,,,,54.925,HDFC Multi Asset Allocation Fund
2023-04-18,,,,54.974,HDFC Multi Asset Allocation Fund
2023-04-19,,,,54.825,HDFC Multi Asset Allocation Fund
2023-04-20,,,,54.909,HDFC Multi Asset Allocation Fund
2023-04-21,,,,54.877,HDFC Multi Asset Allocation Fund
2023-04-24,,,,55.017,HDFC Multi Asset Allocation Fund
2023-04-25,,,,55.045,HDFC Multi Asset Allocation Fund
2023-04-26,,,,55.154,HDFC Multi Asset Allocation Fund
2023-04-27,,,,55.298,HDFC Multi Asset Allocation Fund
2023-04-28,,,,55.501,HDFC Multi Asset Allocation Fund
2023-05-02,,,,55.652,HDFC Multi Asset Allocation Fund
2023-05-03,,,,55.714,HDFC Multi Asset Allocation Fund
2023-05-04,,,,55.993,HDFC Multi Asset Allocation Fund
2023-05-05,,,,55.708,HDFC Multi Asset Allocation Fund
2023-05-08,,,,55.932,HDFC Multi Asset Allocation Fund
2023-05-09,,,,55.93,HDFC Multi Asset Allocation Fund
2023-05-10,,,,56.042,HDFC Multi Asset Allocation Fund
2023-05-11,,,,56.009,HDFC Multi Asset Allocation Fund
2023-05-12,,,,55.926,HDFC Multi Asset Allocation Fund
2023-05-15,,,,56.148,HDFC Multi Asset Allocation Fund
2023-05-16,,,,56.087,HDFC Multi Asset Allocation Fund
2023-05-17,,,,56.008,HDFC Multi Asset Allocation Fund
2023-05-18,,,,55.82,HDFC Multi Asset Allocation Fund
2023-05-19,,,,55.872,HDFC Multi Asset Allocation Fund
2023-05-22,,,,56.016,HDFC Multi Asset Allocation Fund
2023-05-23,,,,55.994,HDFC Multi Asset Allocation Fund
2023-05-24,,,,55.98,HDFC Multi Asset Allocation Fund
2023-05-25,,,,55.995,HDFC Multi Asset Allocation Fund
2023-05-26,,,,56.185,HDFC Multi Asset Allocation Fund
2023-05-29,,,,56.311,HDFC Multi Asset Allocation Fund
2023-05-30,,,,56.445,HDFC Multi Asset Allocation Fund
2023-05-31,,,,56.455,HDFC Multi Asset Allocation Fund
2023-06-01,,,,56.4,HDFC Multi Asset Allocation Fund
2023-06-02,,,,56.586,HDFC Multi Asset Allocation Fund
2023-06-05,,,,56.713,HDFC Multi Asset Allocation Fund
2023-06-06,,,,56.826,HDFC Multi Asset Allocation Fund
2023-06-07,,,,57.033,HDFC Multi Asset Allocation Fund
2023-06-08,,,,56.845,HDFC Multi Asset Allocation Fund
2023-06-09,,,,56.915,HDFC Multi Asset Allocation Fund
2023-06-12,,,,56.992,HDFC Multi Asset Allocation Fund
2023-06-13,,,,57.162,HDFC Multi Asset Allocation Fund
2023-06-14,,,,57.119,HDFC Multi Asset Allocation Fund
2023-06-15,,,,57.043,HDFC Multi Asset Allocation Fund
2023-06-16,,,,57.387,HDFC Multi Asset Allocation Fund
2023-06-19,,,,57.201,HDFC Multi Asset Allocation Fund
2023-06-20,,,,57.357,HDFC Multi Asset Allocation Fund
2023-06-21,,,,57.349,HDFC Multi Asset Allocation Fund
2023-06-22,,,,57.183,HDFC Multi Asset Allocation Fund
2023-06-23,,,,56.976,HDFC Multi Asset Allocation Fund
2023-06-26,,,,57.125,HDFC Multi Asset Allocation Fund
2023-06-27,,,,57.335,HDFC Multi Asset Allocation Fund
2023-06-28,,,,57.518,HDFC Multi Asset Allocation Fund
2023-06-30,,,,57.835,HDFC Multi Asset Allocation Fund
2023-07-03,,,,57.973,HDFC Multi Asset Allocation Fund
2023-07-04,,,,57.973,HDFC Multi Asset Allocation Fund
2023-07-05,,,,58.083,HDFC Multi Asset Allocation Fund
2023-07-06,,,,58.259,HDFC Multi Asset Allocation Fund
2023-07-07,,,,58.071,HDFC Multi Asset Allocation Fund
2023-07-10,,,,58.101,HDFC Multi Asset Allocation Fund
2023-07-11,,,,58.323,HDFC Multi Asset Allocation Fund
2023-07-12,,,,58.209,HDFC Multi Asset Allocation Fund
2023-07-13,,,,58.295,HDFC Multi Asset Allocation Fund
2023-07-14,,,,58.576,HDFC Multi Asset Allocation Fund
2023-07-17,,,,58.798,HDFC Multi Asset Allocation Fund
2023-07-18,,,,58.858,HDFC Multi Asset Allocation Fund
2023-07-19,,,,59.03,HDFC Multi Asset Allocation Fund
2023-07-20,,,,59.259,HDFC Multi Asset Allocation Fund
2023-07-21,,,,59.045,HDFC Multi Asset Allocation Fund
2023-07-24,,,,58.994,HDFC Multi Asset Allocation Fund
2023-07-25,,,,58.998,HDFC Multi Asset Allocation Fund
2023-07-26,,,,59.136,HDFC Multi Asset Allocation Fund
2023-07-27,,,,59.118,HDFC Multi Asset Allocation Fund
2023-07-28,,,,59.113,HDFC Multi Asset Allocation Fund
2023-07-31,,,,59.393,HDFC Multi Asset Allocation Fund
2023-08-01,,,,59.374,HDFC Multi Asset Allocation Fund
2023-08-02,,,,58.988,HDFC Multi Asset Allocation Fund
2023-08-03,,,,58.78,HDFC Multi Asset Allocation Fund
2023-08-04,,,,58.971,HDFC Multi Asset Allocation Fund
2023-08-07,,,,59.1,HDFC Multi Asset Allocation Fund
2023-08-08,,,,59.202,HDFC Multi Asset Allocation Fund
2023-08-09,,,,59.359,HDFC Multi Asset Allocation Fund
2023-08-10,,,,59.188,HDFC Multi Asset Allocation Fund
2023-08-11,,,,59.023,HDFC Multi Asset Allocation Fund
2023-08-14,,,,58.986,HDFC Multi Asset Allocation Fund
2023-08-16,,,,59.059,HDFC Multi Asset Allocation Fund
2023-08-17,,,,58.939,HDFC Multi Asset Allocation Fund
2023-08-18,,,,58.834,HDFC Multi Asset Allocation Fund
2023-08-21,,,,58.963,HDFC Multi Asset Allocation Fund
2023-08-22,,,,59.087,HDFC Multi Asset Allocation Fund
2023-08-23,,,,59.218,HDFC Multi Asset Allocation Fund
2023-08-24,,,,59.213,HDFC Multi Asset Allocation Fund
2023-08-25,,,,59.0,HDFC Multi Asset Allocation Fund
2023-08-28,,,,59.093,HDFC Multi Asset Allocation Fund
2023-08-29,,,,59.166,HDFC Multi Asset Allocation Fund
2023-08-30,,,,59.208,HDFC Multi Asset Allocation Fund
2023-08-31,,,,59.13,HDFC Multi Asset Allocation Fund
2023-09-01,,,,59.449,HDFC Multi Asset Allocation Fund
2023-09-04,,,,59.628,HDFC Multi Asset Allocation Fund
2023-09-05,,,,59.707,HDFC Multi Asset Allocation Fund
2023-09-06,,,,59.771,HDFC Multi Asset Allocation Fund
2023-09-07,,,,59.969,HDFC Multi Asset Allocation Fund
2023-09-08,,,,60.165,HDFC Multi Asset Allocation Fund
2023-09-11,,,,60.4,HDFC Multi Asset Allocation Fund
2023-09-12,,,,60.118,HDFC Multi Asset Allocation Fund
2023-09-13,,,,60.205,HDFC Multi Asset Allocation Fund
2023-09-14,,,,60.351,HDFC Multi Asset Allocation Fund
2023-09-15,,,,60.587,HDFC Multi Asset Allocation Fund
2023-09-18,,,,60.591,HDFC Multi Asset Allocation Fund
2023-09-20,,,,60.27,HDFC Multi Asset Allocation Fund
2023-09-21,,,,59.914,HDFC Multi Asset Allocation Fund
2023-09-22,,,,59.806,HDFC Multi Asset Allocation Fund
2023-09-25,,,,59.762,HDFC Multi Asset Allocation Fund
2023-09-26,,,,59.685,HDFC Multi Asset Allocation Fund
2023-09-27,,,,59.722,HDFC Multi Asset Allocation Fund
2023-09-29,,,,59.683,HDFC Multi Asset Allocation Fund
2023-10-03,,,,59.433,HDFC Multi Asset Allocation Fund
2023-10-04,,,,59.24,HDFC Multi Asset Allocation Fund
2023-10-05,,,,59.361,HDFC Multi Asset Allocation Fund
2023-10-06,,,,59.425,HDFC Multi Asset Allocation Fund
2023-10-09,,,,59.26,HDFC Multi Asset Allocation Fund
2023-10-10,,,,59.593,HDFC Multi Asset Allocation Fund
2023-10-11,,,,59.809,HDFC Multi Asset Allocation Fund
2023-10-12,,,,59.874,HDFC Multi Asset Allocation Fund
2023-10-13,,,,59.869,HDFC Multi Asset Allocation Fund
2023-10-16,,,,59.985,HDFC Multi Asset Allocation Fund
2023-10-17,,,,60.168,HDFC Multi Asset Allocation Fund
2023-10-18,,,,60.073,HDFC Multi Asset Allocation Fund
2023-10-19,,,,60.016,HDFC Multi Asset Allocation Fund
2023-10-20,,,,59.942,HDFC Multi Asset Allocation Fund
2023-10-23,,,,59.484,HDFC Multi Asset Allocation Fund
2023-10-25,,,,59.21,HDFC Multi Asset Allocation Fund
2023-10-26,,,,58.939,HDFC Multi Asset Allocation Fund
2023-10-27,,,,59.373,HDFC Multi Asset Allocation Fund
2023-10-30,,,,59.502,HDFC Multi Asset Allocation Fund
2023-10-31,,,,59.492,HDFC Multi Asset Allocation Fund
2023-11-01,,,,59.356,HDFC Multi Asset Allocation Fund
2023-11-02,,,,59.595,HDFC Multi Asset Allocation Fund
2023-11-03,,,,59.842,HDFC Multi Asset Allocation Fund
2023-11-06,,,,60.12,HDFC Multi Asset Allocation Fund
2023-11-07,,,,60.193,HDFC Multi Asset Allocation Fund
2023-11-08,,,,60.333,HDFC Multi Asset Allocation Fund
2023-11-09,,,,60.228,HDFC Multi Asset Allocation Fund
2023-11-10,,,,60.323,HDFC Multi Asset Allocation Fund
2023-11-13,,,,60.383,HDFC Multi Asset Allocation Fund
2023-11-15,,,,60.801,HDFC Multi Asset Allocation Fund
2023-11-16,,,,60.902,HDFC Multi Asset Allocation Fund
2023-11-17,,,,60.933,HDFC Multi Asset Allocation Fund
2023-11-20,,,,60.984,HDFC Multi Asset Allocation Fund
2023-11-21,,,,61.15,HDFC Multi Asset Allocation Fund
2023-11-22,,,,61.169,HDFC Multi Asset Allocation Fund
2023-11-23,,,,61.134,HDFC Multi Asset Allocation Fund
2023-11-24,,,,61.2,HDFC Multi Asset Allocation Fund
2023-11-28,,,,61.339,HDFC Multi Asset Allocation Fund
2023-11-29,,,,61.789,HDFC Multi Asset Allocation Fund
2023-11-30,,,,61.995,HDFC Multi Asset Allocation Fund
2023-12-01,,,,62.209,HDFC Multi Asset Allocation Fund
2023-12-04,,,,62.9,HDFC Multi Asset Allocation Fund
2023-12-05,,,,63.044,HDFC Multi Asset Allocation Fund
2023-12-06,,,,63.015,HDFC Multi Asset Allocation Fund
2023-12-07,,,,63.053,HDFC Multi Asset Allocation Fund
2023-12-08,,,,63.175,HDFC Multi Asset Allocation Fund
2023-12-11,,,,63.133,HDFC Multi Asset Allocation Fund
2023-12-12,,,,62.964,HDFC Multi Asset Allocation Fund
2023-12-13,,,,63.08,HDFC Multi Asset Allocation Fund
2023-12-14,,,,63.545,HDFC Multi Asset Allocation Fund
2023-12-15,,,,63.882,HDFC Multi Asset Allocation Fund
2023-12-18,,,,63.889,HDFC Multi Asset Allocation Fund
2023-12-19,,,,63.959,HDFC Multi Asset Allocation Fund
2023-12-20,,,,63.416,HDFC Multi Asset Allocation Fund
2023-12-21,,,,63.557,HDFC Multi Asset Allocation Fund
2023-12-22,,,,63.775,HDFC Multi Asset Allocation Fund
2023-12-26,,,,64.043,HDFC Multi Asset Allocation Fund
2023-12-27,,,,64.367,HDFC Multi Asset Allocation Fund
2023-12-28,,,,64.555,HDFC Multi Asset Allocation Fund
2023-12-29,,,,64.534,HDFC Multi Asset Allocation Fund
2024-01-01,,,,64.615,HDFC Multi Asset Allocation Fund
2024-01-02,,,,64.573,HDFC Multi Asset Allocation Fund
2024-01-03,,,,64.544,HDFC Multi Asset Allocation Fund
2024-01-04,,,,64.691,HDFC Multi Asset Allocation Fund
2024-01-05,,,,64.79,HDFC Multi Asset Allocation Fund
2024-01-08,,,,64.42,HDFC Multi Asset Allocation Fund
2024-01-09,,,,64.588,HDFC Multi Asset Allocation Fund
2024-01-10,,,,64.675,HDFC Multi Asset Allocation Fund
2024-01-11,,,,64.77,HDFC Multi Asset Allocation Fund
2024-01-12,,,,65.088,HDFC Multi Asset Allocation Fund
2024-01-15,,,,65.416,HDFC Multi Asset Allocation Fund
2024-01-16,,,,65.302,HDFC Multi Asset Allocation Fund
2024-01-17,,,,64.687,HDFC Multi Asset Allocation Fund
2024-01-18,,,,64.639,HDFC Multi Asset Allocation Fund
2024-01-19,,,,64.947,HDFC Multi Asset Allocation Fund
2024-01-23,,,,64.556,HDFC Multi Asset Allocation Fund
2024-01-24,,,,64.948,HDFC Multi Asset Allocation Fund
2024-01-25,,,,64.797,HDFC Multi Asset Allocation Fund
2024-01-29,,,,65.201,HDFC Multi Asset Allocation Fund
2024-01-30,,,,65.036,HDFC Multi Asset Allocation Fund
2024-01-31,,,,65.497,HDFC Multi Asset Allocation Fund
2024-02-01,,,,65.572,HDFC Multi Asset Allocation Fund
2024-02-02,,,,65.714,HDFC Multi Asset Allocation Fund
2024-02-05,,,,65.651,HDFC Multi Asset Allocation Fund
2024-02-06,,,,65.994,HDFC Multi Asset Allocation Fund
2024-02-07,,,,65.993,HDFC Multi Asset Allocation Fund
2024-02-08,,,,65.845,HDFC Multi Asset Allocation Fund
2024-02-09,,,,65.838,HDFC Multi Asset Allocation Fund
2024-02-12,,,,65.473,HDFC Multi Asset Allocation Fund
2024-02-13,,,,65.732,HDFC Multi Asset Allocation Fund
2024-02-14,,,,65.855,HDFC Multi Asset Allocation Fund
2024-02-15,,,,66.073,HDFC Multi Asset Allocation Fund
2024-02-16,,,,66.349,HDFC Multi Asset Allocation Fund
2024-02-19,,,,66.578,HDFC Multi Asset Allocation Fund
2024-02-20,,,,66.643,HDFC Multi Asset Allocation Fund
2024-02-21,,,,66.441,HDFC Multi Asset Allocation Fund
2024-02-22,,,,66.641,HDFC Multi Asset Allocation Fund
2024-02-23,,,,66.671,HDFC Multi Asset Allocation Fund
2024-02-26,,,,66.64,HDFC Multi Asset Allocation Fund
2024-02-27,,,,66.782,HDFC Multi Asset Allocation Fund
2024-02-28,,,,66.384,HDFC Multi Asset Allocation Fund
2024-02-29,,,,66.415,HDFC Multi Asset Allocation Fund
2024-03-01,,,,66.878,HDFC Multi Asset Allocation Fund
2024-03-04,,,,67.121,HDFC Multi Asset Allocation Fund
2024-03-05,,,,67.289,HDFC Multi Asset Allocation Fund
2024-03-06,,,,67.401,HDFC Multi Asset Allocation Fund
2024-03-07,,,,67.587,HDFC Multi Asset Allocation Fund
2024-03-11,,,,67.377,HDFC Multi Asset Allocation Fund
2024-03-12,,,,67.205,HDFC Multi Asset Allocation Fund
2024-03-13,,,,66.496,HDFC Multi Asset Allocation Fund
2024-03-14,,,,66.846,HDFC Multi Asset Allocation Fund
2024-03-15,,,,66.675,HDFC Multi Asset Allocation Fund
2024-03-18,,,,66.741,HDFC Multi Asset Allocation Fund
2024-03-19,,,,66.356,HDFC Multi Asset Allocation Fund
2024-03-20,,,,66.352,HDFC Multi Asset Allocation Fund
2024-03-21,,,,66.876,HDFC Multi Asset Allocation Fund
2024-03-22,,,,66.977,HDFC Multi Asset Allocation Fund
2024-03-26,,,,66.876,HDFC Multi Asset Allocation Fund
2024-03-27,,,,67.116,HDFC Multi Asset Allocation Fund
2024-03-28,,,,67.367,HDFC Multi Asset Allocation Fund
2024-03-31,,,,67.371,HDFC Multi Asset Allocation Fund
2024-04-01,,,,67.92,HDFC Multi Asset Allocation Fund
2024-04-02,,,,68.014,HDFC Multi Asset Allocation Fund
2024-04-03,,,,68.168,HDFC Multi Asset Allocation Fund
2024-04-04,,,,68.307,HDFC Multi Asset Allocation Fund
2024-04-05,,,,68.441,HDFC Multi Asset Allocation Fund
2024-04-08,,,,68.732,HDFC Multi Asset Allocation Fund
2024-04-09,,,,68.767,HDFC Multi Asset Allocation Fund
2024-04-10,,,,68.902,HDFC Multi Asset Allocation Fund
2024-04-12,,,,68.71,HDFC Multi Asset Allocation Fund
2024-04-15,,,,68.273,HDFC Multi Asset Allocation Fund
2024-04-16,,,,68.231,HDFC Multi Asset Allocation Fund
2024-04-18,,,,68.17,HDFC Multi Asset Allocation Fund
2024-04-19,,,,68.332,HDFC Multi Asset Allocation Fund
2024-04-22,,,,68.544,HDFC Multi Asset Allocation Fund
2024-04-23,,,,68.481,HDFC Multi Asset Allocation Fund
2024-04-24,,,,68.665,HDFC Multi Asset Allocation Fund
2024-04-25,,,,68.914,HDFC Multi Asset Allocation Fund
2024-04-26,,,,68.855,HDFC Multi Asset Allocation Fund
2024-04-29,,,,69.083,HDFC Multi Asset Allocation Fund
2024-04-30,,,,69.024,HDFC Multi Asset Allocation Fund
2024-05-02,,,,69.054,HDFC Multi Asset Allocation Fund
2024-05-03,,,,68.838,HDFC Multi Asset Allocation Fund
2024-05-06,,,,68.796,HDFC Multi Asset Allocation Fund
2024-05-07,,,,68.463,HDFC Multi Asset Allocation Fund
2024-05-08,,,,68.515,HDFC Multi Asset Allocation Fund
2024-05-09,,,,68.0,HDFC Multi Asset Allocation Fund
2024-05-10,,,,68.406,HDFC Multi Asset Allocation Fund
2024-05-13,,,,68.365,HDFC Multi Asset Allocation Fund
2024-05-14,,,,68.563,HDFC Multi Asset Allocation Fund
2024-05-15,,,,68.77,HDFC Multi Asset Allocation Fund
2024-05-16,,,,69.237,HDFC Multi Asset Allocation Fund
2024-05-17,,,,69.337,HDFC Multi Asset Allocation Fund
2024-05-21,,,,69.603,HDFC Multi Asset Allocation Fund
2024-05-22,,,,69.706,HDFC Multi Asset Allocation Fund
2024-05-23,,,,70.025,HDFC Multi Asset Allocation Fund
2024-05-24,,,,69.95,HDFC Multi Asset Allocation Fund
2024-05-27,,,,69.878,HDFC Multi Asset Allocation Fund
2024-05-28,,,,69.793,HDFC Multi Asset Allocation Fund
2024-05-29,,,,69.64,HDFC Multi Asset Allocation Fund
2024-05-30,,,,69.329,HDFC Multi Asset Allocation Fund
2024-05-31,,,,69.428,HDFC Multi Asset Allocation Fund
2024-06-03,,,,70.37,HDFC Multi Asset Allocation Fund
2024-06-04,,,,68.248,HDFC Multi Asset Allocation Fund
2024-06-05,,,,69.426,HDFC Multi Asset Allocation Fund
2024-06-06,,,,69.96,HDFC Multi Asset Allocation Fund
2024-06-07,,,,70.648,HDFC Multi Asset Allocation Fund
2024-06-10,,,,70.694,HDFC Multi Asset Allocation Fund
2024-06-11,,,,70.802,HDFC Multi Asset Allocation Fund
2024-06-12,,,,70.986,HDFC Multi Asset Allocation Fund
2024-06-13,,,,71.205,HDFC Multi Asset Allocation Fund
2024-06-14,,,,71.395,HDFC Multi Asset Allocation Fund
2024-06-18,,,,71.617,HDFC Multi Asset Allocation Fund
2024-06-19,,,,71.605,HDFC Multi Asset Allocation Fund
2024-06-20,,,,71.72,HDFC Multi Asset Allocation Fund
2024-06-21,,,,71.726,HDFC Multi Asset Allocation Fund
2024-06-24,,,,71.699,HDFC Multi Asset Allocation Fund
2024-06-25,,,,71.946,HDFC Multi Asset Allocation Fund
2024-06-26,,,,72.0,HDFC Multi Asset Allocation Fund
2024-06-27,,,,72.107,HDFC Multi Asset Allocation Fund
2024-06-28,,,,72.156,HDFC Multi Asset Allocation Fund
2024-07-01,,,,72.377,HDFC Multi Asset Allocation Fund
2024-07-02,,,,72.331,HDFC Multi Asset Allocation Fund
2024-07-03,,,,72.662,HDFC Multi Asset Allocation Fund
2024-07-04,,,,72.853,HDFC Multi Asset Allocation Fund
2024-07-05,,,,72.968,HDFC Multi Asset Allocation Fund
2024-07-08,,,,73.006,HDFC Multi Asset Allocation Fund
2024-07-09,,,,73.209,HDFC Multi Asset Allocation Fund
2024-07-10,,,,73.09,HDFC Multi Asset Allocation Fund
2024-07-11,,,,73.133,HDFC Multi Asset Allocation Fund
2024-07-12,,,,73.336,HDFC Multi Asset Allocation Fund
2024-07-15,,,,73.522,HDFC Multi Asset Allocation Fund
2024-07-16,,,,73.642,HDFC Multi Asset Allocation Fund
2024-07-18,,,,73.866,HDFC Multi Asset Allocation Fund
2024-07-19,,,,73.274,HDFC Multi Asset Allocation Fund
2024-07-22,,,,73.362,HDFC Multi Asset Allocation Fund
2024-07-23,,,,73.172,HDFC Multi Asset Allocation Fund
2024-07-24,,,,73.168,HDFC Multi Asset Allocation Fund
2024-07-25,,,,73.256,HDFC Multi Asset Allocation Fund
2024-07-26,,,,73.754,HDFC Multi Asset Allocation Fund
2024-07-29,,,,73.852,HDFC Multi Asset Allocation Fund
2024-07-30,,,,73.755,HDFC Multi Asset Allocation Fund
2024-07-31,,,,74.031,HDFC Multi Asset Allocation Fund
2024-08-01,,,,74.195,HDFC Multi Asset Allocation Fund
2024-08-02,,,,73.743,HDFC Multi Asset Allocation Fund
2024-08-05,,,,72.714,HDFC Multi Asset Allocation Fund
2024-08-06,,,,72.627,HDFC Multi Asset Allocation Fund
2024-08-07,,,,73.139,HDFC Multi Asset Allocation Fund
2024-08-08,,,,72.929,HDFC Multi Asset Allocation Fund
2024-08-09,,,,73.281,HDFC Multi Asset Allocation Fund
2024-08-12,,,,73.386,HDFC Multi Asset Allocation Fund
2024-08-13,,,,73.115,HDFC Multi Asset Allocation Fund
2024-08-14,,,,73.179,HDFC Multi Asset Allocation Fund
2024-08-16,,,,73.742,HDFC Multi Asset Allocation Fund
2024-08-19,,,,73.89,HDFC Multi Asset Allocation Fund
2024-08-20,,,,74.119,HDFC Multi Asset Allocation Fund
2024-08-21,,,,74.226,HDFC Multi Asset Allocation Fund
2024-08-22,,,,74.355,HDFC Multi Asset Allocation Fund
2024-08-23,,,,74.291,HDFC Multi Asset Allocation Fund
2024-08-26,,,,74.568,HDFC Multi Asset Allocation Fund
2024-08-27,,,,74.613,HDFC Multi Asset Allocation Fund
2024-08-28,,,,74.707,HDFC Multi Asset Allocation Fund
2024-08-29,,,,74.754,HDFC Multi Asset Allocation Fund
2024-08-30,,,,75.024,HDFC Multi Asset Allocation Fund
2024-09-02,,,,74.993,HDFC Multi Asset Allocation Fund
2024-09-03,,,,75.077,HDFC Multi Asset Allocation Fund
2024-09-04,,,,74.951,HDFC Multi Asset Allocation Fund
2024-09-05,,,,75.007,HDFC Multi Asset Allocation Fund
2024-09-06,,,,74.643,HDFC Multi Asset Allocation Fund
2024-09-09,,,,74.58,HDFC Multi Asset Allocation Fund
2024-09-10,,,,74.854,HDFC Multi Asset Allocation Fund
2024-09-11,,,,74.686,HDFC Multi Asset Allocation Fund
2024-09-12,,,,75.267,HDFC Multi Asset Allocation Fund
2024-09-13,,,,75.415,HDFC Multi Asset Allocation Fund
2024-09-16,,,,75.538,HDFC Multi Asset Allocation Fund
2024-09-17,,,,75.569,HDFC Multi Asset Allocation Fund
2024-09-18,,,,75.429,HDFC Multi Asset Allocation Fund
2024-09-19,,,,75.435,HDFC Multi Asset Allocation Fund
2024-09-20,,,,75.948,HDFC Multi Asset Allocation Fund
2024-09-23,,,,76.287,HDFC Multi Asset Allocation Fund
2024-09-24,,,,76.339,HDFC Multi Asset Allocation Fund
2024-09-25,,,,76.505,HDFC Multi Asset Allocation Fund
2024-09-26,,,,76.709,HDFC Multi Asset Allocation Fund
2024-09-27,,,,76.614,HDFC Multi Asset Allocation Fund
2024-09-30,,,,76.248,HDFC Multi Asset Allocation Fund
2024-10-01,,,,76.291,HDFC Multi Asset Allocation Fund
2024-10-03,,,,75.608,HDFC Multi Asset Allocation Fund
2024-10-04,,,,75.416,HDFC Multi Asset Allocation Fund
2024-10-07,,,,74.938,HDFC Multi Asset Allocation Fund
2024-10-08,,,,75.267,HDFC Multi Asset Allocation Fund
2024-10-09,,,,75.363,HDFC Multi Asset Allocation Fund
2024-10-10,,,,75.347,HDFC Multi Asset Allocation Fund
2024-10-11,,,,75.398,HDFC Multi Asset Allocation Fund
2024-10-14,,,,75.654,HDFC Multi Asset Allocation Fund
2024-10-15,,,,75.687,HDFC Multi Asset Allocation Fund
2024-10-16,,,,75.732,HDFC Multi Asset Allocation Fund
2024-10-17,,,,75.327,HDFC Multi Asset Allocation Fund
2024-10-18,,,,75.592,HDFC Multi Asset Allocation Fund
2024-10-21,,,,75.557,HDFC Multi Asset Allocation Fund
2024-10-22,,,,74.977,HDFC Multi Asset Allocation Fund
2024-10-23,,,,74.99,HDFC Multi Asset Allocation Fund
2024-10-24,,,,74.875,HDFC Multi Asset Allocation Fund
2024-10-25,,,,74.576,HDFC Multi Asset Allocation Fund
2024-10-28,,,,74.785,HDFC Multi Asset Allocation Fund
2024-10-29,,,,75.021,HDFC Multi Asset Allocation Fund
2024-10-30,,,,75.014,HDFC Multi Asset Allocation Fund
2024-10-31,,,,74.954,HDFC Multi Asset Allocation Fund
2024-11-04,,,,74.666,HDFC Multi Asset Allocation Fund
2024-11-05,,,,75.059,HDFC Multi Asset Allocation Fund
2024-11-06,,,,75.325,HDFC Multi Asset Allocation Fund
2024-11-07,,,,74.872,HDFC Multi Asset Allocation Fund
2024-11-08,,,,74.785,HDFC Multi Asset Allocation Fund
2024-11-11,,,,74.691,HDFC Multi Asset Allocation Fund
2024-11-12,,,,74.016,HDFC Multi Asset Allocation Fund
2024-11-13,,,,73.43,HDFC Multi Asset Allocation Fund
2024-11-14,,,,73.354,HDFC Multi Asset Allocation Fund
2024-11-18,,,,73.301,HDFC Multi Asset Allocation Fund
2024-11-19,,,,73.565,HDFC Multi Asset Allocation Fund
2024-11-21,,,,73.474,HDFC Multi Asset Allocation Fund
2024-11-22,,,,74.138,HDFC Multi Asset Allocation Fund
2024-11-25,,,,74.536,HDFC Multi Asset Allocation Fund
2024-11-26,,,,74.437,HDFC Multi Asset Allocation Fund
2024-11-27,,,,74.603,HDFC Multi Asset Allocation Fund
2024-11-28,,,,74.227,HDFC Multi Asset Allocation Fund
2024-11-29,,,,74.589,HDFC Multi Asset Allocation Fund
2024-12-02,,,,74.659,HDFC Multi Asset Allocation Fund
2024-12-03,,,,75.016,HDFC Multi Asset Allocation Fund
2024-12-04,,,,75.05,HDFC Multi Asset Allocation Fund
2024-12-05,,,,75.354,HDFC Multi Asset Allocation Fund
2024-12-06,,,,75.301,HDFC Multi Asset Allocation Fund
2024-12-09,,,,75.318,HDFC Multi Asset Allocation Fund
2024-12-10,,,,75.47,HDFC Multi Asset Allocation Fund
2024-12-11,,,,75.502,HDFC Multi Asset Allocation Fund
2024-12-12,,,,75.409,HDFC Multi Asset Allocation Fund
2024-12-13,,,,75.464,HDFC Multi Asset Allocation Fund
2024-12-16,,,,75.417,HDFC Multi Asset Allocation Fund
2024-12-17,,,,74.951,HDFC Multi Asset Allocation Fund
2024-12-18,,,,74.769,HDFC Multi Asset Allocation Fund
2024-12-19,,,,74.512,HDFC Multi Asset Allocation Fund
2024-12-20,,,,73.868,HDFC Multi Asset Allocation Fund
2024-12-23,,,,74.093,HDFC Multi Asset Allocation Fund
2024-12-24,,,,74.121,HDFC Multi Asset Allocation Fund
2024-12-26,,,,74.166,HDFC Multi Asset Allocation Fund
2024-12-27,,,,74.293,HDFC Multi Asset Allocation Fund
2024-12-30,,,,74.026,HDFC Multi Asset Allocation Fund
2024-12-31,,,,74.097,HDFC Multi Asset Allocation Fund
2025-01-01,,,,74.338,HDFC Multi Asset Allocation Fund
2025-01-02,,,,74.878,HDFC Multi Asset Allocation Fund
2025-01-03,,,,74.758,HDFC Multi Asset Allocation Fund
2025-01-06,,,,74.133,HDFC Multi Asset Allocation Fund
2025-01-07,,,,74.355,HDFC Multi Asset Allocation Fund
2025-01-08,,,,74.201,HDFC Multi Asset Allocation Fund
2025-01-09,,,,74.01,HDFC Multi Asset Allocation Fund
2025-01-10,,,,73.823,HDFC Multi Asset Allocation Fund
2025-01-13,,,,73.201,HDFC Multi Asset Allocation Fund
2025-01-14,,,,73.407,HDFC Multi Asset Allocation Fund
2025-01-15,,,,73.523,HDFC Multi Asset Allocation Fund
2025-01-16,,,,73.833,HDFC Multi Asset Allocation Fund
2025-01-17,,,,73.752,HDFC Multi Asset Allocation Fund
2025-01-20,,,,73.955,HDFC Multi Asset Allocation Fund
2025-01-21,,,,73.562,HDFC Multi Asset Allocation Fund
2025-01-22,,,,73.668,HDFC Multi Asset Allocation Fund
2025-01-23,,,,73.66,HDFC Multi Asset Allocation Fund
2025-01-24,,,,73.46,HDFC Multi Asset Allocation Fund
2025-01-27,,,,72.953,HDFC Multi Asset Allocation Fund
2025-01-28,,,,73.032,HDFC Multi Asset Allocation Fund
2025-01-29,,,,73.467,HDFC Multi Asset Allocation Fund
2025-01-30,,,,73.526,HDFC Multi Asset Allocation Fund
2025-01-31,,,,73.966,HDFC Multi Asset Allocation Fund
2025-02-03,,,,73.96,HDFC Multi Asset Allocation Fund
2025-02-04,,,,74.518,HDFC Multi Asset Allocation Fund
2025-02-05,,,,74.706,HDFC Multi Asset Allocation Fund
2025-02-06,,,,74.628,HDFC Multi Asset Allocation Fund
2025-02-07,,,,74.595,HDFC Multi Asset Allocation Fund
2025-02-10,,,,74.357,HDFC Multi Asset Allocation Fund
2025-02-11,,,,73.737,HDFC Multi Asset Allocation Fund
2025-02-12,,,,73.531,HDFC Multi Asset Allocation Fund
2025-02-13,,,,73.649,HDFC Multi Asset Allocation Fund
2025-02-14,,,,73.397,HDFC Multi Asset Allocation Fund
2025-02-17,,,,73.382,HDFC Multi Asset Allocation Fund
2025-02-18,,,,73.38,HDFC Multi Asset Allocation Fund
2025-02-19,,,,73.599,HDFC Multi Asset Allocation Fund
2025-02-20,,,,73.619,HDFC Multi Asset Allocation Fund
2025-02-21,,,,73.37,HDFC Multi Asset Allocation Fund
2025-02-24,,,,73.027,HDFC Multi Asset Allocation Fund
2025-02-25,,,,73.01,HDFC Multi Asset Allocation Fund
2025-02-27,,,,72.761,HDFC Multi Asset Allocation Fund
2025-02-28,,,,72.059,HDFC Multi Asset Allocation Fund
2025-03-03,,,,72.088,HDFC Multi Asset Allocation Fund
2025-03-04,,,,72.186,HDFC Multi Asset Allocation Fund
2025-03-05,,,,72.675,HDFC Multi Asset Allocation Fund
2025-03-06,,,,73.021,HDFC Multi Asset Allocation Fund
2025-03-07,,,,73.03,HDFC Multi Asset Allocation Fund
2025-03-10,,,,72.8,HDFC Multi Asset Allocation Fund
2025-03-11,,,,72.712,HDFC Multi Asset Allocation Fund
2025-03-12,,,,72.703,HDFC Multi Asset Allocation Fund
2025-03-13,,,,72.679,HDFC Multi Asset Allocation Fund
2025-03-17,,,,72.893,HDFC Multi Asset Allocation Fund
2025-03-18,,,,73.504,HDFC Multi Asset Allocation Fund
2025-03-19,,,,73.799,HDFC Multi Asset Allocation Fund
2025-03-20,,,,74.316,HDFC Multi Asset Allocation Fund
2025-03-21,,,,74.63,HDFC Multi Asset Allocation Fund
2025-03-24,,,,75.119,HDFC Multi Asset Allocation Fund
2025-03-25,,,,75.025,HDFC Multi Asset Allocation Fund
2025-03-26,,,,74.684,HDFC Multi Asset Allocation Fund
2025-03-27,,,,74.932,HDFC Multi Asset Allocation Fund
2025-03-28,,,,74.98,HDFC Multi Asset Allocation Fund
2025-03-31,,,,74.982,HDFC Multi Asset Allocation Fund
2025-04-01,,,,74.835,HDFC Multi Asset Allocation Fund
2025-04-02,,,,75.121,HDFC Multi Asset Allocation Fund
2025-04-03,,,,75.12,HDFC Multi Asset Allocation Fund
2025-04-04,,,,74.41,HDFC Multi Asset Allocation Fund
2025-04-07,,,,73.212,HDFC Multi Asset Allocation Fund
2025-04-08,,,,73.697,HDFC Multi Asset Allocation Fund
2025-04-09,,,,73.709,HDFC Multi Asset Allocation Fund
2025-04-11,,,,74.618,HDFC Multi Asset Allocation Fund
2025-04-15,,,,75.445,HDFC Multi Asset Allocation Fund
2025-04-16,,,,75.834,HDFC Multi Asset Allocation Fund
2025-04-17,,,,76.429,HDFC Multi Asset Allocation Fund
2025-04-21,,,,77.076,HDFC Multi Asset Allocation Fund
2025-04-22,,,,77.417,HDFC Multi Asset Allocation Fund
2025-04-23,,,,77.408,HDFC Multi Asset Allocation Fund
2025-04-24,,,,77.35,HDFC Multi Asset Allocation Fund
2025-04-25,,,,76.879,HDFC Multi Asset Allocation Fund
2025-04-28,,,,77.243,HDFC Multi Asset Allocation Fund
2025-04-29,,,,77.352,HDFC Multi Asset Allocation Fund
2025-04-30,,,,77.304,HDFC Multi Asset Allocation Fund
2025-05-02,,,,77.255,HDFC Multi Asset Allocation Fund
2025-05-05,,,,77.6,HDFC Multi Asset Allocation Fund
2025-05-06,,,,77.507,HDFC Multi Asset Allocation Fund
2025-05-07,,,,77.587,HDFC Multi Asset Allocation Fund
2025-05-08,,,,77.246,HDFC Multi Asset Allocation Fund
2025-05-09,,,,76.869,HDFC Multi Asset Allocation Fund
2025-05-12,,,,77.787,HDFC Multi Asset Allocation Fund
2025-05-13,,,,77.666,HDFC Multi Asset Allocation Fund
2025-05-14,,,,77.848,HDFC Multi Asset Allocation Fund
2025-05-15,,,,78.171,HDFC Multi Asset Allocation Fund
2025-05-16,,,,78.291,HDFC Multi Asset Allocation Fund
2025-05-19,,,,78.411,HDFC Multi Asset Allocation Fund
2025-05-20,,,,78.0,HDFC Multi Asset Allocation Fund
2025-05-21,,,,78.445,HDFC Multi Asset Allocation Fund
2025-05-22,,,,78.205,HDFC Multi Asset Allocation Fund
2025-05-23,,,,78.507,HDFC Multi Asset Allocation Fund
2025-05-26,,,,78.694,HDFC Multi Asset Allocation Fund
2025-05-27,,,,78.469,HDFC Multi Asset Allocation Fund
2025-05-28,,,,78.556,HDFC Multi Asset Allocation Fund
2025-05-29,,,,78.554,HDFC Multi Asset Allocation Fund
2025-05-30,,,,78.46,HDFC Multi Asset Allocation Fund
2025-06-02,,,,78.621,HDFC Multi Asset Allocation Fund
2025-06-03,,,,78.47,HDFC Multi Asset Allocation Fund
2025-06-04,,,,78.605,HDFC Multi Asset Allocation Fund
2025-06-05,,,,78.897,HDFC Multi Asset Allocation Fund
2025-06-06,,,,79.168,HDFC Multi Asset Allocation Fund
2025-06-09,,,,79.353,HDFC Multi Asset Allocation Fund
2025-06-10,,,,79.334,HDFC Multi Asset Allocation Fund
2025-06-11,,,,79.356,HDFC Multi Asset Allocation Fund
2025-06-12,,,,79.047,HDFC Multi Asset Allocation Fund
2025-06-13,,,,78.962,HDFC Multi Asset Allocation Fund
2025-06-16,,,,79.29,HDFC Multi Asset Allocation Fund
2025-06-17,,,,79.096,HDFC Multi Asset Allocation Fund
2025-06-18,,,,79.01,HDFC Multi Asset Allocation Fund
2025-06-19,,,,78.85,HDFC Multi Asset Allocation Fund
2025-06-20,,,,79.258,HDFC Multi Asset Allocation Fund
2025-06-23,,,,79.111,HDFC Multi Asset Allocation Fund
2025-06-24,,,,79.134,HDFC Multi Asset Allocation Fund
2025-06-25,,,,79.484,HDFC Multi Asset Allocation Fund
2025-06-26,,,,79.798,HDFC Multi Asset Allocation Fund
2025-06-27,,,,79.881,HDFC Multi Asset Allocation Fund
2025-06-30,,,,79.854,HDFC Multi Asset Allocation Fund
2025-07-01,,,,80.039,HDFC Multi Asset Allocation Fund
2025-07-02,,,,79.837,HDFC Multi Asset Allocation Fund
2025-07-03,,,,79.754,HDFC Multi Asset Allocation Fund
2025-07-04,,,,79.888,HDFC Multi Asset Allocation Fund
2025-07-07,,,,79.913,HDFC Multi Asset Allocation Fund
2025-07-08,,,,79.968,HDFC Multi Asset Allocation Fund
2025-07-09,,,,79.888,HDFC Multi Asset Allocation Fund
2025-07-10,,,,79.825,HDFC Multi Asset Allocation Fund
2025-07-11,,,,79.661,HDFC Multi Asset Allocation Fund
2025-07-14,,,,79.752,HDFC Multi Asset Allocation Fund
2025-07-15,,,,79.901,HDFC Multi Asset Allocation Fund
2025-07-16,,,,79.893,HDFC Multi Asset Allocation Fund
2025-07-17,,,,79.802,HDFC Multi Asset Allocation Fund
2025-07-18,,,,79.679,HDFC Multi Asset Allocation Fund
2025-07-21,,,,79.891,HDFC Multi Asset Allocation Fund
2025-07-22,,,,79.923,HDFC Multi Asset Allocation Fund
2025-07-23,,,,80.266,HDFC Multi Asset Allocation Fund
2025-07-24,,,,79.9,HDFC Multi Asset Allocation Fund
2025-07-25,,,,79.627,HDFC Multi Asset Allocation Fund
2025-07-28,,,,79.385,HDFC Multi Asset Allocation Fund
2025-07-29,,,,79.604,HDFC Multi Asset Allocation Fund
2025-07-30,,,,79.738,HDFC Multi Asset Allocation Fund
2025-07-31,,,,79.626,HDFC Multi Asset Allocation Fund
2025-08-01,,,,79.27,HDFC Multi Asset Allocation Fund
2025-08-04,,,,79.614,HDFC Multi Asset Allocation Fund
2025-08-05,,,,79.584,HDFC Multi Asset Allocation Fund
2025-08-06,,,,79.407,HDFC Multi Asset Allocation Fund
2025-08-07,,,,79.479,HDFC Multi Asset Allocation Fund
2025-08-08,,,,79.224,HDFC Multi Asset Allocation Fund
2025-08-11,,,,79.399,HDFC Multi Asset Allocation Fund
2025-08-12,,,,79.377,HDFC Multi Asset Allocation Fund
2025-08-13,,,,79.591,HDFC Multi Asset Allocation Fund
2025-08-14,,,,79.635,HDFC Multi Asset Allocation Fund
2025-08-18,,,,80.069,HDFC Multi Asset Allocation Fund
2025-08-19,,,,80.257,HDFC Multi Asset Allocation Fund
2025-08-20,,,,80.347,HDFC Multi Asset Allocation Fund
2025-08-21,,,,80.455,HDFC Multi Asset Allocation Fund
2025-08-22,,,,80.184,HDFC Multi Asset Allocation Fund
2025-08-25,,,,80.41,HDFC Multi Asset Allocation Fund
2025-08-26,,,,80.02,HDFC Multi Asset Allocation Fund
2025-08-28,,,,79.731,HDFC Multi Asset Allocation Fund
2025-08-29,,,,79.752,HDFC Multi Asset Allocation Fund
2025-09-01,,,,80.159,HDFC Multi Asset Allocation Fund
2025-09-02,,,,80.133,HDFC Multi Asset Allocation Fund
2025-09-03,,,,80.498,HDFC Multi Asset Allocation Fund
2025-09-04,,,,80.397,HDFC Multi Asset Allocation Fund
2025-09-05,,,,80.421,HDFC Multi Asset Allocation Fund
2025-09-08,,,,80.555,HDFC Multi Asset Allocation Fund
2025-09-09,,,,80.842,HDFC Multi Asset Allocation Fund
2025-09-10,,,,80.97,HDFC Multi Asset Allocation Fund
2025-09-11,,,,81.034,HDFC Multi Asset Allocation Fund
2025-09-12,,,,81.295,HDFC Multi Asset Allocation Fund
2025-09-15,,,,81.28,HDFC Multi Asset Allocation Fund
2025-09-16,,,,81.723,HDFC Multi Asset Allocation Fund
2025-09-17,,,,81.746,HDFC Multi Asset Allocation Fund
2025-09-18,,,,81.997,HDFC Multi Asset Allocation Fund
2025-09-19,,,,81.972,HDFC Multi Asset Allocation Fund
2025-09-22,,,,81.877,HDFC Multi Asset Allocation Fund
2025-09-23,,,,82.021,HDFC Multi Asset Allocation Fund
2025-09-24,,,,81.903,HDFC Multi Asset Allocation Fund
2025-09-25,,,,81.643,HDFC Multi Asset Allocation Fund
2025-09-26,,,,81.225,HDFC Multi Asset Allocation Fund
2025-09-30,,,,81.257,HDFC Multi Asset Allocation Fund
2025-10-01,,,,81.737,HDFC Multi Asset Allocation Fund
2025-10-03,,,,81.828,HDFC Multi Asset Allocation Fund
2025-10-06,,,,82.251,HDFC Multi Asset Allocation Fund
2025-10-07,,,,82.327,HDFC Multi Asset Allocation Fund
2025-10-08,,,,82.414,HDFC Multi Asset Allocation Fund
2025-10-09,,,,82.567,HDFC Multi Asset Allocation Fund
2025-10-10,,,,82.605,HDFC Multi Asset Allocation Fund
2025-10-13,,,,82.753,HDFC Multi Asset Allocation Fund
2025-10-14,,,,82.808,HDFC Multi Asset Allocation Fund
2025-10-15,,,,83.152,HDFC Multi Asset Allocation Fund
2025-10-16,,,,83.485,HDFC Multi Asset Allocation Fund
2025-10-17,,,,83.829,HDFC Multi Asset Allocation Fund
2025-10-20,,,,83.805,HDFC Multi Asset Allocation Fund
2025-10-23,,,,83.562,HDFC Multi Asset Allocation Fund
2025-10-24,,,,83.221,HDFC Multi Asset Allocation Fund
2025-10-27,,,,83.529,HDFC Multi Asset Allocation Fund
2025-10-28,,,,83.175,HDFC Multi Asset Allocation Fund
2025-10-29,,,,83.775,HDFC Multi Asset Allocation Fund
2025-10-30,,,,83.548,HDFC Multi Asset Allocation Fund
2025-10-31,,,,83.363,HDFC Multi Asset Allocation Fund
2025-11-03,,,,83.542,HDFC Multi Asset Allocation Fund
2025-11-04,,,,83.272,HDFC Multi Asset Allocation Fund
2025-11-06,,,,83.003,HDFC Multi Asset Allocation Fund
2025-11-07,,,,82.976,HDFC Multi Asset Allocation Fund
2025-11-10,,,,83.282,HDFC Multi Asset Allocation Fund
2025-11-11,,,,83.589,HDFC Multi Asset Allocation Fund
2025-11-12,,,,83.782,HDFC Multi Asset Allocation Fund
2025-11-13,,,,84.119,HDFC Multi Asset Allocation Fund
2025-11-14,,,,83.99,HDFC Multi Asset Allocation Fund
2025-11-17,,,,84.015,HDFC Multi Asset Allocation Fund
2025-11-18,,,,83.719,HDFC Multi Asset Allocation Fund
2025-11-19,,,,84.018,HDFC Multi Asset Allocation Fund
2025-11-20,,,,84.015,HDFC Multi Asset Allocation Fund
2025-11-21,,,,83.858,HDFC Multi Asset Allocation Fund
2025-11-24,,,,83.723,HDFC Multi Asset Allocation Fund
2025-11-25,,,,83.858,HDFC Multi Asset Allocation Fund
2025-11-26,,,,84.349,HDFC Multi Asset Allocation Fund
2025-11-27,,,,84.216,HDFC Multi Asset Allocation Fund
2025-11-28,,,,84.253,HDFC Multi Asset Allocation Fund
2025-12-01,,,,84.449,HDFC Multi Asset Allocation Fund
2025-12-02,,,,84.184,HDFC Multi Asset Allocation Fund
2025-12-03,,,,84.228,HDFC Multi Asset Allocation Fund
2025-12-04,,,,84.284,HDFC Multi Asset Allocation Fund
2025-12-05,,,,84.455,HDFC Multi Asset Allocation Fund
2025-12-08,,,,84.076,HDFC Multi Asset Allocation Fund
2025-12-09,,,,83.872,HDFC Multi Asset Allocation Fund
2025-12-10,,,,83.801,HDFC Multi Asset Allocation Fund
2025-12-11,,,,84.078,HDFC Multi Asset Allocation Fund
2025-12-12,,,,84.556,HDFC Multi Asset Allocation Fund
2025-12-15,,,,84.621,HDFC Multi Asset Allocation Fund
2025-12-16,,,,84.258,HDFC Multi Asset Allocation Fund
2025-12-17,,,,84.203,HDFC Multi Asset Allocation Fund
2025-12-18,,,,84.192,HDFC Multi Asset Allocation Fund
2025-12-19,,,,84.416,HDFC Multi Asset Allocation Fund
2025-12-22,,,,84.903,HDFC Multi Asset Allocation Fund
2025-12-23,,,,85.075,HDFC Multi Asset Allocation Fund
2025-12-24,,,,85.053,HDFC Multi Asset Allocation Fund
2025-12-26,,,,85.006,HDFC Multi Asset Allocation Fund
2025-12-29,,,,84.777,HDFC Multi Asset Allocation Fund
2025-12-30,,,,84.561,HDFC Multi Asset Allocation Fund
2025-12-31,,,,84.807,HDFC Multi Asset Allocation Fund
2026-01-01,,,,84.921,HDFC Multi Asset Allocation Fund
2026-01-02,,,,85.265,HDFC Multi Asset Allocation Fund
2026-01-05,,,,85.335,HDFC Multi Asset Allocation Fund
2026-01-06,,,,85.4,HDFC Multi Asset Allocation Fund
2026-01-07,,,,85.361,HDFC Multi Asset Allocation Fund
2026-01-08,,,,84.803,HDFC Multi Asset Allocation Fund
2026-01-09,,,,84.563,HDFC Multi Asset Allocation Fund
2026-01-12,,,,84.87,HDFC Multi Asset Allocation Fund
2026-01-13,,,,84.888,HDFC Multi Asset Allocation Fund
2026-01-14,,,,84.942,HDFC Multi Asset Allocation Fund
2026-01-16,,,,84.936,HDFC Multi Asset Allocation Fund
2026-01-19,,,,85.035,HDFC Multi Asset Allocation Fund
2026-01-20,,,,84.8,HDFC Multi Asset Allocation Fund
2026-01-21,,,,85.586,HDFC Multi Asset Allocation Fund
2026-01-22,,,,84.925,HDFC Multi Asset Allocation Fund
2026-01-23,,,,84.72,HDFC Multi Asset Allocation Fund
2026-01-27,,,,85.212,HDFC Multi Asset Allocation Fund
2026-01-28,,,,85.932,HDFC Multi Asset Allocation Fund
2026-01-29,,,,87.012,HDFC Multi Asset Allocation Fund
2026-01-30,,,,85.833,HDFC Multi Asset Allocation Fund
2026-02-02,,,,84.42,HDFC Multi Asset Allocation Fund
2026-02-03,,,,86.063,HDFC Multi Asset Allocation Fund
2026-02-04,,,,86.413,HDFC Multi Asset Allocation Fund
2026-02-05,,,,85.926,HDFC Multi Asset Allocation Fund
2026-02-06,,,,85.954,HDFC Multi Asset Allocation Fund
2026-02-09,,,,86.51,HDFC Multi Asset Allocation Fund
2026-02-10,,,,86.776,HDFC Multi Asset Allocation Fund
2026-02-11,,,,86.942,HDFC Multi Asset Allocation Fund
2026-02-12,,,,86.548,HDFC Multi Asset Allocation Fund
2026-02-13,,,,85.779,HDFC Multi Asset Allocation Fund
2026-02-16,,,,86.179,HDFC Multi Asset Allocation Fund
2026-02-17,,,,86.187,HDFC Multi Asset Allocation Fund
2026-02-18,,,,86.341,HDFC Multi Asset Allocation Fund
2026-02-19,,,,85.944,HDFC Multi Asset Allocation Fund
2026-02-20,,,,86.215,HDFC Multi Asset Allocation Fund
2026-02-23,,,,86.686,HDFC Multi Asset Allocation Fund
2026-02-24,,,,86.203,HDFC Multi Asset Allocation Fund
2026-02-25,,,,86.506,HDFC Multi Asset Allocation Fund
2026-02-26,,,,86.494,HDFC Multi Asset Allocation Fund
2026-02-27,,,,86.057,HDFC Multi Asset Allocation Fund
2026-03-02,,,,85.979,HDFC Multi Asset Allocation Fund
2026-03-04,,,,84.822,HDFC Multi Asset Allocation Fund
2026-03-05,,,,85.17,HDFC Multi Asset Allocation Fund
2026-03-06,,,,84.566,HDFC Multi Asset Allocation Fund
2026-03-09,,,,83.683,HDFC Multi Asset Allocation Fund
2026-03-10,,,,84.269,HDFC Multi Asset Allocation Fund
2026-03-11,,,,83.754,HDFC Multi Asset Allocation Fund
2026-03-12,,,,83.319,HDFC Multi Asset Allocation Fund
2026-03-13,,,,82.173,HDFC Multi Asset Allocation Fund
2026-03-16,,,,82.178,HDFC Multi Asset Allocation Fund
2026-03-17,,,,82.537,HDFC Multi Asset Allocation Fund
2026-03-18,,,,82.963,HDFC Multi Asset Allocation Fund
2026-03-19,,,,81.077,HDFC Multi Asset Allocation Fund
2026-03-20,,,,81.266,HDFC Multi Asset Allocation Fund
2026-03-23,,,,79.27,HDFC Multi Asset Allocation Fund
2026-03-24,,,,80.436,HDFC Multi Asset Allocation Fund
2026-03-25,,,,81.492,HDFC Multi Asset Allocation Fund
2026-03-27,,,,80.519,HDFC Multi Asset Allocation Fund
2026-03-30,,,,79.771,HDFC Multi Asset Allocation Fund
2026-03-31,,,,79.775,HDFC Multi Asset Allocation Fund
2026-04-01,,,,80.551,HDFC Multi Asset Allocation Fund
2026-04-02,,,,80.355,HDFC Multi Asset Allocation Fund
2026-04-06,,,,80.941,HDFC Multi Asset Allocation Fund
2026-04-07,,,,81.216,HDFC Multi Asset Allocation Fund
2026-04-08,,,,83.11,HDFC Multi Asset Allocation Fund
2026-04-09,,,,82.699,HDFC Multi Asset Allocation Fund
2026-04-10,,,,83.292,HDFC Multi Asset Allocation Fund
2026-04-13,,,,82.862,HDFC Multi Asset Allocation Fund
2026-04-15,,,,83.883,HDFC Multi Asset Allocation Fund
2026-04-16,,,,83.881,HDFC Multi Asset Allocation Fund
2026-04-17,,,,84.209,HDFC Multi Asset Allocation Fund
2026-04-20,,,,84.213,HDFC Multi Asset Allocation Fund
2026-04-21,,,,84.633,HDFC Multi Asset Allocation Fund
2026-04-22,,,,84.249,HDFC Multi Asset Allocation Fund
2026-04-23,,,,83.656,HDFC Multi Asset Allocation Fund
2026-04-24,,,,82.965,HDFC Multi Asset Allocation Fund
2026-04-27,,,,83.554,HDFC Multi Asset Allocation Fund
2026-04-28,,,,83.181,HDFC Multi Asset Allocation Fund
2026-04-29,,,,83.355,HDFC Multi Asset Allocation Fund
2026-04-30,,,,83.178,HDFC Multi Asset Allocation Fund
2026-05-04,,,,83.408,HDFC Multi Asset Allocation Fund
2026-05-05,,,,83.162,HDFC Multi Asset Allocation Fund
2026-05-06,,,,83.915,HDFC Multi Asset Allocation Fund
2026-05-07,,,,84.031,HDFC Multi Asset Allocation Fund
2026-05-08,,,,83.809,HDFC Multi Asset Allocation Fund
2026-05-11,,,,83.079,HDFC Multi Asset Allocation Fund
2026-05-12,,,,82.308,HDFC Multi Asset Allocation Fund
2026-05-13,,,,82.823,HDFC Multi Asset Allocation Fund
2026-05-14,,,,83.313,HDFC Multi Asset Allocation Fund
2026-05-15,,,,83.055,HDFC Multi Asset Allocation Fund
2026-05-18,,,,82.958,HDFC Multi Asset Allocation Fund
2026-05-19,,,,83.138,HDFC Multi Asset Allocation Fund
2026-05-20,,,,83.144,HDFC Multi Asset Allocation Fund
2026-05-21,,,,83.215,HDFC Multi Asset Allocation Fund
2026-05-22,,,,83.3,HDFC Multi Asset Allocation Fund
2026-05-25,,,,83.904,HDFC Multi Asset Allocation Fund
2026-05-26,,,,83.645,HDFC Multi Asset Allocation Fund
2026-05-27,,,,83.596,HDFC Multi Asset Allocation Fund
2026-05-29,,,,82.8,HDFC Multi Asset Allocation Fund
2026-06-01,,,,82.413,HDFC Multi Asset Allocation Fund
2026-06-02,,,,82.689,HDFC Multi Asset Allocation Fund
2026-06-03,,,,82.354,HDFC Multi Asset Allocation Fund
2026-06-04,,,,82.484,HDFC Multi Asset Allocation Fund
2026-06-05,,,,82.405,HDFC Multi Asset Allocation Fund
2026-06-08,,,,81.666,HDFC Multi Asset Allocation Fund
2026-06-09,,,,82.097,HDFC Multi Asset Allocation Fund
2026-06-10,,,,81.693,HDFC Multi Asset Allocation Fund
2026-06-11,,,,81.47,HDFC Multi Asset Allocation Fund
2026-06-12,,,,82.598,HDFC Multi Asset Allocation Fund
2026-06-15,,,,83.304,HDFC Multi Asset Allocation Fund
2026-06-16,,,,83.634,HDFC Multi Asset Allocation Fund
2026-06-17,,,,83.711,HDFC Multi Asset Allocation Fund
2026-06-18,,,,83.795,HDFC Multi Asset Allocation Fund
2026-06-19,,,,83.383,HDFC Multi Asset Allocation Fund
2026-06-22,,,,83.798,HDFC Multi Asset Allocation Fund
2026-06-23,,,,83.181,HDFC Multi Asset Allocation Fund
2026-06-24,,,,83.441,HDFC Multi Asset Allocation Fund
2026-06-25,,,,83.309,HDFC Multi Asset Allocation Fund
2026-06-29,,,,83.061,HDFC Multi Asset Allocation Fund
2026-06-30,,,,82.983,HDFC Multi Asset Allocation Fund
2026-07-01,,,,83.273,HDFC Multi Asset Allocation Fund
2026-07-02,,,,83.876,HDFC Multi Asset Allocation Fund
2026-07-03,,,,84.292,HDFC Multi Asset Allocation Fund
2026-07-06,,,,84.554,HDFC Multi Asset Allocation Fund
2026-07-07,,,,84.545,HDFC Multi Asset Allocation Fund
2026-07-08,,,,83.325,HDFC Multi Asset Allocation Fund
2026-07-09,,,,83.683,HDFC Multi Asset Allocation Fund
2026-07-10,,,,84.206,HDFC Multi Asset Allocation Fund
2026-07-13,,,,84.163,HDFC Multi Asset Allocation Fund
2026-07-14,,,,83.782,HDFC Multi Asset Allocation Fund
2026-07-15,,,,83.955,HDFC Multi Asset Allocation Fund
2026-07-16,,,,83.889,HDFC Multi Asset Allocation Fund
2026-07-17,,,,84.23,HDFC Multi Asset Allocation Fund
2026-07-20,,,,84.074,HDFC Multi Asset Allocation Fund
2026-07-21,,,,84.167,HDFC Multi Asset Allocation Fund
2026-07-22,,,,83.752,HDFC Multi Asset Allocation Fund
2026-07-23,,,,83.502,HDFC Multi Asset Allocation Fund
2026-07-24,,,,83.383,HDFC Multi Asset Allocation Fund
2026-07-27,,,,84.043,HDFC Multi Asset Allocation Fund
2026-07-28,,,,83.942,HDFC Multi Asset Allocation Fund
2026-07-29,,,,84.487,HDFC Multi Asset Allocation Fund
2026-07-30,,,,84.661,HDFC Multi Asset Allocation Fund
2026-07-31,,,,84.752,HDFC Multi Asset Allocation Fund
2026-08-03,,,,85.715,HDFC Multi Asset Allocation Fund
2026-08-04,,,,85.341,HDFC Multi Asset Allocation Fund
2026-08-05,,,,85.569,HDFC Multi Asset Allocation Fund
2026-08-06,,,,85.702,HDFC Multi Asset Allocation Fund
2026-08-07,,,,85.748,HDFC Multi Asset Allocation Fund
2026-08-10,,,,85.922,HDFC Multi Asset Allocation Fund
2026-08-11,,,,85.948,HDFC Multi Asset Allocation Fund
2026-08-12,,,,86.001,HDFC Multi Asset Allocation Fund
2026-08-13,,,,85.835,HDFC Multi Asset Allocation Fund
2026-08-14,,,,85.709,HDFC Multi Asset Allocation Fund
2026-08-17,,,,85.658,HDFC Multi Asset Allocation Fund
2026-08-18,,,,85.458,HDFC Multi Asset Allocation Fund
2026-08-19,,,,85.22,HDFC Multi Asset Allocation Fund
2026-08-20,,,,85.78,HDFC Multi Asset Allocation Fund
2026-08-21,,,,86.052,HDFC Multi Asset Allocation Fund
2026-08-24,,,,86.063,HDFC Multi Asset Allocation Fund
2026-08-25,,,,86.257,HDFC Multi Asset Allocation Fund
2026-08-26,,,,86.168,HDFC Multi Asset Allocation Fund
2026-08-27,,,,85.824,HDFC Multi Asset Allocation Fund
2026-08-28,,,,86.021,HDFC Multi Asset Allocation Fund
2026-08-31,,,,85.632,HDFC Multi Asset Allocation Fund
2026-09-01,,,,85.364,HDFC Multi Asset Allocation Fund
2026-09-02,,,,84.881,HDFC Multi Asset Allocation Fund
2026-09-03,,,,85.087,HDFC Multi Asset Allocation Fund
2026-09-04,,,,85.178,HDFC Multi Asset Allocation Fund
2026-09-07,,,,84.848,HDFC Multi Asset Allocation Fund
2026-09-08,,,,84.627,HDFC Multi Asset Allocation Fund
2026-09-09,,,,84.094,HDFC Multi Asset Allocation Fund
2026-09-10,,,,84.209,HDFC Multi Asset Allocation Fund
2026-09-11,,,,83.876,HDFC Multi Asset Allocation Fund
2026-09-15,,,,83.167,HDFC Multi Asset Allocation Fund
2026-09-16,,,,83.466,HDFC Multi Asset Allocation Fund
2026-09-17,,,,83.715,HDFC Multi Asset Allocation Fund
2026-09-18,,,,84.055,HDFC Multi Asset Allocation Fund
