Date,Open,High,Low,Close,Index
2013-01-02,,,,117.5127,ICICI Prudential Multi Asset Allocation Fund
2013-01-03,,,,118.5352,ICICI Prudential Multi Asset Allocation Fund
2013-01-04,,,,119.0847,ICICI Prudential Multi Asset Allocation Fund
2013-01-07,,,,119.4796,ICICI Prudential Multi Asset Allocation Fund
2013-01-08,,,,119.4412,ICICI Prudential Multi Asset Allocation Fund
2013-01-09,,,,119.5457,ICICI Prudential Multi Asset Allocation Fund
2013-01-10,,,,119.2919,ICICI Prudential Multi Asset Allocation Fund
2013-01-11,,,,119.646,ICICI Prudential Multi Asset Allocation Fund
2013-01-14,,,,120.6937,ICICI Prudential Multi Asset Allocation Fund
2013-01-15,,,,121.1169,ICICI Prudential Multi Asset Allocation Fund
2013-01-16,,,,120.4664,ICICI Prudential Multi Asset Allocation Fund
2013-01-17,,,,121.1814,ICICI Prudential Multi Asset Allocation Fund
2013-01-18,,,,121.3088,ICICI Prudential Multi Asset Allocation Fund
2013-01-21,,,,121.8271,ICICI Prudential Multi Asset Allocation Fund
2013-01-22,,,,120.9304,ICICI Prudential Multi Asset Allocation Fund
2013-01-23,,,,120.7216,ICICI Prudential Multi Asset Allocation Fund
2013-01-24,,,,119.6981,ICICI Prudential Multi Asset Allocation Fund
2013-01-25,,,,120.2971,ICICI Prudential Multi Asset Allocation Fund
2013-01-28,,,,120.4087,ICICI Prudential Multi Asset Allocation Fund
2013-01-29,,,,119.8654,ICICI Prudential Multi Asset Allocation Fund
2013-01-30,,,,119.7036,ICICI Prudential Multi Asset Allocation Fund
2013-01-31,,,,119.1549,ICICI Prudential Multi Asset Allocation Fund
2013-02-01,,,,118.9651,ICICI Prudential Multi Asset Allocation Fund
2013-02-04,,,,117.9771,ICICI Prudential Multi Asset Allocation Fund
2013-02-05,,,,117.0289,ICICI Prudential Multi Asset Allocation Fund
2013-02-06,,,,117.3568,ICICI Prudential Multi Asset Allocation Fund
2013-02-07,,,,116.6595,ICICI Prudential Multi Asset Allocation Fund
2013-02-08,,,,115.9942,ICICI Prudential Multi Asset Allocation Fund
2013-02-11,,,,115.955,ICICI Prudential Multi Asset Allocation Fund
2013-02-12,,,,116.125,ICICI Prudential Multi Asset Allocation Fund
2013-02-13,,,,116.0062,ICICI Prudential Multi Asset Allocation Fund
2013-02-14,,,,115.0471,ICICI Prudential Multi Asset Allocation Fund
2013-02-15,,,,114.872,ICICI Prudential Multi Asset Allocation Fund
2013-02-18,,,,115.2758,ICICI Prudential Multi Asset Allocation Fund
2013-02-19,,,,116.1119,ICICI Prudential Multi Asset Allocation Fund
2013-02-20,,,,116.1565,ICICI Prudential Multi Asset Allocation Fund
2013-02-21,,,,114.8186,ICICI Prudential Multi Asset Allocation Fund
2013-02-22,,,,115.1706,ICICI Prudential Multi Asset Allocation Fund
2013-02-25,,,,114.8287,ICICI Prudential Multi Asset Allocation Fund
2013-02-26,,,,113.7103,ICICI Prudential Multi Asset Allocation Fund
2013-02-27,,,,114.2391,ICICI Prudential Multi Asset Allocation Fund
2013-02-28,,,,113.0687,ICICI Prudential Multi Asset Allocation Fund
2013-03-01,,,,113.4905,ICICI Prudential Multi Asset Allocation Fund
2013-03-04,,,,113.0246,ICICI Prudential Multi Asset Allocation Fund
2013-03-05,,,,114.4831,ICICI Prudential Multi Asset Allocation Fund
2013-03-06,,,,115.628,ICICI Prudential Multi Asset Allocation Fund
2013-03-07,,,,115.9127,ICICI Prudential Multi Asset Allocation Fund
2013-03-08,,,,116.9591,ICICI Prudential Multi Asset Allocation Fund
2013-03-11,,,,117.0307,ICICI Prudential Multi Asset Allocation Fund
2013-03-12,,,,116.2228,ICICI Prudential Multi Asset Allocation Fund
2013-03-13,,,,115.3701,ICICI Prudential Multi Asset Allocation Fund
2013-03-14,,,,115.8349,ICICI Prudential Multi Asset Allocation Fund
2013-03-15,,,,115.2332,ICICI Prudential Multi Asset Allocation Fund
2013-03-18,,,,114.3788,ICICI Prudential Multi Asset Allocation Fund
2013-03-19,,,,112.8818,ICICI Prudential Multi Asset Allocation Fund
2013-03-20,,,,111.232,ICICI Prudential Multi Asset Allocation Fund
2013-03-21,,,,110.9989,ICICI Prudential Multi Asset Allocation Fund
2013-03-22,,,,110.5906,ICICI Prudential Multi Asset Allocation Fund
2013-03-25,,,,110.1857,ICICI Prudential Multi Asset Allocation Fund
2013-03-26,,,,110.1715,ICICI Prudential Multi Asset Allocation Fund
2013-03-28,,,,110.7188,ICICI Prudential Multi Asset Allocation Fund
2013-04-01,,,,111.8911,ICICI Prudential Multi Asset Allocation Fund
2013-04-02,,,,112.9083,ICICI Prudential Multi Asset Allocation Fund
2013-04-03,,,,111.6839,ICICI Prudential Multi Asset Allocation Fund
2013-04-04,,,,110.4404,ICICI Prudential Multi Asset Allocation Fund
2013-04-05,,,,110.0946,ICICI Prudential Multi Asset Allocation Fund
2013-04-08,,,,109.9606,ICICI Prudential Multi Asset Allocation Fund
2013-04-09,,,,109.3381,ICICI Prudential Multi Asset Allocation Fund
2013-04-10,,,,110.2218,ICICI Prudential Multi Asset Allocation Fund
2013-04-11,,,,110.4216,ICICI Prudential Multi Asset Allocation Fund
2013-04-12,,,,108.8721,ICICI Prudential Multi Asset Allocation Fund
2013-04-15,,,,109.0393,ICICI Prudential Multi Asset Allocation Fund
2013-04-16,,,,109.6914,ICICI Prudential Multi Asset Allocation Fund
2013-04-17,,,,109.7502,ICICI Prudential Multi Asset Allocation Fund
2013-04-18,,,,110.6235,ICICI Prudential Multi Asset Allocation Fund
2013-04-22,,,,111.3516,ICICI Prudential Multi Asset Allocation Fund
2013-04-23,,,,111.064,ICICI Prudential Multi Asset Allocation Fund
2013-04-25,,,,112.3397,ICICI Prudential Multi Asset Allocation Fund
2013-04-26,,,,112.3594,ICICI Prudential Multi Asset Allocation Fund
2013-04-29,,,,113.1392,ICICI Prudential Multi Asset Allocation Fund
2013-04-30,,,,113.9346,ICICI Prudential Multi Asset Allocation Fund
2013-05-02,,,,114.4326,ICICI Prudential Multi Asset Allocation Fund
2013-05-03,,,,113.8478,ICICI Prudential Multi Asset Allocation Fund
2013-05-06,,,,114.8967,ICICI Prudential Multi Asset Allocation Fund
2013-05-07,,,,115.4345,ICICI Prudential Multi Asset Allocation Fund
2013-05-08,,,,115.08,ICICI Prudential Multi Asset Allocation Fund
2013-05-09,,,,114.7668,ICICI Prudential Multi Asset Allocation Fund
2013-05-10,,,,115.0358,ICICI Prudential Multi Asset Allocation Fund
2013-05-13,,,,113.4411,ICICI Prudential Multi Asset Allocation Fund
2013-05-14,,,,114.1073,ICICI Prudential Multi Asset Allocation Fund
2013-05-15,,,,115.1415,ICICI Prudential Multi Asset Allocation Fund
2013-05-16,,,,115.274,ICICI Prudential Multi Asset Allocation Fund
2013-05-17,,,,115.3774,ICICI Prudential Multi Asset Allocation Fund
2013-05-20,,,,115.2162,ICICI Prudential Multi Asset Allocation Fund
2013-05-21,,,,114.6838,ICICI Prudential Multi Asset Allocation Fund
2013-05-22,,,,114.3371,ICICI Prudential Multi Asset Allocation Fund
2013-05-23,,,,111.9548,ICICI Prudential Multi Asset Allocation Fund
2013-05-24,,,,112.3445,ICICI Prudential Multi Asset Allocation Fund
2013-05-27,,,,113.3536,ICICI Prudential Multi Asset Allocation Fund
2013-05-28,,,,113.9968,ICICI Prudential Multi Asset Allocation Fund
2013-05-29,,,,113.6842,ICICI Prudential Multi Asset Allocation Fund
2013-05-30,,,,113.42,ICICI Prudential Multi Asset Allocation Fund
2013-05-31,,,,112.6885,ICICI Prudential Multi Asset Allocation Fund
2013-06-03,,,,112.7664,ICICI Prudential Multi Asset Allocation Fund
2013-06-04,,,,112.7532,ICICI Prudential Multi Asset Allocation Fund
2013-06-05,,,,112.3985,ICICI Prudential Multi Asset Allocation Fund
2013-06-06,,,,112.4221,ICICI Prudential Multi Asset Allocation Fund
2013-06-07,,,,111.8674,ICICI Prudential Multi Asset Allocation Fund
2013-06-10,,,,111.5887,ICICI Prudential Multi Asset Allocation Fund
2013-06-11,,,,110.791,ICICI Prudential Multi Asset Allocation Fund
2013-06-12,,,,110.4294,ICICI Prudential Multi Asset Allocation Fund
2013-06-13,,,,109.4417,ICICI Prudential Multi Asset Allocation Fund
2013-06-14,,,,110.3128,ICICI Prudential Multi Asset Allocation Fund
2013-06-17,,,,110.553,ICICI Prudential Multi Asset Allocation Fund
2013-06-18,,,,110.8126,ICICI Prudential Multi Asset Allocation Fund
2013-06-19,,,,111.4344,ICICI Prudential Multi Asset Allocation Fund
2013-06-20,,,,109.2842,ICICI Prudential Multi Asset Allocation Fund
2013-06-21,,,,109.0272,ICICI Prudential Multi Asset Allocation Fund
2013-06-24,,,,106.7923,ICICI Prudential Multi Asset Allocation Fund
2013-06-25,,,,106.2382,ICICI Prudential Multi Asset Allocation Fund
2013-06-26,,,,106.2448,ICICI Prudential Multi Asset Allocation Fund
2013-06-27,,,,107.6444,ICICI Prudential Multi Asset Allocation Fund
2013-06-28,,,,109.7704,ICICI Prudential Multi Asset Allocation Fund
2013-07-01,,,,110.6999,ICICI Prudential Multi Asset Allocation Fund
2013-07-02,,,,110.5053,ICICI Prudential Multi Asset Allocation Fund
2013-07-03,,,,108.4603,ICICI Prudential Multi Asset Allocation Fund
2013-07-04,,,,109.376,ICICI Prudential Multi Asset Allocation Fund
2013-07-05,,,,109.8883,ICICI Prudential Multi Asset Allocation Fund
2013-07-08,,,,109.522,ICICI Prudential Multi Asset Allocation Fund
2013-07-09,,,,110.1956,ICICI Prudential Multi Asset Allocation Fund
2013-07-10,,,,110.0904,ICICI Prudential Multi Asset Allocation Fund
2013-07-11,,,,111.7033,ICICI Prudential Multi Asset Allocation Fund
2013-07-12,,,,112.7389,ICICI Prudential Multi Asset Allocation Fund
2013-07-15,,,,113.6155,ICICI Prudential Multi Asset Allocation Fund
2013-07-16,,,,112.5136,ICICI Prudential Multi Asset Allocation Fund
2013-07-17,,,,111.6798,ICICI Prudential Multi Asset Allocation Fund
2013-07-18,,,,112.665,ICICI Prudential Multi Asset Allocation Fund
2013-07-19,,,,113.2162,ICICI Prudential Multi Asset Allocation Fund
2013-07-22,,,,113.6062,ICICI Prudential Multi Asset Allocation Fund
2013-07-23,,,,114.0398,ICICI Prudential Multi Asset Allocation Fund
2013-07-24,,,,113.115,ICICI Prudential Multi Asset Allocation Fund
2013-07-25,,,,112.1301,ICICI Prudential Multi Asset Allocation Fund
2013-07-26,,,,111.502,ICICI Prudential Multi Asset Allocation Fund
2013-07-29,,,,110.6408,ICICI Prudential Multi Asset Allocation Fund
2013-07-30,,,,109.299,ICICI Prudential Multi Asset Allocation Fund
2013-07-31,,,,109.5642,ICICI Prudential Multi Asset Allocation Fund
2013-08-01,,,,108.9167,ICICI Prudential Multi Asset Allocation Fund
2013-08-02,,,,108.0767,ICICI Prudential Multi Asset Allocation Fund
2013-08-05,,,,108.713,ICICI Prudential Multi Asset Allocation Fund
2013-08-06,,,,107.0802,ICICI Prudential Multi Asset Allocation Fund
2013-08-07,,,,108.3141,ICICI Prudential Multi Asset Allocation Fund
2013-08-08,,,,109.6927,ICICI Prudential Multi Asset Allocation Fund
2013-08-12,,,,111.1531,ICICI Prudential Multi Asset Allocation Fund
2013-08-13,,,,112.2992,ICICI Prudential Multi Asset Allocation Fund
2013-08-14,,,,113.6824,ICICI Prudential Multi Asset Allocation Fund
2013-08-16,,,,110.6356,ICICI Prudential Multi Asset Allocation Fund
2013-08-19,,,,109.5065,ICICI Prudential Multi Asset Allocation Fund
2013-08-20,,,,110.5849,ICICI Prudential Multi Asset Allocation Fund
2013-08-21,,,,108.4967,ICICI Prudential Multi Asset Allocation Fund
2013-08-22,,,,111.068,ICICI Prudential Multi Asset Allocation Fund
2013-08-23,,,,111.7238,ICICI Prudential Multi Asset Allocation Fund
2013-08-26,,,,112.5404,ICICI Prudential Multi Asset Allocation Fund
2013-08-27,,,,110.5729,ICICI Prudential Multi Asset Allocation Fund
2013-08-28,,,,110.9392,ICICI Prudential Multi Asset Allocation Fund
2013-08-29,,,,112.5444,ICICI Prudential Multi Asset Allocation Fund
2013-08-30,,,,112.7188,ICICI Prudential Multi Asset Allocation Fund
2013-09-02,,,,113.9314,ICICI Prudential Multi Asset Allocation Fund
2013-09-03,,,,111.4426,ICICI Prudential Multi Asset Allocation Fund
2013-09-04,,,,113.1965,ICICI Prudential Multi Asset Allocation Fund
2013-09-05,,,,115.0827,ICICI Prudential Multi Asset Allocation Fund
2013-09-06,,,,115.8424,ICICI Prudential Multi Asset Allocation Fund
2013-09-10,,,,117.6885,ICICI Prudential Multi Asset Allocation Fund
2013-09-11,,,,118.1688,ICICI Prudential Multi Asset Allocation Fund
2013-09-12,,,,117.619,ICICI Prudential Multi Asset Allocation Fund
2013-09-13,,,,117.785,ICICI Prudential Multi Asset Allocation Fund
2013-09-16,,,,117.5745,ICICI Prudential Multi Asset Allocation Fund
2013-09-17,,,,117.907,ICICI Prudential Multi Asset Allocation Fund
2013-09-18,,,,118.2067,ICICI Prudential Multi Asset Allocation Fund
2013-09-19,,,,120.8998,ICICI Prudential Multi Asset Allocation Fund
2013-09-20,,,,119.8596,ICICI Prudential Multi Asset Allocation Fund
2013-09-23,,,,118.7557,ICICI Prudential Multi Asset Allocation Fund
2013-09-24,,,,118.7061,ICICI Prudential Multi Asset Allocation Fund
2013-09-25,,,,119.1493,ICICI Prudential Multi Asset Allocation Fund
2013-09-26,,,,119.5421,ICICI Prudential Multi Asset Allocation Fund
2013-09-27,,,,119.0539,ICICI Prudential Multi Asset Allocation Fund
2013-09-30,,,,118.1218,ICICI Prudential Multi Asset Allocation Fund
2013-10-01,,,,118.6717,ICICI Prudential Multi Asset Allocation Fund
2013-10-03,,,,120.77,ICICI Prudential Multi Asset Allocation Fund
2013-10-04,,,,120.8051,ICICI Prudential Multi Asset Allocation Fund
2013-10-07,,,,120.9315,ICICI Prudential Multi Asset Allocation Fund
2013-10-08,,,,121.3493,ICICI Prudential Multi Asset Allocation Fund
2013-10-09,,,,122.2941,ICICI Prudential Multi Asset Allocation Fund
2013-10-10,,,,122.9404,ICICI Prudential Multi Asset Allocation Fund
2013-10-11,,,,123.7315,ICICI Prudential Multi Asset Allocation Fund
2013-10-14,,,,124.3126,ICICI Prudential Multi Asset Allocation Fund
2013-10-15,,,,124.1518,ICICI Prudential Multi Asset Allocation Fund
2013-10-17,,,,124.1665,ICICI Prudential Multi Asset Allocation Fund
2013-10-18,,,,125.6945,ICICI Prudential Multi Asset Allocation Fund
2013-10-21,,,,126.2603,ICICI Prudential Multi Asset Allocation Fund
2013-10-22,,,,126.5025,ICICI Prudential Multi Asset Allocation Fund
2013-10-23,,,,126.2041,ICICI Prudential Multi Asset Allocation Fund
2013-10-24,,,,126.4611,ICICI Prudential Multi Asset Allocation Fund
2013-10-25,,,,126.0302,ICICI Prudential Multi Asset Allocation Fund
2013-10-28,,,,125.0362,ICICI Prudential Multi Asset Allocation Fund
2013-10-29,,,,126.9455,ICICI Prudential Multi Asset Allocation Fund
2013-10-30,,,,127.8736,ICICI Prudential Multi Asset Allocation Fund
2013-10-31,,,,129.1428,ICICI Prudential Multi Asset Allocation Fund
2013-11-01,,,,130.0076,ICICI Prudential Multi Asset Allocation Fund
2013-11-05,,,,130.3742,ICICI Prudential Multi Asset Allocation Fund
2013-11-06,,,,129.9672,ICICI Prudential Multi Asset Allocation Fund
2013-11-07,,,,129.1665,ICICI Prudential Multi Asset Allocation Fund
2013-11-08,,,,128.8695,ICICI Prudential Multi Asset Allocation Fund
2013-11-11,,,,129.0511,ICICI Prudential Multi Asset Allocation Fund
2013-11-12,,,,128.0139,ICICI Prudential Multi Asset Allocation Fund
2013-11-13,,,,127.6166,ICICI Prudential Multi Asset Allocation Fund
2013-11-14,,,,128.8879,ICICI Prudential Multi Asset Allocation Fund
2013-11-18,,,,130.2366,ICICI Prudential Multi Asset Allocation Fund
2013-11-19,,,,130.6563,ICICI Prudential Multi Asset Allocation Fund
2013-11-20,,,,129.6256,ICICI Prudential Multi Asset Allocation Fund
2013-11-21,,,,128.2886,ICICI Prudential Multi Asset Allocation Fund
2013-11-22,,,,128.356,ICICI Prudential Multi Asset Allocation Fund
2013-11-25,,,,129.7633,ICICI Prudential Multi Asset Allocation Fund
2013-11-26,,,,128.3746,ICICI Prudential Multi Asset Allocation Fund
2013-11-27,,,,128.0846,ICICI Prudential Multi Asset Allocation Fund
2013-11-28,,,,128.6462,ICICI Prudential Multi Asset Allocation Fund
2013-11-29,,,,130.6584,ICICI Prudential Multi Asset Allocation Fund
2013-12-02,,,,131.0829,ICICI Prudential Multi Asset Allocation Fund
2013-12-03,,,,130.8738,ICICI Prudential Multi Asset Allocation Fund
2013-12-04,,,,130.8731,ICICI Prudential Multi Asset Allocation Fund
2013-12-05,,,,132.1348,ICICI Prudential Multi Asset Allocation Fund
2013-12-06,,,,132.7674,ICICI Prudential Multi Asset Allocation Fund
2013-12-09,,,,134.0203,ICICI Prudential Multi Asset Allocation Fund
2013-12-10,,,,133.5301,ICICI Prudential Multi Asset Allocation Fund
2013-12-11,,,,133.3477,ICICI Prudential Multi Asset Allocation Fund
2013-12-12,,,,132.5499,ICICI Prudential Multi Asset Allocation Fund
2013-12-13,,,,131.1739,ICICI Prudential Multi Asset Allocation Fund
2013-12-16,,,,131.6045,ICICI Prudential Multi Asset Allocation Fund
2013-12-17,,,,131.8139,ICICI Prudential Multi Asset Allocation Fund
2013-12-18,,,,132.8906,ICICI Prudential Multi Asset Allocation Fund
2013-12-19,,,,132.1804,ICICI Prudential Multi Asset Allocation Fund
2013-12-20,,,,134.0813,ICICI Prudential Multi Asset Allocation Fund
2013-12-23,,,,134.6651,ICICI Prudential Multi Asset Allocation Fund
2013-12-24,,,,134.4465,ICICI Prudential Multi Asset Allocation Fund
2013-12-26,,,,135.032,ICICI Prudential Multi Asset Allocation Fund
2013-12-27,,,,135.7118,ICICI Prudential Multi Asset Allocation Fund
2013-12-30,,,,135.498,ICICI Prudential Multi Asset Allocation Fund
2013-12-31,,,,135.9291,ICICI Prudential Multi Asset Allocation Fund
2014-01-01,,,,136.1769,ICICI Prudential Multi Asset Allocation Fund
2014-01-02,,,,135.07,ICICI Prudential Multi Asset Allocation Fund
2014-01-03,,,,135.2362,ICICI Prudential Multi Asset Allocation Fund
2014-01-06,,,,134.6881,ICICI Prudential Multi Asset Allocation Fund
2014-01-07,,,,134.1224,ICICI Prudential Multi Asset Allocation Fund
2014-01-08,,,,134.8718,ICICI Prudential Multi Asset Allocation Fund
2014-01-09,,,,134.556,ICICI Prudential Multi Asset Allocation Fund
2014-01-10,,,,134.1891,ICICI Prudential Multi Asset Allocation Fund
2014-01-13,,,,135.2649,ICICI Prudential Multi Asset Allocation Fund
2014-01-14,,,,134.9173,ICICI Prudential Multi Asset Allocation Fund
2014-01-15,,,,135.6993,ICICI Prudential Multi Asset Allocation Fund
2014-01-16,,,,135.6626,ICICI Prudential Multi Asset Allocation Fund
2014-01-17,,,,134.7664,ICICI Prudential Multi Asset Allocation Fund
2014-01-20,,,,135.2888,ICICI Prudential Multi Asset Allocation Fund
2014-01-21,,,,135.7794,ICICI Prudential Multi Asset Allocation Fund
2014-01-22,,,,136.1781,ICICI Prudential Multi Asset Allocation Fund
2014-01-23,,,,136.0976,ICICI Prudential Multi Asset Allocation Fund
2014-01-24,,,,134.9877,ICICI Prudential Multi Asset Allocation Fund
2014-01-27,,,,132.3574,ICICI Prudential Multi Asset Allocation Fund
2014-01-28,,,,131.8913,ICICI Prudential Multi Asset Allocation Fund
2014-01-29,,,,131.7627,ICICI Prudential Multi Asset Allocation Fund
2014-01-30,,,,130.6182,ICICI Prudential Multi Asset Allocation Fund
2014-01-31,,,,131.9743,ICICI Prudential Multi Asset Allocation Fund
2014-02-03,,,,130.6648,ICICI Prudential Multi Asset Allocation Fund
2014-02-04,,,,131.1094,ICICI Prudential Multi Asset Allocation Fund
2014-02-05,,,,131.5511,ICICI Prudential Multi Asset Allocation Fund
2014-02-06,,,,131.9309,ICICI Prudential Multi Asset Allocation Fund
2014-02-07,,,,132.7176,ICICI Prudential Multi Asset Allocation Fund
2014-02-10,,,,132.3325,ICICI Prudential Multi Asset Allocation Fund
2014-02-11,,,,132.4742,ICICI Prudential Multi Asset Allocation Fund
2014-02-12,,,,133.2338,ICICI Prudential Multi Asset Allocation Fund
2014-02-13,,,,131.4552,ICICI Prudential Multi Asset Allocation Fund
2014-02-14,,,,132.0578,ICICI Prudential Multi Asset Allocation Fund
2014-02-17,,,,132.2345,ICICI Prudential Multi Asset Allocation Fund
2014-02-18,,,,132.9613,ICICI Prudential Multi Asset Allocation Fund
2014-02-19,,,,133.5358,ICICI Prudential Multi Asset Allocation Fund
2014-02-20,,,,133.0578,ICICI Prudential Multi Asset Allocation Fund
2014-02-21,,,,134.073,ICICI Prudential Multi Asset Allocation Fund
2014-02-24,,,,134.296,ICICI Prudential Multi Asset Allocation Fund
2014-02-25,,,,134.5752,ICICI Prudential Multi Asset Allocation Fund
2014-02-26,,,,134.5827,ICICI Prudential Multi Asset Allocation Fund
2014-02-28,,,,134.9073,ICICI Prudential Multi Asset Allocation Fund
2014-03-03,,,,134.0998,ICICI Prudential Multi Asset Allocation Fund
2014-03-04,,,,135.8622,ICICI Prudential Multi Asset Allocation Fund
2014-03-05,,,,136.8436,ICICI Prudential Multi Asset Allocation Fund
2014-03-06,,,,138.3757,ICICI Prudential Multi Asset Allocation Fund
2014-03-07,,,,139.911,ICICI Prudential Multi Asset Allocation Fund
2014-03-10,,,,140.0294,ICICI Prudential Multi Asset Allocation Fund
2014-03-11,,,,139.9052,ICICI Prudential Multi Asset Allocation Fund
2014-03-12,,,,139.7948,ICICI Prudential Multi Asset Allocation Fund
2014-03-13,,,,139.391,ICICI Prudential Multi Asset Allocation Fund
2014-03-14,,,,139.4586,ICICI Prudential Multi Asset Allocation Fund
2014-03-18,,,,140.3964,ICICI Prudential Multi Asset Allocation Fund
2014-03-19,,,,140.4562,ICICI Prudential Multi Asset Allocation Fund
2014-03-20,,,,139.8514,ICICI Prudential Multi Asset Allocation Fund
2014-03-21,,,,140.2698,ICICI Prudential Multi Asset Allocation Fund
2014-03-24,,,,141.5999,ICICI Prudential Multi Asset Allocation Fund
2014-03-25,,,,141.9096,ICICI Prudential Multi Asset Allocation Fund
2014-03-26,,,,142.1185,ICICI Prudential Multi Asset Allocation Fund
2014-03-27,,,,142.89,ICICI Prudential Multi Asset Allocation Fund
2014-03-28,,,,144.6946,ICICI Prudential Multi Asset Allocation Fund
2014-03-31,,,,144.7106,ICICI Prudential Multi Asset Allocation Fund
2014-04-01,,,,145.2258,ICICI Prudential Multi Asset Allocation Fund
2014-04-02,,,,145.8879,ICICI Prudential Multi Asset Allocation Fund
2014-04-03,,,,145.7122,ICICI Prudential Multi Asset Allocation Fund
2014-04-04,,,,145.1985,ICICI Prudential Multi Asset Allocation Fund
2014-04-07,,,,144.9886,ICICI Prudential Multi Asset Allocation Fund
2014-04-09,,,,146.5146,ICICI Prudential Multi Asset Allocation Fund
2014-04-10,,,,146.9645,ICICI Prudential Multi Asset Allocation Fund
2014-04-11,,,,147.2252,ICICI Prudential Multi Asset Allocation Fund
2014-04-15,,,,146.8832,ICICI Prudential Multi Asset Allocation Fund
2014-04-16,,,,145.6826,ICICI Prudential Multi Asset Allocation Fund
2014-04-17,,,,147.3092,ICICI Prudential Multi Asset Allocation Fund
2014-04-21,,,,148.0881,ICICI Prudential Multi Asset Allocation Fund
2014-04-22,,,,148.3167,ICICI Prudential Multi Asset Allocation Fund
2014-04-23,,,,148.6409,ICICI Prudential Multi Asset Allocation Fund
2014-04-25,,,,147.843,ICICI Prudential Multi Asset Allocation Fund
2014-04-28,,,,148.0459,ICICI Prudential Multi Asset Allocation Fund
2014-04-29,,,,147.7929,ICICI Prudential Multi Asset Allocation Fund
2014-04-30,,,,147.2643,ICICI Prudential Multi Asset Allocation Fund
2014-05-02,,,,147.2244,ICICI Prudential Multi Asset Allocation Fund
2014-05-05,,,,147.2326,ICICI Prudential Multi Asset Allocation Fund
2014-05-06,,,,147.2921,ICICI Prudential Multi Asset Allocation Fund
2014-05-07,,,,146.6193,ICICI Prudential Multi Asset Allocation Fund
2014-05-08,,,,147.2445,ICICI Prudential Multi Asset Allocation Fund
2014-05-09,,,,150.1028,ICICI Prudential Multi Asset Allocation Fund
2014-05-12,,,,152.1361,ICICI Prudential Multi Asset Allocation Fund
2014-05-13,,,,153.726,ICICI Prudential Multi Asset Allocation Fund
2014-05-14,,,,153.6774,ICICI Prudential Multi Asset Allocation Fund
2014-05-15,,,,153.3612,ICICI Prudential Multi Asset Allocation Fund
2014-05-16,,,,155.0752,ICICI Prudential Multi Asset Allocation Fund
2014-05-19,,,,157.4305,ICICI Prudential Multi Asset Allocation Fund
2014-05-20,,,,158.4529,ICICI Prudential Multi Asset Allocation Fund
2014-05-21,,,,158.2852,ICICI Prudential Multi Asset Allocation Fund
2014-05-22,,,,159.1553,ICICI Prudential Multi Asset Allocation Fund
2014-05-23,,,,161.9925,ICICI Prudential Multi Asset Allocation Fund
2014-05-26,,,,160.9056,ICICI Prudential Multi Asset Allocation Fund
2014-05-27,,,,160.1483,ICICI Prudential Multi Asset Allocation Fund
2014-05-28,,,,161.1981,ICICI Prudential Multi Asset Allocation Fund
2014-05-29,,,,159.5203,ICICI Prudential Multi Asset Allocation Fund
2014-05-30,,,,159.1565,ICICI Prudential Multi Asset Allocation Fund
2014-06-02,,,,162.816,ICICI Prudential Multi Asset Allocation Fund
2014-06-03,,,,163.9687,ICICI Prudential Multi Asset Allocation Fund
2014-06-04,,,,164.3333,ICICI Prudential Multi Asset Allocation Fund
2014-06-05,,,,165.6225,ICICI Prudential Multi Asset Allocation Fund
2014-06-06,,,,167.3482,ICICI Prudential Multi Asset Allocation Fund
2014-06-09,,,,169.4112,ICICI Prudential Multi Asset Allocation Fund
2014-06-10,,,,169.5405,ICICI Prudential Multi Asset Allocation Fund
2014-06-11,,,,169.2529,ICICI Prudential Multi Asset Allocation Fund
2014-06-12,,,,169.907,ICICI Prudential Multi Asset Allocation Fund
2014-06-13,,,,167.6338,ICICI Prudential Multi Asset Allocation Fund
2014-06-16,,,,167.5107,ICICI Prudential Multi Asset Allocation Fund
2014-06-17,,,,169.5093,ICICI Prudential Multi Asset Allocation Fund
2014-06-18,,,,168.7925,ICICI Prudential Multi Asset Allocation Fund
2014-06-19,,,,168.3786,ICICI Prudential Multi Asset Allocation Fund
2014-06-20,,,,168.0148,ICICI Prudential Multi Asset Allocation Fund
2014-06-23,,,,168.0733,ICICI Prudential Multi Asset Allocation Fund
2014-06-24,,,,169.1406,ICICI Prudential Multi Asset Allocation Fund
2014-06-25,,,,168.9,ICICI Prudential Multi Asset Allocation Fund
2014-06-26,,,,167.9466,ICICI Prudential Multi Asset Allocation Fund
2014-06-27,,,,168.7678,ICICI Prudential Multi Asset Allocation Fund
2014-06-30,,,,170.7441,ICICI Prudential Multi Asset Allocation Fund
2014-07-01,,,,171.2811,ICICI Prudential Multi Asset Allocation Fund
2014-07-02,,,,172.8367,ICICI Prudential Multi Asset Allocation Fund
2014-07-03,,,,172.3148,ICICI Prudential Multi Asset Allocation Fund
2014-07-04,,,,174.2942,ICICI Prudential Multi Asset Allocation Fund
2014-07-07,,,,174.9386,ICICI Prudential Multi Asset Allocation Fund
2014-07-08,,,,170.8761,ICICI Prudential Multi Asset Allocation Fund
2014-07-09,,,,169.4074,ICICI Prudential Multi Asset Allocation Fund
2014-07-10,,,,169.1755,ICICI Prudential Multi Asset Allocation Fund
2014-07-11,,,,166.5142,ICICI Prudential Multi Asset Allocation Fund
2014-07-14,,,,166.0104,ICICI Prudential Multi Asset Allocation Fund
2014-07-15,,,,168.2858,ICICI Prudential Multi Asset Allocation Fund
2014-07-16,,,,170.8219,ICICI Prudential Multi Asset Allocation Fund
2014-07-17,,,,171.4394,ICICI Prudential Multi Asset Allocation Fund
2014-07-18,,,,171.6366,ICICI Prudential Multi Asset Allocation Fund
2014-07-21,,,,171.5562,ICICI Prudential Multi Asset Allocation Fund
2014-07-22,,,,172.4666,ICICI Prudential Multi Asset Allocation Fund
2014-07-23,,,,172.8718,ICICI Prudential Multi Asset Allocation Fund
2014-07-24,,,,172.8354,ICICI Prudential Multi Asset Allocation Fund
2014-07-25,,,,171.5699,ICICI Prudential Multi Asset Allocation Fund
2014-07-28,,,,170.8101,ICICI Prudential Multi Asset Allocation Fund
2014-07-30,,,,172.1365,ICICI Prudential Multi Asset Allocation Fund
2014-07-31,,,,171.5499,ICICI Prudential Multi Asset Allocation Fund
2014-08-01,,,,170.1565,ICICI Prudential Multi Asset Allocation Fund
2014-08-04,,,,171.7357,ICICI Prudential Multi Asset Allocation Fund
2014-08-05,,,,172.4055,ICICI Prudential Multi Asset Allocation Fund
2014-08-06,,,,171.5731,ICICI Prudential Multi Asset Allocation Fund
2014-08-07,,,,171.4746,ICICI Prudential Multi Asset Allocation Fund
2014-08-08,,,,169.9916,ICICI Prudential Multi Asset Allocation Fund
2014-08-11,,,,170.4852,ICICI Prudential Multi Asset Allocation Fund
2014-08-12,,,,171.1051,ICICI Prudential Multi Asset Allocation Fund
2014-08-13,,,,170.4616,ICICI Prudential Multi Asset Allocation Fund
2014-08-14,,,,171.7066,ICICI Prudential Multi Asset Allocation Fund
2014-08-18,,,,174.1133,ICICI Prudential Multi Asset Allocation Fund
2014-08-19,,,,174.7549,ICICI Prudential Multi Asset Allocation Fund
2014-08-20,,,,175.0116,ICICI Prudential Multi Asset Allocation Fund
2014-08-21,,,,175.3731,ICICI Prudential Multi Asset Allocation Fund
2014-08-22,,,,175.7354,ICICI Prudential Multi Asset Allocation Fund
2014-08-25,,,,175.2291,ICICI Prudential Multi Asset Allocation Fund
2014-08-26,,,,174.8312,ICICI Prudential Multi Asset Allocation Fund
2014-08-27,,,,175.2877,ICICI Prudential Multi Asset Allocation Fund
2014-08-28,,,,175.5032,ICICI Prudential Multi Asset Allocation Fund
2014-09-01,,,,177.5906,ICICI Prudential Multi Asset Allocation Fund
2014-09-02,,,,179.2388,ICICI Prudential Multi Asset Allocation Fund
2014-09-03,,,,179.9489,ICICI Prudential Multi Asset Allocation Fund
2014-09-04,,,,179.6887,ICICI Prudential Multi Asset Allocation Fund
2014-09-05,,,,179.8496,ICICI Prudential Multi Asset Allocation Fund
2014-09-08,,,,181.4138,ICICI Prudential Multi Asset Allocation Fund
2014-09-09,,,,181.2437,ICICI Prudential Multi Asset Allocation Fund
2014-09-10,,,,181.0497,ICICI Prudential Multi Asset Allocation Fund
2014-09-11,,,,182.3308,ICICI Prudential Multi Asset Allocation Fund
2014-09-12,,,,182.3788,ICICI Prudential Multi Asset Allocation Fund
2014-09-15,,,,182.8888,ICICI Prudential Multi Asset Allocation Fund
2014-09-16,,,,180.0606,ICICI Prudential Multi Asset Allocation Fund
2014-09-17,,,,180.6409,ICICI Prudential Multi Asset Allocation Fund
2014-09-18,,,,182.679,ICICI Prudential Multi Asset Allocation Fund
2014-09-19,,,,182.6431,ICICI Prudential Multi Asset Allocation Fund
2014-09-22,,,,182.2701,ICICI Prudential Multi Asset Allocation Fund
2014-09-23,,,,179.8029,ICICI Prudential Multi Asset Allocation Fund
2014-09-24,,,,179.0827,ICICI Prudential Multi Asset Allocation Fund
2014-09-25,,,,176.7222,ICICI Prudential Multi Asset Allocation Fund
2014-09-26,,,,178.538,ICICI Prudential Multi Asset Allocation Fund
2014-09-29,,,,178.9133,ICICI Prudential Multi Asset Allocation Fund
2014-09-30,,,,178.5086,ICICI Prudential Multi Asset Allocation Fund
2014-10-01,,,,178.9534,ICICI Prudential Multi Asset Allocation Fund
2014-10-07,,,,177.6867,ICICI Prudential Multi Asset Allocation Fund
2014-10-08,,,,177.6464,ICICI Prudential Multi Asset Allocation Fund
2014-10-09,,,,179.3391,ICICI Prudential Multi Asset Allocation Fund
2014-10-10,,,,177.9149,ICICI Prudential Multi Asset Allocation Fund
2014-10-13,,,,178.3836,ICICI Prudential Multi Asset Allocation Fund
2014-10-14,,,,178.5785,ICICI Prudential Multi Asset Allocation Fund
2014-10-16,,,,175.8355,ICICI Prudential Multi Asset Allocation Fund
2014-10-17,,,,177.1984,ICICI Prudential Multi Asset Allocation Fund
2014-10-20,,,,178.8071,ICICI Prudential Multi Asset Allocation Fund
2014-10-21,,,,180.234,ICICI Prudential Multi Asset Allocation Fund
2014-10-22,,,,181.2318,ICICI Prudential Multi Asset Allocation Fund
2014-10-27,,,,181.4656,ICICI Prudential Multi Asset Allocation Fund
2014-10-28,,,,182.0932,ICICI Prudential Multi Asset Allocation Fund
2014-10-29,,,,183.0103,ICICI Prudential Multi Asset Allocation Fund
2014-10-30,,,,184.2364,ICICI Prudential Multi Asset Allocation Fund
2014-10-31,,,,186.452,ICICI Prudential Multi Asset Allocation Fund
2014-11-03,,,,186.875,ICICI Prudential Multi Asset Allocation Fund
2014-11-05,,,,186.4324,ICICI Prudential Multi Asset Allocation Fund
2014-11-07,,,,186.5709,ICICI Prudential Multi Asset Allocation Fund
2014-11-10,,,,186.7884,ICICI Prudential Multi Asset Allocation Fund
2014-11-11,,,,187.1514,ICICI Prudential Multi Asset Allocation Fund
2014-11-12,,,,186.873,ICICI Prudential Multi Asset Allocation Fund
2014-11-13,,,,186.5135,ICICI Prudential Multi Asset Allocation Fund
2014-11-14,,,,187.3514,ICICI Prudential Multi Asset Allocation Fund
2014-11-17,,,,188.1604,ICICI Prudential Multi Asset Allocation Fund
2014-11-18,,,,188.9739,ICICI Prudential Multi Asset Allocation Fund
2014-11-19,,,,188.088,ICICI Prudential Multi Asset Allocation Fund
2014-11-20,,,,188.497,ICICI Prudential Multi Asset Allocation Fund
2014-11-21,,,,189.3327,ICICI Prudential Multi Asset Allocation Fund
2014-11-24,,,,189.9718,ICICI Prudential Multi Asset Allocation Fund
2014-11-25,,,,188.7225,ICICI Prudential Multi Asset Allocation Fund
2014-11-26,,,,188.9501,ICICI Prudential Multi Asset Allocation Fund
2014-11-27,,,,189.5793,ICICI Prudential Multi Asset Allocation Fund
2014-11-28,,,,190.8855,ICICI Prudential Multi Asset Allocation Fund
2014-12-01,,,,189.723,ICICI Prudential Multi Asset Allocation Fund
2014-12-02,,,,190.155,ICICI Prudential Multi Asset Allocation Fund
2014-12-03,,,,191.087,ICICI Prudential Multi Asset Allocation Fund
2014-12-04,,,,191.2642,ICICI Prudential Multi Asset Allocation Fund
2014-12-05,,,,190.6916,ICICI Prudential Multi Asset Allocation Fund
2014-12-08,,,,189.0031,ICICI Prudential Multi Asset Allocation Fund
2014-12-09,,,,187.2304,ICICI Prudential Multi Asset Allocation Fund
2014-12-10,,,,188.1672,ICICI Prudential Multi Asset Allocation Fund
2014-12-11,,,,186.6688,ICICI Prudential Multi Asset Allocation Fund
2014-12-12,,,,185.3103,ICICI Prudential Multi Asset Allocation Fund
2014-12-15,,,,184.6401,ICICI Prudential Multi Asset Allocation Fund
2014-12-16,,,,181.522,ICICI Prudential Multi Asset Allocation Fund
2014-12-17,,,,180.7908,ICICI Prudential Multi Asset Allocation Fund
2014-12-18,,,,183.5401,ICICI Prudential Multi Asset Allocation Fund
2014-12-19,,,,185.3323,ICICI Prudential Multi Asset Allocation Fund
2014-12-22,,,,186.8186,ICICI Prudential Multi Asset Allocation Fund
2014-12-23,,,,186.1018,ICICI Prudential Multi Asset Allocation Fund
2014-12-24,,,,184.7593,ICICI Prudential Multi Asset Allocation Fund
2014-12-26,,,,185.4145,ICICI Prudential Multi Asset Allocation Fund
2014-12-29,,,,186.6212,ICICI Prudential Multi Asset Allocation Fund
2014-12-30,,,,186.9106,ICICI Prudential Multi Asset Allocation Fund
2014-12-31,,,,187.6861,ICICI Prudential Multi Asset Allocation Fund
2015-01-01,,,,188.1058,ICICI Prudential Multi Asset Allocation Fund
2015-01-02,,,,189.4442,ICICI Prudential Multi Asset Allocation Fund
2015-01-05,,,,188.8319,ICICI Prudential Multi Asset Allocation Fund
2015-01-06,,,,185.0215,ICICI Prudential Multi Asset Allocation Fund
2015-01-07,,,,184.8632,ICICI Prudential Multi Asset Allocation Fund
2015-01-08,,,,186.9777,ICICI Prudential Multi Asset Allocation Fund
2015-01-09,,,,188.4649,ICICI Prudential Multi Asset Allocation Fund
2015-01-12,,,,188.5698,ICICI Prudential Multi Asset Allocation Fund
2015-01-13,,,,188.1984,ICICI Prudential Multi Asset Allocation Fund
2015-01-14,,,,187.3823,ICICI Prudential Multi Asset Allocation Fund
2015-01-15,,,,190.6686,ICICI Prudential Multi Asset Allocation Fund
2015-01-16,,,,191.4078,ICICI Prudential Multi Asset Allocation Fund
2015-01-19,,,,192.6477,ICICI Prudential Multi Asset Allocation Fund
2015-01-20,,,,194.1443,ICICI Prudential Multi Asset Allocation Fund
2015-01-21,,,,194.6296,ICICI Prudential Multi Asset Allocation Fund
2015-01-22,,,,195.0336,ICICI Prudential Multi Asset Allocation Fund
2015-01-23,,,,196.6494,ICICI Prudential Multi Asset Allocation Fund
2015-01-27,,,,197.2171,ICICI Prudential Multi Asset Allocation Fund
2015-01-28,,,,196.8344,ICICI Prudential Multi Asset Allocation Fund
2015-01-29,,,,197.4638,ICICI Prudential Multi Asset Allocation Fund
2015-01-30,,,,196.3919,ICICI Prudential Multi Asset Allocation Fund
2015-02-02,,,,196.4561,ICICI Prudential Multi Asset Allocation Fund
2015-02-03,,,,196.0169,ICICI Prudential Multi Asset Allocation Fund
2015-02-04,,,,196.0458,ICICI Prudential Multi Asset Allocation Fund
2015-02-05,,,,194.7252,ICICI Prudential Multi Asset Allocation Fund
2015-02-06,,,,193.8043,ICICI Prudential Multi Asset Allocation Fund
2015-02-09,,,,191.8855,ICICI Prudential Multi Asset Allocation Fund
2015-02-10,,,,193.1017,ICICI Prudential Multi Asset Allocation Fund
2015-02-11,,,,194.3957,ICICI Prudential Multi Asset Allocation Fund
2015-02-12,,,,196.1787,ICICI Prudential Multi Asset Allocation Fund
2015-02-13,,,,197.6145,ICICI Prudential Multi Asset Allocation Fund
2015-02-16,,,,197.4686,ICICI Prudential Multi Asset Allocation Fund
2015-02-18,,,,198.1863,ICICI Prudential Multi Asset Allocation Fund
2015-02-19,,,,198.7946,ICICI Prudential Multi Asset Allocation Fund
2015-02-20,,,,197.7684,ICICI Prudential Multi Asset Allocation Fund
2015-02-23,,,,196.9362,ICICI Prudential Multi Asset Allocation Fund
2015-02-24,,,,196.7457,ICICI Prudential Multi Asset Allocation Fund
2015-02-25,,,,196.5184,ICICI Prudential Multi Asset Allocation Fund
2015-02-26,,,,195.3782,ICICI Prudential Multi Asset Allocation Fund
2015-02-27,,,,198.3007,ICICI Prudential Multi Asset Allocation Fund
2015-03-02,,,,199.3398,ICICI Prudential Multi Asset Allocation Fund
2015-03-03,,,,200.1898,ICICI Prudential Multi Asset Allocation Fund
2015-03-04,,,,198.6163,ICICI Prudential Multi Asset Allocation Fund
2015-03-05,,,,199.0779,ICICI Prudential Multi Asset Allocation Fund
2015-03-09,,,,195.9166,ICICI Prudential Multi Asset Allocation Fund
2015-03-10,,,,195.6048,ICICI Prudential Multi Asset Allocation Fund
2015-03-11,,,,195.6233,ICICI Prudential Multi Asset Allocation Fund
2015-03-12,,,,197.2587,ICICI Prudential Multi Asset Allocation Fund
2015-03-13,,,,194.781,ICICI Prudential Multi Asset Allocation Fund
2015-03-16,,,,194.128,ICICI Prudential Multi Asset Allocation Fund
2015-03-17,,,,195.6553,ICICI Prudential Multi Asset Allocation Fund
2015-03-18,,,,195.2785,ICICI Prudential Multi Asset Allocation Fund
2015-03-19,,,,194.5781,ICICI Prudential Multi Asset Allocation Fund
2015-03-20,,,,193.6116,ICICI Prudential Multi Asset Allocation Fund
2015-03-23,,,,192.8883,ICICI Prudential Multi Asset Allocation Fund
2015-03-24,,,,192.6947,ICICI Prudential Multi Asset Allocation Fund
2015-03-25,,,,192.3009,ICICI Prudential Multi Asset Allocation Fund
2015-03-26,,,,189.8091,ICICI Prudential Multi Asset Allocation Fund
2015-03-27,,,,189.5164,ICICI Prudential Multi Asset Allocation Fund
2015-03-30,,,,191.8548,ICICI Prudential Multi Asset Allocation Fund
2015-03-31,,,,191.824,ICICI Prudential Multi Asset Allocation Fund
2015-04-01,,,,193.3901,ICICI Prudential Multi Asset Allocation Fund
2015-04-06,,,,194.3371,ICICI Prudential Multi Asset Allocation Fund
2015-04-07,,,,194.8839,ICICI Prudential Multi Asset Allocation Fund
2015-04-08,,,,195.8917,ICICI Prudential Multi Asset Allocation Fund
2015-04-09,,,,197.3916,ICICI Prudential Multi Asset Allocation Fund
2015-04-10,,,,198.277,ICICI Prudential Multi Asset Allocation Fund
2015-04-13,,,,199.0979,ICICI Prudential Multi Asset Allocation Fund
2015-04-15,,,,197.9305,ICICI Prudential Multi Asset Allocation Fund
2015-04-16,,,,197.8689,ICICI Prudential Multi Asset Allocation Fund
2015-04-17,,,,196.4846,ICICI Prudential Multi Asset Allocation Fund
2015-04-20,,,,193.5747,ICICI Prudential Multi Asset Allocation Fund
2015-04-21,,,,192.7575,ICICI Prudential Multi Asset Allocation Fund
2015-04-22,,,,192.2312,ICICI Prudential Multi Asset Allocation Fund
2015-04-23,,,,192.0103,ICICI Prudential Multi Asset Allocation Fund
2015-04-24,,,,189.6528,ICICI Prudential Multi Asset Allocation Fund
2015-04-27,,,,187.5685,ICICI Prudential Multi Asset Allocation Fund
2015-04-28,,,,188.9392,ICICI Prudential Multi Asset Allocation Fund
2015-04-29,,,,188.7575,ICICI Prudential Multi Asset Allocation Fund
2015-04-30,,,,187.9315,ICICI Prudential Multi Asset Allocation Fund
2015-05-04,,,,191.3279,ICICI Prudential Multi Asset Allocation Fund
2015-05-05,,,,191.1583,ICICI Prudential Multi Asset Allocation Fund
2015-05-06,,,,187.4323,ICICI Prudential Multi Asset Allocation Fund
2015-05-07,,,,186.3691,ICICI Prudential Multi Asset Allocation Fund
2015-05-08,,,,188.7539,ICICI Prudential Multi Asset Allocation Fund
2015-05-11,,,,191.3034,ICICI Prudential Multi Asset Allocation Fund
2015-05-12,,,,187.6673,ICICI Prudential Multi Asset Allocation Fund
2015-05-13,,,,189.755,ICICI Prudential Multi Asset Allocation Fund
2015-05-14,,,,189.9347,ICICI Prudential Multi Asset Allocation Fund
2015-05-15,,,,190.3917,ICICI Prudential Multi Asset Allocation Fund
2015-05-18,,,,192.2122,ICICI Prudential Multi Asset Allocation Fund
2015-05-19,,,,192.2259,ICICI Prudential Multi Asset Allocation Fund
2015-05-20,,,,193.3358,ICICI Prudential Multi Asset Allocation Fund
2015-05-21,,,,193.3977,ICICI Prudential Multi Asset Allocation Fund
2015-05-22,,,,193.5529,ICICI Prudential Multi Asset Allocation Fund
2015-05-25,,,,193.1064,ICICI Prudential Multi Asset Allocation Fund
2015-05-26,,,,192.5645,ICICI Prudential Multi Asset Allocation Fund
2015-05-27,,,,191.4743,ICICI Prudential Multi Asset Allocation Fund
2015-05-28,,,,191.2383,ICICI Prudential Multi Asset Allocation Fund
2015-05-29,,,,192.6052,ICICI Prudential Multi Asset Allocation Fund
2015-06-01,,,,191.98,ICICI Prudential Multi Asset Allocation Fund
2015-06-02,,,,188.8228,ICICI Prudential Multi Asset Allocation Fund
2015-06-03,,,,186.9263,ICICI Prudential Multi Asset Allocation Fund
2015-06-04,,,,187.111,ICICI Prudential Multi Asset Allocation Fund
2015-06-05,,,,186.8573,ICICI Prudential Multi Asset Allocation Fund
2015-06-08,,,,185.6738,ICICI Prudential Multi Asset Allocation Fund
2015-06-09,,,,185.6988,ICICI Prudential Multi Asset Allocation Fund
2015-06-10,,,,187.6714,ICICI Prudential Multi Asset Allocation Fund
2015-06-11,,,,185.0149,ICICI Prudential Multi Asset Allocation Fund
2015-06-12,,,,184.1885,ICICI Prudential Multi Asset Allocation Fund
2015-06-15,,,,184.3036,ICICI Prudential Multi Asset Allocation Fund
2015-06-16,,,,185.1945,ICICI Prudential Multi Asset Allocation Fund
2015-06-17,,,,185.4414,ICICI Prudential Multi Asset Allocation Fund
2015-06-18,,,,186.9631,ICICI Prudential Multi Asset Allocation Fund
2015-06-19,,,,187.2246,ICICI Prudential Multi Asset Allocation Fund
2015-06-22,,,,189.0718,ICICI Prudential Multi Asset Allocation Fund
2015-06-23,,,,188.8897,ICICI Prudential Multi Asset Allocation Fund
2015-06-24,,,,187.9799,ICICI Prudential Multi Asset Allocation Fund
2015-06-25,,,,188.2811,ICICI Prudential Multi Asset Allocation Fund
2015-06-26,,,,187.908,ICICI Prudential Multi Asset Allocation Fund
2015-06-29,,,,185.8063,ICICI Prudential Multi Asset Allocation Fund
2015-06-30,,,,186.1522,ICICI Prudential Multi Asset Allocation Fund
2015-07-01,,,,188.4369,ICICI Prudential Multi Asset Allocation Fund
2015-07-02,,,,187.7536,ICICI Prudential Multi Asset Allocation Fund
2015-07-03,,,,187.9843,ICICI Prudential Multi Asset Allocation Fund
2015-07-06,,,,188.3602,ICICI Prudential Multi Asset Allocation Fund
2015-07-07,,,,188.1264,ICICI Prudential Multi Asset Allocation Fund
2015-07-08,,,,185.0913,ICICI Prudential Multi Asset Allocation Fund
2015-07-09,,,,184.3825,ICICI Prudential Multi Asset Allocation Fund
2015-07-10,,,,185.6666,ICICI Prudential Multi Asset Allocation Fund
2015-07-13,,,,187.0782,ICICI Prudential Multi Asset Allocation Fund
2015-07-14,,,,186.7608,ICICI Prudential Multi Asset Allocation Fund
2015-07-15,,,,187.7964,ICICI Prudential Multi Asset Allocation Fund
2015-07-16,,,,188.6455,ICICI Prudential Multi Asset Allocation Fund
2015-07-17,,,,189.2543,ICICI Prudential Multi Asset Allocation Fund
2015-07-20,,,,189.1865,ICICI Prudential Multi Asset Allocation Fund
2015-07-21,,,,188.7601,ICICI Prudential Multi Asset Allocation Fund
2015-07-22,,,,190.5445,ICICI Prudential Multi Asset Allocation Fund
2015-07-23,,,,190.9886,ICICI Prudential Multi Asset Allocation Fund
2015-07-24,,,,189.4514,ICICI Prudential Multi Asset Allocation Fund
2015-07-27,,,,187.0955,ICICI Prudential Multi Asset Allocation Fund
2015-07-28,,,,186.6371,ICICI Prudential Multi Asset Allocation Fund
2015-07-29,,,,187.5963,ICICI Prudential Multi Asset Allocation Fund
2015-07-30,,,,188.6158,ICICI Prudential Multi Asset Allocation Fund
2015-07-31,,,,189.9722,ICICI Prudential Multi Asset Allocation Fund
2015-08-03,,,,190.4959,ICICI Prudential Multi Asset Allocation Fund
2015-08-04,,,,190.6556,ICICI Prudential Multi Asset Allocation Fund
2015-08-05,,,,191.2424,ICICI Prudential Multi Asset Allocation Fund
2015-08-06,,,,191.356,ICICI Prudential Multi Asset Allocation Fund
2015-08-07,,,,191.799,ICICI Prudential Multi Asset Allocation Fund
2015-08-10,,,,190.7583,ICICI Prudential Multi Asset Allocation Fund
2015-08-11,,,,189.2541,ICICI Prudential Multi Asset Allocation Fund
2015-08-12,,,,186.7556,ICICI Prudential Multi Asset Allocation Fund
2015-08-13,,,,186.3217,ICICI Prudential Multi Asset Allocation Fund
2015-08-14,,,,188.9972,ICICI Prudential Multi Asset Allocation Fund
2015-08-17,,,,188.8017,ICICI Prudential Multi Asset Allocation Fund
2015-08-18,,,,188.6618,ICICI Prudential Multi Asset Allocation Fund
2015-08-19,,,,188.8676,ICICI Prudential Multi Asset Allocation Fund
2015-08-20,,,,186.408,ICICI Prudential Multi Asset Allocation Fund
2015-08-21,,,,185.0538,ICICI Prudential Multi Asset Allocation Fund
2015-08-24,,,,173.9563,ICICI Prudential Multi Asset Allocation Fund
2015-08-25,,,,175.6259,ICICI Prudential Multi Asset Allocation Fund
2015-08-26,,,,175.3604,ICICI Prudential Multi Asset Allocation Fund
2015-08-27,,,,178.3059,ICICI Prudential Multi Asset Allocation Fund
2015-08-28,,,,180.1727,ICICI Prudential Multi Asset Allocation Fund
2015-08-31,,,,179.1161,ICICI Prudential Multi Asset Allocation Fund
2015-09-01,,,,175.4129,ICICI Prudential Multi Asset Allocation Fund
2015-09-02,,,,174.2107,ICICI Prudential Multi Asset Allocation Fund
2015-09-03,,,,177.013,ICICI Prudential Multi Asset Allocation Fund
2015-09-04,,,,173.0342,ICICI Prudential Multi Asset Allocation Fund
2015-09-07,,,,170.9505,ICICI Prudential Multi Asset Allocation Fund
2015-09-08,,,,173.7367,ICICI Prudential Multi Asset Allocation Fund
2015-09-09,,,,176.874,ICICI Prudential Multi Asset Allocation Fund
2015-09-10,,,,176.1849,ICICI Prudential Multi Asset Allocation Fund
2015-09-11,,,,176.1097,ICICI Prudential Multi Asset Allocation Fund
2015-09-14,,,,179.0865,ICICI Prudential Multi Asset Allocation Fund
2015-09-15,,,,178.1502,ICICI Prudential Multi Asset Allocation Fund
2015-09-16,,,,179.2396,ICICI Prudential Multi Asset Allocation Fund
2015-09-18,,,,181.4081,ICICI Prudential Multi Asset Allocation Fund
2015-09-21,,,,182.1899,ICICI Prudential Multi Asset Allocation Fund
2015-09-22,,,,177.9271,ICICI Prudential Multi Asset Allocation Fund
2015-09-23,,,,178.2551,ICICI Prudential Multi Asset Allocation Fund
2015-09-24,,,,178.148,ICICI Prudential Multi Asset Allocation Fund
2015-09-28,,,,176.1966,ICICI Prudential Multi Asset Allocation Fund
2015-09-29,,,,176.6102,ICICI Prudential Multi Asset Allocation Fund
2015-09-30,,,,179.1484,ICICI Prudential Multi Asset Allocation Fund
2015-10-01,,,,178.549,ICICI Prudential Multi Asset Allocation Fund
2015-10-05,,,,182.598,ICICI Prudential Multi Asset Allocation Fund
2015-10-06,,,,183.3065,ICICI Prudential Multi Asset Allocation Fund
2015-10-07,,,,184.9627,ICICI Prudential Multi Asset Allocation Fund
2015-10-08,,,,184.3698,ICICI Prudential Multi Asset Allocation Fund
2015-10-09,,,,186.0678,ICICI Prudential Multi Asset Allocation Fund
2015-10-12,,,,186.3699,ICICI Prudential Multi Asset Allocation Fund
2015-10-13,,,,185.6993,ICICI Prudential Multi Asset Allocation Fund
2015-10-14,,,,185.2515,ICICI Prudential Multi Asset Allocation Fund
2015-10-15,,,,186.7895,ICICI Prudential Multi Asset Allocation Fund
2015-10-16,,,,188.1533,ICICI Prudential Multi Asset Allocation Fund
2015-10-19,,,,188.5844,ICICI Prudential Multi Asset Allocation Fund
2015-10-20,,,,188.7203,ICICI Prudential Multi Asset Allocation Fund
2015-10-21,,,,188.7646,ICICI Prudential Multi Asset Allocation Fund
2015-10-23,,,,189.1937,ICICI Prudential Multi Asset Allocation Fund
2015-10-26,,,,188.9814,ICICI Prudential Multi Asset Allocation Fund
2015-10-27,,,,188.9097,ICICI Prudential Multi Asset Allocation Fund
2015-10-28,,,,187.9332,ICICI Prudential Multi Asset Allocation Fund
2015-10-29,,,,186.8238,ICICI Prudential Multi Asset Allocation Fund
2015-10-30,,,,186.4405,ICICI Prudential Multi Asset Allocation Fund
2015-11-02,,,,186.2384,ICICI Prudential Multi Asset Allocation Fund
2015-11-03,,,,186.8921,ICICI Prudential Multi Asset Allocation Fund
2015-11-04,,,,186.9162,ICICI Prudential Multi Asset Allocation Fund
2015-11-05,,,,185.455,ICICI Prudential Multi Asset Allocation Fund
2015-11-06,,,,185.3938,ICICI Prudential Multi Asset Allocation Fund
2015-11-09,,,,185.6007,ICICI Prudential Multi Asset Allocation Fund
2015-11-10,,,,182.6522,ICICI Prudential Multi Asset Allocation Fund
2015-11-13,,,,182.9012,ICICI Prudential Multi Asset Allocation Fund
2015-11-16,,,,183.0387,ICICI Prudential Multi Asset Allocation Fund
2015-11-17,,,,184.2295,ICICI Prudential Multi Asset Allocation Fund
2015-11-18,,,,182.3366,ICICI Prudential Multi Asset Allocation Fund
2015-11-19,,,,184.449,ICICI Prudential Multi Asset Allocation Fund
2015-11-20,,,,184.5061,ICICI Prudential Multi Asset Allocation Fund
2015-11-23,,,,184.518,ICICI Prudential Multi Asset Allocation Fund
2015-11-24,,,,184.2055,ICICI Prudential Multi Asset Allocation Fund
2015-11-26,,,,185.731,ICICI Prudential Multi Asset Allocation Fund
2015-11-27,,,,186.6622,ICICI Prudential Multi Asset Allocation Fund
2015-11-30,,,,187.0881,ICICI Prudential Multi Asset Allocation Fund
2015-12-01,,,,187.975,ICICI Prudential Multi Asset Allocation Fund
2015-12-02,,,,187.4104,ICICI Prudential Multi Asset Allocation Fund
2015-12-03,,,,185.7686,ICICI Prudential Multi Asset Allocation Fund
2015-12-04,,,,184.1013,ICICI Prudential Multi Asset Allocation Fund
2015-12-07,,,,183.6936,ICICI Prudential Multi Asset Allocation Fund
2015-12-08,,,,181.6127,ICICI Prudential Multi Asset Allocation Fund
2015-12-09,,,,179.4698,ICICI Prudential Multi Asset Allocation Fund
2015-12-10,,,,180.7312,ICICI Prudential Multi Asset Allocation Fund
2015-12-11,,,,178.6779,ICICI Prudential Multi Asset Allocation Fund
2015-12-14,,,,179.025,ICICI Prudential Multi Asset Allocation Fund
2015-12-15,,,,179.8565,ICICI Prudential Multi Asset Allocation Fund
2015-12-16,,,,181.7193,ICICI Prudential Multi Asset Allocation Fund
2015-12-17,,,,183.4617,ICICI Prudential Multi Asset Allocation Fund
2015-12-18,,,,182.057,ICICI Prudential Multi Asset Allocation Fund
2015-12-21,,,,184.296,ICICI Prudential Multi Asset Allocation Fund
2015-12-22,,,,183.2862,ICICI Prudential Multi Asset Allocation Fund
2015-12-23,,,,184.8449,ICICI Prudential Multi Asset Allocation Fund
2015-12-24,,,,185.2412,ICICI Prudential Multi Asset Allocation Fund
2015-12-28,,,,186.9149,ICICI Prudential Multi Asset Allocation Fund
2015-12-29,,,,186.4152,ICICI Prudential Multi Asset Allocation Fund
2015-12-30,,,,186.1967,ICICI Prudential Multi Asset Allocation Fund
2015-12-31,,,,186.6904,ICICI Prudential Multi Asset Allocation Fund
2016-01-01,,,,187.6975,ICICI Prudential Multi Asset Allocation Fund
2016-01-04,,,,184.7456,ICICI Prudential Multi Asset Allocation Fund
2016-01-05,,,,184.8855,ICICI Prudential Multi Asset Allocation Fund
2016-01-06,,,,183.8666,ICICI Prudential Multi Asset Allocation Fund
2016-01-07,,,,179.7158,ICICI Prudential Multi Asset Allocation Fund
2016-01-08,,,,181.5543,ICICI Prudential Multi Asset Allocation Fund
2016-01-11,,,,180.4905,ICICI Prudential Multi Asset Allocation Fund
2016-01-12,,,,179.6485,ICICI Prudential Multi Asset Allocation Fund
2016-01-13,,,,179.8059,ICICI Prudential Multi Asset Allocation Fund
2016-01-14,,,,178.4281,ICICI Prudential Multi Asset Allocation Fund
2016-01-15,,,,175.3228,ICICI Prudential Multi Asset Allocation Fund
2016-01-18,,,,172.6282,ICICI Prudential Multi Asset Allocation Fund
2016-01-19,,,,174.0488,ICICI Prudential Multi Asset Allocation Fund
2016-01-20,,,,171.3305,ICICI Prudential Multi Asset Allocation Fund
2016-01-21,,,,170.6264,ICICI Prudential Multi Asset Allocation Fund
2016-01-22,,,,173.8613,ICICI Prudential Multi Asset Allocation Fund
2016-01-25,,,,174.4185,ICICI Prudential Multi Asset Allocation Fund
2016-01-27,,,,175.4017,ICICI Prudential Multi Asset Allocation Fund
2016-01-28,,,,175.8074,ICICI Prudential Multi Asset Allocation Fund
2016-01-29,,,,178.0709,ICICI Prudential Multi Asset Allocation Fund
2016-02-01,,,,178.1403,ICICI Prudential Multi Asset Allocation Fund
2016-02-02,,,,175.2546,ICICI Prudential Multi Asset Allocation Fund
2016-02-03,,,,172.7163,ICICI Prudential Multi Asset Allocation Fund
2016-02-04,,,,174.1517,ICICI Prudential Multi Asset Allocation Fund
2016-02-05,,,,175.8402,ICICI Prudential Multi Asset Allocation Fund
2016-02-08,,,,173.7429,ICICI Prudential Multi Asset Allocation Fund
2016-02-09,,,,171.2834,ICICI Prudential Multi Asset Allocation Fund
2016-02-10,,,,169.6652,ICICI Prudential Multi Asset Allocation Fund
2016-02-11,,,,164.2668,ICICI Prudential Multi Asset Allocation Fund
2016-02-12,,,,163.3112,ICICI Prudential Multi Asset Allocation Fund
2016-02-15,,,,168.1785,ICICI Prudential Multi Asset Allocation Fund
2016-02-16,,,,165.4008,ICICI Prudential Multi Asset Allocation Fund
2016-02-17,,,,165.9809,ICICI Prudential Multi Asset Allocation Fund
2016-02-18,,,,167.9827,ICICI Prudential Multi Asset Allocation Fund
2016-02-19,,,,168.4052,ICICI Prudential Multi Asset Allocation Fund
2016-02-22,,,,168.4571,ICICI Prudential Multi Asset Allocation Fund
2016-02-23,,,,166.2344,ICICI Prudential Multi Asset Allocation Fund
2016-02-24,,,,164.5284,ICICI Prudential Multi Asset Allocation Fund
2016-02-25,,,,162.6493,ICICI Prudential Multi Asset Allocation Fund
2016-02-26,,,,163.8621,ICICI Prudential Multi Asset Allocation Fund
2016-02-29,,,,162.5704,ICICI Prudential Multi Asset Allocation Fund
2016-03-01,,,,166.7172,ICICI Prudential Multi Asset Allocation Fund
2016-03-02,,,,169.7179,ICICI Prudential Multi Asset Allocation Fund
2016-03-03,,,,172.1057,ICICI Prudential Multi Asset Allocation Fund
2016-03-04,,,,173.5275,ICICI Prudential Multi Asset Allocation Fund
2016-03-08,,,,173.7658,ICICI Prudential Multi Asset Allocation Fund
2016-03-09,,,,174.2897,ICICI Prudential Multi Asset Allocation Fund
2016-03-10,,,,173.916,ICICI Prudential Multi Asset Allocation Fund
2016-03-11,,,,173.6456,ICICI Prudential Multi Asset Allocation Fund
2016-03-14,,,,175.0431,ICICI Prudential Multi Asset Allocation Fund
2016-03-15,,,,174.2685,ICICI Prudential Multi Asset Allocation Fund
2016-03-16,,,,174.6706,ICICI Prudential Multi Asset Allocation Fund
2016-03-17,,,,175.3478,ICICI Prudential Multi Asset Allocation Fund
2016-03-18,,,,176.8535,ICICI Prudential Multi Asset Allocation Fund
2016-03-21,,,,178.6193,ICICI Prudential Multi Asset Allocation Fund
2016-03-22,,,,178.8002,ICICI Prudential Multi Asset Allocation Fund
2016-03-23,,,,178.7155,ICICI Prudential Multi Asset Allocation Fund
2016-03-28,,,,176.8309,ICICI Prudential Multi Asset Allocation Fund
2016-03-29,,,,176.1409,ICICI Prudential Multi Asset Allocation Fund
2016-03-30,,,,179.7656,ICICI Prudential Multi Asset Allocation Fund
2016-03-31,,,,179.8307,ICICI Prudential Multi Asset Allocation Fund
2016-04-01,,,,180.1684,ICICI Prudential Multi Asset Allocation Fund
2016-04-04,,,,180.9373,ICICI Prudential Multi Asset Allocation Fund
2016-04-05,,,,178.2747,ICICI Prudential Multi Asset Allocation Fund
2016-04-06,,,,178.8904,ICICI Prudential Multi Asset Allocation Fund
2016-04-07,,,,178.6303,ICICI Prudential Multi Asset Allocation Fund
2016-04-08,,,,178.942,ICICI Prudential Multi Asset Allocation Fund
2016-04-11,,,,180.63,ICICI Prudential Multi Asset Allocation Fund
2016-04-12,,,,181.4277,ICICI Prudential Multi Asset Allocation Fund
2016-04-13,,,,184.0535,ICICI Prudential Multi Asset Allocation Fund
2016-04-18,,,,185.2776,ICICI Prudential Multi Asset Allocation Fund
2016-04-20,,,,186.7135,ICICI Prudential Multi Asset Allocation Fund
2016-04-21,,,,186.7977,ICICI Prudential Multi Asset Allocation Fund
2016-04-22,,,,186.9919,ICICI Prudential Multi Asset Allocation Fund
2016-04-25,,,,186.3265,ICICI Prudential Multi Asset Allocation Fund
2016-04-26,,,,187.5875,ICICI Prudential Multi Asset Allocation Fund
2016-04-27,,,,187.745,ICICI Prudential Multi Asset Allocation Fund
2016-04-28,,,,185.9901,ICICI Prudential Multi Asset Allocation Fund
2016-04-29,,,,186.5533,ICICI Prudential Multi Asset Allocation Fund
2016-05-02,,,,186.3691,ICICI Prudential Multi Asset Allocation Fund
2016-05-03,,,,185.9094,ICICI Prudential Multi Asset Allocation Fund
2016-05-04,,,,184.0656,ICICI Prudential Multi Asset Allocation Fund
2016-05-05,,,,184.3411,ICICI Prudential Multi Asset Allocation Fund
2016-05-06,,,,184.0388,ICICI Prudential Multi Asset Allocation Fund
2016-05-09,,,,185.7898,ICICI Prudential Multi Asset Allocation Fund
2016-05-10,,,,185.3718,ICICI Prudential Multi Asset Allocation Fund
2016-05-11,,,,185.0907,ICICI Prudential Multi Asset Allocation Fund
2016-05-12,,,,186.3353,ICICI Prudential Multi Asset Allocation Fund
2016-05-13,,,,185.9448,ICICI Prudential Multi Asset Allocation Fund
2016-05-16,,,,185.636,ICICI Prudential Multi Asset Allocation Fund
2016-05-17,,,,186.4596,ICICI Prudential Multi Asset Allocation Fund
2016-05-18,,,,186.3232,ICICI Prudential Multi Asset Allocation Fund
2016-05-19,,,,185.4909,ICICI Prudential Multi Asset Allocation Fund
2016-05-20,,,,184.6649,ICICI Prudential Multi Asset Allocation Fund
2016-05-23,,,,184.9105,ICICI Prudential Multi Asset Allocation Fund
2016-05-24,,,,184.867,ICICI Prudential Multi Asset Allocation Fund
2016-05-25,,,,186.8146,ICICI Prudential Multi Asset Allocation Fund
2016-05-26,,,,187.6069,ICICI Prudential Multi Asset Allocation Fund
2016-05-27,,,,188.3861,ICICI Prudential Multi Asset Allocation Fund
2016-05-30,,,,189.1726,ICICI Prudential Multi Asset Allocation Fund
2016-05-31,,,,188.4516,ICICI Prudential Multi Asset Allocation Fund
2016-06-01,,,,188.0469,ICICI Prudential Multi Asset Allocation Fund
2016-06-02,,,,188.533,ICICI Prudential Multi Asset Allocation Fund
2016-06-03,,,,188.462,ICICI Prudential Multi Asset Allocation Fund
2016-06-06,,,,188.1791,ICICI Prudential Multi Asset Allocation Fund
2016-06-07,,,,189.1179,ICICI Prudential Multi Asset Allocation Fund
2016-06-08,,,,189.7867,ICICI Prudential Multi Asset Allocation Fund
2016-06-09,,,,190.7274,ICICI Prudential Multi Asset Allocation Fund
2016-06-10,,,,190.4432,ICICI Prudential Multi Asset Allocation Fund
2016-06-13,,,,189.2078,ICICI Prudential Multi Asset Allocation Fund
2016-06-14,,,,189.6459,ICICI Prudential Multi Asset Allocation Fund
2016-06-15,,,,191.2181,ICICI Prudential Multi Asset Allocation Fund
2016-06-16,,,,191.0167,ICICI Prudential Multi Asset Allocation Fund
2016-06-17,,,,191.8909,ICICI Prudential Multi Asset Allocation Fund
2016-06-20,,,,192.3331,ICICI Prudential Multi Asset Allocation Fund
2016-06-21,,,,192.4963,ICICI Prudential Multi Asset Allocation Fund
2016-06-22,,,,192.4828,ICICI Prudential Multi Asset Allocation Fund
2016-06-23,,,,192.4766,ICICI Prudential Multi Asset Allocation Fund
2016-06-24,,,,190.394,ICICI Prudential Multi Asset Allocation Fund
2016-06-27,,,,190.8359,ICICI Prudential Multi Asset Allocation Fund
2016-06-28,,,,191.7194,ICICI Prudential Multi Asset Allocation Fund
2016-06-29,,,,194.2272,ICICI Prudential Multi Asset Allocation Fund
2016-06-30,,,,196.1473,ICICI Prudential Multi Asset Allocation Fund
2016-07-01,,,,197.5099,ICICI Prudential Multi Asset Allocation Fund
2016-07-04,,,,198.9588,ICICI Prudential Multi Asset Allocation Fund
2016-07-05,,,,198.1579,ICICI Prudential Multi Asset Allocation Fund
2016-07-07,,,,197.7178,ICICI Prudential Multi Asset Allocation Fund
2016-07-08,,,,197.1389,ICICI Prudential Multi Asset Allocation Fund
2016-07-11,,,,199.5559,ICICI Prudential Multi Asset Allocation Fund
2016-07-12,,,,201.1213,ICICI Prudential Multi Asset Allocation Fund
2016-07-13,,,,201.0028,ICICI Prudential Multi Asset Allocation Fund
2016-07-14,,,,202.2526,ICICI Prudential Multi Asset Allocation Fund
2016-07-15,,,,202.0585,ICICI Prudential Multi Asset Allocation Fund
2016-07-18,,,,201.1088,ICICI Prudential Multi Asset Allocation Fund
2016-07-19,,,,201.9703,ICICI Prudential Multi Asset Allocation Fund
2016-07-20,,,,203.5702,ICICI Prudential Multi Asset Allocation Fund
2016-07-21,,,,202.7176,ICICI Prudential Multi Asset Allocation Fund
2016-07-22,,,,203.5893,ICICI Prudential Multi Asset Allocation Fund
2016-07-25,,,,204.3132,ICICI Prudential Multi Asset Allocation Fund
2016-07-26,,,,204.1605,ICICI Prudential Multi Asset Allocation Fund
2016-07-27,,,,204.5883,ICICI Prudential Multi Asset Allocation Fund
2016-07-28,,,,205.5316,ICICI Prudential Multi Asset Allocation Fund
2016-07-29,,,,205.0182,ICICI Prudential Multi Asset Allocation Fund
2016-08-01,,,,205.412,ICICI Prudential Multi Asset Allocation Fund
2016-08-02,,,,204.9839,ICICI Prudential Multi Asset Allocation Fund
2016-08-03,,,,203.9529,ICICI Prudential Multi Asset Allocation Fund
2016-08-04,,,,205.0787,ICICI Prudential Multi Asset Allocation Fund
2016-08-05,,,,207.5031,ICICI Prudential Multi Asset Allocation Fund
2016-08-08,,,,207.8884,ICICI Prudential Multi Asset Allocation Fund
2016-08-09,,,,207.2413,ICICI Prudential Multi Asset Allocation Fund
2016-08-10,,,,205.6584,ICICI Prudential Multi Asset Allocation Fund
2016-08-11,,,,205.735,ICICI Prudential Multi Asset Allocation Fund
2016-08-12,,,,207.1077,ICICI Prudential Multi Asset Allocation Fund
2016-08-16,,,,208.2784,ICICI Prudential Multi Asset Allocation Fund
2016-08-17,,,,208.5419,ICICI Prudential Multi Asset Allocation Fund
2016-08-18,,,,210.411,ICICI Prudential Multi Asset Allocation Fund
2016-08-19,,,,210.9873,ICICI Prudential Multi Asset Allocation Fund
2016-08-22,,,,211.2848,ICICI Prudential Multi Asset Allocation Fund
2016-08-23,,,,211.9934,ICICI Prudential Multi Asset Allocation Fund
2016-08-24,,,,213.2399,ICICI Prudential Multi Asset Allocation Fund
2016-08-25,,,,212.3419,ICICI Prudential Multi Asset Allocation Fund
2016-08-26,,,,212.491,ICICI Prudential Multi Asset Allocation Fund
2016-08-29,,,,212.3346,ICICI Prudential Multi Asset Allocation Fund
2016-08-30,,,,214.298,ICICI Prudential Multi Asset Allocation Fund
2016-08-31,,,,214.8633,ICICI Prudential Multi Asset Allocation Fund
2016-09-01,,,,213.4445,ICICI Prudential Multi Asset Allocation Fund
2016-09-02,,,,213.9073,ICICI Prudential Multi Asset Allocation Fund
2016-09-06,,,,215.2377,ICICI Prudential Multi Asset Allocation Fund
2016-09-07,,,,215.1982,ICICI Prudential Multi Asset Allocation Fund
2016-09-08,,,,216.3502,ICICI Prudential Multi Asset Allocation Fund
2016-09-09,,,,215.2295,ICICI Prudential Multi Asset Allocation Fund
2016-09-12,,,,212.4023,ICICI Prudential Multi Asset Allocation Fund
2016-09-14,,,,212.9222,ICICI Prudential Multi Asset Allocation Fund
2016-09-15,,,,212.9994,ICICI Prudential Multi Asset Allocation Fund
2016-09-16,,,,213.4687,ICICI Prudential Multi Asset Allocation Fund
2016-09-19,,,,213.9463,ICICI Prudential Multi Asset Allocation Fund
2016-09-20,,,,214.3588,ICICI Prudential Multi Asset Allocation Fund
2016-09-21,,,,214.4383,ICICI Prudential Multi Asset Allocation Fund
2016-09-22,,,,215.7278,ICICI Prudential Multi Asset Allocation Fund
2016-09-23,,,,216.0478,ICICI Prudential Multi Asset Allocation Fund
2016-09-26,,,,214.831,ICICI Prudential Multi Asset Allocation Fund
2016-09-27,,,,214.5458,ICICI Prudential Multi Asset Allocation Fund
2016-09-28,,,,214.7853,ICICI Prudential Multi Asset Allocation Fund
2016-09-29,,,,210.7193,ICICI Prudential Multi Asset Allocation Fund
2016-09-30,,,,211.0349,ICICI Prudential Multi Asset Allocation Fund
2016-10-03,,,,214.158,ICICI Prudential Multi Asset Allocation Fund
2016-10-04,,,,215.0825,ICICI Prudential Multi Asset Allocation Fund
2016-10-05,,,,215.3273,ICICI Prudential Multi Asset Allocation Fund
2016-10-06,,,,214.6063,ICICI Prudential Multi Asset Allocation Fund
2016-10-07,,,,214.4877,ICICI Prudential Multi Asset Allocation Fund
2016-10-10,,,,214.8503,ICICI Prudential Multi Asset Allocation Fund
2016-10-13,,,,212.4133,ICICI Prudential Multi Asset Allocation Fund
2016-10-14,,,,212.8774,ICICI Prudential Multi Asset Allocation Fund
2016-10-17,,,,212.2338,ICICI Prudential Multi Asset Allocation Fund
2016-10-18,,,,214.7041,ICICI Prudential Multi Asset Allocation Fund
2016-10-19,,,,215.698,ICICI Prudential Multi Asset Allocation Fund
2016-10-20,,,,216.0579,ICICI Prudential Multi Asset Allocation Fund
2016-10-21,,,,216.5275,ICICI Prudential Multi Asset Allocation Fund
2016-10-24,,,,214.8735,ICICI Prudential Multi Asset Allocation Fund
2016-10-25,,,,214.8589,ICICI Prudential Multi Asset Allocation Fund
2016-10-26,,,,213.9083,ICICI Prudential Multi Asset Allocation Fund
2016-10-27,,,,213.9192,ICICI Prudential Multi Asset Allocation Fund
2016-10-28,,,,214.7014,ICICI Prudential Multi Asset Allocation Fund
2016-11-01,,,,215.8532,ICICI Prudential Multi Asset Allocation Fund
2016-11-02,,,,212.6005,ICICI Prudential Multi Asset Allocation Fund
2016-11-03,,,,210.918,ICICI Prudential Multi Asset Allocation Fund
2016-11-04,,,,208.76,ICICI Prudential Multi Asset Allocation Fund
2016-11-07,,,,209.3661,ICICI Prudential Multi Asset Allocation Fund
2016-11-08,,,,210.5602,ICICI Prudential Multi Asset Allocation Fund
2016-11-09,,,,209.0854,ICICI Prudential Multi Asset Allocation Fund
2016-11-10,,,,212.9567,ICICI Prudential Multi Asset Allocation Fund
2016-11-11,,,,209.4875,ICICI Prudential Multi Asset Allocation Fund
2016-11-15,,,,207.5268,ICICI Prudential Multi Asset Allocation Fund
2016-11-16,,,,208.1061,ICICI Prudential Multi Asset Allocation Fund
2016-11-17,,,,207.5328,ICICI Prudential Multi Asset Allocation Fund
2016-11-18,,,,208.0532,ICICI Prudential Multi Asset Allocation Fund
2016-11-21,,,,204.8683,ICICI Prudential Multi Asset Allocation Fund
2016-11-22,,,,206.4878,ICICI Prudential Multi Asset Allocation Fund
2016-11-23,,,,206.8901,ICICI Prudential Multi Asset Allocation Fund
2016-11-24,,,,206.5282,ICICI Prudential Multi Asset Allocation Fund
2016-11-25,,,,209.4496,ICICI Prudential Multi Asset Allocation Fund
2016-11-28,,,,211.0897,ICICI Prudential Multi Asset Allocation Fund
2016-11-29,,,,211.7013,ICICI Prudential Multi Asset Allocation Fund
2016-11-30,,,,212.9485,ICICI Prudential Multi Asset Allocation Fund
2016-12-01,,,,211.4518,ICICI Prudential Multi Asset Allocation Fund
2016-12-02,,,,211.5407,ICICI Prudential Multi Asset Allocation Fund
2016-12-05,,,,212.44,ICICI Prudential Multi Asset Allocation Fund
2016-12-06,,,,213.2928,ICICI Prudential Multi Asset Allocation Fund
2016-12-07,,,,212.3789,ICICI Prudential Multi Asset Allocation Fund
2016-12-08,,,,215.605,ICICI Prudential Multi Asset Allocation Fund
2016-12-09,,,,216.1974,ICICI Prudential Multi Asset Allocation Fund
2016-12-12,,,,214.5611,ICICI Prudential Multi Asset Allocation Fund
2016-12-13,,,,214.9383,ICICI Prudential Multi Asset Allocation Fund
2016-12-14,,,,213.2049,ICICI Prudential Multi Asset Allocation Fund
2016-12-15,,,,212.7352,ICICI Prudential Multi Asset Allocation Fund
2016-12-16,,,,212.0787,ICICI Prudential Multi Asset Allocation Fund
2016-12-19,,,,211.3061,ICICI Prudential Multi Asset Allocation Fund
2016-12-20,,,,210.5551,ICICI Prudential Multi Asset Allocation Fund
2016-12-21,,,,210.1935,ICICI Prudential Multi Asset Allocation Fund
2016-12-22,,,,208.3803,ICICI Prudential Multi Asset Allocation Fund
2016-12-23,,,,208.5121,ICICI Prudential Multi Asset Allocation Fund
2016-12-26,,,,206.4993,ICICI Prudential Multi Asset Allocation Fund
2016-12-27,,,,208.7378,ICICI Prudential Multi Asset Allocation Fund
2016-12-28,,,,209.0498,ICICI Prudential Multi Asset Allocation Fund
2016-12-29,,,,210.2293,ICICI Prudential Multi Asset Allocation Fund
2016-12-30,,,,211.6625,ICICI Prudential Multi Asset Allocation Fund
2017-01-02,,,,212.631,ICICI Prudential Multi Asset Allocation Fund
2017-01-03,,,,213.2983,ICICI Prudential Multi Asset Allocation Fund
2017-01-04,,,,214.1604,ICICI Prudential Multi Asset Allocation Fund
2017-01-05,,,,216.9088,ICICI Prudential Multi Asset Allocation Fund
2017-01-06,,,,215.9954,ICICI Prudential Multi Asset Allocation Fund
2017-01-09,,,,215.7593,ICICI Prudential Multi Asset Allocation Fund
2017-01-10,,,,216.7033,ICICI Prudential Multi Asset Allocation Fund
2017-01-11,,,,218.9971,ICICI Prudential Multi Asset Allocation Fund
2017-01-12,,,,220.1532,ICICI Prudential Multi Asset Allocation Fund
2017-01-13,,,,219.969,ICICI Prudential Multi Asset Allocation Fund
2017-01-16,,,,220.0768,ICICI Prudential Multi Asset Allocation Fund
2017-01-17,,,,219.8089,ICICI Prudential Multi Asset Allocation Fund
2017-01-18,,,,220.2571,ICICI Prudential Multi Asset Allocation Fund
2017-01-19,,,,221.2079,ICICI Prudential Multi Asset Allocation Fund
2017-01-20,,,,219.4132,ICICI Prudential Multi Asset Allocation Fund
2017-01-23,,,,219.7706,ICICI Prudential Multi Asset Allocation Fund
2017-01-24,,,,220.9038,ICICI Prudential Multi Asset Allocation Fund
2017-01-25,,,,222.1241,ICICI Prudential Multi Asset Allocation Fund
2017-01-27,,,,223.6611,ICICI Prudential Multi Asset Allocation Fund
2017-01-30,,,,224.6834,ICICI Prudential Multi Asset Allocation Fund
2017-01-31,,,,223.3492,ICICI Prudential Multi Asset Allocation Fund
2017-02-01,,,,224.9315,ICICI Prudential Multi Asset Allocation Fund
2017-02-02,,,,226.3681,ICICI Prudential Multi Asset Allocation Fund
2017-02-03,,,,227.0917,ICICI Prudential Multi Asset Allocation Fund
2017-02-06,,,,228.2471,ICICI Prudential Multi Asset Allocation Fund
2017-02-07,,,,226.7839,ICICI Prudential Multi Asset Allocation Fund
2017-02-08,,,,227.134,ICICI Prudential Multi Asset Allocation Fund
2017-02-09,,,,227.2794,ICICI Prudential Multi Asset Allocation Fund
2017-02-10,,,,227.5018,ICICI Prudential Multi Asset Allocation Fund
2017-02-13,,,,229.0042,ICICI Prudential Multi Asset Allocation Fund
2017-02-14,,,,229.103,ICICI Prudential Multi Asset Allocation Fund
2017-02-15,,,,226.7645,ICICI Prudential Multi Asset Allocation Fund
2017-02-16,,,,228.7144,ICICI Prudential Multi Asset Allocation Fund
2017-02-17,,,,229.8255,ICICI Prudential Multi Asset Allocation Fund
2017-02-20,,,,231.884,ICICI Prudential Multi Asset Allocation Fund
2017-02-21,,,,232.3771,ICICI Prudential Multi Asset Allocation Fund
2017-02-22,,,,232.6566,ICICI Prudential Multi Asset Allocation Fund
2017-02-23,,,,232.9825,ICICI Prudential Multi Asset Allocation Fund
2017-02-27,,,,231.66,ICICI Prudential Multi Asset Allocation Fund
2017-02-28,,,,231.6749,ICICI Prudential Multi Asset Allocation Fund
2017-03-01,,,,232.6309,ICICI Prudential Multi Asset Allocation Fund
2017-03-02,,,,231.6961,ICICI Prudential Multi Asset Allocation Fund
2017-03-03,,,,232.3571,ICICI Prudential Multi Asset Allocation Fund
2017-03-06,,,,233.5106,ICICI Prudential Multi Asset Allocation Fund
2017-03-07,,,,233.3434,ICICI Prudential Multi Asset Allocation Fund
2017-03-08,,,,232.3762,ICICI Prudential Multi Asset Allocation Fund
2017-03-09,,,,231.929,ICICI Prudential Multi Asset Allocation Fund
2017-03-10,,,,231.8947,ICICI Prudential Multi Asset Allocation Fund
2017-03-14,,,,234.7,ICICI Prudential Multi Asset Allocation Fund
2017-03-15,,,,234.3711,ICICI Prudential Multi Asset Allocation Fund
2017-03-16,,,,236.5509,ICICI Prudential Multi Asset Allocation Fund
2017-03-17,,,,235.908,ICICI Prudential Multi Asset Allocation Fund
2017-03-20,,,,235.2191,ICICI Prudential Multi Asset Allocation Fund
2017-03-21,,,,234.7775,ICICI Prudential Multi Asset Allocation Fund
2017-03-22,,,,232.8954,ICICI Prudential Multi Asset Allocation Fund
2017-03-23,,,,234.1393,ICICI Prudential Multi Asset Allocation Fund
2017-03-24,,,,234.9021,ICICI Prudential Multi Asset Allocation Fund
2017-03-27,,,,234.5048,ICICI Prudential Multi Asset Allocation Fund
2017-03-28,,,,236.2488,ICICI Prudential Multi Asset Allocation Fund
2017-03-29,,,,237.5005,ICICI Prudential Multi Asset Allocation Fund
2017-03-30,,,,237.5324,ICICI Prudential Multi Asset Allocation Fund
2017-03-31,,,,237.7817,ICICI Prudential Multi Asset Allocation Fund
2017-04-03,,,,238.3285,ICICI Prudential Multi Asset Allocation Fund
2017-04-05,,,,238.6154,ICICI Prudential Multi Asset Allocation Fund
2017-04-06,,,,237.8033,ICICI Prudential Multi Asset Allocation Fund
2017-04-07,,,,236.5092,ICICI Prudential Multi Asset Allocation Fund
2017-04-10,,,,237.3971,ICICI Prudential Multi Asset Allocation Fund
2017-04-11,,,,238.7689,ICICI Prudential Multi Asset Allocation Fund
2017-04-12,,,,237.87,ICICI Prudential Multi Asset Allocation Fund
2017-04-13,,,,236.4878,ICICI Prudential Multi Asset Allocation Fund
2017-04-17,,,,236.4458,ICICI Prudential Multi Asset Allocation Fund
2017-04-18,,,,235.7226,ICICI Prudential Multi Asset Allocation Fund
2017-04-19,,,,237.0383,ICICI Prudential Multi Asset Allocation Fund
2017-04-20,,,,236.7658,ICICI Prudential Multi Asset Allocation Fund
2017-04-21,,,,236.1497,ICICI Prudential Multi Asset Allocation Fund
2017-04-24,,,,236.468,ICICI Prudential Multi Asset Allocation Fund
2017-04-25,,,,238.3027,ICICI Prudential Multi Asset Allocation Fund
2017-04-26,,,,238.6696,ICICI Prudential Multi Asset Allocation Fund
2017-04-27,,,,238.7617,ICICI Prudential Multi Asset Allocation Fund
2017-04-28,,,,239.1858,ICICI Prudential Multi Asset Allocation Fund
2017-05-02,,,,238.3554,ICICI Prudential Multi Asset Allocation Fund
2017-05-03,,,,237.5401,ICICI Prudential Multi Asset Allocation Fund
2017-05-04,,,,239.4636,ICICI Prudential Multi Asset Allocation Fund
2017-05-05,,,,237.3728,ICICI Prudential Multi Asset Allocation Fund
2017-05-08,,,,238.6212,ICICI Prudential Multi Asset Allocation Fund
2017-05-09,,,,238.4806,ICICI Prudential Multi Asset Allocation Fund
2017-05-10,,,,240.6501,ICICI Prudential Multi Asset Allocation Fund
2017-05-11,,,,240.3161,ICICI Prudential Multi Asset Allocation Fund
2017-05-12,,,,239.903,ICICI Prudential Multi Asset Allocation Fund
2017-05-15,,,,241.0861,ICICI Prudential Multi Asset Allocation Fund
2017-05-16,,,,242.4292,ICICI Prudential Multi Asset Allocation Fund
2017-05-17,,,,243.3294,ICICI Prudential Multi Asset Allocation Fund
2017-05-18,,,,240.6927,ICICI Prudential Multi Asset Allocation Fund
2017-05-19,,,,241.0723,ICICI Prudential Multi Asset Allocation Fund
2017-05-22,,,,239.9396,ICICI Prudential Multi Asset Allocation Fund
2017-05-23,,,,238.5478,ICICI Prudential Multi Asset Allocation Fund
2017-05-24,,,,237.0294,ICICI Prudential Multi Asset Allocation Fund
2017-05-25,,,,239.266,ICICI Prudential Multi Asset Allocation Fund
2017-05-26,,,,240.9209,ICICI Prudential Multi Asset Allocation Fund
2017-05-29,,,,239.9183,ICICI Prudential Multi Asset Allocation Fund
2017-05-30,,,,240.9687,ICICI Prudential Multi Asset Allocation Fund
2017-05-31,,,,241.1497,ICICI Prudential Multi Asset Allocation Fund
2017-06-01,,,,241.2942,ICICI Prudential Multi Asset Allocation Fund
2017-06-02,,,,242.3767,ICICI Prudential Multi Asset Allocation Fund
2017-06-05,,,,242.4736,ICICI Prudential Multi Asset Allocation Fund
2017-06-06,,,,241.3525,ICICI Prudential Multi Asset Allocation Fund
2017-06-07,,,,242.151,ICICI Prudential Multi Asset Allocation Fund
2017-06-08,,,,242.1263,ICICI Prudential Multi Asset Allocation Fund
2017-06-09,,,,242.6184,ICICI Prudential Multi Asset Allocation Fund
2017-06-12,,,,241.9053,ICICI Prudential Multi Asset Allocation Fund
2017-06-13,,,,241.8196,ICICI Prudential Multi Asset Allocation Fund
2017-06-14,,,,242.0737,ICICI Prudential Multi Asset Allocation Fund
2017-06-15,,,,241.6476,ICICI Prudential Multi Asset Allocation Fund
2017-06-16,,,,241.5507,ICICI Prudential Multi Asset Allocation Fund
2017-06-19,,,,242.4711,ICICI Prudential Multi Asset Allocation Fund
2017-06-20,,,,243.3557,ICICI Prudential Multi Asset Allocation Fund
2017-06-21,,,,242.2617,ICICI Prudential Multi Asset Allocation Fund
2017-06-22,,,,241.6667,ICICI Prudential Multi Asset Allocation Fund
2017-06-23,,,,241.1698,ICICI Prudential Multi Asset Allocation Fund
2017-06-27,,,,239.9397,ICICI Prudential Multi Asset Allocation Fund
2017-06-28,,,,240.582,ICICI Prudential Multi Asset Allocation Fund
2017-06-29,,,,241.7203,ICICI Prudential Multi Asset Allocation Fund
2017-06-30,,,,242.597,ICICI Prudential Multi Asset Allocation Fund
2017-07-03,,,,243.6605,ICICI Prudential Multi Asset Allocation Fund
2017-07-04,,,,243.5106,ICICI Prudential Multi Asset Allocation Fund
2017-07-05,,,,245.0135,ICICI Prudential Multi Asset Allocation Fund
2017-07-06,,,,245.7916,ICICI Prudential Multi Asset Allocation Fund
2017-07-07,,,,245.287,ICICI Prudential Multi Asset Allocation Fund
2017-07-10,,,,247.4003,ICICI Prudential Multi Asset Allocation Fund
2017-07-11,,,,246.4465,ICICI Prudential Multi Asset Allocation Fund
2017-07-12,,,,247.593,ICICI Prudential Multi Asset Allocation Fund
2017-07-13,,,,248.6404,ICICI Prudential Multi Asset Allocation Fund
2017-07-14,,,,248.5748,ICICI Prudential Multi Asset Allocation Fund
2017-07-17,,,,249.4133,ICICI Prudential Multi Asset Allocation Fund
2017-07-18,,,,249.0809,ICICI Prudential Multi Asset Allocation Fund
2017-07-19,,,,251.1243,ICICI Prudential Multi Asset Allocation Fund
2017-07-20,,,,250.8252,ICICI Prudential Multi Asset Allocation Fund
2017-07-21,,,,250.4318,ICICI Prudential Multi Asset Allocation Fund
2017-07-24,,,,250.7951,ICICI Prudential Multi Asset Allocation Fund
2017-07-25,,,,251.0393,ICICI Prudential Multi Asset Allocation Fund
2017-07-26,,,,252.0815,ICICI Prudential Multi Asset Allocation Fund
2017-07-27,,,,250.5297,ICICI Prudential Multi Asset Allocation Fund
2017-07-28,,,,249.8972,ICICI Prudential Multi Asset Allocation Fund
2017-07-31,,,,251.4288,ICICI Prudential Multi Asset Allocation Fund
2017-08-01,,,,251.7025,ICICI Prudential Multi Asset Allocation Fund
2017-08-02,,,,251.4606,ICICI Prudential Multi Asset Allocation Fund
2017-08-03,,,,249.8801,ICICI Prudential Multi Asset Allocation Fund
2017-08-04,,,,250.7775,ICICI Prudential Multi Asset Allocation Fund
2017-08-07,,,,251.0943,ICICI Prudential Multi Asset Allocation Fund
2017-08-08,,,,250.1466,ICICI Prudential Multi Asset Allocation Fund
2017-08-09,,,,248.3451,ICICI Prudential Multi Asset Allocation Fund
2017-08-10,,,,245.8669,ICICI Prudential Multi Asset Allocation Fund
2017-08-11,,,,243.7643,ICICI Prudential Multi Asset Allocation Fund
2017-08-14,,,,246.6147,ICICI Prudential Multi Asset Allocation Fund
2017-08-16,,,,248.6543,ICICI Prudential Multi Asset Allocation Fund
2017-08-17,,,,249.1509,ICICI Prudential Multi Asset Allocation Fund
2017-08-18,,,,247.5722,ICICI Prudential Multi Asset Allocation Fund
2017-08-21,,,,246.0907,ICICI Prudential Multi Asset Allocation Fund
2017-08-22,,,,246.1868,ICICI Prudential Multi Asset Allocation Fund
2017-08-23,,,,247.8869,ICICI Prudential Multi Asset Allocation Fund
2017-08-24,,,,248.3788,ICICI Prudential Multi Asset Allocation Fund
2017-08-28,,,,249.4433,ICICI Prudential Multi Asset Allocation Fund
2017-08-29,,,,247.1782,ICICI Prudential Multi Asset Allocation Fund
2017-08-30,,,,248.2821,ICICI Prudential Multi Asset Allocation Fund
2017-08-31,,,,248.4507,ICICI Prudential Multi Asset Allocation Fund
2017-09-01,,,,249.7972,ICICI Prudential Multi Asset Allocation Fund
2017-09-04,,,,248.9733,ICICI Prudential Multi Asset Allocation Fund
2017-09-05,,,,248.8937,ICICI Prudential Multi Asset Allocation Fund
2017-09-06,,,,247.9886,ICICI Prudential Multi Asset Allocation Fund
2017-09-07,,,,248.4469,ICICI Prudential Multi Asset Allocation Fund
2017-09-08,,,,248.8052,ICICI Prudential Multi Asset Allocation Fund
2017-09-11,,,,250.2451,ICICI Prudential Multi Asset Allocation Fund
2017-09-12,,,,251.9425,ICICI Prudential Multi Asset Allocation Fund
2017-09-13,,,,251.7766,ICICI Prudential Multi Asset Allocation Fund
2017-09-14,,,,252.7388,ICICI Prudential Multi Asset Allocation Fund
2017-09-15,,,,253.0248,ICICI Prudential Multi Asset Allocation Fund
2017-09-18,,,,253.6253,ICICI Prudential Multi Asset Allocation Fund
2017-09-19,,,,254.3059,ICICI Prudential Multi Asset Allocation Fund
2017-09-20,,,,254.0773,ICICI Prudential Multi Asset Allocation Fund
2017-09-21,,,,253.7394,ICICI Prudential Multi Asset Allocation Fund
2017-09-22,,,,250.4152,ICICI Prudential Multi Asset Allocation Fund
2017-09-25,,,,249.0487,ICICI Prudential Multi Asset Allocation Fund
2017-09-26,,,,250.2076,ICICI Prudential Multi Asset Allocation Fund
2017-09-27,,,,247.9186,ICICI Prudential Multi Asset Allocation Fund
2017-09-28,,,,248.7814,ICICI Prudential Multi Asset Allocation Fund
2017-09-29,,,,249.7509,ICICI Prudential Multi Asset Allocation Fund
2017-10-03,,,,250.1683,ICICI Prudential Multi Asset Allocation Fund
2017-10-04,,,,250.8552,ICICI Prudential Multi Asset Allocation Fund
2017-10-05,,,,250.8521,ICICI Prudential Multi Asset Allocation Fund
2017-10-06,,,,252.9084,ICICI Prudential Multi Asset Allocation Fund
2017-10-09,,,,253.23,ICICI Prudential Multi Asset Allocation Fund
2017-10-10,,,,253.6929,ICICI Prudential Multi Asset Allocation Fund
2017-10-11,,,,252.9606,ICICI Prudential Multi Asset Allocation Fund
2017-10-12,,,,254.0784,ICICI Prudential Multi Asset Allocation Fund
2017-10-13,,,,255.1819,ICICI Prudential Multi Asset Allocation Fund
2017-10-16,,,,256.5552,ICICI Prudential Multi Asset Allocation Fund
2017-10-17,,,,257.3381,ICICI Prudential Multi Asset Allocation Fund
2017-10-18,,,,256.5455,ICICI Prudential Multi Asset Allocation Fund
2017-10-23,,,,257.4195,ICICI Prudential Multi Asset Allocation Fund
2017-10-24,,,,258.435,ICICI Prudential Multi Asset Allocation Fund
2017-10-25,,,,263.2586,ICICI Prudential Multi Asset Allocation Fund
2017-10-26,,,,263.6447,ICICI Prudential Multi Asset Allocation Fund
2017-10-27,,,,263.8622,ICICI Prudential Multi Asset Allocation Fund
2017-10-30,,,,264.5338,ICICI Prudential Multi Asset Allocation Fund
2017-10-31,,,,264.7569,ICICI Prudential Multi Asset Allocation Fund
2017-11-01,,,,266.6559,ICICI Prudential Multi Asset Allocation Fund
2017-11-02,,,,267.0213,ICICI Prudential Multi Asset Allocation Fund
2017-11-03,,,,268.3232,ICICI Prudential Multi Asset Allocation Fund
2017-11-06,,,,268.9856,ICICI Prudential Multi Asset Allocation Fund
2017-11-07,,,,266.5379,ICICI Prudential Multi Asset Allocation Fund
2017-11-08,,,,265.6332,ICICI Prudential Multi Asset Allocation Fund
2017-11-09,,,,266.5207,ICICI Prudential Multi Asset Allocation Fund
2017-11-10,,,,267.5149,ICICI Prudential Multi Asset Allocation Fund
2017-11-13,,,,265.8132,ICICI Prudential Multi Asset Allocation Fund
2017-11-14,,,,264.6084,ICICI Prudential Multi Asset Allocation Fund
2017-11-15,,,,262.7747,ICICI Prudential Multi Asset Allocation Fund
2017-11-16,,,,264.5776,ICICI Prudential Multi Asset Allocation Fund
2017-11-17,,,,266.1263,ICICI Prudential Multi Asset Allocation Fund
2017-11-20,,,,267.1979,ICICI Prudential Multi Asset Allocation Fund
2017-11-21,,,,268.5446,ICICI Prudential Multi Asset Allocation Fund
2017-11-22,,,,268.7968,ICICI Prudential Multi Asset Allocation Fund
2017-11-23,,,,269.1282,ICICI Prudential Multi Asset Allocation Fund
2017-11-24,,,,269.5478,ICICI Prudential Multi Asset Allocation Fund
2017-11-27,,,,270.5962,ICICI Prudential Multi Asset Allocation Fund
2017-11-28,,,,269.6786,ICICI Prudential Multi Asset Allocation Fund
2017-11-29,,,,269.3144,ICICI Prudential Multi Asset Allocation Fund
2017-11-30,,,,267.573,ICICI Prudential Multi Asset Allocation Fund
2017-12-01,,,,264.7982,ICICI Prudential Multi Asset Allocation Fund
2017-12-04,,,,265.4098,ICICI Prudential Multi Asset Allocation Fund
2017-12-05,,,,265.12,ICICI Prudential Multi Asset Allocation Fund
2017-12-06,,,,262.8991,ICICI Prudential Multi Asset Allocation Fund
2017-12-07,,,,266.2364,ICICI Prudential Multi Asset Allocation Fund
2017-12-08,,,,268.6257,ICICI Prudential Multi Asset Allocation Fund
2017-12-11,,,,269.5508,ICICI Prudential Multi Asset Allocation Fund
2017-12-12,,,,267.953,ICICI Prudential Multi Asset Allocation Fund
2017-12-13,,,,265.9256,ICICI Prudential Multi Asset Allocation Fund
2017-12-14,,,,266.9388,ICICI Prudential Multi Asset Allocation Fund
2017-12-15,,,,268.115,ICICI Prudential Multi Asset Allocation Fund
2017-12-18,,,,269.4244,ICICI Prudential Multi Asset Allocation Fund
2017-12-19,,,,270.9507,ICICI Prudential Multi Asset Allocation Fund
2017-12-20,,,,271.3177,ICICI Prudential Multi Asset Allocation Fund
2017-12-21,,,,272.2573,ICICI Prudential Multi Asset Allocation Fund
2017-12-22,,,,273.2847,ICICI Prudential Multi Asset Allocation Fund
2017-12-26,,,,274.1987,ICICI Prudential Multi Asset Allocation Fund
2017-12-27,,,,273.7082,ICICI Prudential Multi Asset Allocation Fund
2017-12-28,,,,273.2807,ICICI Prudential Multi Asset Allocation Fund
2017-12-29,,,,273.8258,ICICI Prudential Multi Asset Allocation Fund
2018-01-01,,,,273.1177,ICICI Prudential Multi Asset Allocation Fund
2018-01-02,,,,273.0674,ICICI Prudential Multi Asset Allocation Fund
2018-01-03,,,,274.1802,ICICI Prudential Multi Asset Allocation Fund
2018-01-04,,,,275.5324,ICICI Prudential Multi Asset Allocation Fund
2018-01-05,,,,276.4101,ICICI Prudential Multi Asset Allocation Fund
2018-01-08,,,,277.3026,ICICI Prudential Multi Asset Allocation Fund
2018-01-09,,,,277.3143,ICICI Prudential Multi Asset Allocation Fund
2018-01-10,,,,277.4053,ICICI Prudential Multi Asset Allocation Fund
2018-01-11,,,,277.7639,ICICI Prudential Multi Asset Allocation Fund
2018-01-12,,,,278.0313,ICICI Prudential Multi Asset Allocation Fund
2018-01-15,,,,278.7603,ICICI Prudential Multi Asset Allocation Fund
2018-01-16,,,,277.3587,ICICI Prudential Multi Asset Allocation Fund
2018-01-17,,,,279.5181,ICICI Prudential Multi Asset Allocation Fund
2018-01-18,,,,278.6817,ICICI Prudential Multi Asset Allocation Fund
2018-01-19,,,,279.518,ICICI Prudential Multi Asset Allocation Fund
2018-01-22,,,,279.9312,ICICI Prudential Multi Asset Allocation Fund
2018-01-23,,,,282.2142,ICICI Prudential Multi Asset Allocation Fund
2018-01-24,,,,281.7046,ICICI Prudential Multi Asset Allocation Fund
2018-01-25,,,,280.6307,ICICI Prudential Multi Asset Allocation Fund
2018-01-29,,,,279.8102,ICICI Prudential Multi Asset Allocation Fund
2018-01-30,,,,278.9157,ICICI Prudential Multi Asset Allocation Fund
2018-01-31,,,,277.8452,ICICI Prudential Multi Asset Allocation Fund
2018-02-01,,,,276.9155,ICICI Prudential Multi Asset Allocation Fund
2018-02-02,,,,272.9951,ICICI Prudential Multi Asset Allocation Fund
2018-02-05,,,,273.1693,ICICI Prudential Multi Asset Allocation Fund
2018-02-06,,,,270.2941,ICICI Prudential Multi Asset Allocation Fund
2018-02-07,,,,271.3644,ICICI Prudential Multi Asset Allocation Fund
2018-02-08,,,,273.3629,ICICI Prudential Multi Asset Allocation Fund
2018-02-09,,,,271.905,ICICI Prudential Multi Asset Allocation Fund
2018-02-12,,,,273.0312,ICICI Prudential Multi Asset Allocation Fund
2018-02-14,,,,272.0321,ICICI Prudential Multi Asset Allocation Fund
2018-02-15,,,,272.7744,ICICI Prudential Multi Asset Allocation Fund
2018-02-16,,,,271.2796,ICICI Prudential Multi Asset Allocation Fund
2018-02-19,,,,269.581,ICICI Prudential Multi Asset Allocation Fund
2018-02-20,,,,269.8073,ICICI Prudential Multi Asset Allocation Fund
2018-02-21,,,,269.8906,ICICI Prudential Multi Asset Allocation Fund
2018-02-22,,,,269.1245,ICICI Prudential Multi Asset Allocation Fund
2018-02-23,,,,271.5307,ICICI Prudential Multi Asset Allocation Fund
2018-02-26,,,,272.4535,ICICI Prudential Multi Asset Allocation Fund
2018-02-27,,,,271.9146,ICICI Prudential Multi Asset Allocation Fund
2018-02-28,,,,271.0246,ICICI Prudential Multi Asset Allocation Fund
2018-03-01,,,,269.8145,ICICI Prudential Multi Asset Allocation Fund
2018-03-05,,,,267.4231,ICICI Prudential Multi Asset Allocation Fund
2018-03-06,,,,265.5002,ICICI Prudential Multi Asset Allocation Fund
2018-03-07,,,,264.3375,ICICI Prudential Multi Asset Allocation Fund
2018-03-08,,,,265.5852,ICICI Prudential Multi Asset Allocation Fund
2018-03-09,,,,264.6819,ICICI Prudential Multi Asset Allocation Fund
2018-03-12,,,,267.8304,ICICI Prudential Multi Asset Allocation Fund
2018-03-13,,,,268.6061,ICICI Prudential Multi Asset Allocation Fund
2018-03-14,,,,268.3356,ICICI Prudential Multi Asset Allocation Fund
2018-03-15,,,,267.5712,ICICI Prudential Multi Asset Allocation Fund
2018-03-16,,,,265.3482,ICICI Prudential Multi Asset Allocation Fund
2018-03-19,,,,263.5214,ICICI Prudential Multi Asset Allocation Fund
2018-03-20,,,,263.6933,ICICI Prudential Multi Asset Allocation Fund
2018-03-21,,,,263.8864,ICICI Prudential Multi Asset Allocation Fund
2018-03-22,,,,263.0986,ICICI Prudential Multi Asset Allocation Fund
2018-03-23,,,,261.329,ICICI Prudential Multi Asset Allocation Fund
2018-03-26,,,,262.7396,ICICI Prudential Multi Asset Allocation Fund
2018-03-27,,,,264.8518,ICICI Prudential Multi Asset Allocation Fund
2018-03-28,,,,263.1431,ICICI Prudential Multi Asset Allocation Fund
2018-04-02,,,,264.1873,ICICI Prudential Multi Asset Allocation Fund
2018-04-03,,,,265.327,ICICI Prudential Multi Asset Allocation Fund
2018-04-04,,,,263.4045,ICICI Prudential Multi Asset Allocation Fund
2018-04-05,,,,266.7412,ICICI Prudential Multi Asset Allocation Fund
2018-04-06,,,,266.9947,ICICI Prudential Multi Asset Allocation Fund
2018-04-09,,,,267.3081,ICICI Prudential Multi Asset Allocation Fund
2018-04-10,,,,268.3793,ICICI Prudential Multi Asset Allocation Fund
2018-04-11,,,,268.5402,ICICI Prudential Multi Asset Allocation Fund
2018-04-12,,,,269.1661,ICICI Prudential Multi Asset Allocation Fund
2018-04-13,,,,269.1723,ICICI Prudential Multi Asset Allocation Fund
2018-04-16,,,,269.4943,ICICI Prudential Multi Asset Allocation Fund
2018-04-17,,,,270.2178,ICICI Prudential Multi Asset Allocation Fund
2018-04-18,,,,270.1714,ICICI Prudential Multi Asset Allocation Fund
2018-04-19,,,,271.6797,ICICI Prudential Multi Asset Allocation Fund
2018-04-20,,,,271.059,ICICI Prudential Multi Asset Allocation Fund
2018-04-23,,,,271.4119,ICICI Prudential Multi Asset Allocation Fund
2018-04-24,,,,270.7313,ICICI Prudential Multi Asset Allocation Fund
2018-04-25,,,,269.3613,ICICI Prudential Multi Asset Allocation Fund
2018-04-26,,,,269.4271,ICICI Prudential Multi Asset Allocation Fund
2018-04-27,,,,271.2217,ICICI Prudential Multi Asset Allocation Fund
2018-04-30,,,,272.0392,ICICI Prudential Multi Asset Allocation Fund
2018-05-02,,,,270.1737,ICICI Prudential Multi Asset Allocation Fund
2018-05-03,,,,269.9157,ICICI Prudential Multi Asset Allocation Fund
2018-05-04,,,,268.7202,ICICI Prudential Multi Asset Allocation Fund
2018-05-07,,,,270.5801,ICICI Prudential Multi Asset Allocation Fund
2018-05-08,,,,271.5432,ICICI Prudential Multi Asset Allocation Fund
2018-05-09,,,,271.3104,ICICI Prudential Multi Asset Allocation Fund
2018-05-10,,,,270.688,ICICI Prudential Multi Asset Allocation Fund
2018-05-11,,,,270.5241,ICICI Prudential Multi Asset Allocation Fund
2018-05-14,,,,270.8616,ICICI Prudential Multi Asset Allocation Fund
2018-05-15,,,,269.6398,ICICI Prudential Multi Asset Allocation Fund
2018-05-16,,,,268.0552,ICICI Prudential Multi Asset Allocation Fund
2018-05-17,,,,267.1094,ICICI Prudential Multi Asset Allocation Fund
2018-05-18,,,,264.8891,ICICI Prudential Multi Asset Allocation Fund
2018-05-21,,,,263.9381,ICICI Prudential Multi Asset Allocation Fund
2018-05-22,,,,265.0865,ICICI Prudential Multi Asset Allocation Fund
2018-05-23,,,,264.4126,ICICI Prudential Multi Asset Allocation Fund
2018-05-24,,,,264.8481,ICICI Prudential Multi Asset Allocation Fund
2018-05-25,,,,266.7775,ICICI Prudential Multi Asset Allocation Fund
2018-05-28,,,,268.2646,ICICI Prudential Multi Asset Allocation Fund
2018-05-29,,,,267.5687,ICICI Prudential Multi Asset Allocation Fund
2018-05-30,,,,266.392,ICICI Prudential Multi Asset Allocation Fund
2018-05-31,,,,266.2722,ICICI Prudential Multi Asset Allocation Fund
2018-06-01,,,,265.2705,ICICI Prudential Multi Asset Allocation Fund
2018-06-04,,,,263.6913,ICICI Prudential Multi Asset Allocation Fund
2018-06-05,,,,262.3581,ICICI Prudential Multi Asset Allocation Fund
2018-06-06,,,,264.3701,ICICI Prudential Multi Asset Allocation Fund
2018-06-07,,,,266.0436,ICICI Prudential Multi Asset Allocation Fund
2018-06-08,,,,266.981,ICICI Prudential Multi Asset Allocation Fund
2018-06-11,,,,267.2389,ICICI Prudential Multi Asset Allocation Fund
2018-06-12,,,,267.5659,ICICI Prudential Multi Asset Allocation Fund
2018-06-13,,,,267.7181,ICICI Prudential Multi Asset Allocation Fund
2018-06-14,,,,266.9449,ICICI Prudential Multi Asset Allocation Fund
2018-06-15,,,,265.9482,ICICI Prudential Multi Asset Allocation Fund
2018-06-18,,,,265.6506,ICICI Prudential Multi Asset Allocation Fund
2018-06-19,,,,264.231,ICICI Prudential Multi Asset Allocation Fund
2018-06-20,,,,263.9627,ICICI Prudential Multi Asset Allocation Fund
2018-06-21,,,,262.8934,ICICI Prudential Multi Asset Allocation Fund
2018-06-22,,,,263.8944,ICICI Prudential Multi Asset Allocation Fund
2018-06-25,,,,261.8876,ICICI Prudential Multi Asset Allocation Fund
2018-06-26,,,,261.629,ICICI Prudential Multi Asset Allocation Fund
2018-06-27,,,,259.3925,ICICI Prudential Multi Asset Allocation Fund
2018-06-28,,,,258.0124,ICICI Prudential Multi Asset Allocation Fund
2018-06-29,,,,261.143,ICICI Prudential Multi Asset Allocation Fund
2018-07-02,,,,259.2845,ICICI Prudential Multi Asset Allocation Fund
2018-07-03,,,,259.9584,ICICI Prudential Multi Asset Allocation Fund
2018-07-04,,,,259.2657,ICICI Prudential Multi Asset Allocation Fund
2018-07-05,,,,258.3766,ICICI Prudential Multi Asset Allocation Fund
2018-07-06,,,,258.5265,ICICI Prudential Multi Asset Allocation Fund
2018-07-09,,,,260.5632,ICICI Prudential Multi Asset Allocation Fund
2018-07-10,,,,262.0534,ICICI Prudential Multi Asset Allocation Fund
2018-07-11,,,,260.2832,ICICI Prudential Multi Asset Allocation Fund
2018-07-12,,,,260.5284,ICICI Prudential Multi Asset Allocation Fund
2018-07-13,,,,258.2722,ICICI Prudential Multi Asset Allocation Fund
2018-07-16,,,,256.122,ICICI Prudential Multi Asset Allocation Fund
2018-07-17,,,,258.8051,ICICI Prudential Multi Asset Allocation Fund
2018-07-18,,,,257.1959,ICICI Prudential Multi Asset Allocation Fund
2018-07-19,,,,256.8574,ICICI Prudential Multi Asset Allocation Fund
2018-07-20,,,,257.4104,ICICI Prudential Multi Asset Allocation Fund
2018-07-23,,,,260.1366,ICICI Prudential Multi Asset Allocation Fund
2018-07-24,,,,261.8376,ICICI Prudential Multi Asset Allocation Fund
2018-07-25,,,,260.932,ICICI Prudential Multi Asset Allocation Fund
2018-07-26,,,,262.871,ICICI Prudential Multi Asset Allocation Fund
2018-07-27,,,,265.1942,ICICI Prudential Multi Asset Allocation Fund
2018-07-30,,,,267.3639,ICICI Prudential Multi Asset Allocation Fund
2018-07-31,,,,266.8409,ICICI Prudential Multi Asset Allocation Fund
2018-08-01,,,,266.8251,ICICI Prudential Multi Asset Allocation Fund
2018-08-02,,,,266.2513,ICICI Prudential Multi Asset Allocation Fund
2018-08-03,,,,268.0039,ICICI Prudential Multi Asset Allocation Fund
2018-08-06,,,,268.9266,ICICI Prudential Multi Asset Allocation Fund
2018-08-07,,,,268.648,ICICI Prudential Multi Asset Allocation Fund
2018-08-08,,,,269.3794,ICICI Prudential Multi Asset Allocation Fund
2018-08-09,,,,270.2583,ICICI Prudential Multi Asset Allocation Fund
2018-08-10,,,,268.7159,ICICI Prudential Multi Asset Allocation Fund
2018-08-13,,,,267.5612,ICICI Prudential Multi Asset Allocation Fund
2018-08-14,,,,267.8594,ICICI Prudential Multi Asset Allocation Fund
2018-08-16,,,,267.5565,ICICI Prudential Multi Asset Allocation Fund
2018-08-17,,,,268.6273,ICICI Prudential Multi Asset Allocation Fund
2018-08-20,,,,269.9814,ICICI Prudential Multi Asset Allocation Fund
2018-08-21,,,,270.9525,ICICI Prudential Multi Asset Allocation Fund
2018-08-23,,,,271.0552,ICICI Prudential Multi Asset Allocation Fund
2018-08-24,,,,271.3166,ICICI Prudential Multi Asset Allocation Fund
2018-08-27,,,,273.2269,ICICI Prudential Multi Asset Allocation Fund
2018-08-28,,,,273.9064,ICICI Prudential Multi Asset Allocation Fund
2018-08-29,,,,273.7514,ICICI Prudential Multi Asset Allocation Fund
2018-08-30,,,,275.5173,ICICI Prudential Multi Asset Allocation Fund
2018-08-31,,,,276.5432,ICICI Prudential Multi Asset Allocation Fund
2018-09-03,,,,275.7776,ICICI Prudential Multi Asset Allocation Fund
2018-09-04,,,,273.618,ICICI Prudential Multi Asset Allocation Fund
2018-09-05,,,,274.1291,ICICI Prudential Multi Asset Allocation Fund
2018-09-06,,,,275.2937,ICICI Prudential Multi Asset Allocation Fund
2018-09-07,,,,276.3044,ICICI Prudential Multi Asset Allocation Fund
2018-09-10,,,,274.9777,ICICI Prudential Multi Asset Allocation Fund
2018-09-11,,,,273.3523,ICICI Prudential Multi Asset Allocation Fund
2018-09-12,,,,274.2171,ICICI Prudential Multi Asset Allocation Fund
2018-09-14,,,,276.8214,ICICI Prudential Multi Asset Allocation Fund
2018-09-17,,,,276.0891,ICICI Prudential Multi Asset Allocation Fund
2018-09-18,,,,273.8048,ICICI Prudential Multi Asset Allocation Fund
2018-09-19,,,,274.3397,ICICI Prudential Multi Asset Allocation Fund
2018-09-21,,,,273.7956,ICICI Prudential Multi Asset Allocation Fund
2018-09-24,,,,271.7619,ICICI Prudential Multi Asset Allocation Fund
2018-09-25,,,,272.7331,ICICI Prudential Multi Asset Allocation Fund
2018-09-26,,,,272.4082,ICICI Prudential Multi Asset Allocation Fund
2018-09-27,,,,270.9892,ICICI Prudential Multi Asset Allocation Fund
2018-09-28,,,,268.7597,ICICI Prudential Multi Asset Allocation Fund
2018-10-01,,,,270.081,ICICI Prudential Multi Asset Allocation Fund
2018-10-03,,,,270.3203,ICICI Prudential Multi Asset Allocation Fund
2018-10-04,,,,269.049,ICICI Prudential Multi Asset Allocation Fund
2018-10-05,,,,264.0327,ICICI Prudential Multi Asset Allocation Fund
2018-10-08,,,,261.717,ICICI Prudential Multi Asset Allocation Fund
2018-10-09,,,,260.4219,ICICI Prudential Multi Asset Allocation Fund
2018-10-10,,,,263.7727,ICICI Prudential Multi Asset Allocation Fund
2018-10-11,,,,261.3663,ICICI Prudential Multi Asset Allocation Fund
2018-10-12,,,,264.2707,ICICI Prudential Multi Asset Allocation Fund
2018-10-15,,,,265.516,ICICI Prudential Multi Asset Allocation Fund
2018-10-16,,,,266.6532,ICICI Prudential Multi Asset Allocation Fund
2018-10-17,,,,264.7114,ICICI Prudential Multi Asset Allocation Fund
2018-10-19,,,,263.9966,ICICI Prudential Multi Asset Allocation Fund
2018-10-22,,,,263.6325,ICICI Prudential Multi Asset Allocation Fund
2018-10-23,,,,262.8333,ICICI Prudential Multi Asset Allocation Fund
2018-10-24,,,,265.1744,ICICI Prudential Multi Asset Allocation Fund
2018-10-25,,,,262.6753,ICICI Prudential Multi Asset Allocation Fund
2018-10-26,,,,261.6687,ICICI Prudential Multi Asset Allocation Fund
2018-10-29,,,,264.9944,ICICI Prudential Multi Asset Allocation Fund
2018-10-30,,,,264.9888,ICICI Prudential Multi Asset Allocation Fund
2018-10-31,,,,266.6783,ICICI Prudential Multi Asset Allocation Fund
2018-11-01,,,,266.8858,ICICI Prudential Multi Asset Allocation Fund
2018-11-02,,,,269.7666,ICICI Prudential Multi Asset Allocation Fund
2018-11-05,,,,268.7761,ICICI Prudential Multi Asset Allocation Fund
2018-11-06,,,,269.0073,ICICI Prudential Multi Asset Allocation Fund
2018-11-09,,,,269.0644,ICICI Prudential Multi Asset Allocation Fund
2018-11-12,,,,266.3713,ICICI Prudential Multi Asset Allocation Fund
2018-11-13,,,,267.1485,ICICI Prudential Multi Asset Allocation Fund
2018-11-14,,,,267.58,ICICI Prudential Multi Asset Allocation Fund
2018-11-15,,,,267.7765,ICICI Prudential Multi Asset Allocation Fund
2018-11-16,,,,269.4271,ICICI Prudential Multi Asset Allocation Fund
2018-11-19,,,,270.4695,ICICI Prudential Multi Asset Allocation Fund
2018-11-20,,,,267.7296,ICICI Prudential Multi Asset Allocation Fund
2018-11-21,,,,267.6256,ICICI Prudential Multi Asset Allocation Fund
2018-11-22,,,,266.0936,ICICI Prudential Multi Asset Allocation Fund
2018-11-26,,,,265.5284,ICICI Prudential Multi Asset Allocation Fund
2018-11-27,,,,265.5938,ICICI Prudential Multi Asset Allocation Fund
2018-11-28,,,,263.4358,ICICI Prudential Multi Asset Allocation Fund
2018-11-29,,,,264.4303,ICICI Prudential Multi Asset Allocation Fund
2018-11-30,,,,263.4186,ICICI Prudential Multi Asset Allocation Fund
2018-12-03,,,,265.7017,ICICI Prudential Multi Asset Allocation Fund
2018-12-04,,,,266.3971,ICICI Prudential Multi Asset Allocation Fund
2018-12-05,,,,263.1106,ICICI Prudential Multi Asset Allocation Fund
2018-12-06,,,,261.2195,ICICI Prudential Multi Asset Allocation Fund
2018-12-07,,,,260.8017,ICICI Prudential Multi Asset Allocation Fund
2018-12-10,,,,258.7855,ICICI Prudential Multi Asset Allocation Fund
2018-12-11,,,,260.7056,ICICI Prudential Multi Asset Allocation Fund
2018-12-12,,,,265.0296,ICICI Prudential Multi Asset Allocation Fund
2018-12-13,,,,265.4645,ICICI Prudential Multi Asset Allocation Fund
2018-12-14,,,,267.3646,ICICI Prudential Multi Asset Allocation Fund
2018-12-17,,,,269.0136,ICICI Prudential Multi Asset Allocation Fund
2018-12-18,,,,270.0585,ICICI Prudential Multi Asset Allocation Fund
2018-12-19,,,,271.4616,ICICI Prudential Multi Asset Allocation Fund
2018-12-20,,,,270.7754,ICICI Prudential Multi Asset Allocation Fund
2018-12-21,,,,269.093,ICICI Prudential Multi Asset Allocation Fund
2018-12-24,,,,267.1829,ICICI Prudential Multi Asset Allocation Fund
2018-12-26,,,,267.663,ICICI Prudential Multi Asset Allocation Fund
2018-12-27,,,,268.629,ICICI Prudential Multi Asset Allocation Fund
2018-12-28,,,,270.3834,ICICI Prudential Multi Asset Allocation Fund
2018-12-31,,,,270.7824,ICICI Prudential Multi Asset Allocation Fund
2019-01-01,,,,271.2347,ICICI Prudential Multi Asset Allocation Fund
2019-01-02,,,,268.9142,ICICI Prudential Multi Asset Allocation Fund
2019-01-03,,,,266.7682,ICICI Prudential Multi Asset Allocation Fund
2019-01-04,,,,268.8689,ICICI Prudential Multi Asset Allocation Fund
2019-01-07,,,,269.4847,ICICI Prudential Multi Asset Allocation Fund
2019-01-08,,,,270.6592,ICICI Prudential Multi Asset Allocation Fund
2019-01-09,,,,271.0551,ICICI Prudential Multi Asset Allocation Fund
2019-01-10,,,,271.2777,ICICI Prudential Multi Asset Allocation Fund
2019-01-11,,,,271.3063,ICICI Prudential Multi Asset Allocation Fund
2019-01-14,,,,269.972,ICICI Prudential Multi Asset Allocation Fund
2019-01-15,,,,271.8285,ICICI Prudential Multi Asset Allocation Fund
2019-01-16,,,,271.8837,ICICI Prudential Multi Asset Allocation Fund
2019-01-17,,,,271.0409,ICICI Prudential Multi Asset Allocation Fund
2019-01-18,,,,268.8963,ICICI Prudential Multi Asset Allocation Fund
2019-01-21,,,,267.9243,ICICI Prudential Multi Asset Allocation Fund
2019-01-22,,,,266.9584,ICICI Prudential Multi Asset Allocation Fund
2019-01-23,,,,266.0085,ICICI Prudential Multi Asset Allocation Fund
2019-01-24,,,,265.3797,ICICI Prudential Multi Asset Allocation Fund
2019-01-25,,,,264.4086,ICICI Prudential Multi Asset Allocation Fund
2019-01-28,,,,263.1559,ICICI Prudential Multi Asset Allocation Fund
2019-01-29,,,,264.057,ICICI Prudential Multi Asset Allocation Fund
2019-01-30,,,,264.8572,ICICI Prudential Multi Asset Allocation Fund
2019-01-31,,,,266.66,ICICI Prudential Multi Asset Allocation Fund
2019-02-01,,,,264.2251,ICICI Prudential Multi Asset Allocation Fund
2019-02-04,,,,262.6034,ICICI Prudential Multi Asset Allocation Fund
2019-02-05,,,,262.0191,ICICI Prudential Multi Asset Allocation Fund
2019-02-06,,,,263.9899,ICICI Prudential Multi Asset Allocation Fund
2019-02-07,,,,264.6277,ICICI Prudential Multi Asset Allocation Fund
2019-02-08,,,,261.252,ICICI Prudential Multi Asset Allocation Fund
2019-02-11,,,,259.3329,ICICI Prudential Multi Asset Allocation Fund
2019-02-12,,,,259.2382,ICICI Prudential Multi Asset Allocation Fund
2019-02-13,,,,257.5531,ICICI Prudential Multi Asset Allocation Fund
2019-02-14,,,,256.7992,ICICI Prudential Multi Asset Allocation Fund
2019-02-15,,,,257.3731,ICICI Prudential Multi Asset Allocation Fund
2019-02-18,,,,257.1377,ICICI Prudential Multi Asset Allocation Fund
2019-02-19,,,,257.6958,ICICI Prudential Multi Asset Allocation Fund
2019-02-20,,,,261.0283,ICICI Prudential Multi Asset Allocation Fund
2019-02-21,,,,262.0025,ICICI Prudential Multi Asset Allocation Fund
2019-02-22,,,,263.6373,ICICI Prudential Multi Asset Allocation Fund
2019-02-25,,,,264.6512,ICICI Prudential Multi Asset Allocation Fund
2019-02-26,,,,264.2099,ICICI Prudential Multi Asset Allocation Fund
2019-02-27,,,,263.6013,ICICI Prudential Multi Asset Allocation Fund
2019-02-28,,,,265.7144,ICICI Prudential Multi Asset Allocation Fund
2019-03-01,,,,267.1156,ICICI Prudential Multi Asset Allocation Fund
2019-03-05,,,,270.4481,ICICI Prudential Multi Asset Allocation Fund
2019-03-06,,,,272.3722,ICICI Prudential Multi Asset Allocation Fund
2019-03-07,,,,271.1793,ICICI Prudential Multi Asset Allocation Fund
2019-03-08,,,,271.6999,ICICI Prudential Multi Asset Allocation Fund
2019-03-11,,,,275.4652,ICICI Prudential Multi Asset Allocation Fund
2019-03-12,,,,277.9969,ICICI Prudential Multi Asset Allocation Fund
2019-03-13,,,,275.8458,ICICI Prudential Multi Asset Allocation Fund
2019-03-14,,,,276.9986,ICICI Prudential Multi Asset Allocation Fund
2019-03-15,,,,278.4862,ICICI Prudential Multi Asset Allocation Fund
2019-03-18,,,,278.2349,ICICI Prudential Multi Asset Allocation Fund
2019-03-19,,,,280.0842,ICICI Prudential Multi Asset Allocation Fund
2019-03-20,,,,278.3393,ICICI Prudential Multi Asset Allocation Fund
2019-03-22,,,,279.1208,ICICI Prudential Multi Asset Allocation Fund
2019-03-25,,,,278.4267,ICICI Prudential Multi Asset Allocation Fund
2019-03-26,,,,280.744,ICICI Prudential Multi Asset Allocation Fund
2019-03-27,,,,280.2203,ICICI Prudential Multi Asset Allocation Fund
2019-03-28,,,,281.3439,ICICI Prudential Multi Asset Allocation Fund
2019-03-29,,,,282.5982,ICICI Prudential Multi Asset Allocation Fund
2019-04-01,,,,283.9178,ICICI Prudential Multi Asset Allocation Fund
2019-04-02,,,,284.5048,ICICI Prudential Multi Asset Allocation Fund
2019-04-03,,,,281.9715,ICICI Prudential Multi Asset Allocation Fund
2019-04-04,,,,282.1908,ICICI Prudential Multi Asset Allocation Fund
2019-04-05,,,,283.3937,ICICI Prudential Multi Asset Allocation Fund
2019-04-08,,,,283.091,ICICI Prudential Multi Asset Allocation Fund
2019-04-09,,,,284.3023,ICICI Prudential Multi Asset Allocation Fund
2019-04-10,,,,282.8526,ICICI Prudential Multi Asset Allocation Fund
2019-04-11,,,,282.4565,ICICI Prudential Multi Asset Allocation Fund
2019-04-12,,,,282.8665,ICICI Prudential Multi Asset Allocation Fund
2019-04-15,,,,283.4964,ICICI Prudential Multi Asset Allocation Fund
2019-04-16,,,,284.4026,ICICI Prudential Multi Asset Allocation Fund
2019-04-18,,,,282.2156,ICICI Prudential Multi Asset Allocation Fund
2019-04-22,,,,281.1248,ICICI Prudential Multi Asset Allocation Fund
2019-04-23,,,,280.7549,ICICI Prudential Multi Asset Allocation Fund
2019-04-24,,,,282.3841,ICICI Prudential Multi Asset Allocation Fund
2019-04-25,,,,281.0786,ICICI Prudential Multi Asset Allocation Fund
2019-04-26,,,,282.0463,ICICI Prudential Multi Asset Allocation Fund
2019-04-30,,,,281.29,ICICI Prudential Multi Asset Allocation Fund
2019-05-02,,,,280.3044,ICICI Prudential Multi Asset Allocation Fund
2019-05-03,,,,281.0451,ICICI Prudential Multi Asset Allocation Fund
2019-05-06,,,,280.4943,ICICI Prudential Multi Asset Allocation Fund
2019-05-07,,,,278.9694,ICICI Prudential Multi Asset Allocation Fund
2019-05-08,,,,276.8664,ICICI Prudential Multi Asset Allocation Fund
2019-05-09,,,,275.4432,ICICI Prudential Multi Asset Allocation Fund
2019-05-10,,,,275.3871,ICICI Prudential Multi Asset Allocation Fund
2019-05-13,,,,271.7809,ICICI Prudential Multi Asset Allocation Fund
2019-05-14,,,,275.2026,ICICI Prudential Multi Asset Allocation Fund
2019-05-15,,,,273.3979,ICICI Prudential Multi Asset Allocation Fund
2019-05-16,,,,274.6155,ICICI Prudential Multi Asset Allocation Fund
2019-05-17,,,,274.8288,ICICI Prudential Multi Asset Allocation Fund
2019-05-20,,,,280.738,ICICI Prudential Multi Asset Allocation Fund
2019-05-21,,,,278.4876,ICICI Prudential Multi Asset Allocation Fund
2019-05-22,,,,279.9353,ICICI Prudential Multi Asset Allocation Fund
2019-05-23,,,,279.0378,ICICI Prudential Multi Asset Allocation Fund
2019-05-24,,,,283.241,ICICI Prudential Multi Asset Allocation Fund
2019-05-27,,,,286.314,ICICI Prudential Multi Asset Allocation Fund
2019-05-28,,,,286.7267,ICICI Prudential Multi Asset Allocation Fund
2019-05-29,,,,284.3928,ICICI Prudential Multi Asset Allocation Fund
2019-05-30,,,,285.5342,ICICI Prudential Multi Asset Allocation Fund
2019-05-31,,,,285.2434,ICICI Prudential Multi Asset Allocation Fund
2019-06-03,,,,286.5475,ICICI Prudential Multi Asset Allocation Fund
2019-06-04,,,,286.3293,ICICI Prudential Multi Asset Allocation Fund
2019-06-06,,,,284.8304,ICICI Prudential Multi Asset Allocation Fund
2019-06-07,,,,284.4705,ICICI Prudential Multi Asset Allocation Fund
2019-06-10,,,,284.9694,ICICI Prudential Multi Asset Allocation Fund
2019-06-11,,,,285.9722,ICICI Prudential Multi Asset Allocation Fund
2019-06-12,,,,285.6408,ICICI Prudential Multi Asset Allocation Fund
2019-06-13,,,,285.6242,ICICI Prudential Multi Asset Allocation Fund
2019-06-14,,,,284.6978,ICICI Prudential Multi Asset Allocation Fund
2019-06-17,,,,281.5402,ICICI Prudential Multi Asset Allocation Fund
2019-06-18,,,,282.5596,ICICI Prudential Multi Asset Allocation Fund
2019-06-19,,,,282.0782,ICICI Prudential Multi Asset Allocation Fund
2019-06-20,,,,285.8093,ICICI Prudential Multi Asset Allocation Fund
2019-06-21,,,,285.4508,ICICI Prudential Multi Asset Allocation Fund
2019-06-24,,,,285.369,ICICI Prudential Multi Asset Allocation Fund
2019-06-25,,,,287.6231,ICICI Prudential Multi Asset Allocation Fund
2019-06-26,,,,288.8271,ICICI Prudential Multi Asset Allocation Fund
2019-06-27,,,,289.3187,ICICI Prudential Multi Asset Allocation Fund
2019-06-28,,,,289.0907,ICICI Prudential Multi Asset Allocation Fund
2019-07-01,,,,288.7257,ICICI Prudential Multi Asset Allocation Fund
2019-07-02,,,,289.4286,ICICI Prudential Multi Asset Allocation Fund
2019-07-03,,,,290.2539,ICICI Prudential Multi Asset Allocation Fund
2019-07-04,,,,290.7013,ICICI Prudential Multi Asset Allocation Fund
2019-07-05,,,,287.0119,ICICI Prudential Multi Asset Allocation Fund
2019-07-08,,,,282.7073,ICICI Prudential Multi Asset Allocation Fund
2019-07-09,,,,283.6225,ICICI Prudential Multi Asset Allocation Fund
2019-07-10,,,,282.54,ICICI Prudential Multi Asset Allocation Fund
2019-07-11,,,,284.4415,ICICI Prudential Multi Asset Allocation Fund
2019-07-12,,,,284.3633,ICICI Prudential Multi Asset Allocation Fund
2019-07-15,,,,284.5554,ICICI Prudential Multi Asset Allocation Fund
2019-07-16,,,,285.9178,ICICI Prudential Multi Asset Allocation Fund
2019-07-17,,,,285.6246,ICICI Prudential Multi Asset Allocation Fund
2019-07-18,,,,283.1229,ICICI Prudential Multi Asset Allocation Fund
2019-07-19,,,,282.1573,ICICI Prudential Multi Asset Allocation Fund
2019-07-22,,,,283.0415,ICICI Prudential Multi Asset Allocation Fund
2019-07-23,,,,283.0924,ICICI Prudential Multi Asset Allocation Fund
2019-07-24,,,,281.2536,ICICI Prudential Multi Asset Allocation Fund
2019-07-25,,,,281.4897,ICICI Prudential Multi Asset Allocation Fund
2019-07-26,,,,280.8028,ICICI Prudential Multi Asset Allocation Fund
2019-07-29,,,,278.3205,ICICI Prudential Multi Asset Allocation Fund
2019-07-30,,,,276.4469,ICICI Prudential Multi Asset Allocation Fund
2019-07-31,,,,277.7758,ICICI Prudential Multi Asset Allocation Fund
2019-08-01,,,,273.4926,ICICI Prudential Multi Asset Allocation Fund
2019-08-02,,,,272.9908,ICICI Prudential Multi Asset Allocation Fund
2019-08-05,,,,271.8163,ICICI Prudential Multi Asset Allocation Fund
2019-08-06,,,,274.3727,ICICI Prudential Multi Asset Allocation Fund
2019-08-07,,,,273.2415,ICICI Prudential Multi Asset Allocation Fund
2019-08-08,,,,275.9331,ICICI Prudential Multi Asset Allocation Fund
2019-08-09,,,,275.5138,ICICI Prudential Multi Asset Allocation Fund
2019-08-13,,,,271.8249,ICICI Prudential Multi Asset Allocation Fund
2019-08-14,,,,273.3811,ICICI Prudential Multi Asset Allocation Fund
2019-08-16,,,,274.4219,ICICI Prudential Multi Asset Allocation Fund
2019-08-19,,,,274.6005,ICICI Prudential Multi Asset Allocation Fund
2019-08-20,,,,273.2661,ICICI Prudential Multi Asset Allocation Fund
2019-08-21,,,,270.1798,ICICI Prudential Multi Asset Allocation Fund
2019-08-22,,,,266.2414,ICICI Prudential Multi Asset Allocation Fund
2019-08-23,,,,269.8243,ICICI Prudential Multi Asset Allocation Fund
2019-08-26,,,,272.4161,ICICI Prudential Multi Asset Allocation Fund
2019-08-27,,,,274.6599,ICICI Prudential Multi Asset Allocation Fund
2019-08-28,,,,271.788,ICICI Prudential Multi Asset Allocation Fund
2019-08-29,,,,272.2785,ICICI Prudential Multi Asset Allocation Fund
2019-08-30,,,,273.4419,ICICI Prudential Multi Asset Allocation Fund
2019-09-03,,,,268.6892,ICICI Prudential Multi Asset Allocation Fund
2019-09-04,,,,271.0276,ICICI Prudential Multi Asset Allocation Fund
2019-09-05,,,,273.5899,ICICI Prudential Multi Asset Allocation Fund
2019-09-06,,,,275.2148,ICICI Prudential Multi Asset Allocation Fund
2019-09-09,,,,276.5697,ICICI Prudential Multi Asset Allocation Fund
2019-09-11,,,,276.5498,ICICI Prudential Multi Asset Allocation Fund
2019-09-12,,,,275.8748,ICICI Prudential Multi Asset Allocation Fund
2019-09-13,,,,277.999,ICICI Prudential Multi Asset Allocation Fund
2019-09-16,,,,277.7469,ICICI Prudential Multi Asset Allocation Fund
2019-09-17,,,,274.1257,ICICI Prudential Multi Asset Allocation Fund
2019-09-18,,,,274.3848,ICICI Prudential Multi Asset Allocation Fund
2019-09-19,,,,271.8881,ICICI Prudential Multi Asset Allocation Fund
2019-09-20,,,,280.4768,ICICI Prudential Multi Asset Allocation Fund
2019-09-23,,,,283.1549,ICICI Prudential Multi Asset Allocation Fund
2019-09-24,,,,281.3812,ICICI Prudential Multi Asset Allocation Fund
2019-09-25,,,,278.0368,ICICI Prudential Multi Asset Allocation Fund
2019-09-26,,,,281.2146,ICICI Prudential Multi Asset Allocation Fund
2019-09-27,,,,279.3522,ICICI Prudential Multi Asset Allocation Fund
2019-09-30,,,,278.6633,ICICI Prudential Multi Asset Allocation Fund
2019-10-01,,,,274.2538,ICICI Prudential Multi Asset Allocation Fund
2019-10-03,,,,274.2798,ICICI Prudential Multi Asset Allocation Fund
2019-10-04,,,,272.3836,ICICI Prudential Multi Asset Allocation Fund
2019-10-07,,,,270.902,ICICI Prudential Multi Asset Allocation Fund
2019-10-09,,,,274.7648,ICICI Prudential Multi Asset Allocation Fund
2019-10-10,,,,273.7293,ICICI Prudential Multi Asset Allocation Fund
2019-10-11,,,,275.332,ICICI Prudential Multi Asset Allocation Fund
2019-10-14,,,,277.2499,ICICI Prudential Multi Asset Allocation Fund
2019-10-15,,,,279.197,ICICI Prudential Multi Asset Allocation Fund
2019-10-16,,,,278.6174,ICICI Prudential Multi Asset Allocation Fund
2019-10-17,,,,280.3287,ICICI Prudential Multi Asset Allocation Fund
2019-10-18,,,,281.8431,ICICI Prudential Multi Asset Allocation Fund
2019-10-22,,,,281.2278,ICICI Prudential Multi Asset Allocation Fund
2019-10-23,,,,280.8261,ICICI Prudential Multi Asset Allocation Fund
2019-10-24,,,,279.2062,ICICI Prudential Multi Asset Allocation Fund
2019-10-25,,,,280.2984,ICICI Prudential Multi Asset Allocation Fund
2019-10-29,,,,283.0055,ICICI Prudential Multi Asset Allocation Fund
2019-10-30,,,,284.6345,ICICI Prudential Multi Asset Allocation Fund
2019-10-31,,,,286.905,ICICI Prudential Multi Asset Allocation Fund
2019-11-01,,,,288.3061,ICICI Prudential Multi Asset Allocation Fund
2019-11-04,,,,289.7772,ICICI Prudential Multi Asset Allocation Fund
2019-11-05,,,,289.1651,ICICI Prudential Multi Asset Allocation Fund
2019-11-06,,,,288.8485,ICICI Prudential Multi Asset Allocation Fund
2019-11-07,,,,288.7631,ICICI Prudential Multi Asset Allocation Fund
2019-11-08,,,,285.9529,ICICI Prudential Multi Asset Allocation Fund
2019-11-11,,,,286.512,ICICI Prudential Multi Asset Allocation Fund
2019-11-13,,,,283.1933,ICICI Prudential Multi Asset Allocation Fund
2019-11-14,,,,282.9247,ICICI Prudential Multi Asset Allocation Fund
2019-11-15,,,,284.5859,ICICI Prudential Multi Asset Allocation Fund
2019-11-18,,,,286.1906,ICICI Prudential Multi Asset Allocation Fund
2019-11-19,,,,288.1885,ICICI Prudential Multi Asset Allocation Fund
2019-11-20,,,,288.9981,ICICI Prudential Multi Asset Allocation Fund
2019-11-21,,,,286.7698,ICICI Prudential Multi Asset Allocation Fund
2019-11-22,,,,287.5954,ICICI Prudential Multi Asset Allocation Fund
2019-11-25,,,,290.802,ICICI Prudential Multi Asset Allocation Fund
2019-11-26,,,,288.9658,ICICI Prudential Multi Asset Allocation Fund
2019-11-27,,,,289.5987,ICICI Prudential Multi Asset Allocation Fund
2019-11-28,,,,291.2361,ICICI Prudential Multi Asset Allocation Fund
2019-11-29,,,,290.4419,ICICI Prudential Multi Asset Allocation Fund
2019-12-02,,,,289.8409,ICICI Prudential Multi Asset Allocation Fund
2019-12-03,,,,288.3227,ICICI Prudential Multi Asset Allocation Fund
2019-12-04,,,,291.1359,ICICI Prudential Multi Asset Allocation Fund
2019-12-05,,,,289.1846,ICICI Prudential Multi Asset Allocation Fund
2019-12-06,,,,286.379,ICICI Prudential Multi Asset Allocation Fund
2019-12-09,,,,285.8101,ICICI Prudential Multi Asset Allocation Fund
2019-12-10,,,,283.9424,ICICI Prudential Multi Asset Allocation Fund
2019-12-11,,,,285.0119,ICICI Prudential Multi Asset Allocation Fund
2019-12-12,,,,286.6717,ICICI Prudential Multi Asset Allocation Fund
2019-12-13,,,,288.3538,ICICI Prudential Multi Asset Allocation Fund
2019-12-16,,,,287.1335,ICICI Prudential Multi Asset Allocation Fund
2019-12-17,,,,289.754,ICICI Prudential Multi Asset Allocation Fund
2019-12-18,,,,289.4183,ICICI Prudential Multi Asset Allocation Fund
2019-12-19,,,,289.8878,ICICI Prudential Multi Asset Allocation Fund
2019-12-20,,,,290.1542,ICICI Prudential Multi Asset Allocation Fund
2019-12-23,,,,290.2961,ICICI Prudential Multi Asset Allocation Fund
2019-12-24,,,,291.2327,ICICI Prudential Multi Asset Allocation Fund
2019-12-26,,,,290.551,ICICI Prudential Multi Asset Allocation Fund
2019-12-27,,,,292.8585,ICICI Prudential Multi Asset Allocation Fund
2019-12-30,,,,293.5882,ICICI Prudential Multi Asset Allocation Fund
2019-12-31,,,,293.7941,ICICI Prudential Multi Asset Allocation Fund
2020-01-01,,,,294.4452,ICICI Prudential Multi Asset Allocation Fund
2020-01-02,,,,296.2206,ICICI Prudential Multi Asset Allocation Fund
2020-01-03,,,,295.8296,ICICI Prudential Multi Asset Allocation Fund
2020-01-06,,,,292.7387,ICICI Prudential Multi Asset Allocation Fund
2020-01-07,,,,293.0582,ICICI Prudential Multi Asset Allocation Fund
2020-01-08,,,,293.3013,ICICI Prudential Multi Asset Allocation Fund
2020-01-09,,,,294.7207,ICICI Prudential Multi Asset Allocation Fund
2020-01-10,,,,295.772,ICICI Prudential Multi Asset Allocation Fund
2020-01-13,,,,297.7972,ICICI Prudential Multi Asset Allocation Fund
2020-01-14,,,,299.1917,ICICI Prudential Multi Asset Allocation Fund
2020-01-15,,,,299.8699,ICICI Prudential Multi Asset Allocation Fund
2020-01-16,,,,299.3195,ICICI Prudential Multi Asset Allocation Fund
2020-01-17,,,,299.9487,ICICI Prudential Multi Asset Allocation Fund
2020-01-20,,,,298.501,ICICI Prudential Multi Asset Allocation Fund
2020-01-21,,,,297.2806,ICICI Prudential Multi Asset Allocation Fund
2020-01-22,,,,294.6956,ICICI Prudential Multi Asset Allocation Fund
2020-01-23,,,,296.9261,ICICI Prudential Multi Asset Allocation Fund
2020-01-24,,,,298.1562,ICICI Prudential Multi Asset Allocation Fund
2020-01-27,,,,295.9839,ICICI Prudential Multi Asset Allocation Fund
2020-01-28,,,,292.9965,ICICI Prudential Multi Asset Allocation Fund
2020-01-29,,,,293.6143,ICICI Prudential Multi Asset Allocation Fund
2020-01-30,,,,292.3587,ICICI Prudential Multi Asset Allocation Fund
2020-01-31,,,,290.1826,ICICI Prudential Multi Asset Allocation Fund
2020-02-03,,,,284.7723,ICICI Prudential Multi Asset Allocation Fund
2020-02-04,,,,288.7543,ICICI Prudential Multi Asset Allocation Fund
2020-02-05,,,,290.9949,ICICI Prudential Multi Asset Allocation Fund
2020-02-06,,,,292.9575,ICICI Prudential Multi Asset Allocation Fund
2020-02-07,,,,294.1285,ICICI Prudential Multi Asset Allocation Fund
2020-02-10,,,,290.8971,ICICI Prudential Multi Asset Allocation Fund
2020-02-11,,,,292.3097,ICICI Prudential Multi Asset Allocation Fund
2020-02-12,,,,292.6582,ICICI Prudential Multi Asset Allocation Fund
2020-02-13,,,,291.4842,ICICI Prudential Multi Asset Allocation Fund
2020-02-14,,,,290.3241,ICICI Prudential Multi Asset Allocation Fund
2020-02-17,,,,287.3238,ICICI Prudential Multi Asset Allocation Fund
2020-02-18,,,,285.6381,ICICI Prudential Multi Asset Allocation Fund
2020-02-19,,,,288.7132,ICICI Prudential Multi Asset Allocation Fund
2020-02-20,,,,289.0163,ICICI Prudential Multi Asset Allocation Fund
2020-02-24,,,,284.5746,ICICI Prudential Multi Asset Allocation Fund
2020-02-25,,,,283.7757,ICICI Prudential Multi Asset Allocation Fund
2020-02-26,,,,280.5022,ICICI Prudential Multi Asset Allocation Fund
2020-02-27,,,,279.0603,ICICI Prudential Multi Asset Allocation Fund
2020-02-28,,,,272.1584,ICICI Prudential Multi Asset Allocation Fund
2020-03-02,,,,268.4739,ICICI Prudential Multi Asset Allocation Fund
2020-03-03,,,,274.4737,ICICI Prudential Multi Asset Allocation Fund
2020-03-04,,,,274.6035,ICICI Prudential Multi Asset Allocation Fund
2020-03-05,,,,274.3236,ICICI Prudential Multi Asset Allocation Fund
2020-03-06,,,,269.3198,ICICI Prudential Multi Asset Allocation Fund
2020-03-09,,,,258.4668,ICICI Prudential Multi Asset Allocation Fund
2020-03-11,,,,255.7997,ICICI Prudential Multi Asset Allocation Fund
2020-03-12,,,,239.1833,ICICI Prudential Multi Asset Allocation Fund
2020-03-13,,,,246.7614,ICICI Prudential Multi Asset Allocation Fund
2020-03-16,,,,233.3321,ICICI Prudential Multi Asset Allocation Fund
2020-03-17,,,,228.5526,ICICI Prudential Multi Asset Allocation Fund
2020-03-18,,,,221.7909,ICICI Prudential Multi Asset Allocation Fund
2020-03-19,,,,217.6735,ICICI Prudential Multi Asset Allocation Fund
2020-03-20,,,,226.9932,ICICI Prudential Multi Asset Allocation Fund
2020-03-23,,,,208.1384,ICICI Prudential Multi Asset Allocation Fund
2020-03-24,,,,209.7657,ICICI Prudential Multi Asset Allocation Fund
2020-03-25,,,,215.0971,ICICI Prudential Multi Asset Allocation Fund
2020-03-26,,,,219.8989,ICICI Prudential Multi Asset Allocation Fund
2020-03-27,,,,221.6871,ICICI Prudential Multi Asset Allocation Fund
2020-03-30,,,,217.6954,ICICI Prudential Multi Asset Allocation Fund
2020-03-31,,,,223.9527,ICICI Prudential Multi Asset Allocation Fund
2020-04-01,,,,218.2749,ICICI Prudential Multi Asset Allocation Fund
2020-04-03,,,,219.4384,ICICI Prudential Multi Asset Allocation Fund
2020-04-07,,,,231.3514,ICICI Prudential Multi Asset Allocation Fund
2020-04-08,,,,232.8595,ICICI Prudential Multi Asset Allocation Fund
2020-04-09,,,,241.5151,ICICI Prudential Multi Asset Allocation Fund
2020-04-13,,,,243.7868,ICICI Prudential Multi Asset Allocation Fund
2020-04-15,,,,245.0315,ICICI Prudential Multi Asset Allocation Fund
2020-04-16,,,,248.5053,ICICI Prudential Multi Asset Allocation Fund
2020-04-17,,,,251.4,ICICI Prudential Multi Asset Allocation Fund
2020-04-20,,,,249.5371,ICICI Prudential Multi Asset Allocation Fund
2020-04-21,,,,244.9739,ICICI Prudential Multi Asset Allocation Fund
2020-04-22,,,,244.7953,ICICI Prudential Multi Asset Allocation Fund
2020-04-23,,,,245.9215,ICICI Prudential Multi Asset Allocation Fund
2020-04-24,,,,242.2136,ICICI Prudential Multi Asset Allocation Fund
2020-04-27,,,,243.4595,ICICI Prudential Multi Asset Allocation Fund
2020-04-28,,,,242.6379,ICICI Prudential Multi Asset Allocation Fund
2020-04-29,,,,245.9833,ICICI Prudential Multi Asset Allocation Fund
2020-04-30,,,,253.5774,ICICI Prudential Multi Asset Allocation Fund
2020-05-04,,,,246.9429,ICICI Prudential Multi Asset Allocation Fund
2020-05-05,,,,245.3853,ICICI Prudential Multi Asset Allocation Fund
2020-05-06,,,,247.1715,ICICI Prudential Multi Asset Allocation Fund
2020-05-07,,,,243.6584,ICICI Prudential Multi Asset Allocation Fund
2020-05-08,,,,242.87,ICICI Prudential Multi Asset Allocation Fund
2020-05-11,,,,242.5343,ICICI Prudential Multi Asset Allocation Fund
2020-05-12,,,,245.455,ICICI Prudential Multi Asset Allocation Fund
2020-05-13,,,,248.148,ICICI Prudential Multi Asset Allocation Fund
2020-05-14,,,,244.3507,ICICI Prudential Multi Asset Allocation Fund
2020-05-15,,,,245.4766,ICICI Prudential Multi Asset Allocation Fund
2020-05-18,,,,241.2174,ICICI Prudential Multi Asset Allocation Fund
2020-05-19,,,,244.9231,ICICI Prudential Multi Asset Allocation Fund
2020-05-20,,,,247.8228,ICICI Prudential Multi Asset Allocation Fund
2020-05-21,,,,248.4134,ICICI Prudential Multi Asset Allocation Fund
2020-05-22,,,,248.0027,ICICI Prudential Multi Asset Allocation Fund
2020-05-26,,,,247.6969,ICICI Prudential Multi Asset Allocation Fund
2020-05-27,,,,250.7958,ICICI Prudential Multi Asset Allocation Fund
2020-05-28,,,,253.5179,ICICI Prudential Multi Asset Allocation Fund
2020-05-29,,,,256.3212,ICICI Prudential Multi Asset Allocation Fund
2020-06-01,,,,259.4201,ICICI Prudential Multi Asset Allocation Fund
2020-06-02,,,,261.0638,ICICI Prudential Multi Asset Allocation Fund
2020-06-03,,,,261.5819,ICICI Prudential Multi Asset Allocation Fund
2020-06-04,,,,263.1327,ICICI Prudential Multi Asset Allocation Fund
2020-06-05,,,,267.7041,ICICI Prudential Multi Asset Allocation Fund
2020-06-08,,,,268.5632,ICICI Prudential Multi Asset Allocation Fund
2020-06-09,,,,266.2564,ICICI Prudential Multi Asset Allocation Fund
2020-06-10,,,,266.9371,ICICI Prudential Multi Asset Allocation Fund
2020-06-11,,,,262.9863,ICICI Prudential Multi Asset Allocation Fund
2020-06-12,,,,263.4057,ICICI Prudential Multi Asset Allocation Fund
2020-06-15,,,,260.3149,ICICI Prudential Multi Asset Allocation Fund
2020-06-16,,,,260.8504,ICICI Prudential Multi Asset Allocation Fund
2020-06-17,,,,260.8344,ICICI Prudential Multi Asset Allocation Fund
2020-06-18,,,,263.8318,ICICI Prudential Multi Asset Allocation Fund
2020-06-19,,,,266.101,ICICI Prudential Multi Asset Allocation Fund
2020-06-22,,,,269.1291,ICICI Prudential Multi Asset Allocation Fund
2020-06-23,,,,273.2416,ICICI Prudential Multi Asset Allocation Fund
2020-06-24,,,,267.9543,ICICI Prudential Multi Asset Allocation Fund
2020-06-25,,,,267.1485,ICICI Prudential Multi Asset Allocation Fund
2020-06-26,,,,269.489,ICICI Prudential Multi Asset Allocation Fund
2020-06-29,,,,267.1383,ICICI Prudential Multi Asset Allocation Fund
2020-06-30,,,,267.7936,ICICI Prudential Multi Asset Allocation Fund
2020-07-01,,,,268.8197,ICICI Prudential Multi Asset Allocation Fund
2020-07-02,,,,270.1954,ICICI Prudential Multi Asset Allocation Fund
2020-07-03,,,,271.5864,ICICI Prudential Multi Asset Allocation Fund
2020-07-06,,,,273.7581,ICICI Prudential Multi Asset Allocation Fund
2020-07-07,,,,272.94,ICICI Prudential Multi Asset Allocation Fund
2020-07-08,,,,272.5438,ICICI Prudential Multi Asset Allocation Fund
2020-07-09,,,,274.5334,ICICI Prudential Multi Asset Allocation Fund
2020-07-10,,,,272.8092,ICICI Prudential Multi Asset Allocation Fund
2020-07-13,,,,273.8991,ICICI Prudential Multi Asset Allocation Fund
2020-07-14,,,,270.5449,ICICI Prudential Multi Asset Allocation Fund
2020-07-15,,,,270.3343,ICICI Prudential Multi Asset Allocation Fund
2020-07-16,,,,271.0075,ICICI Prudential Multi Asset Allocation Fund
2020-07-17,,,,273.8734,ICICI Prudential Multi Asset Allocation Fund
2020-07-20,,,,275.0345,ICICI Prudential Multi Asset Allocation Fund
2020-07-21,,,,276.8888,ICICI Prudential Multi Asset Allocation Fund
2020-07-22,,,,277.8901,ICICI Prudential Multi Asset Allocation Fund
2020-07-23,,,,279.785,ICICI Prudential Multi Asset Allocation Fund
2020-07-24,,,,277.8483,ICICI Prudential Multi Asset Allocation Fund
2020-07-27,,,,276.3391,ICICI Prudential Multi Asset Allocation Fund
2020-07-28,,,,277.4689,ICICI Prudential Multi Asset Allocation Fund
2020-07-29,,,,277.8864,ICICI Prudential Multi Asset Allocation Fund
2020-07-30,,,,275.7602,ICICI Prudential Multi Asset Allocation Fund
2020-07-31,,,,277.7136,ICICI Prudential Multi Asset Allocation Fund
2020-08-03,,,,275.9743,ICICI Prudential Multi Asset Allocation Fund
2020-08-04,,,,277.5682,ICICI Prudential Multi Asset Allocation Fund
2020-08-05,,,,280.3067,ICICI Prudential Multi Asset Allocation Fund
2020-08-06,,,,282.3723,ICICI Prudential Multi Asset Allocation Fund
2020-08-07,,,,282.6177,ICICI Prudential Multi Asset Allocation Fund
2020-08-10,,,,285.1111,ICICI Prudential Multi Asset Allocation Fund
2020-08-11,,,,284.1864,ICICI Prudential Multi Asset Allocation Fund
2020-08-12,,,,283.129,ICICI Prudential Multi Asset Allocation Fund
2020-08-13,,,,284.4784,ICICI Prudential Multi Asset Allocation Fund
2020-08-14,,,,283.1324,ICICI Prudential Multi Asset Allocation Fund
2020-08-17,,,,287.0232,ICICI Prudential Multi Asset Allocation Fund
2020-08-18,,,,288.8866,ICICI Prudential Multi Asset Allocation Fund
2020-08-19,,,,290.0893,ICICI Prudential Multi Asset Allocation Fund
2020-08-20,,,,291.9432,ICICI Prudential Multi Asset Allocation Fund
2020-08-21,,,,293.7103,ICICI Prudential Multi Asset Allocation Fund
2020-08-24,,,,293.8053,ICICI Prudential Multi Asset Allocation Fund
2020-08-25,,,,292.2917,ICICI Prudential Multi Asset Allocation Fund
2020-08-26,,,,292.464,ICICI Prudential Multi Asset Allocation Fund
2020-08-27,,,,292.3839,ICICI Prudential Multi Asset Allocation Fund
2020-08-28,,,,294.2631,ICICI Prudential Multi Asset Allocation Fund
2020-08-31,,,,287.8636,ICICI Prudential Multi Asset Allocation Fund
2020-09-01,,,,291.212,ICICI Prudential Multi Asset Allocation Fund
2020-09-02,,,,291.9228,ICICI Prudential Multi Asset Allocation Fund
2020-09-03,,,,289.918,ICICI Prudential Multi Asset Allocation Fund
2020-09-04,,,,285.4421,ICICI Prudential Multi Asset Allocation Fund
2020-09-07,,,,284.3145,ICICI Prudential Multi Asset Allocation Fund
2020-09-08,,,,280.9433,ICICI Prudential Multi Asset Allocation Fund
2020-09-09,,,,280.0894,ICICI Prudential Multi Asset Allocation Fund
2020-09-10,,,,280.7668,ICICI Prudential Multi Asset Allocation Fund
2020-09-11,,,,280.7244,ICICI Prudential Multi Asset Allocation Fund
2020-09-14,,,,280.3991,ICICI Prudential Multi Asset Allocation Fund
2020-09-15,,,,282.7457,ICICI Prudential Multi Asset Allocation Fund
2020-09-16,,,,282.9316,ICICI Prudential Multi Asset Allocation Fund
2020-09-17,,,,280.8034,ICICI Prudential Multi Asset Allocation Fund
2020-09-18,,,,283.0444,ICICI Prudential Multi Asset Allocation Fund
2020-09-21,,,,275.3878,ICICI Prudential Multi Asset Allocation Fund
2020-09-22,,,,273.8037,ICICI Prudential Multi Asset Allocation Fund
2020-09-23,,,,271.2256,ICICI Prudential Multi Asset Allocation Fund
2020-09-24,,,,263.8009,ICICI Prudential Multi Asset Allocation Fund
2020-09-25,,,,269.9048,ICICI Prudential Multi Asset Allocation Fund
2020-09-28,,,,274.2437,ICICI Prudential Multi Asset Allocation Fund
2020-09-29,,,,272.5548,ICICI Prudential Multi Asset Allocation Fund
2020-09-30,,,,271.5083,ICICI Prudential Multi Asset Allocation Fund
2020-10-01,,,,273.8172,ICICI Prudential Multi Asset Allocation Fund
2020-10-05,,,,274.7164,ICICI Prudential Multi Asset Allocation Fund
2020-10-06,,,,275.7943,ICICI Prudential Multi Asset Allocation Fund
2020-10-07,,,,273.5216,ICICI Prudential Multi Asset Allocation Fund
2020-10-08,,,,273.8491,ICICI Prudential Multi Asset Allocation Fund
2020-10-09,,,,275.7626,ICICI Prudential Multi Asset Allocation Fund
2020-10-12,,,,273.4021,ICICI Prudential Multi Asset Allocation Fund
2020-10-13,,,,272.8127,ICICI Prudential Multi Asset Allocation Fund
2020-10-14,,,,270.7166,ICICI Prudential Multi Asset Allocation Fund
2020-10-15,,,,267.1453,ICICI Prudential Multi Asset Allocation Fund
2020-10-16,,,,269.6999,ICICI Prudential Multi Asset Allocation Fund
2020-10-19,,,,272.7968,ICICI Prudential Multi Asset Allocation Fund
2020-10-20,,,,272.453,ICICI Prudential Multi Asset Allocation Fund
2020-10-21,,,,275.3467,ICICI Prudential Multi Asset Allocation Fund
2020-10-22,,,,276.8361,ICICI Prudential Multi Asset Allocation Fund
2020-10-23,,,,277.7235,ICICI Prudential Multi Asset Allocation Fund
2020-10-26,,,,274.8534,ICICI Prudential Multi Asset Allocation Fund
2020-10-27,,,,275.8746,ICICI Prudential Multi Asset Allocation Fund
2020-10-28,,,,274.5513,ICICI Prudential Multi Asset Allocation Fund
2020-10-29,,,,272.7509,ICICI Prudential Multi Asset Allocation Fund
2020-10-30,,,,272.8128,ICICI Prudential Multi Asset Allocation Fund
2020-11-02,,,,276.1837,ICICI Prudential Multi Asset Allocation Fund
2020-11-03,,,,277.9533,ICICI Prudential Multi Asset Allocation Fund
2020-11-04,,,,277.6459,ICICI Prudential Multi Asset Allocation Fund
2020-11-05,,,,282.4572,ICICI Prudential Multi Asset Allocation Fund
2020-11-06,,,,282.9911,ICICI Prudential Multi Asset Allocation Fund
2020-11-09,,,,286.612,ICICI Prudential Multi Asset Allocation Fund
2020-11-10,,,,288.0066,ICICI Prudential Multi Asset Allocation Fund
2020-11-11,,,,292.2203,ICICI Prudential Multi Asset Allocation Fund
2020-11-12,,,,291.6811,ICICI Prudential Multi Asset Allocation Fund
2020-11-13,,,,292.9794,ICICI Prudential Multi Asset Allocation Fund
2020-11-17,,,,294.3709,ICICI Prudential Multi Asset Allocation Fund
2020-11-18,,,,295.5459,ICICI Prudential Multi Asset Allocation Fund
2020-11-19,,,,293.5436,ICICI Prudential Multi Asset Allocation Fund
2020-11-20,,,,295.8774,ICICI Prudential Multi Asset Allocation Fund
2020-11-23,,,,297.406,ICICI Prudential Multi Asset Allocation Fund
2020-11-24,,,,298.7793,ICICI Prudential Multi Asset Allocation Fund
2020-11-25,,,,297.6182,ICICI Prudential Multi Asset Allocation Fund
2020-11-26,,,,299.4339,ICICI Prudential Multi Asset Allocation Fund
2020-11-27,,,,299.2307,ICICI Prudential Multi Asset Allocation Fund
2020-12-01,,,,303.8679,ICICI Prudential Multi Asset Allocation Fund
2020-12-02,,,,306.3408,ICICI Prudential Multi Asset Allocation Fund
2020-12-03,,,,310.3726,ICICI Prudential Multi Asset Allocation Fund
2020-12-04,,,,314.6426,ICICI Prudential Multi Asset Allocation Fund
2020-12-07,,,,318.7506,ICICI Prudential Multi Asset Allocation Fund
2020-12-08,,,,317.7015,ICICI Prudential Multi Asset Allocation Fund
2020-12-09,,,,318.5846,ICICI Prudential Multi Asset Allocation Fund
2020-12-10,,,,317.9821,ICICI Prudential Multi Asset Allocation Fund
2020-12-11,,,,322.1279,ICICI Prudential Multi Asset Allocation Fund
2020-12-14,,,,325.3136,ICICI Prudential Multi Asset Allocation Fund
2020-12-15,,,,324.9667,ICICI Prudential Multi Asset Allocation Fund
2020-12-16,,,,326.8883,ICICI Prudential Multi Asset Allocation Fund
2020-12-17,,,,325.9065,ICICI Prudential Multi Asset Allocation Fund
2020-12-18,,,,326.0678,ICICI Prudential Multi Asset Allocation Fund
2020-12-21,,,,312.5644,ICICI Prudential Multi Asset Allocation Fund
2020-12-22,,,,316.0679,ICICI Prudential Multi Asset Allocation Fund
2020-12-23,,,,319.3518,ICICI Prudential Multi Asset Allocation Fund
2020-12-24,,,,323.2047,ICICI Prudential Multi Asset Allocation Fund
2020-12-28,,,,325.4071,ICICI Prudential Multi Asset Allocation Fund
2020-12-29,,,,325.0656,ICICI Prudential Multi Asset Allocation Fund
2020-12-30,,,,325.1237,ICICI Prudential Multi Asset Allocation Fund
2020-12-31,,,,325.1125,ICICI Prudential Multi Asset Allocation Fund
2021-01-01,,,,326.3334,ICICI Prudential Multi Asset Allocation Fund
2021-01-04,,,,331.7692,ICICI Prudential Multi Asset Allocation Fund
2021-01-05,,,,331.3126,ICICI Prudential Multi Asset Allocation Fund
2021-01-06,,,,333.2953,ICICI Prudential Multi Asset Allocation Fund
2021-01-07,,,,335.6607,ICICI Prudential Multi Asset Allocation Fund
2021-01-08,,,,336.7198,ICICI Prudential Multi Asset Allocation Fund
2021-01-11,,,,337.9795,ICICI Prudential Multi Asset Allocation Fund
2021-01-12,,,,341.116,ICICI Prudential Multi Asset Allocation Fund
2021-01-13,,,,344.1277,ICICI Prudential Multi Asset Allocation Fund
2021-01-14,,,,343.8632,ICICI Prudential Multi Asset Allocation Fund
2021-01-15,,,,341.2003,ICICI Prudential Multi Asset Allocation Fund
2021-01-18,,,,334.3202,ICICI Prudential Multi Asset Allocation Fund
2021-01-19,,,,338.8791,ICICI Prudential Multi Asset Allocation Fund
2021-01-20,,,,340.0755,ICICI Prudential Multi Asset Allocation Fund
2021-01-21,,,,335.7688,ICICI Prudential Multi Asset Allocation Fund
2021-01-22,,,,330.8009,ICICI Prudential Multi Asset Allocation Fund
2021-01-25,,,,330.0335,ICICI Prudential Multi Asset Allocation Fund
2021-01-27,,,,325.13,ICICI Prudential Multi Asset Allocation Fund
2021-01-28,,,,325.0518,ICICI Prudential Multi Asset Allocation Fund
2021-01-29,,,,322.7118,ICICI Prudential Multi Asset Allocation Fund
2021-02-01,,,,333.7311,ICICI Prudential Multi Asset Allocation Fund
2021-02-02,,,,340.275,ICICI Prudential Multi Asset Allocation Fund
2021-02-03,,,,343.8867,ICICI Prudential Multi Asset Allocation Fund
2021-02-04,,,,347.2443,ICICI Prudential Multi Asset Allocation Fund
2021-02-05,,,,346.2875,ICICI Prudential Multi Asset Allocation Fund
2021-02-08,,,,351.8095,ICICI Prudential Multi Asset Allocation Fund
2021-02-09,,,,352.4992,ICICI Prudential Multi Asset Allocation Fund
2021-02-10,,,,351.9639,ICICI Prudential Multi Asset Allocation Fund
2021-02-11,,,,353.4697,ICICI Prudential Multi Asset Allocation Fund
2021-02-12,,,,350.7582,ICICI Prudential Multi Asset Allocation Fund
2021-02-15,,,,353.024,ICICI Prudential Multi Asset Allocation Fund
2021-02-16,,,,355.3074,ICICI Prudential Multi Asset Allocation Fund
2021-02-17,,,,355.858,ICICI Prudential Multi Asset Allocation Fund
2021-02-18,,,,359.9193,ICICI Prudential Multi Asset Allocation Fund
2021-02-19,,,,355.7191,ICICI Prudential Multi Asset Allocation Fund
2021-02-22,,,,353.5505,ICICI Prudential Multi Asset Allocation Fund
2021-02-23,,,,357.766,ICICI Prudential Multi Asset Allocation Fund
2021-02-24,,,,360.6396,ICICI Prudential Multi Asset Allocation Fund
2021-02-25,,,,365.8906,ICICI Prudential Multi Asset Allocation Fund
2021-02-26,,,,357.5744,ICICI Prudential Multi Asset Allocation Fund
2021-03-01,,,,360.1803,ICICI Prudential Multi Asset Allocation Fund
2021-03-02,,,,363.9904,ICICI Prudential Multi Asset Allocation Fund
2021-03-03,,,,367.8054,ICICI Prudential Multi Asset Allocation Fund
2021-03-04,,,,364.0681,ICICI Prudential Multi Asset Allocation Fund
2021-03-05,,,,361.2044,ICICI Prudential Multi Asset Allocation Fund
2021-03-08,,,,363.2543,ICICI Prudential Multi Asset Allocation Fund
2021-03-09,,,,362.857,ICICI Prudential Multi Asset Allocation Fund
2021-03-10,,,,363.7999,ICICI Prudential Multi Asset Allocation Fund
2021-03-12,,,,361.726,ICICI Prudential Multi Asset Allocation Fund
2021-03-15,,,,362.0027,ICICI Prudential Multi Asset Allocation Fund
2021-03-16,,,,362.0314,ICICI Prudential Multi Asset Allocation Fund
2021-03-17,,,,356.306,ICICI Prudential Multi Asset Allocation Fund
2021-03-18,,,,353.9247,ICICI Prudential Multi Asset Allocation Fund
2021-03-19,,,,357.4057,ICICI Prudential Multi Asset Allocation Fund
2021-03-22,,,,357.779,ICICI Prudential Multi Asset Allocation Fund
2021-03-23,,,,357.5716,ICICI Prudential Multi Asset Allocation Fund
2021-03-24,,,,351.902,ICICI Prudential Multi Asset Allocation Fund
2021-03-25,,,,347.1695,ICICI Prudential Multi Asset Allocation Fund
2021-03-26,,,,350.9897,ICICI Prudential Multi Asset Allocation Fund
2021-03-30,,,,354.677,ICICI Prudential Multi Asset Allocation Fund
2021-03-31,,,,353.6688,ICICI Prudential Multi Asset Allocation Fund
2021-04-01,,,,359.0137,ICICI Prudential Multi Asset Allocation Fund
2021-04-05,,,,355.5513,ICICI Prudential Multi Asset Allocation Fund
2021-04-06,,,,356.4716,ICICI Prudential Multi Asset Allocation Fund
2021-04-07,,,,359.6536,ICICI Prudential Multi Asset Allocation Fund
2021-04-08,,,,360.4045,ICICI Prudential Multi Asset Allocation Fund
2021-04-09,,,,359.1615,ICICI Prudential Multi Asset Allocation Fund
2021-04-12,,,,346.4673,ICICI Prudential Multi Asset Allocation Fund
2021-04-13,,,,352.6716,ICICI Prudential Multi Asset Allocation Fund
2021-04-15,,,,355.1103,ICICI Prudential Multi Asset Allocation Fund
2021-04-16,,,,357.3271,ICICI Prudential Multi Asset Allocation Fund
2021-04-19,,,,352.3767,ICICI Prudential Multi Asset Allocation Fund
2021-04-20,,,,352.0999,ICICI Prudential Multi Asset Allocation Fund
2021-04-22,,,,353.2878,ICICI Prudential Multi Asset Allocation Fund
2021-04-23,,,,352.9081,ICICI Prudential Multi Asset Allocation Fund
2021-04-26,,,,355.0777,ICICI Prudential Multi Asset Allocation Fund
2021-04-27,,,,357.6524,ICICI Prudential Multi Asset Allocation Fund
2021-04-28,,,,360.5837,ICICI Prudential Multi Asset Allocation Fund
2021-04-29,,,,360.6852,ICICI Prudential Multi Asset Allocation Fund
2021-04-30,,,,360.4068,ICICI Prudential Multi Asset Allocation Fund
2021-05-03,,,,362.9009,ICICI Prudential Multi Asset Allocation Fund
2021-05-04,,,,362.1592,ICICI Prudential Multi Asset Allocation Fund
2021-05-05,,,,365.6781,ICICI Prudential Multi Asset Allocation Fund
2021-05-06,,,,367.0332,ICICI Prudential Multi Asset Allocation Fund
2021-05-07,,,,370.6481,ICICI Prudential Multi Asset Allocation Fund
2021-05-10,,,,375.4596,ICICI Prudential Multi Asset Allocation Fund
2021-05-11,,,,377.8506,ICICI Prudential Multi Asset Allocation Fund
2021-05-12,,,,375.3205,ICICI Prudential Multi Asset Allocation Fund
2021-05-14,,,,373.0561,ICICI Prudential Multi Asset Allocation Fund
2021-05-17,,,,376.422,ICICI Prudential Multi Asset Allocation Fund
2021-05-18,,,,378.4517,ICICI Prudential Multi Asset Allocation Fund
2021-05-19,,,,377.8411,ICICI Prudential Multi Asset Allocation Fund
2021-05-20,,,,375.2672,ICICI Prudential Multi Asset Allocation Fund
2021-05-21,,,,378.8262,ICICI Prudential Multi Asset Allocation Fund
2021-05-24,,,,380.4616,ICICI Prudential Multi Asset Allocation Fund
2021-05-25,,,,381.7233,ICICI Prudential Multi Asset Allocation Fund
2021-05-26,,,,381.5406,ICICI Prudential Multi Asset Allocation Fund
2021-05-27,,,,382.628,ICICI Prudential Multi Asset Allocation Fund
2021-05-28,,,,381.6006,ICICI Prudential Multi Asset Allocation Fund
2021-05-31,,,,384.653,ICICI Prudential Multi Asset Allocation Fund
2021-06-01,,,,384.3841,ICICI Prudential Multi Asset Allocation Fund
2021-06-02,,,,385.0745,ICICI Prudential Multi Asset Allocation Fund
2021-06-03,,,,386.7123,ICICI Prudential Multi Asset Allocation Fund
2021-06-04,,,,386.9368,ICICI Prudential Multi Asset Allocation Fund
2021-06-07,,,,389.9977,ICICI Prudential Multi Asset Allocation Fund
2021-06-08,,,,391.1627,ICICI Prudential Multi Asset Allocation Fund
2021-06-09,,,,389.6609,ICICI Prudential Multi Asset Allocation Fund
2021-06-10,,,,391.9971,ICICI Prudential Multi Asset Allocation Fund
2021-06-11,,,,392.2115,ICICI Prudential Multi Asset Allocation Fund
2021-06-14,,,,391.7064,ICICI Prudential Multi Asset Allocation Fund
2021-06-15,,,,392.7503,ICICI Prudential Multi Asset Allocation Fund
2021-06-16,,,,391.5756,ICICI Prudential Multi Asset Allocation Fund
2021-06-17,,,,387.9055,ICICI Prudential Multi Asset Allocation Fund
2021-06-18,,,,385.0862,ICICI Prudential Multi Asset Allocation Fund
2021-06-21,,,,387.5651,ICICI Prudential Multi Asset Allocation Fund
2021-06-22,,,,388.0191,ICICI Prudential Multi Asset Allocation Fund
2021-06-23,,,,386.9274,ICICI Prudential Multi Asset Allocation Fund
2021-06-24,,,,387.2692,ICICI Prudential Multi Asset Allocation Fund
2021-06-25,,,,389.3274,ICICI Prudential Multi Asset Allocation Fund
2021-06-28,,,,389.6752,ICICI Prudential Multi Asset Allocation Fund
2021-06-29,,,,387.3458,ICICI Prudential Multi Asset Allocation Fund
2021-06-30,,,,386.518,ICICI Prudential Multi Asset Allocation Fund
2021-07-01,,,,387.3085,ICICI Prudential Multi Asset Allocation Fund
2021-07-02,,,,388.0727,ICICI Prudential Multi Asset Allocation Fund
2021-07-05,,,,390.5757,ICICI Prudential Multi Asset Allocation Fund
2021-07-06,,,,390.1621,ICICI Prudential Multi Asset Allocation Fund
2021-07-07,,,,391.3677,ICICI Prudential Multi Asset Allocation Fund
2021-07-08,,,,388.4135,ICICI Prudential Multi Asset Allocation Fund
2021-07-09,,,,389.5889,ICICI Prudential Multi Asset Allocation Fund
2021-07-12,,,,389.6517,ICICI Prudential Multi Asset Allocation Fund
2021-07-13,,,,392.6284,ICICI Prudential Multi Asset Allocation Fund
2021-07-14,,,,394.0079,ICICI Prudential Multi Asset Allocation Fund
2021-07-15,,,,394.1658,ICICI Prudential Multi Asset Allocation Fund
2021-07-16,,,,394.1435,ICICI Prudential Multi Asset Allocation Fund
2021-07-19,,,,392.699,ICICI Prudential Multi Asset Allocation Fund
2021-07-20,,,,387.607,ICICI Prudential Multi Asset Allocation Fund
2021-07-22,,,,391.9821,ICICI Prudential Multi Asset Allocation Fund
2021-07-23,,,,393.113,ICICI Prudential Multi Asset Allocation Fund
2021-07-26,,,,393.2992,ICICI Prudential Multi Asset Allocation Fund
2021-07-27,,,,392.8938,ICICI Prudential Multi Asset Allocation Fund
2021-07-28,,,,393.8574,ICICI Prudential Multi Asset Allocation Fund
2021-07-29,,,,397.2228,ICICI Prudential Multi Asset Allocation Fund
2021-07-30,,,,398.6868,ICICI Prudential Multi Asset Allocation Fund
2021-08-02,,,,400.3295,ICICI Prudential Multi Asset Allocation Fund
2021-08-03,,,,404.0426,ICICI Prudential Multi Asset Allocation Fund
2021-08-04,,,,404.2977,ICICI Prudential Multi Asset Allocation Fund
2021-08-05,,,,405.1749,ICICI Prudential Multi Asset Allocation Fund
2021-08-06,,,,405.0824,ICICI Prudential Multi Asset Allocation Fund
2021-08-09,,,,402.9726,ICICI Prudential Multi Asset Allocation Fund
2021-08-10,,,,402.591,ICICI Prudential Multi Asset Allocation Fund
2021-08-11,,,,403.8647,ICICI Prudential Multi Asset Allocation Fund
2021-08-12,,,,406.2919,ICICI Prudential Multi Asset Allocation Fund
2021-08-13,,,,408.4187,ICICI Prudential Multi Asset Allocation Fund
2021-08-16,,,,408.5411,ICICI Prudential Multi Asset Allocation Fund
2021-08-17,,,,406.9486,ICICI Prudential Multi Asset Allocation Fund
2021-08-18,,,,404.8733,ICICI Prudential Multi Asset Allocation Fund
2021-08-20,,,,399.3008,ICICI Prudential Multi Asset Allocation Fund
2021-08-23,,,,399.9081,ICICI Prudential Multi Asset Allocation Fund
2021-08-24,,,,402.9685,ICICI Prudential Multi Asset Allocation Fund
2021-08-25,,,,403.537,ICICI Prudential Multi Asset Allocation Fund
2021-08-26,,,,401.1166,ICICI Prudential Multi Asset Allocation Fund
2021-08-27,,,,403.2439,ICICI Prudential Multi Asset Allocation Fund
2021-08-30,,,,409.1516,ICICI Prudential Multi Asset Allocation Fund
2021-08-31,,,,414.3441,ICICI Prudential Multi Asset Allocation Fund
2021-09-01,,,,413.5555,ICICI Prudential Multi Asset Allocation Fund
2021-09-02,,,,414.3677,ICICI Prudential Multi Asset Allocation Fund
2021-09-03,,,,416.3237,ICICI Prudential Multi Asset Allocation Fund
2021-09-06,,,,415.9107,ICICI Prudential Multi Asset Allocation Fund
2021-09-07,,,,414.9081,ICICI Prudential Multi Asset Allocation Fund
2021-09-08,,,,415.7693,ICICI Prudential Multi Asset Allocation Fund
2021-09-09,,,,417.7151,ICICI Prudential Multi Asset Allocation Fund
2021-09-13,,,,418.7648,ICICI Prudential Multi Asset Allocation Fund
2021-09-14,,,,420.4202,ICICI Prudential Multi Asset Allocation Fund
2021-09-15,,,,427.2223,ICICI Prudential Multi Asset Allocation Fund
2021-09-16,,,,428.1336,ICICI Prudential Multi Asset Allocation Fund
2021-09-17,,,,426.3324,ICICI Prudential Multi Asset Allocation Fund
2021-09-20,,,,422.3664,ICICI Prudential Multi Asset Allocation Fund
2021-09-21,,,,425.425,ICICI Prudential Multi Asset Allocation Fund
2021-09-22,,,,426.7643,ICICI Prudential Multi Asset Allocation Fund
2021-09-23,,,,430.0964,ICICI Prudential Multi Asset Allocation Fund
2021-09-24,,,,429.2378,ICICI Prudential Multi Asset Allocation Fund
2021-09-27,,,,431.922,ICICI Prudential Multi Asset Allocation Fund
2021-09-28,,,,432.0338,ICICI Prudential Multi Asset Allocation Fund
2021-09-29,,,,436.9402,ICICI Prudential Multi Asset Allocation Fund
2021-09-30,,,,437.0107,ICICI Prudential Multi Asset Allocation Fund
2021-10-01,,,,435.9668,ICICI Prudential Multi Asset Allocation Fund
2021-10-04,,,,440.5038,ICICI Prudential Multi Asset Allocation Fund
2021-10-05,,,,444.5348,ICICI Prudential Multi Asset Allocation Fund
2021-10-06,,,,441.5255,ICICI Prudential Multi Asset Allocation Fund
2021-10-07,,,,443.2464,ICICI Prudential Multi Asset Allocation Fund
2021-10-08,,,,443.2697,ICICI Prudential Multi Asset Allocation Fund
2021-10-11,,,,447.0389,ICICI Prudential Multi Asset Allocation Fund
2021-10-12,,,,446.9738,ICICI Prudential Multi Asset Allocation Fund
2021-10-13,,,,450.6904,ICICI Prudential Multi Asset Allocation Fund
2021-10-14,,,,453.411,ICICI Prudential Multi Asset Allocation Fund
2021-10-18,,,,456.2355,ICICI Prudential Multi Asset Allocation Fund
2021-10-19,,,,453.7968,ICICI Prudential Multi Asset Allocation Fund
2021-10-20,,,,451.7037,ICICI Prudential Multi Asset Allocation Fund
2021-10-21,,,,451.6908,ICICI Prudential Multi Asset Allocation Fund
2021-10-22,,,,450.5026,ICICI Prudential Multi Asset Allocation Fund
2021-10-25,,,,453.5299,ICICI Prudential Multi Asset Allocation Fund
2021-10-26,,,,455.2351,ICICI Prudential Multi Asset Allocation Fund
2021-10-27,,,,454.7095,ICICI Prudential Multi Asset Allocation Fund
2021-10-28,,,,447.581,ICICI Prudential Multi Asset Allocation Fund
2021-10-29,,,,444.4831,ICICI Prudential Multi Asset Allocation Fund
2021-11-01,,,,450.1335,ICICI Prudential Multi Asset Allocation Fund
2021-11-02,,,,451.0493,ICICI Prudential Multi Asset Allocation Fund
2021-11-03,,,,449.1474,ICICI Prudential Multi Asset Allocation Fund
2021-11-08,,,,453.7313,ICICI Prudential Multi Asset Allocation Fund
2021-11-09,,,,455.1921,ICICI Prudential Multi Asset Allocation Fund
2021-11-10,,,,456.6786,ICICI Prudential Multi Asset Allocation Fund
2021-11-11,,,,454.5865,ICICI Prudential Multi Asset Allocation Fund
2021-11-12,,,,457.1186,ICICI Prudential Multi Asset Allocation Fund
2021-11-15,,,,456.7373,ICICI Prudential Multi Asset Allocation Fund
2021-11-16,,,,454.595,ICICI Prudential Multi Asset Allocation Fund
2021-11-17,,,,454.2166,ICICI Prudential Multi Asset Allocation Fund
2021-11-18,,,,451.2142,ICICI Prudential Multi Asset Allocation Fund
2021-11-22,,,,445.974,ICICI Prudential Multi Asset Allocation Fund
2021-11-23,,,,448.7682,ICICI Prudential Multi Asset Allocation Fund
2021-11-24,,,,450.4877,ICICI Prudential Multi Asset Allocation Fund
2021-11-25,,,,450.4803,ICICI Prudential Multi Asset Allocation Fund
2021-11-26,,,,439.9281,ICICI Prudential Multi Asset Allocation Fund
2021-11-29,,,,437.4308,ICICI Prudential Multi Asset Allocation Fund
2021-11-30,,,,435.8085,ICICI Prudential Multi Asset Allocation Fund
2021-12-01,,,,437.6886,ICICI Prudential Multi Asset Allocation Fund
2021-12-02,,,,440.1696,ICICI Prudential Multi Asset Allocation Fund
2021-12-03,,,,437.8998,ICICI Prudential Multi Asset Allocation Fund
2021-12-06,,,,432.5991,ICICI Prudential Multi Asset Allocation Fund
2021-12-07,,,,437.3251,ICICI Prudential Multi Asset Allocation Fund
2021-12-08,,,,443.0262,ICICI Prudential Multi Asset Allocation Fund
2021-12-09,,,,443.0411,ICICI Prudential Multi Asset Allocation Fund
2021-12-10,,,,443.3371,ICICI Prudential Multi Asset Allocation Fund
2021-12-13,,,,442.4032,ICICI Prudential Multi Asset Allocation Fund
2021-12-14,,,,442.1999,ICICI Prudential Multi Asset Allocation Fund
2021-12-15,,,,440.3987,ICICI Prudential Multi Asset Allocation Fund
2021-12-16,,,,439.5597,ICICI Prudential Multi Asset Allocation Fund
2021-12-17,,,,434.1109,ICICI Prudential Multi Asset Allocation Fund
2021-12-20,,,,426.5649,ICICI Prudential Multi Asset Allocation Fund
2021-12-21,,,,429.5544,ICICI Prudential Multi Asset Allocation Fund
2021-12-22,,,,433.5548,ICICI Prudential Multi Asset Allocation Fund
2021-12-23,,,,435.8492,ICICI Prudential Multi Asset Allocation Fund
2021-12-24,,,,432.9368,ICICI Prudential Multi Asset Allocation Fund
2021-12-27,,,,433.5594,ICICI Prudential Multi Asset Allocation Fund
2021-12-28,,,,437.2683,ICICI Prudential Multi Asset Allocation Fund
2021-12-29,,,,436.6944,ICICI Prudential Multi Asset Allocation Fund
2021-12-30,,,,437.8212,ICICI Prudential Multi Asset Allocation Fund
2021-12-31,,,,440.6413,ICICI Prudential Multi Asset Allocation Fund
2022-01-03,,,,444.3411,ICICI Prudential Multi Asset Allocation Fund
2022-01-04,,,,448.442,ICICI Prudential Multi Asset Allocation Fund
2022-01-05,,,,450.3384,ICICI Prudential Multi Asset Allocation Fund
2022-01-06,,,,449.6467,ICICI Prudential Multi Asset Allocation Fund
2022-01-07,,,,451.4888,ICICI Prudential Multi Asset Allocation Fund
2022-01-10,,,,454.4883,ICICI Prudential Multi Asset Allocation Fund
2022-01-11,,,,455.1538,ICICI Prudential Multi Asset Allocation Fund
2022-01-12,,,,460.0497,ICICI Prudential Multi Asset Allocation Fund
2022-01-13,,,,462.1477,ICICI Prudential Multi Asset Allocation Fund
2022-01-14,,,,460.6661,ICICI Prudential Multi Asset Allocation Fund
2022-01-17,,,,462.3255,ICICI Prudential Multi Asset Allocation Fund
2022-01-18,,,,459.5409,ICICI Prudential Multi Asset Allocation Fund
2022-01-19,,,,459.7196,ICICI Prudential Multi Asset Allocation Fund
2022-01-20,,,,458.7691,ICICI Prudential Multi Asset Allocation Fund
2022-01-21,,,,454.8647,ICICI Prudential Multi Asset Allocation Fund
2022-01-24,,,,450.3289,ICICI Prudential Multi Asset Allocation Fund
2022-01-25,,,,455.2727,ICICI Prudential Multi Asset Allocation Fund
2022-01-27,,,,454.28,ICICI Prudential Multi Asset Allocation Fund
2022-01-28,,,,456.1581,ICICI Prudential Multi Asset Allocation Fund
2022-01-31,,,,460.4291,ICICI Prudential Multi Asset Allocation Fund
2022-02-01,,,,463.2164,ICICI Prudential Multi Asset Allocation Fund
2022-02-02,,,,465.2915,ICICI Prudential Multi Asset Allocation Fund
2022-02-03,,,,463.2205,ICICI Prudential Multi Asset Allocation Fund
2022-02-04,,,,462.3609,ICICI Prudential Multi Asset Allocation Fund
2022-02-07,,,,459.9103,ICICI Prudential Multi Asset Allocation Fund
2022-02-08,,,,460.571,ICICI Prudential Multi Asset Allocation Fund
2022-02-09,,,,463.7303,ICICI Prudential Multi Asset Allocation Fund
2022-02-10,,,,466.74,ICICI Prudential Multi Asset Allocation Fund
2022-02-11,,,,464.2443,ICICI Prudential Multi Asset Allocation Fund
2022-02-14,,,,454.2468,ICICI Prudential Multi Asset Allocation Fund
2022-02-15,,,,460.7933,ICICI Prudential Multi Asset Allocation Fund
2022-02-16,,,,460.9406,ICICI Prudential Multi Asset Allocation Fund
2022-02-17,,,,461.1059,ICICI Prudential Multi Asset Allocation Fund
2022-02-18,,,,460.1108,ICICI Prudential Multi Asset Allocation Fund
2022-02-21,,,,457.7211,ICICI Prudential Multi Asset Allocation Fund
2022-02-22,,,,456.3378,ICICI Prudential Multi Asset Allocation Fund
2022-02-23,,,,455.2805,ICICI Prudential Multi Asset Allocation Fund
2022-02-24,,,,443.4794,ICICI Prudential Multi Asset Allocation Fund
2022-02-25,,,,450.8901,ICICI Prudential Multi Asset Allocation Fund
2022-02-28,,,,454.2283,ICICI Prudential Multi Asset Allocation Fund
2022-03-02,,,,451.5269,ICICI Prudential Multi Asset Allocation Fund
2022-03-03,,,,452.3649,ICICI Prudential Multi Asset Allocation Fund
2022-03-04,,,,448.0037,ICICI Prudential Multi Asset Allocation Fund
2022-03-07,,,,449.5414,ICICI Prudential Multi Asset Allocation Fund
2022-03-08,,,,452.2245,ICICI Prudential Multi Asset Allocation Fund
2022-03-09,,,,453.2638,ICICI Prudential Multi Asset Allocation Fund
2022-03-10,,,,456.5044,ICICI Prudential Multi Asset Allocation Fund
2022-03-11,,,,457.1623,ICICI Prudential Multi Asset Allocation Fund
2022-03-14,,,,458.7879,ICICI Prudential Multi Asset Allocation Fund
2022-03-15,,,,455.1904,ICICI Prudential Multi Asset Allocation Fund
2022-03-16,,,,459.3317,ICICI Prudential Multi Asset Allocation Fund
2022-03-17,,,,463.5062,ICICI Prudential Multi Asset Allocation Fund
2022-03-21,,,,461.5831,ICICI Prudential Multi Asset Allocation Fund
2022-03-22,,,,463.7197,ICICI Prudential Multi Asset Allocation Fund
2022-03-23,,,,463.1783,ICICI Prudential Multi Asset Allocation Fund
2022-03-24,,,,464.1973,ICICI Prudential Multi Asset Allocation Fund
2022-03-25,,,,463.4208,ICICI Prudential Multi Asset Allocation Fund
2022-03-28,,,,465.0047,ICICI Prudential Multi Asset Allocation Fund
2022-03-29,,,,465.5903,ICICI Prudential Multi Asset Allocation Fund
2022-03-30,,,,466.3531,ICICI Prudential Multi Asset Allocation Fund
2022-03-31,,,,466.4992,ICICI Prudential Multi Asset Allocation Fund
2022-04-01,,,,471.5323,ICICI Prudential Multi Asset Allocation Fund
2022-04-04,,,,476.605,ICICI Prudential Multi Asset Allocation Fund
2022-04-05,,,,478.3207,ICICI Prudential Multi Asset Allocation Fund
2022-04-06,,,,479.7583,ICICI Prudential Multi Asset Allocation Fund
2022-04-07,,,,478.6529,ICICI Prudential Multi Asset Allocation Fund
2022-04-08,,,,479.8684,ICICI Prudential Multi Asset Allocation Fund
2022-04-11,,,,479.8205,ICICI Prudential Multi Asset Allocation Fund
2022-04-12,,,,478.3284,ICICI Prudential Multi Asset Allocation Fund
2022-04-13,,,,479.9323,ICICI Prudential Multi Asset Allocation Fund
2022-04-18,,,,481.2871,ICICI Prudential Multi Asset Allocation Fund
2022-04-19,,,,478.3385,ICICI Prudential Multi Asset Allocation Fund
2022-04-20,,,,479.1046,ICICI Prudential Multi Asset Allocation Fund
2022-04-21,,,,481.1958,ICICI Prudential Multi Asset Allocation Fund
2022-04-22,,,,477.6121,ICICI Prudential Multi Asset Allocation Fund
2022-04-25,,,,472.7967,ICICI Prudential Multi Asset Allocation Fund
2022-04-26,,,,475.3252,ICICI Prudential Multi Asset Allocation Fund
2022-04-27,,,,472.7432,ICICI Prudential Multi Asset Allocation Fund
2022-04-28,,,,475.2838,ICICI Prudential Multi Asset Allocation Fund
2022-04-29,,,,471.9651,ICICI Prudential Multi Asset Allocation Fund
2022-05-02,,,,470.6151,ICICI Prudential Multi Asset Allocation Fund
2022-05-04,,,,466.5696,ICICI Prudential Multi Asset Allocation Fund
2022-05-05,,,,467.7061,ICICI Prudential Multi Asset Allocation Fund
2022-05-06,,,,466.1473,ICICI Prudential Multi Asset Allocation Fund
2022-05-09,,,,464.5262,ICICI Prudential Multi Asset Allocation Fund
2022-05-10,,,,460.6689,ICICI Prudential Multi Asset Allocation Fund
2022-05-11,,,,460.2081,ICICI Prudential Multi Asset Allocation Fund
2022-05-12,,,,453.6187,ICICI Prudential Multi Asset Allocation Fund
2022-05-13,,,,450.3633,ICICI Prudential Multi Asset Allocation Fund
2022-05-16,,,,453.8653,ICICI Prudential Multi Asset Allocation Fund
2022-05-17,,,,461.0432,ICICI Prudential Multi Asset Allocation Fund
2022-05-18,,,,460.3205,ICICI Prudential Multi Asset Allocation Fund
2022-05-19,,,,455.4045,ICICI Prudential Multi Asset Allocation Fund
2022-05-20,,,,461.1071,ICICI Prudential Multi Asset Allocation Fund
2022-05-23,,,,459.5966,ICICI Prudential Multi Asset Allocation Fund
2022-05-24,,,,456.7737,ICICI Prudential Multi Asset Allocation Fund
2022-05-25,,,,457.8547,ICICI Prudential Multi Asset Allocation Fund
2022-05-26,,,,460.8191,ICICI Prudential Multi Asset Allocation Fund
2022-05-27,,,,460.2269,ICICI Prudential Multi Asset Allocation Fund
2022-05-30,,,,463.7724,ICICI Prudential Multi Asset Allocation Fund
2022-05-31,,,,465.8168,ICICI Prudential Multi Asset Allocation Fund
2022-06-01,,,,464.7544,ICICI Prudential Multi Asset Allocation Fund
2022-06-02,,,,466.818,ICICI Prudential Multi Asset Allocation Fund
2022-06-03,,,,463.8844,ICICI Prudential Multi Asset Allocation Fund
2022-06-06,,,,463.9972,ICICI Prudential Multi Asset Allocation Fund
2022-06-07,,,,464.2987,ICICI Prudential Multi Asset Allocation Fund
2022-06-08,,,,463.4123,ICICI Prudential Multi Asset Allocation Fund
2022-06-09,,,,464.055,ICICI Prudential Multi Asset Allocation Fund
2022-06-10,,,,461.7709,ICICI Prudential Multi Asset Allocation Fund
2022-06-13,,,,453.3133,ICICI Prudential Multi Asset Allocation Fund
2022-06-14,,,,452.86,ICICI Prudential Multi Asset Allocation Fund
2022-06-15,,,,452.1987,ICICI Prudential Multi Asset Allocation Fund
2022-06-16,,,,445.191,ICICI Prudential Multi Asset Allocation Fund
2022-06-17,,,,442.6787,ICICI Prudential Multi Asset Allocation Fund
2022-06-20,,,,439.6403,ICICI Prudential Multi Asset Allocation Fund
2022-06-21,,,,445.5825,ICICI Prudential Multi Asset Allocation Fund
2022-06-22,,,,441.2145,ICICI Prudential Multi Asset Allocation Fund
2022-06-23,,,,443.493,ICICI Prudential Multi Asset Allocation Fund
2022-06-24,,,,446.2852,ICICI Prudential Multi Asset Allocation Fund
2022-06-27,,,,450.398,ICICI Prudential Multi Asset Allocation Fund
2022-06-28,,,,452.3919,ICICI Prudential Multi Asset Allocation Fund
2022-06-29,,,,453.1721,ICICI Prudential Multi Asset Allocation Fund
2022-06-30,,,,452.6865,ICICI Prudential Multi Asset Allocation Fund
2022-07-01,,,,450.1841,ICICI Prudential Multi Asset Allocation Fund
2022-07-04,,,,451.6514,ICICI Prudential Multi Asset Allocation Fund
2022-07-05,,,,451.0166,ICICI Prudential Multi Asset Allocation Fund
2022-07-06,,,,450.9561,ICICI Prudential Multi Asset Allocation Fund
2022-07-07,,,,454.4255,ICICI Prudential Multi Asset Allocation Fund
2022-07-08,,,,457.1074,ICICI Prudential Multi Asset Allocation Fund
2022-07-11,,,,457.2987,ICICI Prudential Multi Asset Allocation Fund
2022-07-12,,,,455.4611,ICICI Prudential Multi Asset Allocation Fund
2022-07-13,,,,454.3924,ICICI Prudential Multi Asset Allocation Fund
2022-07-14,,,,453.8102,ICICI Prudential Multi Asset Allocation Fund
2022-07-15,,,,454.9957,ICICI Prudential Multi Asset Allocation Fund
2022-07-18,,,,459.9611,ICICI Prudential Multi Asset Allocation Fund
2022-07-19,,,,461.5221,ICICI Prudential Multi Asset Allocation Fund
2022-07-20,,,,463.2892,ICICI Prudential Multi Asset Allocation Fund
2022-07-21,,,,465.0603,ICICI Prudential Multi Asset Allocation Fund
2022-07-22,,,,466.0864,ICICI Prudential Multi Asset Allocation Fund
2022-07-25,,,,464.9838,ICICI Prudential Multi Asset Allocation Fund
2022-07-26,,,,463.1705,ICICI Prudential Multi Asset Allocation Fund
2022-07-27,,,,464.915,ICICI Prudential Multi Asset Allocation Fund
2022-07-28,,,,468.4071,ICICI Prudential Multi Asset Allocation Fund
2022-07-29,,,,473.4139,ICICI Prudential Multi Asset Allocation Fund
2022-08-01,,,,477.9664,ICICI Prudential Multi Asset Allocation Fund
2022-08-02,,,,477.9751,ICICI Prudential Multi Asset Allocation Fund
2022-08-03,,,,477.7422,ICICI Prudential Multi Asset Allocation Fund
2022-08-04,,,,477.5858,ICICI Prudential Multi Asset Allocation Fund
2022-08-05,,,,478.47,ICICI Prudential Multi Asset Allocation Fund
2022-08-08,,,,481.7957,ICICI Prudential Multi Asset Allocation Fund
2022-08-10,,,,482.3163,ICICI Prudential Multi Asset Allocation Fund
2022-08-11,,,,483.1588,ICICI Prudential Multi Asset Allocation Fund
2022-08-12,,,,486.1342,ICICI Prudential Multi Asset Allocation Fund
2022-08-16,,,,486.7129,ICICI Prudential Multi Asset Allocation Fund
2022-08-17,,,,489.3135,ICICI Prudential Multi Asset Allocation Fund
2022-08-18,,,,489.0062,ICICI Prudential Multi Asset Allocation Fund
2022-08-19,,,,485.5151,ICICI Prudential Multi Asset Allocation Fund
2022-08-22,,,,481.0936,ICICI Prudential Multi Asset Allocation Fund
2022-08-23,,,,484.2226,ICICI Prudential Multi Asset Allocation Fund
2022-08-24,,,,485.8921,ICICI Prudential Multi Asset Allocation Fund
2022-08-25,,,,485.6855,ICICI Prudential Multi Asset Allocation Fund
2022-08-26,,,,486.2836,ICICI Prudential Multi Asset Allocation Fund
2022-08-29,,,,482.4228,ICICI Prudential Multi Asset Allocation Fund
2022-08-30,,,,487.9156,ICICI Prudential Multi Asset Allocation Fund
2022-09-01,,,,483.6402,ICICI Prudential Multi Asset Allocation Fund
2022-09-02,,,,483.5984,ICICI Prudential Multi Asset Allocation Fund
2022-09-05,,,,486.4324,ICICI Prudential Multi Asset Allocation Fund
2022-09-06,,,,487.4593,ICICI Prudential Multi Asset Allocation Fund
2022-09-07,,,,486.973,ICICI Prudential Multi Asset Allocation Fund
2022-09-08,,,,489.0297,ICICI Prudential Multi Asset Allocation Fund
2022-09-09,,,,490.2645,ICICI Prudential Multi Asset Allocation Fund
2022-09-12,,,,492.5756,ICICI Prudential Multi Asset Allocation Fund
2022-09-13,,,,494.0465,ICICI Prudential Multi Asset Allocation Fund
2022-09-14,,,,494.7908,ICICI Prudential Multi Asset Allocation Fund
2022-09-15,,,,493.3905,ICICI Prudential Multi Asset Allocation Fund
2022-09-16,,,,488.7207,ICICI Prudential Multi Asset Allocation Fund
2022-09-19,,,,488.5007,ICICI Prudential Multi Asset Allocation Fund
2022-09-20,,,,492.0283,ICICI Prudential Multi Asset Allocation Fund
2022-09-21,,,,489.5348,ICICI Prudential Multi Asset Allocation Fund
2022-09-22,,,,489.1716,ICICI Prudential Multi Asset Allocation Fund
2022-09-23,,,,483.4812,ICICI Prudential Multi Asset Allocation Fund
2022-09-26,,,,476.7224,ICICI Prudential Multi Asset Allocation Fund
2022-09-27,,,,477.4897,ICICI Prudential Multi Asset Allocation Fund
2022-09-28,,,,476.6559,ICICI Prudential Multi Asset Allocation Fund
2022-09-29,,,,478.0195,ICICI Prudential Multi Asset Allocation Fund
2022-09-30,,,,482.7599,ICICI Prudential Multi Asset Allocation Fund
2022-10-03,,,,484.1563,ICICI Prudential Multi Asset Allocation Fund
2022-10-04,,,,490.0933,ICICI Prudential Multi Asset Allocation Fund
2022-10-06,,,,491.6376,ICICI Prudential Multi Asset Allocation Fund
2022-10-07,,,,492.0188,ICICI Prudential Multi Asset Allocation Fund
2022-10-10,,,,489.9542,ICICI Prudential Multi Asset Allocation Fund
2022-10-11,,,,485.7965,ICICI Prudential Multi Asset Allocation Fund
2022-10-12,,,,487.1613,ICICI Prudential Multi Asset Allocation Fund
2022-10-13,,,,485.6509,ICICI Prudential Multi Asset Allocation Fund
2022-10-14,,,,485.8567,ICICI Prudential Multi Asset Allocation Fund
2022-10-17,,,,488.7882,ICICI Prudential Multi Asset Allocation Fund
2022-10-18,,,,490.796,ICICI Prudential Multi Asset Allocation Fund
2022-10-19,,,,489.3311,ICICI Prudential Multi Asset Allocation Fund
2022-10-20,,,,491.2293,ICICI Prudential Multi Asset Allocation Fund
2022-10-21,,,,493.4225,ICICI Prudential Multi Asset Allocation Fund
2022-10-25,,,,498.1171,ICICI Prudential Multi Asset Allocation Fund
2022-10-27,,,,501.0092,ICICI Prudential Multi Asset Allocation Fund
2022-10-28,,,,500.8129,ICICI Prudential Multi Asset Allocation Fund
2022-10-31,,,,502.9381,ICICI Prudential Multi Asset Allocation Fund
2022-11-01,,,,506.7905,ICICI Prudential Multi Asset Allocation Fund
2022-11-02,,,,505.7414,ICICI Prudential Multi Asset Allocation Fund
2022-11-03,,,,503.6844,ICICI Prudential Multi Asset Allocation Fund
2022-11-04,,,,504.8687,ICICI Prudential Multi Asset Allocation Fund
2022-11-07,,,,507.4039,ICICI Prudential Multi Asset Allocation Fund
2022-11-09,,,,506.2936,ICICI Prudential Multi Asset Allocation Fund
2022-11-10,,,,505.8322,ICICI Prudential Multi Asset Allocation Fund
2022-11-11,,,,509.0687,ICICI Prudential Multi Asset Allocation Fund
2022-11-14,,,,510.4345,ICICI Prudential Multi Asset Allocation Fund
2022-11-15,,,,512.1863,ICICI Prudential Multi Asset Allocation Fund
2022-11-16,,,,512.3058,ICICI Prudential Multi Asset Allocation Fund
2022-11-17,,,,510.8767,ICICI Prudential Multi Asset Allocation Fund
2022-11-18,,,,509.2992,ICICI Prudential Multi Asset Allocation Fund
2022-11-21,,,,507.8904,ICICI Prudential Multi Asset Allocation Fund
2022-11-22,,,,509.1319,ICICI Prudential Multi Asset Allocation Fund
2022-11-23,,,,510.154,ICICI Prudential Multi Asset Allocation Fund
2022-11-24,,,,514.0709,ICICI Prudential Multi Asset Allocation Fund
2022-11-25,,,,515.251,ICICI Prudential Multi Asset Allocation Fund
2022-11-28,,,,515.4057,ICICI Prudential Multi Asset Allocation Fund
2022-11-29,,,,516.3774,ICICI Prudential Multi Asset Allocation Fund
2022-11-30,,,,519.0847,ICICI Prudential Multi Asset Allocation Fund
2022-12-01,,,,521.3104,ICICI Prudential Multi Asset Allocation Fund
2022-12-02,,,,521.1664,ICICI Prudential Multi Asset Allocation Fund
2022-12-05,,,,522.0022,ICICI Prudential Multi Asset Allocation Fund
2022-12-06,,,,520.2103,ICICI Prudential Multi Asset Allocation Fund
2022-12-07,,,,518.8209,ICICI Prudential Multi Asset Allocation Fund
2022-12-08,,,,520.1992,ICICI Prudential Multi Asset Allocation Fund
2022-12-09,,,,518.7637,ICICI Prudential Multi Asset Allocation Fund
2022-12-12,,,,519.0117,ICICI Prudential Multi Asset Allocation Fund
2022-12-13,,,,521.3292,ICICI Prudential Multi Asset Allocation Fund
2022-12-14,,,,523.2351,ICICI Prudential Multi Asset Allocation Fund
2022-12-15,,,,520.5266,ICICI Prudential Multi Asset Allocation Fund
2022-12-16,,,,518.4784,ICICI Prudential Multi Asset Allocation Fund
2022-12-19,,,,520.24,ICICI Prudential Multi Asset Allocation Fund
2022-12-20,,,,520.4587,ICICI Prudential Multi Asset Allocation Fund
2022-12-21,,,,517.4222,ICICI Prudential Multi Asset Allocation Fund
2022-12-22,,,,515.6313,ICICI Prudential Multi Asset Allocation Fund
2022-12-23,,,,510.0398,ICICI Prudential Multi Asset Allocation Fund
2022-12-26,,,,514.484,ICICI Prudential Multi Asset Allocation Fund
2022-12-27,,,,517.5738,ICICI Prudential Multi Asset Allocation Fund
2022-12-28,,,,516.6078,ICICI Prudential Multi Asset Allocation Fund
2022-12-29,,,,518.8787,ICICI Prudential Multi Asset Allocation Fund
2022-12-30,,,,518.2293,ICICI Prudential Multi Asset Allocation Fund
2023-01-02,,,,521.5775,ICICI Prudential Multi Asset Allocation Fund
2023-01-03,,,,522.2699,ICICI Prudential Multi Asset Allocation Fund
2023-01-04,,,,519.4724,ICICI Prudential Multi Asset Allocation Fund
2023-01-05,,,,519.4751,ICICI Prudential Multi Asset Allocation Fund
2023-01-06,,,,518.0032,ICICI Prudential Multi Asset Allocation Fund
2023-01-09,,,,521.0783,ICICI Prudential Multi Asset Allocation Fund
2023-01-10,,,,518.569,ICICI Prudential Multi Asset Allocation Fund
2023-01-11,,,,517.5423,ICICI Prudential Multi Asset Allocation Fund
2023-01-12,,,,517.0351,ICICI Prudential Multi Asset Allocation Fund
2023-01-13,,,,519.4292,ICICI Prudential Multi Asset Allocation Fund
2023-01-16,,,,518.618,ICICI Prudential Multi Asset Allocation Fund
2023-01-17,,,,519.4917,ICICI Prudential Multi Asset Allocation Fund
2023-01-18,,,,520.7628,ICICI Prudential Multi Asset Allocation Fund
2023-01-19,,,,520.8217,ICICI Prudential Multi Asset Allocation Fund
2023-01-20,,,,519.8652,ICICI Prudential Multi Asset Allocation Fund
2023-01-23,,,,521.1096,ICICI Prudential Multi Asset Allocation Fund
2023-01-24,,,,520.886,ICICI Prudential Multi Asset Allocation Fund
2023-01-25,,,,519.0383,ICICI Prudential Multi Asset Allocation Fund
2023-01-27,,,,514.873,ICICI Prudential Multi Asset Allocation Fund
2023-01-30,,,,515.3532,ICICI Prudential Multi Asset Allocation Fund
2023-01-31,,,,517.4072,ICICI Prudential Multi Asset Allocation Fund
2023-02-01,,,,517.1112,ICICI Prudential Multi Asset Allocation Fund
2023-02-02,,,,517.1357,ICICI Prudential Multi Asset Allocation Fund
2023-02-03,,,,518.9438,ICICI Prudential Multi Asset Allocation Fund
2023-02-06,,,,517.9689,ICICI Prudential Multi Asset Allocation Fund
2023-02-07,,,,517.0834,ICICI Prudential Multi Asset Allocation Fund
2023-02-08,,,,518.7499,ICICI Prudential Multi Asset Allocation Fund
2023-02-09,,,,518.9077,ICICI Prudential Multi Asset Allocation Fund
2023-02-10,,,,518.6851,ICICI Prudential Multi Asset Allocation Fund
2023-02-13,,,,517.263,ICICI Prudential Multi Asset Allocation Fund
2023-02-14,,,,518.5166,ICICI Prudential Multi Asset Allocation Fund
2023-02-15,,,,518.9217,ICICI Prudential Multi Asset Allocation Fund
2023-02-16,,,,520.7242,ICICI Prudential Multi Asset Allocation Fund
2023-02-17,,,,519.3996,ICICI Prudential Multi Asset Allocation Fund
2023-02-20,,,,518.5897,ICICI Prudential Multi Asset Allocation Fund
2023-02-21,,,,519.1983,ICICI Prudential Multi Asset Allocation Fund
2023-02-22,,,,515.2412,ICICI Prudential Multi Asset Allocation Fund
2023-02-23,,,,514.5981,ICICI Prudential Multi Asset Allocation Fund
2023-02-24,,,,514.2872,ICICI Prudential Multi Asset Allocation Fund
2023-02-27,,,,513.1437,ICICI Prudential Multi Asset Allocation Fund
2023-02-28,,,,511.8401,ICICI Prudential Multi Asset Allocation Fund
2023-03-01,,,,514.8798,ICICI Prudential Multi Asset Allocation Fund
2023-03-02,,,,512.6105,ICICI Prudential Multi Asset Allocation Fund
2023-03-03,,,,516.3198,ICICI Prudential Multi Asset Allocation Fund
2023-03-06,,,,519.5515,ICICI Prudential Multi Asset Allocation Fund
2023-03-08,,,,519.1293,ICICI Prudential Multi Asset Allocation Fund
2023-03-09,,,,517.2459,ICICI Prudential Multi Asset Allocation Fund
2023-03-10,,,,516.0631,ICICI Prudential Multi Asset Allocation Fund
2023-03-13,,,,513.8054,ICICI Prudential Multi Asset Allocation Fund
2023-03-14,,,,512.3723,ICICI Prudential Multi Asset Allocation Fund
2023-03-15,,,,511.0988,ICICI Prudential Multi Asset Allocation Fund
2023-03-16,,,,511.0044,ICICI Prudential Multi Asset Allocation Fund
2023-03-17,,,,513.3028,ICICI Prudential Multi Asset Allocation Fund
2023-03-20,,,,511.6247,ICICI Prudential Multi Asset Allocation Fund
2023-03-21,,,,513.6838,ICICI Prudential Multi Asset Allocation Fund
2023-03-22,,,,514.0936,ICICI Prudential Multi Asset Allocation Fund
2023-03-23,,,,514.5102,ICICI Prudential Multi Asset Allocation Fund
2023-03-24,,,,511.3269,ICICI Prudential Multi Asset Allocation Fund
2023-03-27,,,,510.9696,ICICI Prudential Multi Asset Allocation Fund
2023-03-28,,,,509.75,ICICI Prudential Multi Asset Allocation Fund
2023-03-29,,,,512.8358,ICICI Prudential Multi Asset Allocation Fund
2023-03-31,,,,518.3991,ICICI Prudential Multi Asset Allocation Fund
2023-04-03,,,,521.4282,ICICI Prudential Multi Asset Allocation Fund
2023-04-05,,,,523.2533,ICICI Prudential Multi Asset Allocation Fund
2023-04-06,,,,523.7139,ICICI Prudential Multi Asset Allocation Fund
2023-04-10,,,,525.4117,ICICI Prudential Multi Asset Allocation Fund
2023-04-11,,,,527.4194,ICICI Prudential Multi Asset Allocation Fund
2023-04-12,,,,528.3957,ICICI Prudential Multi Asset Allocation Fund
2023-04-13,,,,528.2462,ICICI Prudential Multi Asset Allocation Fund
2023-04-17,,,,524.9819,ICICI Prudential Multi Asset Allocation Fund
2023-04-18,,,,525.9062,ICICI Prudential Multi Asset Allocation Fund
2023-04-19,,,,524.2697,ICICI Prudential Multi Asset Allocation Fund
2023-04-20,,,,525.1584,ICICI Prudential Multi Asset Allocation Fund
2023-04-21,,,,523.5659,ICICI Prudential Multi Asset Allocation Fund
2023-04-24,,,,525.7704,ICICI Prudential Multi Asset Allocation Fund
2023-04-25,,,,526.2092,ICICI Prudential Multi Asset Allocation Fund
2023-04-26,,,,526.3746,ICICI Prudential Multi Asset Allocation Fund
2023-04-27,,,,527.9175,ICICI Prudential Multi Asset Allocation Fund
2023-04-28,,,,530.6028,ICICI Prudential Multi Asset Allocation Fund
2023-05-02,,,,534.0372,ICICI Prudential Multi Asset Allocation Fund
2023-05-03,,,,533.2084,ICICI Prudential Multi Asset Allocation Fund
2023-05-05,,,,533.285,ICICI Prudential Multi Asset Allocation Fund
2023-05-08,,,,538.052,ICICI Prudential Multi Asset Allocation Fund
2023-05-09,,,,538.4231,ICICI Prudential Multi Asset Allocation Fund
2023-05-10,,,,539.8876,ICICI Prudential Multi Asset Allocation Fund
2023-05-11,,,,539.8363,ICICI Prudential Multi Asset Allocation Fund
2023-05-12,,,,538.2238,ICICI Prudential Multi Asset Allocation Fund
2023-05-15,,,,540.503,ICICI Prudential Multi Asset Allocation Fund
2023-05-16,,,,539.5445,ICICI Prudential Multi Asset Allocation Fund
2023-05-17,,,,537.6423,ICICI Prudential Multi Asset Allocation Fund
2023-05-18,,,,536.7695,ICICI Prudential Multi Asset Allocation Fund
2023-05-19,,,,536.865,ICICI Prudential Multi Asset Allocation Fund
2023-05-22,,,,537.8788,ICICI Prudential Multi Asset Allocation Fund
2023-05-23,,,,538.1949,ICICI Prudential Multi Asset Allocation Fund
2023-05-24,,,,537.8001,ICICI Prudential Multi Asset Allocation Fund
2023-05-25,,,,537.5841,ICICI Prudential Multi Asset Allocation Fund
2023-05-26,,,,540.1883,ICICI Prudential Multi Asset Allocation Fund
2023-05-29,,,,541.8422,ICICI Prudential Multi Asset Allocation Fund
2023-05-30,,,,541.9933,ICICI Prudential Multi Asset Allocation Fund
2023-05-31,,,,541.2059,ICICI Prudential Multi Asset Allocation Fund
2023-06-01,,,,541.5871,ICICI Prudential Multi Asset Allocation Fund
2023-06-02,,,,543.4299,ICICI Prudential Multi Asset Allocation Fund
2023-06-05,,,,545.0036,ICICI Prudential Multi Asset Allocation Fund
2023-06-06,,,,545.5445,ICICI Prudential Multi Asset Allocation Fund
2023-06-07,,,,547.6807,ICICI Prudential Multi Asset Allocation Fund
2023-06-08,,,,547.6295,ICICI Prudential Multi Asset Allocation Fund
2023-06-09,,,,546.391,ICICI Prudential Multi Asset Allocation Fund
2023-06-12,,,,547.8426,ICICI Prudential Multi Asset Allocation Fund
2023-06-13,,,,549.2454,ICICI Prudential Multi Asset Allocation Fund
2023-06-14,,,,549.8598,ICICI Prudential Multi Asset Allocation Fund
2023-06-15,,,,548.8526,ICICI Prudential Multi Asset Allocation Fund
2023-06-16,,,,551.4191,ICICI Prudential Multi Asset Allocation Fund
2023-06-19,,,,549.5244,ICICI Prudential Multi Asset Allocation Fund
2023-06-20,,,,550.3718,ICICI Prudential Multi Asset Allocation Fund
2023-06-21,,,,551.5836,ICICI Prudential Multi Asset Allocation Fund
2023-06-22,,,,548.8493,ICICI Prudential Multi Asset Allocation Fund
2023-06-23,,,,547.275,ICICI Prudential Multi Asset Allocation Fund
2023-06-26,,,,548.3545,ICICI Prudential Multi Asset Allocation Fund
2023-06-27,,,,550.9473,ICICI Prudential Multi Asset Allocation Fund
2023-06-28,,,,553.6637,ICICI Prudential Multi Asset Allocation Fund
2023-06-30,,,,556.6604,ICICI Prudential Multi Asset Allocation Fund
2023-07-03,,,,558.2787,ICICI Prudential Multi Asset Allocation Fund
2023-07-04,,,,558.6224,ICICI Prudential Multi Asset Allocation Fund
2023-07-05,,,,560.4501,ICICI Prudential Multi Asset Allocation Fund
2023-07-06,,,,562.4581,ICICI Prudential Multi Asset Allocation Fund
2023-07-07,,,,560.8859,ICICI Prudential Multi Asset Allocation Fund
2023-07-10,,,,561.202,ICICI Prudential Multi Asset Allocation Fund
2023-07-11,,,,563.5186,ICICI Prudential Multi Asset Allocation Fund
2023-07-12,,,,564.1767,ICICI Prudential Multi Asset Allocation Fund
2023-07-13,,,,564.2256,ICICI Prudential Multi Asset Allocation Fund
2023-07-14,,,,567.1177,ICICI Prudential Multi Asset Allocation Fund
2023-07-17,,,,568.1869,ICICI Prudential Multi Asset Allocation Fund
2023-07-18,,,,569.0931,ICICI Prudential Multi Asset Allocation Fund
2023-07-19,,,,570.8109,ICICI Prudential Multi Asset Allocation Fund
2023-07-20,,,,573.1329,ICICI Prudential Multi Asset Allocation Fund
2023-07-21,,,,572.1883,ICICI Prudential Multi Asset Allocation Fund
2023-07-24,,,,571.9831,ICICI Prudential Multi Asset Allocation Fund
2023-07-25,,,,574.9745,ICICI Prudential Multi Asset Allocation Fund
2023-07-26,,,,577.6565,ICICI Prudential Multi Asset Allocation Fund
2023-07-27,,,,577.4741,ICICI Prudential Multi Asset Allocation Fund
2023-07-28,,,,579.785,ICICI Prudential Multi Asset Allocation Fund
2023-07-31,,,,584.6785,ICICI Prudential Multi Asset Allocation Fund
2023-08-01,,,,585.3033,ICICI Prudential Multi Asset Allocation Fund
2023-08-02,,,,581.0415,ICICI Prudential Multi Asset Allocation Fund
2023-08-03,,,,579.6833,ICICI Prudential Multi Asset Allocation Fund
2023-08-04,,,,581.7314,ICICI Prudential Multi Asset Allocation Fund
2023-08-07,,,,583.5071,ICICI Prudential Multi Asset Allocation Fund
2023-08-08,,,,583.3713,ICICI Prudential Multi Asset Allocation Fund
2023-08-09,,,,584.5378,ICICI Prudential Multi Asset Allocation Fund
2023-08-10,,,,583.1974,ICICI Prudential Multi Asset Allocation Fund
2023-08-11,,,,581.3979,ICICI Prudential Multi Asset Allocation Fund
2023-08-14,,,,580.8353,ICICI Prudential Multi Asset Allocation Fund
2023-08-16,,,,581.537,ICICI Prudential Multi Asset Allocation Fund
2023-08-17,,,,580.0197,ICICI Prudential Multi Asset Allocation Fund
2023-08-18,,,,578.7159,ICICI Prudential Multi Asset Allocation Fund
2023-08-21,,,,581.0476,ICICI Prudential Multi Asset Allocation Fund
2023-08-22,,,,581.7885,ICICI Prudential Multi Asset Allocation Fund
2023-08-23,,,,583.3518,ICICI Prudential Multi Asset Allocation Fund
2023-08-24,,,,582.6903,ICICI Prudential Multi Asset Allocation Fund
2023-08-25,,,,580.6125,ICICI Prudential Multi Asset Allocation Fund
2023-08-28,,,,582.1225,ICICI Prudential Multi Asset Allocation Fund
2023-08-29,,,,583.6655,ICICI Prudential Multi Asset Allocation Fund
2023-08-30,,,,584.5246,ICICI Prudential Multi Asset Allocation Fund
2023-08-31,,,,583.9224,ICICI Prudential Multi Asset Allocation Fund
2023-09-01,,,,589.9289,ICICI Prudential Multi Asset Allocation Fund
2023-09-04,,,,592.6408,ICICI Prudential Multi Asset Allocation Fund
2023-09-05,,,,593.0244,ICICI Prudential Multi Asset Allocation Fund
2023-09-06,,,,592.3277,ICICI Prudential Multi Asset Allocation Fund
2023-09-07,,,,593.6004,ICICI Prudential Multi Asset Allocation Fund
2023-09-08,,,,596.059,ICICI Prudential Multi Asset Allocation Fund
2023-09-11,,,,598.8562,ICICI Prudential Multi Asset Allocation Fund
2023-09-12,,,,595.1811,ICICI Prudential Multi Asset Allocation Fund
2023-09-13,,,,597.2976,ICICI Prudential Multi Asset Allocation Fund
2023-09-14,,,,598.8394,ICICI Prudential Multi Asset Allocation Fund
2023-09-15,,,,600.8644,ICICI Prudential Multi Asset Allocation Fund
2023-09-18,,,,600.9702,ICICI Prudential Multi Asset Allocation Fund
2023-09-20,,,,598.853,ICICI Prudential Multi Asset Allocation Fund
2023-09-21,,,,595.8743,ICICI Prudential Multi Asset Allocation Fund
2023-09-22,,,,594.7565,ICICI Prudential Multi Asset Allocation Fund
2023-09-25,,,,594.0822,ICICI Prudential Multi Asset Allocation Fund
2023-09-26,,,,594.0158,ICICI Prudential Multi Asset Allocation Fund
2023-09-27,,,,593.862,ICICI Prudential Multi Asset Allocation Fund
2023-09-29,,,,596.0012,ICICI Prudential Multi Asset Allocation Fund
2023-10-03,,,,592.0653,ICICI Prudential Multi Asset Allocation Fund
2023-10-04,,,,588.0742,ICICI Prudential Multi Asset Allocation Fund
2023-10-05,,,,588.8647,ICICI Prudential Multi Asset Allocation Fund
2023-10-06,,,,590.9066,ICICI Prudential Multi Asset Allocation Fund
2023-10-09,,,,589.6552,ICICI Prudential Multi Asset Allocation Fund
2023-10-10,,,,593.2426,ICICI Prudential Multi Asset Allocation Fund
2023-10-11,,,,595.3795,ICICI Prudential Multi Asset Allocation Fund
2023-10-12,,,,596.9114,ICICI Prudential Multi Asset Allocation Fund
2023-10-13,,,,598.7542,ICICI Prudential Multi Asset Allocation Fund
2023-10-16,,,,599.5882,ICICI Prudential Multi Asset Allocation Fund
2023-10-17,,,,601.5962,ICICI Prudential Multi Asset Allocation Fund
2023-10-18,,,,600.4844,ICICI Prudential Multi Asset Allocation Fund
2023-10-19,,,,599.2244,ICICI Prudential Multi Asset Allocation Fund
2023-10-20,,,,598.9402,ICICI Prudential Multi Asset Allocation Fund
2023-10-23,,,,594.6049,ICICI Prudential Multi Asset Allocation Fund
2023-10-25,,,,592.0253,ICICI Prudential Multi Asset Allocation Fund
2023-10-26,,,,588.6562,ICICI Prudential Multi Asset Allocation Fund
2023-10-27,,,,593.1105,ICICI Prudential Multi Asset Allocation Fund
2023-10-30,,,,594.1325,ICICI Prudential Multi Asset Allocation Fund
2023-10-31,,,,592.261,ICICI Prudential Multi Asset Allocation Fund
2023-11-01,,,,591.0108,ICICI Prudential Multi Asset Allocation Fund
2023-11-02,,,,594.1033,ICICI Prudential Multi Asset Allocation Fund
2023-11-03,,,,597.0561,ICICI Prudential Multi Asset Allocation Fund
2023-11-06,,,,599.8497,ICICI Prudential Multi Asset Allocation Fund
2023-11-07,,,,600.3595,ICICI Prudential Multi Asset Allocation Fund
2023-11-08,,,,601.069,ICICI Prudential Multi Asset Allocation Fund
2023-11-09,,,,600.8321,ICICI Prudential Multi Asset Allocation Fund
2023-11-10,,,,600.9203,ICICI Prudential Multi Asset Allocation Fund
2023-11-13,,,,602.354,ICICI Prudential Multi Asset Allocation Fund
2023-11-15,,,,607.3524,ICICI Prudential Multi Asset Allocation Fund
2023-11-16,,,,610.2806,ICICI Prudential Multi Asset Allocation Fund
2023-11-17,,,,609.2887,ICICI Prudential Multi Asset Allocation Fund
2023-11-20,,,,609.6729,ICICI Prudential Multi Asset Allocation Fund
2023-11-21,,,,611.4696,ICICI Prudential Multi Asset Allocation Fund
2023-11-22,,,,611.6949,ICICI Prudential Multi Asset Allocation Fund
2023-11-23,,,,612.2359,ICICI Prudential Multi Asset Allocation Fund
2023-11-24,,,,612.9647,ICICI Prudential Multi Asset Allocation Fund
2023-11-28,,,,617.0958,ICICI Prudential Multi Asset Allocation Fund
2023-11-29,,,,620.4233,ICICI Prudential Multi Asset Allocation Fund
2023-11-30,,,,622.7994,ICICI Prudential Multi Asset Allocation Fund
2023-12-01,,,,625.8116,ICICI Prudential Multi Asset Allocation Fund
2023-12-04,,,,631.6543,ICICI Prudential Multi Asset Allocation Fund
2023-12-05,,,,633.866,ICICI Prudential Multi Asset Allocation Fund
2023-12-06,,,,633.0731,ICICI Prudential Multi Asset Allocation Fund
2023-12-07,,,,633.7543,ICICI Prudential Multi Asset Allocation Fund
2023-12-08,,,,633.0882,ICICI Prudential Multi Asset Allocation Fund
2023-12-11,,,,633.034,ICICI Prudential Multi Asset Allocation Fund
2023-12-12,,,,630.7799,ICICI Prudential Multi Asset Allocation Fund
2023-12-13,,,,633.0291,ICICI Prudential Multi Asset Allocation Fund
2023-12-14,,,,639.4733,ICICI Prudential Multi Asset Allocation Fund
2023-12-15,,,,642.7931,ICICI Prudential Multi Asset Allocation Fund
2023-12-18,,,,642.2447,ICICI Prudential Multi Asset Allocation Fund
2023-12-19,,,,642.7688,ICICI Prudential Multi Asset Allocation Fund
2023-12-21,,,,637.7583,ICICI Prudential Multi Asset Allocation Fund
2023-12-22,,,,640.2707,ICICI Prudential Multi Asset Allocation Fund
2023-12-26,,,,643.1615,ICICI Prudential Multi Asset Allocation Fund
2023-12-27,,,,645.9348,ICICI Prudential Multi Asset Allocation Fund
2023-12-28,,,,648.7521,ICICI Prudential Multi Asset Allocation Fund
2023-12-29,,,,647.6647,ICICI Prudential Multi Asset Allocation Fund
2024-01-01,,,,648.6417,ICICI Prudential Multi Asset Allocation Fund
2024-01-02,,,,648.124,ICICI Prudential Multi Asset Allocation Fund
2024-01-03,,,,645.8378,ICICI Prudential Multi Asset Allocation Fund
2024-01-04,,,,649.1735,ICICI Prudential Multi Asset Allocation Fund
2024-01-05,,,,649.5457,ICICI Prudential Multi Asset Allocation Fund
2024-01-08,,,,647.0424,ICICI Prudential Multi Asset Allocation Fund
2024-01-09,,,,648.2432,ICICI Prudential Multi Asset Allocation Fund
2024-01-10,,,,648.5159,ICICI Prudential Multi Asset Allocation Fund
2024-01-11,,,,649.6732,ICICI Prudential Multi Asset Allocation Fund
2024-01-12,,,,653.8514,ICICI Prudential Multi Asset Allocation Fund
2024-01-15,,,,657.4446,ICICI Prudential Multi Asset Allocation Fund
2024-01-16,,,,656.4521,ICICI Prudential Multi Asset Allocation Fund
2024-01-17,,,,651.1801,ICICI Prudential Multi Asset Allocation Fund
2024-01-18,,,,649.8656,ICICI Prudential Multi Asset Allocation Fund
2024-01-19,,,,654.3342,ICICI Prudential Multi Asset Allocation Fund
2024-01-23,,,,648.578,ICICI Prudential Multi Asset Allocation Fund
2024-01-24,,,,653.8131,ICICI Prudential Multi Asset Allocation Fund
2024-01-25,,,,652.5557,ICICI Prudential Multi Asset Allocation Fund
2024-01-29,,,,658.5303,ICICI Prudential Multi Asset Allocation Fund
2024-01-30,,,,656.5579,ICICI Prudential Multi Asset Allocation Fund
2024-01-31,,,,661.6805,ICICI Prudential Multi Asset Allocation Fund
2024-02-01,,,,661.9297,ICICI Prudential Multi Asset Allocation Fund
2024-02-02,,,,665.4182,ICICI Prudential Multi Asset Allocation Fund
2024-02-05,,,,664.4967,ICICI Prudential Multi Asset Allocation Fund
2024-02-06,,,,669.8225,ICICI Prudential Multi Asset Allocation Fund
2024-02-07,,,,670.4322,ICICI Prudential Multi Asset Allocation Fund
2024-02-08,,,,667.9015,ICICI Prudential Multi Asset Allocation Fund
2024-02-09,,,,668.3947,ICICI Prudential Multi Asset Allocation Fund
2024-02-12,,,,662.7489,ICICI Prudential Multi Asset Allocation Fund
2024-02-13,,,,664.673,ICICI Prudential Multi Asset Allocation Fund
2024-02-14,,,,667.6367,ICICI Prudential Multi Asset Allocation Fund
2024-02-15,,,,670.2394,ICICI Prudential Multi Asset Allocation Fund
2024-02-16,,,,672.9505,ICICI Prudential Multi Asset Allocation Fund
2024-02-19,,,,675.0854,ICICI Prudential Multi Asset Allocation Fund
2024-02-20,,,,677.1284,ICICI Prudential Multi Asset Allocation Fund
2024-02-21,,,,674.909,ICICI Prudential Multi Asset Allocation Fund
2024-02-22,,,,677.2477,ICICI Prudential Multi Asset Allocation Fund
2024-02-23,,,,677.2359,ICICI Prudential Multi Asset Allocation Fund
2024-02-26,,,,675.393,ICICI Prudential Multi Asset Allocation Fund
2024-02-27,,,,676.4791,ICICI Prudential Multi Asset Allocation Fund
2024-02-28,,,,672.0498,ICICI Prudential Multi Asset Allocation Fund
2024-02-29,,,,673.6413,ICICI Prudential Multi Asset Allocation Fund
2024-03-01,,,,680.1784,ICICI Prudential Multi Asset Allocation Fund
2024-03-04,,,,684.1147,ICICI Prudential Multi Asset Allocation Fund
2024-03-05,,,,685.9536,ICICI Prudential Multi Asset Allocation Fund
2024-03-06,,,,685.2513,ICICI Prudential Multi Asset Allocation Fund
2024-03-07,,,,686.8199,ICICI Prudential Multi Asset Allocation Fund
2024-03-11,,,,685.8579,ICICI Prudential Multi Asset Allocation Fund
2024-03-12,,,,684.5431,ICICI Prudential Multi Asset Allocation Fund
2024-03-13,,,,675.6949,ICICI Prudential Multi Asset Allocation Fund
2024-03-14,,,,680.1361,ICICI Prudential Multi Asset Allocation Fund
2024-03-15,,,,678.2813,ICICI Prudential Multi Asset Allocation Fund
2024-03-18,,,,679.2098,ICICI Prudential Multi Asset Allocation Fund
2024-03-19,,,,676.0326,ICICI Prudential Multi Asset Allocation Fund
2024-03-20,,,,677.2157,ICICI Prudential Multi Asset Allocation Fund
2024-03-21,,,,683.3206,ICICI Prudential Multi Asset Allocation Fund
2024-03-22,,,,685.108,ICICI Prudential Multi Asset Allocation Fund
2024-03-26,,,,686.3021,ICICI Prudential Multi Asset Allocation Fund
2024-03-27,,,,687.9695,ICICI Prudential Multi Asset Allocation Fund
2024-03-28,,,,692.0702,ICICI Prudential Multi Asset Allocation Fund
2024-03-31,,,,692.1385,ICICI Prudential Multi Asset Allocation Fund
2024-04-01,,,,697.3202,ICICI Prudential Multi Asset Allocation Fund
2024-04-02,,,,698.483,ICICI Prudential Multi Asset Allocation Fund
2024-04-03,,,,700.5607,ICICI Prudential Multi Asset Allocation Fund
2024-04-04,,,,702.3176,ICICI Prudential Multi Asset Allocation Fund
2024-04-05,,,,704.9837,ICICI Prudential Multi Asset Allocation Fund
2024-04-08,,,,709.8885,ICICI Prudential Multi Asset Allocation Fund
2024-04-09,,,,711.303,ICICI Prudential Multi Asset Allocation Fund
2024-04-10,,,,713.4167,ICICI Prudential Multi Asset Allocation Fund
2024-04-12,,,,709.656,ICICI Prudential Multi Asset Allocation Fund
2024-04-15,,,,706.0761,ICICI Prudential Multi Asset Allocation Fund
2024-04-16,,,,705.6007,ICICI Prudential Multi Asset Allocation Fund
2024-04-18,,,,704.0715,ICICI Prudential Multi Asset Allocation Fund
2024-04-19,,,,706.4153,ICICI Prudential Multi Asset Allocation Fund
2024-04-22,,,,707.3634,ICICI Prudential Multi Asset Allocation Fund
2024-04-23,,,,708.0729,ICICI Prudential Multi Asset Allocation Fund
2024-04-24,,,,709.8554,ICICI Prudential Multi Asset Allocation Fund
2024-04-25,,,,712.9275,ICICI Prudential Multi Asset Allocation Fund
2024-04-26,,,,712.0798,ICICI Prudential Multi Asset Allocation Fund
2024-04-29,,,,714.635,ICICI Prudential Multi Asset Allocation Fund
2024-04-30,,,,713.3571,ICICI Prudential Multi Asset Allocation Fund
2024-05-02,,,,714.4899,ICICI Prudential Multi Asset Allocation Fund
2024-05-03,,,,712.1767,ICICI Prudential Multi Asset Allocation Fund
2024-05-06,,,,712.4626,ICICI Prudential Multi Asset Allocation Fund
2024-05-07,,,,709.6643,ICICI Prudential Multi Asset Allocation Fund
2024-05-08,,,,711.3949,ICICI Prudential Multi Asset Allocation Fund
2024-05-09,,,,705.7692,ICICI Prudential Multi Asset Allocation Fund
2024-05-10,,,,711.0239,ICICI Prudential Multi Asset Allocation Fund
2024-05-13,,,,711.5605,ICICI Prudential Multi Asset Allocation Fund
2024-05-14,,,,713.7028,ICICI Prudential Multi Asset Allocation Fund
2024-05-15,,,,714.9549,ICICI Prudential Multi Asset Allocation Fund
2024-05-16,,,,718.4223,ICICI Prudential Multi Asset Allocation Fund
2024-05-17,,,,721.2612,ICICI Prudential Multi Asset Allocation Fund
2024-05-21,,,,724.4858,ICICI Prudential Multi Asset Allocation Fund
2024-05-22,,,,724.7137,ICICI Prudential Multi Asset Allocation Fund
2024-05-23,,,,726.57,ICICI Prudential Multi Asset Allocation Fund
2024-05-24,,,,726.0386,ICICI Prudential Multi Asset Allocation Fund
2024-05-27,,,,725.335,ICICI Prudential Multi Asset Allocation Fund
2024-05-28,,,,724.9884,ICICI Prudential Multi Asset Allocation Fund
2024-05-29,,,,722.4425,ICICI Prudential Multi Asset Allocation Fund
2024-05-30,,,,718.0805,ICICI Prudential Multi Asset Allocation Fund
2024-05-31,,,,717.3978,ICICI Prudential Multi Asset Allocation Fund
2024-06-03,,,,727.9288,ICICI Prudential Multi Asset Allocation Fund
2024-06-04,,,,705.834,ICICI Prudential Multi Asset Allocation Fund
2024-06-05,,,,720.3742,ICICI Prudential Multi Asset Allocation Fund
2024-06-06,,,,725.8258,ICICI Prudential Multi Asset Allocation Fund
2024-06-07,,,,731.6738,ICICI Prudential Multi Asset Allocation Fund
2024-06-10,,,,733.1561,ICICI Prudential Multi Asset Allocation Fund
2024-06-11,,,,733.1143,ICICI Prudential Multi Asset Allocation Fund
2024-06-12,,,,735.1829,ICICI Prudential Multi Asset Allocation Fund
2024-06-13,,,,735.6291,ICICI Prudential Multi Asset Allocation Fund
2024-06-14,,,,737.6836,ICICI Prudential Multi Asset Allocation Fund
2024-06-18,,,,738.4421,ICICI Prudential Multi Asset Allocation Fund
2024-06-19,,,,737.1427,ICICI Prudential Multi Asset Allocation Fund
2024-06-20,,,,739.0529,ICICI Prudential Multi Asset Allocation Fund
2024-06-21,,,,737.7469,ICICI Prudential Multi Asset Allocation Fund
2024-06-24,,,,738.3566,ICICI Prudential Multi Asset Allocation Fund
2024-06-25,,,,739.5806,ICICI Prudential Multi Asset Allocation Fund
2024-06-26,,,,740.7621,ICICI Prudential Multi Asset Allocation Fund
2024-06-27,,,,743.0897,ICICI Prudential Multi Asset Allocation Fund
2024-06-28,,,,742.4443,ICICI Prudential Multi Asset Allocation Fund
2024-07-01,,,,744.6312,ICICI Prudential Multi Asset Allocation Fund
2024-07-02,,,,744.6187,ICICI Prudential Multi Asset Allocation Fund
2024-07-03,,,,748.6713,ICICI Prudential Multi Asset Allocation Fund
2024-07-04,,,,749.5825,ICICI Prudential Multi Asset Allocation Fund
2024-07-05,,,,752.266,ICICI Prudential Multi Asset Allocation Fund
2024-07-08,,,,752.8454,ICICI Prudential Multi Asset Allocation Fund
2024-07-09,,,,755.7856,ICICI Prudential Multi Asset Allocation Fund
2024-07-10,,,,756.4047,ICICI Prudential Multi Asset Allocation Fund
2024-07-11,,,,757.1234,ICICI Prudential Multi Asset Allocation Fund
2024-07-12,,,,758.118,ICICI Prudential Multi Asset Allocation Fund
2024-07-15,,,,760.1093,ICICI Prudential Multi Asset Allocation Fund
2024-07-16,,,,761.4077,ICICI Prudential Multi Asset Allocation Fund
2024-07-18,,,,762.5993,ICICI Prudential Multi Asset Allocation Fund
2024-07-19,,,,755.8734,ICICI Prudential Multi Asset Allocation Fund
2024-07-22,,,,757.2288,ICICI Prudential Multi Asset Allocation Fund
2024-07-23,,,,753.2568,ICICI Prudential Multi Asset Allocation Fund
2024-07-24,,,,754.8724,ICICI Prudential Multi Asset Allocation Fund
2024-07-25,,,,753.6528,ICICI Prudential Multi Asset Allocation Fund
2024-07-26,,,,758.3802,ICICI Prudential Multi Asset Allocation Fund
2024-07-29,,,,758.7482,ICICI Prudential Multi Asset Allocation Fund
2024-07-30,,,,761.0125,ICICI Prudential Multi Asset Allocation Fund
2024-07-31,,,,764.9436,ICICI Prudential Multi Asset Allocation Fund
2024-08-01,,,,765.5873,ICICI Prudential Multi Asset Allocation Fund
2024-08-02,,,,761.3302,ICICI Prudential Multi Asset Allocation Fund
2024-08-05,,,,750.0266,ICICI Prudential Multi Asset Allocation Fund
2024-08-06,,,,748.5502,ICICI Prudential Multi Asset Allocation Fund
2024-08-07,,,,754.1363,ICICI Prudential Multi Asset Allocation Fund
2024-08-08,,,,752.1245,ICICI Prudential Multi Asset Allocation Fund
2024-08-09,,,,755.5846,ICICI Prudential Multi Asset Allocation Fund
2024-08-12,,,,756.9327,ICICI Prudential Multi Asset Allocation Fund
2024-08-13,,,,753.015,ICICI Prudential Multi Asset Allocation Fund
2024-08-14,,,,752.0867,ICICI Prudential Multi Asset Allocation Fund
2024-08-16,,,,758.0223,ICICI Prudential Multi Asset Allocation Fund
2024-08-19,,,,760.3166,ICICI Prudential Multi Asset Allocation Fund
2024-08-20,,,,763.4421,ICICI Prudential Multi Asset Allocation Fund
2024-08-21,,,,764.7374,ICICI Prudential Multi Asset Allocation Fund
2024-08-22,,,,765.4569,ICICI Prudential Multi Asset Allocation Fund
2024-08-23,,,,766.4479,ICICI Prudential Multi Asset Allocation Fund
2024-08-26,,,,770.5021,ICICI Prudential Multi Asset Allocation Fund
2024-08-27,,,,772.8071,ICICI Prudential Multi Asset Allocation Fund
2024-08-28,,,,772.1687,ICICI Prudential Multi Asset Allocation Fund
2024-08-29,,,,773.2631,ICICI Prudential Multi Asset Allocation Fund
2024-08-30,,,,774.8656,ICICI Prudential Multi Asset Allocation Fund
2024-09-02,,,,776.3321,ICICI Prudential Multi Asset Allocation Fund
2024-09-03,,,,776.5055,ICICI Prudential Multi Asset Allocation Fund
2024-09-04,,,,776.1628,ICICI Prudential Multi Asset Allocation Fund
2024-09-05,,,,777.4777,ICICI Prudential Multi Asset Allocation Fund
2024-09-06,,,,774.2134,ICICI Prudential Multi Asset Allocation Fund
2024-09-09,,,,774.0591,ICICI Prudential Multi Asset Allocation Fund
2024-09-10,,,,775.286,ICICI Prudential Multi Asset Allocation Fund
2024-09-11,,,,774.1442,ICICI Prudential Multi Asset Allocation Fund
2024-09-12,,,,781.2096,ICICI Prudential Multi Asset Allocation Fund
2024-09-13,,,,782.6308,ICICI Prudential Multi Asset Allocation Fund
2024-09-16,,,,784.229,ICICI Prudential Multi Asset Allocation Fund
2024-09-17,,,,783.6037,ICICI Prudential Multi Asset Allocation Fund
2024-09-18,,,,782.6684,ICICI Prudential Multi Asset Allocation Fund
2024-09-19,,,,785.3734,ICICI Prudential Multi Asset Allocation Fund
2024-09-20,,,,789.8986,ICICI Prudential Multi Asset Allocation Fund
2024-09-23,,,,791.1906,ICICI Prudential Multi Asset Allocation Fund
2024-09-24,,,,792.4715,ICICI Prudential Multi Asset Allocation Fund
2024-09-25,,,,794.681,ICICI Prudential Multi Asset Allocation Fund
2024-09-26,,,,798.9689,ICICI Prudential Multi Asset Allocation Fund
2024-09-27,,,,799.0584,ICICI Prudential Multi Asset Allocation Fund
2024-09-30,,,,794.6701,ICICI Prudential Multi Asset Allocation Fund
2024-10-01,,,,794.5316,ICICI Prudential Multi Asset Allocation Fund
2024-10-03,,,,786.8843,ICICI Prudential Multi Asset Allocation Fund
2024-10-04,,,,784.876,ICICI Prudential Multi Asset Allocation Fund
2024-10-07,,,,779.9808,ICICI Prudential Multi Asset Allocation Fund
2024-10-08,,,,780.4452,ICICI Prudential Multi Asset Allocation Fund
2024-10-09,,,,780.7727,ICICI Prudential Multi Asset Allocation Fund
2024-10-10,,,,781.6488,ICICI Prudential Multi Asset Allocation Fund
2024-10-11,,,,782.429,ICICI Prudential Multi Asset Allocation Fund
2024-10-14,,,,783.0078,ICICI Prudential Multi Asset Allocation Fund
2024-10-15,,,,782.07,ICICI Prudential Multi Asset Allocation Fund
2024-10-16,,,,782.246,ICICI Prudential Multi Asset Allocation Fund
2024-10-17,,,,778.675,ICICI Prudential Multi Asset Allocation Fund
2024-10-18,,,,782.0215,ICICI Prudential Multi Asset Allocation Fund
2024-10-21,,,,782.6273,ICICI Prudential Multi Asset Allocation Fund
2024-10-22,,,,778.23,ICICI Prudential Multi Asset Allocation Fund
2024-10-23,,,,777.3922,ICICI Prudential Multi Asset Allocation Fund
2024-10-24,,,,776.6338,ICICI Prudential Multi Asset Allocation Fund
2024-10-25,,,,771.2159,ICICI Prudential Multi Asset Allocation Fund
2024-10-28,,,,773.8137,ICICI Prudential Multi Asset Allocation Fund
2024-10-29,,,,778.0895,ICICI Prudential Multi Asset Allocation Fund
2024-10-30,,,,777.3085,ICICI Prudential Multi Asset Allocation Fund
2024-10-31,,,,774.7552,ICICI Prudential Multi Asset Allocation Fund
2024-11-04,,,,771.3102,ICICI Prudential Multi Asset Allocation Fund
2024-11-05,,,,774.1715,ICICI Prudential Multi Asset Allocation Fund
2024-11-06,,,,776.6357,ICICI Prudential Multi Asset Allocation Fund
2024-11-07,,,,773.2091,ICICI Prudential Multi Asset Allocation Fund
2024-11-08,,,,770.9358,ICICI Prudential Multi Asset Allocation Fund
2024-11-11,,,,767.9778,ICICI Prudential Multi Asset Allocation Fund
2024-11-12,,,,762.0762,ICICI Prudential Multi Asset Allocation Fund
2024-11-13,,,,757.0167,ICICI Prudential Multi Asset Allocation Fund
2024-11-14,,,,756.0629,ICICI Prudential Multi Asset Allocation Fund
2024-11-18,,,,756.5142,ICICI Prudential Multi Asset Allocation Fund
2024-11-19,,,,758.086,ICICI Prudential Multi Asset Allocation Fund
2024-11-21,,,,754.8989,ICICI Prudential Multi Asset Allocation Fund
2024-11-22,,,,762.6374,ICICI Prudential Multi Asset Allocation Fund
2024-11-25,,,,764.9087,ICICI Prudential Multi Asset Allocation Fund
2024-11-26,,,,764.2503,ICICI Prudential Multi Asset Allocation Fund
2024-11-27,,,,766.3847,ICICI Prudential Multi Asset Allocation Fund
2024-11-28,,,,762.7851,ICICI Prudential Multi Asset Allocation Fund
2024-11-29,,,,767.2324,ICICI Prudential Multi Asset Allocation Fund
2024-12-02,,,,768.7208,ICICI Prudential Multi Asset Allocation Fund
2024-12-03,,,,773.0114,ICICI Prudential Multi Asset Allocation Fund
2024-12-04,,,,773.8799,ICICI Prudential Multi Asset Allocation Fund
2024-12-05,,,,776.3371,ICICI Prudential Multi Asset Allocation Fund
2024-12-06,,,,775.9722,ICICI Prudential Multi Asset Allocation Fund
2024-12-09,,,,776.1513,ICICI Prudential Multi Asset Allocation Fund
2024-12-10,,,,778.2364,ICICI Prudential Multi Asset Allocation Fund
2024-12-11,,,,778.8673,ICICI Prudential Multi Asset Allocation Fund
2024-12-12,,,,775.918,ICICI Prudential Multi Asset Allocation Fund
2024-12-13,,,,776.1339,ICICI Prudential Multi Asset Allocation Fund
2024-12-16,,,,775.9122,ICICI Prudential Multi Asset Allocation Fund
2024-12-17,,,,770.8756,ICICI Prudential Multi Asset Allocation Fund
2024-12-18,,,,768.1394,ICICI Prudential Multi Asset Allocation Fund
2024-12-19,,,,763.2274,ICICI Prudential Multi Asset Allocation Fund
2024-12-20,,,,757.9093,ICICI Prudential Multi Asset Allocation Fund
2024-12-23,,,,760.1444,ICICI Prudential Multi Asset Allocation Fund
2024-12-24,,,,760.4215,ICICI Prudential Multi Asset Allocation Fund
2024-12-26,,,,760.7767,ICICI Prudential Multi Asset Allocation Fund
2024-12-27,,,,761.6425,ICICI Prudential Multi Asset Allocation Fund
2024-12-30,,,,758.4137,ICICI Prudential Multi Asset Allocation Fund
2024-12-31,,,,758.2668,ICICI Prudential Multi Asset Allocation Fund
2025-01-01,,,,761.1622,ICICI Prudential Multi Asset Allocation Fund
2025-01-02,,,,770.0994,ICICI Prudential Multi Asset Allocation Fund
2025-01-03,,,,771.1067,ICICI Prudential Multi Asset Allocation Fund
2025-01-06,,,,765.7204,ICICI Prudential Multi Asset Allocation Fund
2025-01-07,,,,768.4628,ICICI Prudential Multi Asset Allocation Fund
2025-01-08,,,,768.3528,ICICI Prudential Multi Asset Allocation Fund
2025-01-09,,,,766.3286,ICICI Prudential Multi Asset Allocation Fund
2025-01-10,,,,763.6872,ICICI Prudential Multi Asset Allocation Fund
2025-01-13,,,,756.2255,ICICI Prudential Multi Asset Allocation Fund
2025-01-14,,,,760.0872,ICICI Prudential Multi Asset Allocation Fund
2025-01-15,,,,762.6548,ICICI Prudential Multi Asset Allocation Fund
2025-01-16,,,,766.9058,ICICI Prudential Multi Asset Allocation Fund
2025-01-17,,,,765.735,ICICI Prudential Multi Asset Allocation Fund
2025-01-20,,,,768.0765,ICICI Prudential Multi Asset Allocation Fund
2025-01-21,,,,763.8028,ICICI Prudential Multi Asset Allocation Fund
2025-01-22,,,,765.1611,ICICI Prudential Multi Asset Allocation Fund
2025-01-23,,,,766.5081,ICICI Prudential Multi Asset Allocation Fund
2025-01-24,,,,764.9652,ICICI Prudential Multi Asset Allocation Fund
2025-01-27,,,,760.5871,ICICI Prudential Multi Asset Allocation Fund
2025-01-28,,,,762.1127,ICICI Prudential Multi Asset Allocation Fund
2025-01-29,,,,765.9915,ICICI Prudential Multi Asset Allocation Fund
2025-01-30,,,,768.1517,ICICI Prudential Multi Asset Allocation Fund
2025-01-31,,,,773.7471,ICICI Prudential Multi Asset Allocation Fund
2025-02-03,,,,775.9117,ICICI Prudential Multi Asset Allocation Fund
2025-02-04,,,,781.817,ICICI Prudential Multi Asset Allocation Fund
2025-02-05,,,,782.7006,ICICI Prudential Multi Asset Allocation Fund
2025-02-06,,,,780.6559,ICICI Prudential Multi Asset Allocation Fund
2025-02-07,,,,780.2266,ICICI Prudential Multi Asset Allocation Fund
2025-02-10,,,,776.7189,ICICI Prudential Multi Asset Allocation Fund
2025-02-11,,,,769.162,ICICI Prudential Multi Asset Allocation Fund
2025-02-12,,,,769.8044,ICICI Prudential Multi Asset Allocation Fund
2025-02-13,,,,772.1037,ICICI Prudential Multi Asset Allocation Fund
2025-02-14,,,,769.5966,ICICI Prudential Multi Asset Allocation Fund
2025-02-17,,,,770.4111,ICICI Prudential Multi Asset Allocation Fund
2025-02-18,,,,771.3346,ICICI Prudential Multi Asset Allocation Fund
2025-02-19,,,,772.7884,ICICI Prudential Multi Asset Allocation Fund
2025-02-20,,,,772.8443,ICICI Prudential Multi Asset Allocation Fund
2025-02-21,,,,770.8386,ICICI Prudential Multi Asset Allocation Fund
2025-02-24,,,,766.9573,ICICI Prudential Multi Asset Allocation Fund
2025-02-25,,,,765.9018,ICICI Prudential Multi Asset Allocation Fund
2025-02-27,,,,764.7575,ICICI Prudential Multi Asset Allocation Fund
2025-02-28,,,,756.0908,ICICI Prudential Multi Asset Allocation Fund
2025-03-03,,,,756.5929,ICICI Prudential Multi Asset Allocation Fund
2025-03-04,,,,756.8188,ICICI Prudential Multi Asset Allocation Fund
2025-03-05,,,,763.4811,ICICI Prudential Multi Asset Allocation Fund
2025-03-06,,,,768.2728,ICICI Prudential Multi Asset Allocation Fund
2025-03-07,,,,768.1729,ICICI Prudential Multi Asset Allocation Fund
2025-03-10,,,,765.7551,ICICI Prudential Multi Asset Allocation Fund
2025-03-11,,,,766.3248,ICICI Prudential Multi Asset Allocation Fund
2025-03-12,,,,766.118,ICICI Prudential Multi Asset Allocation Fund
2025-03-13,,,,765.8693,ICICI Prudential Multi Asset Allocation Fund
2025-03-17,,,,769.2349,ICICI Prudential Multi Asset Allocation Fund
2025-03-18,,,,774.9636,ICICI Prudential Multi Asset Allocation Fund
2025-03-19,,,,776.8341,ICICI Prudential Multi Asset Allocation Fund
2025-03-20,,,,781.6147,ICICI Prudential Multi Asset Allocation Fund
2025-03-21,,,,784.6214,ICICI Prudential Multi Asset Allocation Fund
2025-03-24,,,,789.3363,ICICI Prudential Multi Asset Allocation Fund
2025-03-25,,,,789.372,ICICI Prudential Multi Asset Allocation Fund
2025-03-26,,,,787.0645,ICICI Prudential Multi Asset Allocation Fund
2025-03-27,,,,789.7168,ICICI Prudential Multi Asset Allocation Fund
2025-03-28,,,,789.9888,ICICI Prudential Multi Asset Allocation Fund
2025-03-31,,,,790.235,ICICI Prudential Multi Asset Allocation Fund
2025-04-01,,,,786.1301,ICICI Prudential Multi Asset Allocation Fund
2025-04-02,,,,789.1904,ICICI Prudential Multi Asset Allocation Fund
2025-04-03,,,,787.2216,ICICI Prudential Multi Asset Allocation Fund
2025-04-04,,,,776.5721,ICICI Prudential Multi Asset Allocation Fund
2025-04-07,,,,764.4305,ICICI Prudential Multi Asset Allocation Fund
2025-04-08,,,,771.373,ICICI Prudential Multi Asset Allocation Fund
2025-04-09,,,,771.767,ICICI Prudential Multi Asset Allocation Fund
2025-04-11,,,,781.1046,ICICI Prudential Multi Asset Allocation Fund
2025-04-15,,,,791.0922,ICICI Prudential Multi Asset Allocation Fund
2025-04-16,,,,795.0207,ICICI Prudential Multi Asset Allocation Fund
2025-04-17,,,,800.2056,ICICI Prudential Multi Asset Allocation Fund
2025-04-21,,,,806.1331,ICICI Prudential Multi Asset Allocation Fund
2025-04-22,,,,806.8758,ICICI Prudential Multi Asset Allocation Fund
2025-04-23,,,,809.7757,ICICI Prudential Multi Asset Allocation Fund
2025-04-24,,,,809.3299,ICICI Prudential Multi Asset Allocation Fund
2025-04-25,,,,803.1461,ICICI Prudential Multi Asset Allocation Fund
2025-04-28,,,,807.1184,ICICI Prudential Multi Asset Allocation Fund
2025-04-29,,,,808.065,ICICI Prudential Multi Asset Allocation Fund
2025-04-30,,,,805.7042,ICICI Prudential Multi Asset Allocation Fund
2025-05-02,,,,805.1869,ICICI Prudential Multi Asset Allocation Fund
2025-05-05,,,,808.0191,ICICI Prudential Multi Asset Allocation Fund
2025-05-06,,,,807.6275,ICICI Prudential Multi Asset Allocation Fund
2025-05-07,,,,808.6791,ICICI Prudential Multi Asset Allocation Fund
2025-05-08,,,,805.0052,ICICI Prudential Multi Asset Allocation Fund
2025-05-09,,,,802.2238,ICICI Prudential Multi Asset Allocation Fund
2025-05-12,,,,814.1131,ICICI Prudential Multi Asset Allocation Fund
2025-05-13,,,,811.9707,ICICI Prudential Multi Asset Allocation Fund
2025-05-14,,,,813.9024,ICICI Prudential Multi Asset Allocation Fund
2025-05-15,,,,818.8571,ICICI Prudential Multi Asset Allocation Fund
2025-05-16,,,,819.9454,ICICI Prudential Multi Asset Allocation Fund
2025-05-19,,,,820.1829,ICICI Prudential Multi Asset Allocation Fund
2025-05-20,,,,816.0936,ICICI Prudential Multi Asset Allocation Fund
2025-05-21,,,,819.9191,ICICI Prudential Multi Asset Allocation Fund
2025-05-22,,,,816.6732,ICICI Prudential Multi Asset Allocation Fund
2025-05-23,,,,820.1459,ICICI Prudential Multi Asset Allocation Fund
2025-05-26,,,,822.5203,ICICI Prudential Multi Asset Allocation Fund
2025-05-27,,,,820.4812,ICICI Prudential Multi Asset Allocation Fund
2025-05-28,,,,820.2829,ICICI Prudential Multi Asset Allocation Fund
2025-05-29,,,,821.564,ICICI Prudential Multi Asset Allocation Fund
2025-05-30,,,,819.3694,ICICI Prudential Multi Asset Allocation Fund
2025-06-02,,,,820.3416,ICICI Prudential Multi Asset Allocation Fund
2025-06-03,,,,819.1189,ICICI Prudential Multi Asset Allocation Fund
2025-06-04,,,,821.2843,ICICI Prudential Multi Asset Allocation Fund
2025-06-05,,,,824.117,ICICI Prudential Multi Asset Allocation Fund
2025-06-06,,,,829.5489,ICICI Prudential Multi Asset Allocation Fund
2025-06-09,,,,833.0718,ICICI Prudential Multi Asset Allocation Fund
2025-06-10,,,,833.052,ICICI Prudential Multi Asset Allocation Fund
2025-06-11,,,,833.4693,ICICI Prudential Multi Asset Allocation Fund
2025-06-12,,,,830.1914,ICICI Prudential Multi Asset Allocation Fund
2025-06-13,,,,829.8582,ICICI Prudential Multi Asset Allocation Fund
2025-06-16,,,,832.961,ICICI Prudential Multi Asset Allocation Fund
2025-06-17,,,,831.6586,ICICI Prudential Multi Asset Allocation Fund
2025-06-18,,,,831.4536,ICICI Prudential Multi Asset Allocation Fund
2025-06-19,,,,828.0446,ICICI Prudential Multi Asset Allocation Fund
2025-06-20,,,,831.1707,ICICI Prudential Multi Asset Allocation Fund
2025-06-23,,,,830.3449,ICICI Prudential Multi Asset Allocation Fund
2025-06-24,,,,829.4381,ICICI Prudential Multi Asset Allocation Fund
2025-06-25,,,,832.9722,ICICI Prudential Multi Asset Allocation Fund
2025-06-26,,,,837.0766,ICICI Prudential Multi Asset Allocation Fund
2025-06-27,,,,838.6316,ICICI Prudential Multi Asset Allocation Fund
2025-06-30,,,,837.0803,ICICI Prudential Multi Asset Allocation Fund
2025-07-01,,,,837.3614,ICICI Prudential Multi Asset Allocation Fund
2025-07-02,,,,836.7568,ICICI Prudential Multi Asset Allocation Fund
2025-07-03,,,,836.7164,ICICI Prudential Multi Asset Allocation Fund
2025-07-04,,,,837.54,ICICI Prudential Multi Asset Allocation Fund
2025-07-07,,,,837.6955,ICICI Prudential Multi Asset Allocation Fund
2025-07-08,,,,838.4795,ICICI Prudential Multi Asset Allocation Fund
2025-07-09,,,,837.5612,ICICI Prudential Multi Asset Allocation Fund
2025-07-10,,,,836.6367,ICICI Prudential Multi Asset Allocation Fund
2025-07-11,,,,835.6542,ICICI Prudential Multi Asset Allocation Fund
2025-07-14,,,,835.9705,ICICI Prudential Multi Asset Allocation Fund
2025-07-15,,,,837.2054,ICICI Prudential Multi Asset Allocation Fund
2025-07-16,,,,838.0982,ICICI Prudential Multi Asset Allocation Fund
2025-07-17,,,,837.1583,ICICI Prudential Multi Asset Allocation Fund
2025-07-18,,,,836.2691,ICICI Prudential Multi Asset Allocation Fund
2025-07-21,,,,837.8467,ICICI Prudential Multi Asset Allocation Fund
2025-07-22,,,,837.3887,ICICI Prudential Multi Asset Allocation Fund
2025-07-23,,,,839.8301,ICICI Prudential Multi Asset Allocation Fund
2025-07-24,,,,835.9857,ICICI Prudential Multi Asset Allocation Fund
2025-07-25,,,,830.9479,ICICI Prudential Multi Asset Allocation Fund
2025-07-28,,,,827.1887,ICICI Prudential Multi Asset Allocation Fund
2025-07-29,,,,829.3652,ICICI Prudential Multi Asset Allocation Fund
2025-07-30,,,,831.8727,ICICI Prudential Multi Asset Allocation Fund
2025-07-31,,,,827.8391,ICICI Prudential Multi Asset Allocation Fund
2025-08-01,,,,823.2251,ICICI Prudential Multi Asset Allocation Fund
2025-08-04,,,,827.3673,ICICI Prudential Multi Asset Allocation Fund
2025-08-05,,,,827.543,ICICI Prudential Multi Asset Allocation Fund
2025-08-06,,,,825.5758,ICICI Prudential Multi Asset Allocation Fund
2025-08-07,,,,826.2963,ICICI Prudential Multi Asset Allocation Fund
2025-08-08,,,,823.0887,ICICI Prudential Multi Asset Allocation Fund
2025-08-11,,,,825.1296,ICICI Prudential Multi Asset Allocation Fund
2025-08-12,,,,825.4237,ICICI Prudential Multi Asset Allocation Fund
2025-08-13,,,,828.3829,ICICI Prudential Multi Asset Allocation Fund
2025-08-14,,,,828.4522,ICICI Prudential Multi Asset Allocation Fund
2025-08-18,,,,834.1406,ICICI Prudential Multi Asset Allocation Fund
2025-08-19,,,,837.3988,ICICI Prudential Multi Asset Allocation Fund
2025-08-20,,,,838.7823,ICICI Prudential Multi Asset Allocation Fund
2025-08-21,,,,840.2976,ICICI Prudential Multi Asset Allocation Fund
2025-08-22,,,,837.85,ICICI Prudential Multi Asset Allocation Fund
2025-08-25,,,,840.9061,ICICI Prudential Multi Asset Allocation Fund
2025-08-26,,,,836.8082,ICICI Prudential Multi Asset Allocation Fund
2025-08-28,,,,834.2124,ICICI Prudential Multi Asset Allocation Fund
2025-08-29,,,,833.8023,ICICI Prudential Multi Asset Allocation Fund
2025-09-01,,,,839.6643,ICICI Prudential Multi Asset Allocation Fund
2025-09-02,,,,839.5892,ICICI Prudential Multi Asset Allocation Fund
2025-09-03,,,,843.451,ICICI Prudential Multi Asset Allocation Fund
2025-09-04,,,,842.3313,ICICI Prudential Multi Asset Allocation Fund
2025-09-05,,,,843.2154,ICICI Prudential Multi Asset Allocation Fund
2025-09-08,,,,844.5621,ICICI Prudential Multi Asset Allocation Fund
2025-09-09,,,,847.4684,ICICI Prudential Multi Asset Allocation Fund
2025-09-10,,,,849.2261,ICICI Prudential Multi Asset Allocation Fund
2025-09-11,,,,850.3641,ICICI Prudential Multi Asset Allocation Fund
2025-09-12,,,,853.7979,ICICI Prudential Multi Asset Allocation Fund
2025-09-15,,,,854.8762,ICICI Prudential Multi Asset Allocation Fund
2025-09-16,,,,859.5218,ICICI Prudential Multi Asset Allocation Fund
2025-09-17,,,,859.4209,ICICI Prudential Multi Asset Allocation Fund
2025-09-18,,,,860.9119,ICICI Prudential Multi Asset Allocation Fund
2025-09-19,,,,860.0262,ICICI Prudential Multi Asset Allocation Fund
2025-09-22,,,,859.4695,ICICI Prudential Multi Asset Allocation Fund
2025-09-23,,,,860.831,ICICI Prudential Multi Asset Allocation Fund
2025-09-24,,,,859.4134,ICICI Prudential Multi Asset Allocation Fund
2025-09-25,,,,857.489,ICICI Prudential Multi Asset Allocation Fund
2025-09-26,,,,852.7787,ICICI Prudential Multi Asset Allocation Fund
2025-09-30,,,,853.8947,ICICI Prudential Multi Asset Allocation Fund
2025-10-01,,,,859.5591,ICICI Prudential Multi Asset Allocation Fund
2025-10-03,,,,861.1575,ICICI Prudential Multi Asset Allocation Fund
2025-10-06,,,,866.0041,ICICI Prudential Multi Asset Allocation Fund
2025-10-07,,,,866.7876,ICICI Prudential Multi Asset Allocation Fund
2025-10-08,,,,867.1273,ICICI Prudential Multi Asset Allocation Fund
2025-10-09,,,,869.0211,ICICI Prudential Multi Asset Allocation Fund
2025-10-10,,,,871.1738,ICICI Prudential Multi Asset Allocation Fund
2025-10-13,,,,872.1993,ICICI Prudential Multi Asset Allocation Fund
2025-10-14,,,,871.7854,ICICI Prudential Multi Asset Allocation Fund
2025-10-15,,,,875.1721,ICICI Prudential Multi Asset Allocation Fund
2025-10-16,,,,880.8056,ICICI Prudential Multi Asset Allocation Fund
2025-10-17,,,,880.9933,ICICI Prudential Multi Asset Allocation Fund
2025-10-20,,,,883.4607,ICICI Prudential Multi Asset Allocation Fund
2025-10-23,,,,882.9532,ICICI Prudential Multi Asset Allocation Fund
2025-10-24,,,,881.171,ICICI Prudential Multi Asset Allocation Fund
2025-10-27,,,,882.9924,ICICI Prudential Multi Asset Allocation Fund
2025-10-28,,,,880.9822,ICICI Prudential Multi Asset Allocation Fund
2025-10-29,,,,886.2908,ICICI Prudential Multi Asset Allocation Fund
2025-10-30,,,,882.7012,ICICI Prudential Multi Asset Allocation Fund
2025-10-31,,,,879.7107,ICICI Prudential Multi Asset Allocation Fund
2025-11-03,,,,881.2587,ICICI Prudential Multi Asset Allocation Fund
2025-11-04,,,,877.3885,ICICI Prudential Multi Asset Allocation Fund
2025-11-06,,,,875.9793,ICICI Prudential Multi Asset Allocation Fund
2025-11-07,,,,876.526,ICICI Prudential Multi Asset Allocation Fund
2025-11-10,,,,880.6734,ICICI Prudential Multi Asset Allocation Fund
2025-11-11,,,,883.6539,ICICI Prudential Multi Asset Allocation Fund
2025-11-12,,,,889.4039,ICICI Prudential Multi Asset Allocation Fund
2025-11-13,,,,891.2044,ICICI Prudential Multi Asset Allocation Fund
2025-11-14,,,,888.8905,ICICI Prudential Multi Asset Allocation Fund
2025-11-17,,,,889.832,ICICI Prudential Multi Asset Allocation Fund
2025-11-18,,,,886.3703,ICICI Prudential Multi Asset Allocation Fund
2025-11-19,,,,889.2218,ICICI Prudential Multi Asset Allocation Fund
2025-11-20,,,,890.3776,ICICI Prudential Multi Asset Allocation Fund
2025-11-21,,,,888.4415,ICICI Prudential Multi Asset Allocation Fund
2025-11-24,,,,886.3834,ICICI Prudential Multi Asset Allocation Fund
2025-11-25,,,,886.5198,ICICI Prudential Multi Asset Allocation Fund
2025-11-26,,,,893.3154,ICICI Prudential Multi Asset Allocation Fund
2025-11-27,,,,893.9492,ICICI Prudential Multi Asset Allocation Fund
2025-11-28,,,,894.3426,ICICI Prudential Multi Asset Allocation Fund
2025-12-01,,,,896.7666,ICICI Prudential Multi Asset Allocation Fund
2025-12-02,,,,895.4184,ICICI Prudential Multi Asset Allocation Fund
2025-12-03,,,,895.0041,ICICI Prudential Multi Asset Allocation Fund
2025-12-04,,,,895.1927,ICICI Prudential Multi Asset Allocation Fund
2025-12-05,,,,898.102,ICICI Prudential Multi Asset Allocation Fund
2025-12-08,,,,892.2435,ICICI Prudential Multi Asset Allocation Fund
2025-12-09,,,,890.8266,ICICI Prudential Multi Asset Allocation Fund
2025-12-10,,,,889.4753,ICICI Prudential Multi Asset Allocation Fund
2025-12-11,,,,892.9161,ICICI Prudential Multi Asset Allocation Fund
2025-12-12,,,,897.7546,ICICI Prudential Multi Asset Allocation Fund
2025-12-15,,,,899.2704,ICICI Prudential Multi Asset Allocation Fund
2025-12-16,,,,894.6087,ICICI Prudential Multi Asset Allocation Fund
2025-12-17,,,,893.6972,ICICI Prudential Multi Asset Allocation Fund
2025-12-18,,,,894.308,ICICI Prudential Multi Asset Allocation Fund
2025-12-19,,,,898.3236,ICICI Prudential Multi Asset Allocation Fund
2025-12-22,,,,904.1357,ICICI Prudential Multi Asset Allocation Fund
2025-12-23,,,,905.3691,ICICI Prudential Multi Asset Allocation Fund
2025-12-24,,,,904.3995,ICICI Prudential Multi Asset Allocation Fund
2025-12-26,,,,904.296,ICICI Prudential Multi Asset Allocation Fund
2025-12-29,,,,901.9455,ICICI Prudential Multi Asset Allocation Fund
2025-12-30,,,,900.828,ICICI Prudential Multi Asset Allocation Fund
2025-12-31,,,,905.7938,ICICI Prudential Multi Asset Allocation Fund
2026-01-01,,,,904.952,ICICI Prudential Multi Asset Allocation Fund
2026-01-02,,,,909.6987,ICICI Prudential Multi Asset Allocation Fund
2026-01-05,,,,909.9004,ICICI Prudential Multi Asset Allocation Fund
2026-01-06,,,,910.6659,ICICI Prudential Multi Asset Allocation Fund
2026-01-07,,,,909.873,ICICI Prudential Multi Asset Allocation Fund
2026-01-08,,,,902.175,ICICI Prudential Multi Asset Allocation Fund
2026-01-09,,,,898.6779,ICICI Prudential Multi Asset Allocation Fund
2026-01-12,,,,902.1668,ICICI Prudential Multi Asset Allocation Fund
2026-01-13,,,,901.8842,ICICI Prudential Multi Asset Allocation Fund
2026-01-14,,,,902.768,ICICI Prudential Multi Asset Allocation Fund
2026-01-16,,,,902.8746,ICICI Prudential Multi Asset Allocation Fund
2026-01-19,,,,902.2128,ICICI Prudential Multi Asset Allocation Fund
2026-01-20,,,,894.5127,ICICI Prudential Multi Asset Allocation Fund
2026-01-21,,,,897.9318,ICICI Prudential Multi Asset Allocation Fund
2026-01-22,,,,896.3352,ICICI Prudential Multi Asset Allocation Fund
2026-01-23,,,,893.1113,ICICI Prudential Multi Asset Allocation Fund
2026-01-27,,,,897.4518,ICICI Prudential Multi Asset Allocation Fund
2026-01-28,,,,905.1355,ICICI Prudential Multi Asset Allocation Fund
2026-01-29,,,,912.9726,ICICI Prudential Multi Asset Allocation Fund
2026-01-30,,,,904.2959,ICICI Prudential Multi Asset Allocation Fund
2026-02-02,,,,889.9724,ICICI Prudential Multi Asset Allocation Fund
2026-02-03,,,,908.3206,ICICI Prudential Multi Asset Allocation Fund
2026-02-04,,,,912.7945,ICICI Prudential Multi Asset Allocation Fund
2026-02-05,,,,908.5971,ICICI Prudential Multi Asset Allocation Fund
2026-02-06,,,,908.6769,ICICI Prudential Multi Asset Allocation Fund
2026-02-09,,,,914.2506,ICICI Prudential Multi Asset Allocation Fund
2026-02-10,,,,918.3019,ICICI Prudential Multi Asset Allocation Fund
2026-02-11,,,,919.2454,ICICI Prudential Multi Asset Allocation Fund
2026-02-12,,,,915.1526,ICICI Prudential Multi Asset Allocation Fund
2026-02-13,,,,905.5625,ICICI Prudential Multi Asset Allocation Fund
2026-02-16,,,,908.81,ICICI Prudential Multi Asset Allocation Fund
2026-02-17,,,,909.4962,ICICI Prudential Multi Asset Allocation Fund
2026-02-18,,,,911.6643,ICICI Prudential Multi Asset Allocation Fund
2026-02-19,,,,906.2256,ICICI Prudential Multi Asset Allocation Fund
2026-02-20,,,,908.8965,ICICI Prudential Multi Asset Allocation Fund
2026-02-23,,,,913.1252,ICICI Prudential Multi Asset Allocation Fund
2026-02-24,,,,908.7181,ICICI Prudential Multi Asset Allocation Fund
2026-02-25,,,,912.5524,ICICI Prudential Multi Asset Allocation Fund
2026-02-26,,,,912.4026,ICICI Prudential Multi Asset Allocation Fund
2026-02-27,,,,907.0339,ICICI Prudential Multi Asset Allocation Fund
2026-03-02,,,,902.2894,ICICI Prudential Multi Asset Allocation Fund
2026-03-04,,,,889.7926,ICICI Prudential Multi Asset Allocation Fund
2026-03-05,,,,894.4656,ICICI Prudential Multi Asset Allocation Fund
2026-03-06,,,,889.1954,ICICI Prudential Multi Asset Allocation Fund
2026-03-09,,,,879.9328,ICICI Prudential Multi Asset Allocation Fund
2026-03-10,,,,886.2688,ICICI Prudential Multi Asset Allocation Fund
2026-03-11,,,,880.7024,ICICI Prudential Multi Asset Allocation Fund
2026-03-12,,,,875.2979,ICICI Prudential Multi Asset Allocation Fund
2026-03-13,,,,863.6359,ICICI Prudential Multi Asset Allocation Fund
2026-03-16,,,,864.4752,ICICI Prudential Multi Asset Allocation Fund
2026-03-17,,,,867.9756,ICICI Prudential Multi Asset Allocation Fund
2026-03-18,,,,873.8872,ICICI Prudential Multi Asset Allocation Fund
2026-03-19,,,,853.2774,ICICI Prudential Multi Asset Allocation Fund
2026-03-20,,,,855.0809,ICICI Prudential Multi Asset Allocation Fund
2026-03-23,,,,831.8052,ICICI Prudential Multi Asset Allocation Fund
2026-03-24,,,,846.1027,ICICI Prudential Multi Asset Allocation Fund
2026-03-25,,,,859.4636,ICICI Prudential Multi Asset Allocation Fund
2026-03-27,,,,847.3002,ICICI Prudential Multi Asset Allocation Fund
2026-03-30,,,,836.7383,ICICI Prudential Multi Asset Allocation Fund
2026-03-31,,,,836.5918,ICICI Prudential Multi Asset Allocation Fund
2026-04-01,,,,848.6022,ICICI Prudential Multi Asset Allocation Fund
2026-04-02,,,,848.0005,ICICI Prudential Multi Asset Allocation Fund
2026-04-06,,,,856.6779,ICICI Prudential Multi Asset Allocation Fund
2026-04-07,,,,858.3595,ICICI Prudential Multi Asset Allocation Fund
2026-04-08,,,,881.7087,ICICI Prudential Multi Asset Allocation Fund
2026-04-09,,,,876.8105,ICICI Prudential Multi Asset Allocation Fund
2026-04-10,,,,884.6856,ICICI Prudential Multi Asset Allocation Fund
2026-04-13,,,,880.2217,ICICI Prudential Multi Asset Allocation Fund
2026-04-15,,,,893.1241,ICICI Prudential Multi Asset Allocation Fund
2026-04-16,,,,894.526,ICICI Prudential Multi Asset Allocation Fund
2026-04-17,,,,898.8148,ICICI Prudential Multi Asset Allocation Fund
2026-04-20,,,,897.5522,ICICI Prudential Multi Asset Allocation Fund
2026-04-21,,,,902.4686,ICICI Prudential Multi Asset Allocation Fund
2026-04-22,,,,900.7349,ICICI Prudential Multi Asset Allocation Fund
2026-04-23,,,,893.3743,ICICI Prudential Multi Asset Allocation Fund
2026-04-24,,,,885.0994,ICICI Prudential Multi Asset Allocation Fund
2026-04-27,,,,891.4509,ICICI Prudential Multi Asset Allocation Fund
2026-04-28,,,,886.326,ICICI Prudential Multi Asset Allocation Fund
2026-04-29,,,,887.3723,ICICI Prudential Multi Asset Allocation Fund
2026-04-30,,,,885.1583,ICICI Prudential Multi Asset Allocation Fund
2026-05-04,,,,887.1161,ICICI Prudential Multi Asset Allocation Fund
2026-05-05,,,,885.278,ICICI Prudential Multi Asset Allocation Fund
2026-05-06,,,,895.6612,ICICI Prudential Multi Asset Allocation Fund
2026-05-07,,,,897.3494,ICICI Prudential Multi Asset Allocation Fund
2026-05-08,,,,895.5926,ICICI Prudential Multi Asset Allocation Fund
2026-05-11,,,,886.9936,ICICI Prudential Multi Asset Allocation Fund
2026-05-12,,,,875.9562,ICICI Prudential Multi Asset Allocation Fund
2026-05-13,,,,881.3407,ICICI Prudential Multi Asset Allocation Fund
2026-05-14,,,,885.1982,ICICI Prudential Multi Asset Allocation Fund
2026-05-15,,,,882.7954,ICICI Prudential Multi Asset Allocation Fund
2026-05-18,,,,881.3877,ICICI Prudential Multi Asset Allocation Fund
2026-05-19,,,,884.2537,ICICI Prudential Multi Asset Allocation Fund
2026-05-20,,,,883.5287,ICICI Prudential Multi Asset Allocation Fund
2026-05-21,,,,884.1224,ICICI Prudential Multi Asset Allocation Fund
2026-05-22,,,,885.7015,ICICI Prudential Multi Asset Allocation Fund
2026-05-25,,,,891.8377,ICICI Prudential Multi Asset Allocation Fund
2026-05-26,,,,890.7626,ICICI Prudential Multi Asset Allocation Fund
2026-05-27,,,,891.0285,ICICI Prudential Multi Asset Allocation Fund
2026-05-29,,,,883.8593,ICICI Prudential Multi Asset Allocation Fund
2026-06-01,,,,878.5986,ICICI Prudential Multi Asset Allocation Fund
2026-06-02,,,,881.1632,ICICI Prudential Multi Asset Allocation Fund
2026-06-03,,,,878.4124,ICICI Prudential Multi Asset Allocation Fund
2026-06-04,,,,879.4379,ICICI Prudential Multi Asset Allocation Fund
2026-06-05,,,,877.9202,ICICI Prudential Multi Asset Allocation Fund
2026-06-08,,,,869.0641,ICICI Prudential Multi Asset Allocation Fund
2026-06-09,,,,874.6715,ICICI Prudential Multi Asset Allocation Fund
2026-06-10,,,,869.3683,ICICI Prudential Multi Asset Allocation Fund
2026-06-11,,,,865.3574,ICICI Prudential Multi Asset Allocation Fund
2026-06-12,,,,878.7386,ICICI Prudential Multi Asset Allocation Fund
2026-06-15,,,,888.7241,ICICI Prudential Multi Asset Allocation Fund
2026-06-16,,,,892.7592,ICICI Prudential Multi Asset Allocation Fund
2026-06-17,,,,893.3423,ICICI Prudential Multi Asset Allocation Fund
2026-06-18,,,,894.4842,ICICI Prudential Multi Asset Allocation Fund
2026-06-19,,,,890.0323,ICICI Prudential Multi Asset Allocation Fund
2026-06-22,,,,893.9089,ICICI Prudential Multi Asset Allocation Fund
2026-06-23,,,,887.1304,ICICI Prudential Multi Asset Allocation Fund
2026-06-24,,,,890.5953,ICICI Prudential Multi Asset Allocation Fund
2026-06-25,,,,889.451,ICICI Prudential Multi Asset Allocation Fund
2026-06-29,,,,886.8788,ICICI Prudential Multi Asset Allocation Fund
2026-06-30,,,,885.994,ICICI Prudential Multi Asset Allocation Fund
2026-07-01,,,,889.3801,ICICI Prudential Multi Asset Allocation Fund
2026-07-02,,,,896.19,ICICI Prudential Multi Asset Allocation Fund
2026-07-03,,,,900.1198,ICICI Prudential Multi Asset Allocation Fund
2026-07-06,,,,902.7579,ICICI Prudential Multi Asset Allocation Fund
2026-07-07,,,,903.0939,ICICI Prudential Multi Asset Allocation Fund
2026-07-08,,,,889.6861,ICICI Prudential Multi Asset Allocation Fund
2026-07-09,,,,894.4901,ICICI Prudential Multi Asset Allocation Fund
2026-07-10,,,,900.2451,ICICI Prudential Multi Asset Allocation Fund
2026-07-13,,,,899.2754,ICICI Prudential Multi Asset Allocation Fund
2026-07-14,,,,894.2477,ICICI Prudential Multi Asset Allocation Fund
2026-07-15,,,,896.7823,ICICI Prudential Multi Asset Allocation Fund
2026-07-16,,,,896.7512,ICICI Prudential Multi Asset Allocation Fund
2026-07-17,,,,899.7555,ICICI Prudential Multi Asset Allocation Fund
2026-07-20,,,,897.0177,ICICI Prudential Multi Asset Allocation Fund
2026-07-21,,,,897.9618,ICICI Prudential Multi Asset Allocation Fund
2026-07-22,,,,893.7413,ICICI Prudential Multi Asset Allocation Fund
2026-07-23,,,,889.7853,ICICI Prudential Multi Asset Allocation Fund
2026-07-24,,,,887.9597,ICICI Prudential Multi Asset Allocation Fund
2026-07-27,,,,895.0941,ICICI Prudential Multi Asset Allocation Fund
2026-07-28,,,,893.0474,ICICI Prudential Multi Asset Allocation Fund
2026-07-29,,,,899.3144,ICICI Prudential Multi Asset Allocation Fund
2026-07-30,,,,901.1752,ICICI Prudential Multi Asset Allocation Fund
2026-07-31,,,,902.3703,ICICI Prudential Multi Asset Allocation Fund
2026-08-03,,,,913.2351,ICICI Prudential Multi Asset Allocation Fund
2026-08-04,,,,908.5017,ICICI Prudential Multi Asset Allocation Fund
2026-08-05,,,,911.464,ICICI Prudential Multi Asset Allocation Fund
2026-08-06,,,,912.5921,ICICI Prudential Multi Asset Allocation Fund
2026-08-07,,,,911.847,ICICI Prudential Multi Asset Allocation Fund
2026-08-10,,,,913.6266,ICICI Prudential Multi Asset Allocation Fund
2026-08-11,,,,914.0063,ICICI Prudential Multi Asset Allocation Fund
2026-08-12,,,,914.9798,ICICI Prudential Multi Asset Allocation Fund
2026-08-13,,,,913.089,ICICI Prudential Multi Asset Allocation Fund
2026-08-14,,,,911.03,ICICI Prudential Multi Asset Allocation Fund
2026-08-17,,,,910.8722,ICICI Prudential Multi Asset Allocation Fund
2026-08-18,,,,907.7403,ICICI Prudential Multi Asset Allocation Fund
2026-08-19,,,,905.5003,ICICI Prudential Multi Asset Allocation Fund
2026-08-20,,,,911.6901,ICICI Prudential Multi Asset Allocation Fund
2026-08-21,,,,913.66,ICICI Prudential Multi Asset Allocation Fund
2026-08-24,,,,914.838,ICICI Prudential Multi Asset Allocation Fund
2026-08-25,,,,916.6828,ICICI Prudential Multi Asset Allocation Fund
2026-08-26,,,,915.0695,ICICI Prudential Multi Asset Allocation Fund
2026-08-27,,,,910.4988,ICICI Prudential Multi Asset Allocation Fund
2026-08-28,,,,912.0328,ICICI Prudential Multi Asset Allocation Fund
2026-08-31,,,,908.0881,ICICI Prudential Multi Asset Allocation Fund
2026-09-01,,,,903.7493,ICICI Prudential Multi Asset Allocation Fund
2026-09-02,,,,898.8801,ICICI Prudential Multi Asset Allocation Fund
2026-09-03,,,,903.2602,ICICI Prudential Multi Asset Allocation Fund
2026-09-04,,,,904.5863,ICICI Prudential Multi Asset Allocation Fund
2026-09-07,,,,899.9882,ICICI Prudential Multi Asset Allocation Fund
2026-09-08,,,,897.3783,ICICI Prudential Multi Asset Allocation Fund
2026-09-09,,,,892.5042,ICICI Prudential Multi Asset Allocation Fund
2026-09-10,,,,892.3566,ICICI Prudential Multi Asset Allocation Fund
2026-09-11,,,,889.0022,ICICI Prudential Multi Asset Allocation Fund
2026-09-15,,,,879.6385,ICICI Prudential Multi Asset Allocation Fund
2026-09-16,,,,882.8778,ICICI Prudential Multi Asset Allocation Fund
2026-09-17,,,,886.5789,ICICI Prudential Multi Asset Allocation Fund
2026-09-18,,,,891.3726,ICICI Prudential Multi Asset Allocation Fund
