Date,Open,High,Low,Close,Index
2013-01-07,,,,24.4334,Quant Multi Asset Allocation Fund
2013-01-08,,,,24.438,Quant Multi Asset Allocation Fund
2013-01-09,,,,24.4426,Quant Multi Asset Allocation Fund
2013-01-10,,,,24.4472,Quant Multi Asset Allocation Fund
2013-01-11,,,,24.4518,Quant Multi Asset Allocation Fund
2013-01-14,,,,24.4656,Quant Multi Asset Allocation Fund
2013-01-15,,,,24.4702,Quant Multi Asset Allocation Fund
2013-01-16,,,,24.4748,Quant Multi Asset Allocation Fund
2013-01-17,,,,24.4793,Quant Multi Asset Allocation Fund
2013-01-18,,,,24.4839,Quant Multi Asset Allocation Fund
2013-01-21,,,,24.4977,Quant Multi Asset Allocation Fund
2013-01-22,,,,24.5023,Quant Multi Asset Allocation Fund
2013-01-23,,,,24.5069,Quant Multi Asset Allocation Fund
2013-01-24,,,,24.5114,Quant Multi Asset Allocation Fund
2013-01-25,,,,24.5158,Quant Multi Asset Allocation Fund
2013-01-28,,,,24.5298,Quant Multi Asset Allocation Fund
2013-01-29,,,,24.5344,Quant Multi Asset Allocation Fund
2013-01-30,,,,24.5336,Quant Multi Asset Allocation Fund
2013-01-31,,,,24.5382,Quant Multi Asset Allocation Fund
2013-02-01,,,,24.5428,Quant Multi Asset Allocation Fund
2013-02-04,,,,24.5566,Quant Multi Asset Allocation Fund
2013-02-05,,,,24.561,Quant Multi Asset Allocation Fund
2013-02-06,,,,24.5658,Quant Multi Asset Allocation Fund
2013-02-07,,,,24.5704,Quant Multi Asset Allocation Fund
2013-02-08,,,,24.575,Quant Multi Asset Allocation Fund
2013-02-11,,,,24.5888,Quant Multi Asset Allocation Fund
2013-02-12,,,,24.5936,Quant Multi Asset Allocation Fund
2013-02-13,,,,24.5981,Quant Multi Asset Allocation Fund
2013-02-14,,,,24.6032,Quant Multi Asset Allocation Fund
2013-02-15,,,,24.6079,Quant Multi Asset Allocation Fund
2013-02-18,,,,24.6223,Quant Multi Asset Allocation Fund
2013-02-19,,,,24.6268,Quant Multi Asset Allocation Fund
2013-02-20,,,,24.6319,Quant Multi Asset Allocation Fund
2013-02-21,,,,24.6367,Quant Multi Asset Allocation Fund
2013-02-22,,,,24.6415,Quant Multi Asset Allocation Fund
2013-02-25,,,,24.6558,Quant Multi Asset Allocation Fund
2013-02-26,,,,24.6606,Quant Multi Asset Allocation Fund
2013-02-27,,,,24.6654,Quant Multi Asset Allocation Fund
2013-02-28,,,,24.6813,Quant Multi Asset Allocation Fund
2013-03-01,,,,24.6861,Quant Multi Asset Allocation Fund
2013-03-04,,,,24.7005,Quant Multi Asset Allocation Fund
2013-03-05,,,,24.7053,Quant Multi Asset Allocation Fund
2013-03-06,,,,24.7101,Quant Multi Asset Allocation Fund
2013-03-07,,,,24.7149,Quant Multi Asset Allocation Fund
2013-03-08,,,,24.7197,Quant Multi Asset Allocation Fund
2013-03-11,,,,24.7341,Quant Multi Asset Allocation Fund
2013-03-12,,,,24.7389,Quant Multi Asset Allocation Fund
2013-03-13,,,,24.7437,Quant Multi Asset Allocation Fund
2013-03-14,,,,24.7484,Quant Multi Asset Allocation Fund
2013-03-15,,,,24.7532,Quant Multi Asset Allocation Fund
2013-03-18,,,,24.7676,Quant Multi Asset Allocation Fund
2013-03-19,,,,24.7724,Quant Multi Asset Allocation Fund
2013-03-20,,,,24.7772,Quant Multi Asset Allocation Fund
2013-03-21,,,,24.782,Quant Multi Asset Allocation Fund
2013-03-22,,,,24.7868,Quant Multi Asset Allocation Fund
2013-03-25,,,,24.8012,Quant Multi Asset Allocation Fund
2013-03-26,,,,24.8059,Quant Multi Asset Allocation Fund
2013-03-28,,,,24.8162,Quant Multi Asset Allocation Fund
2013-03-29,,,,24.8207,Quant Multi Asset Allocation Fund
2013-04-01,,,,24.8287,Quant Multi Asset Allocation Fund
2013-04-02,,,,24.834,Quant Multi Asset Allocation Fund
2013-04-03,,,,24.8388,Quant Multi Asset Allocation Fund
2013-04-04,,,,24.8436,Quant Multi Asset Allocation Fund
2013-04-05,,,,24.8487,Quant Multi Asset Allocation Fund
2013-04-08,,,,24.8628,Quant Multi Asset Allocation Fund
2013-04-09,,,,24.8675,Quant Multi Asset Allocation Fund
2013-04-10,,,,24.8725,Quant Multi Asset Allocation Fund
2013-04-11,,,,24.877,Quant Multi Asset Allocation Fund
2013-04-12,,,,24.8822,Quant Multi Asset Allocation Fund
2013-04-15,,,,24.8963,Quant Multi Asset Allocation Fund
2013-04-16,,,,24.901,Quant Multi Asset Allocation Fund
2013-04-17,,,,24.9058,Quant Multi Asset Allocation Fund
2013-04-18,,,,24.911,Quant Multi Asset Allocation Fund
2013-04-19,,,,24.9155,Quant Multi Asset Allocation Fund
2013-04-22,,,,24.9298,Quant Multi Asset Allocation Fund
2013-04-23,,,,24.9347,Quant Multi Asset Allocation Fund
2013-04-24,,,,24.9392,Quant Multi Asset Allocation Fund
2013-04-25,,,,24.9437,Quant Multi Asset Allocation Fund
2013-04-26,,,,24.9492,Quant Multi Asset Allocation Fund
2013-04-29,,,,24.9627,Quant Multi Asset Allocation Fund
2013-04-30,,,,24.9679,Quant Multi Asset Allocation Fund
2013-05-02,,,,24.9774,Quant Multi Asset Allocation Fund
2013-05-03,,,,24.9822,Quant Multi Asset Allocation Fund
2013-05-06,,,,24.9966,Quant Multi Asset Allocation Fund
2013-05-07,,,,25.0014,Quant Multi Asset Allocation Fund
2013-05-08,,,,25.0061,Quant Multi Asset Allocation Fund
2013-05-09,,,,25.0109,Quant Multi Asset Allocation Fund
2013-05-10,,,,25.0157,Quant Multi Asset Allocation Fund
2013-05-13,,,,25.03,Quant Multi Asset Allocation Fund
2013-05-14,,,,25.0348,Quant Multi Asset Allocation Fund
2013-05-15,,,,25.0396,Quant Multi Asset Allocation Fund
2013-05-16,,,,25.0444,Quant Multi Asset Allocation Fund
2013-05-17,,,,25.0491,Quant Multi Asset Allocation Fund
2013-05-20,,,,25.0635,Quant Multi Asset Allocation Fund
2013-05-21,,,,25.0683,Quant Multi Asset Allocation Fund
2013-05-22,,,,25.073,Quant Multi Asset Allocation Fund
2013-05-23,,,,25.0778,Quant Multi Asset Allocation Fund
2013-05-24,,,,25.0826,Quant Multi Asset Allocation Fund
2013-05-27,,,,25.0969,Quant Multi Asset Allocation Fund
2013-05-28,,,,25.1017,Quant Multi Asset Allocation Fund
2013-05-29,,,,25.1065,Quant Multi Asset Allocation Fund
2013-05-30,,,,25.1057,Quant Multi Asset Allocation Fund
2013-05-31,,,,25.1105,Quant Multi Asset Allocation Fund
2013-06-03,,,,25.1248,Quant Multi Asset Allocation Fund
2013-06-04,,,,25.1296,Quant Multi Asset Allocation Fund
2013-06-05,,,,25.1343,Quant Multi Asset Allocation Fund
2013-06-06,,,,25.1391,Quant Multi Asset Allocation Fund
2013-06-07,,,,25.1439,Quant Multi Asset Allocation Fund
2013-06-10,,,,25.1582,Quant Multi Asset Allocation Fund
2013-06-11,,,,25.163,Quant Multi Asset Allocation Fund
2013-06-12,,,,25.1678,Quant Multi Asset Allocation Fund
2013-06-13,,,,25.1725,Quant Multi Asset Allocation Fund
2013-06-14,,,,25.1773,Quant Multi Asset Allocation Fund
2013-06-17,,,,25.1916,Quant Multi Asset Allocation Fund
2013-06-18,,,,25.1964,Quant Multi Asset Allocation Fund
2013-06-19,,,,25.2012,Quant Multi Asset Allocation Fund
2013-06-20,,,,25.206,Quant Multi Asset Allocation Fund
2013-06-21,,,,25.2107,Quant Multi Asset Allocation Fund
2013-06-24,,,,25.2261,Quant Multi Asset Allocation Fund
2013-06-25,,,,25.2309,Quant Multi Asset Allocation Fund
2013-06-26,,,,25.2356,Quant Multi Asset Allocation Fund
2013-06-27,,,,25.2404,Quant Multi Asset Allocation Fund
2013-06-28,,,,25.2452,Quant Multi Asset Allocation Fund
2013-07-01,,,,25.2586,Quant Multi Asset Allocation Fund
2013-07-02,,,,25.2638,Quant Multi Asset Allocation Fund
2013-07-03,,,,25.2681,Quant Multi Asset Allocation Fund
2013-07-04,,,,25.2725,Quant Multi Asset Allocation Fund
2013-07-05,,,,25.2768,Quant Multi Asset Allocation Fund
2013-07-08,,,,25.2897,Quant Multi Asset Allocation Fund
2013-07-09,,,,25.294,Quant Multi Asset Allocation Fund
2013-07-10,,,,25.2983,Quant Multi Asset Allocation Fund
2013-07-11,,,,25.3027,Quant Multi Asset Allocation Fund
2013-07-12,,,,25.307,Quant Multi Asset Allocation Fund
2013-07-15,,,,25.3199,Quant Multi Asset Allocation Fund
2013-07-16,,,,25.3242,Quant Multi Asset Allocation Fund
2013-07-17,,,,25.3286,Quant Multi Asset Allocation Fund
2013-07-18,,,,25.3329,Quant Multi Asset Allocation Fund
2013-07-19,,,,25.3372,Quant Multi Asset Allocation Fund
2013-07-22,,,,25.3501,Quant Multi Asset Allocation Fund
2013-07-23,,,,25.3545,Quant Multi Asset Allocation Fund
2013-07-24,,,,25.3588,Quant Multi Asset Allocation Fund
2013-07-25,,,,25.3681,Quant Multi Asset Allocation Fund
2013-07-26,,,,25.3677,Quant Multi Asset Allocation Fund
2013-07-29,,,,25.3803,Quant Multi Asset Allocation Fund
2013-07-30,,,,25.3795,Quant Multi Asset Allocation Fund
2013-07-31,,,,25.3838,Quant Multi Asset Allocation Fund
2013-08-01,,,,25.3881,Quant Multi Asset Allocation Fund
2013-08-02,,,,25.3928,Quant Multi Asset Allocation Fund
2013-08-05,,,,25.4054,Quant Multi Asset Allocation Fund
2013-08-06,,,,25.4097,Quant Multi Asset Allocation Fund
2013-08-07,,,,25.414,Quant Multi Asset Allocation Fund
2013-08-08,,,,25.4188,Quant Multi Asset Allocation Fund
2013-08-12,,,,25.4356,Quant Multi Asset Allocation Fund
2013-08-13,,,,25.4399,Quant Multi Asset Allocation Fund
2013-08-14,,,,25.4443,Quant Multi Asset Allocation Fund
2013-08-16,,,,25.4531,Quant Multi Asset Allocation Fund
2013-08-19,,,,25.4652,Quant Multi Asset Allocation Fund
2013-08-20,,,,25.4701,Quant Multi Asset Allocation Fund
2013-08-21,,,,25.4744,Quant Multi Asset Allocation Fund
2013-08-22,,,,25.4787,Quant Multi Asset Allocation Fund
2013-08-23,,,,25.4833,Quant Multi Asset Allocation Fund
2013-08-26,,,,25.4959,Quant Multi Asset Allocation Fund
2013-08-27,,,,25.5002,Quant Multi Asset Allocation Fund
2013-08-28,,,,25.5045,Quant Multi Asset Allocation Fund
2013-08-29,,,,25.5087,Quant Multi Asset Allocation Fund
2013-08-30,,,,25.5082,Quant Multi Asset Allocation Fund
2013-09-02,,,,25.5207,Quant Multi Asset Allocation Fund
2013-09-03,,,,25.525,Quant Multi Asset Allocation Fund
2013-09-04,,,,25.5292,Quant Multi Asset Allocation Fund
2013-09-05,,,,25.5335,Quant Multi Asset Allocation Fund
2013-09-06,,,,25.5383,Quant Multi Asset Allocation Fund
2013-09-10,,,,25.555,Quant Multi Asset Allocation Fund
2013-09-11,,,,25.5592,Quant Multi Asset Allocation Fund
2013-09-12,,,,25.5635,Quant Multi Asset Allocation Fund
2013-09-13,,,,25.5675,Quant Multi Asset Allocation Fund
2013-09-16,,,,25.5805,Quant Multi Asset Allocation Fund
2013-09-17,,,,25.5848,Quant Multi Asset Allocation Fund
2013-09-18,,,,25.5889,Quant Multi Asset Allocation Fund
2013-09-19,,,,25.5932,Quant Multi Asset Allocation Fund
2013-09-20,,,,25.5977,Quant Multi Asset Allocation Fund
2013-09-23,,,,25.6102,Quant Multi Asset Allocation Fund
2013-09-24,,,,25.6145,Quant Multi Asset Allocation Fund
2013-09-25,,,,25.6187,Quant Multi Asset Allocation Fund
2013-09-26,,,,25.623,Quant Multi Asset Allocation Fund
2013-09-27,,,,25.6275,Quant Multi Asset Allocation Fund
2013-09-30,,,,25.64,Quant Multi Asset Allocation Fund
2013-10-01,,,,25.6444,Quant Multi Asset Allocation Fund
2013-10-02,,,,25.6484,Quant Multi Asset Allocation Fund
2013-10-03,,,,25.6528,Quant Multi Asset Allocation Fund
2013-10-04,,,,25.6573,Quant Multi Asset Allocation Fund
2013-10-07,,,,25.6698,Quant Multi Asset Allocation Fund
2013-10-08,,,,25.6741,Quant Multi Asset Allocation Fund
2013-10-09,,,,25.6783,Quant Multi Asset Allocation Fund
2013-10-10,,,,25.6826,Quant Multi Asset Allocation Fund
2013-10-11,,,,25.6871,Quant Multi Asset Allocation Fund
2013-10-14,,,,25.6996,Quant Multi Asset Allocation Fund
2013-10-15,,,,25.704,Quant Multi Asset Allocation Fund
2013-10-16,,,,25.708,Quant Multi Asset Allocation Fund
2013-10-17,,,,25.7124,Quant Multi Asset Allocation Fund
2013-10-18,,,,25.7169,Quant Multi Asset Allocation Fund
2013-10-21,,,,25.7294,Quant Multi Asset Allocation Fund
2013-10-22,,,,25.7336,Quant Multi Asset Allocation Fund
2013-10-23,,,,25.7379,Quant Multi Asset Allocation Fund
2013-10-24,,,,25.7421,Quant Multi Asset Allocation Fund
2013-10-25,,,,25.7467,Quant Multi Asset Allocation Fund
2013-10-28,,,,25.7592,Quant Multi Asset Allocation Fund
2013-10-29,,,,25.7634,Quant Multi Asset Allocation Fund
2013-10-30,,,,25.7626,Quant Multi Asset Allocation Fund
2013-10-31,,,,25.7668,Quant Multi Asset Allocation Fund
2013-11-01,,,,25.7708,Quant Multi Asset Allocation Fund
2013-11-04,,,,25.7827,Quant Multi Asset Allocation Fund
2013-11-05,,,,25.7881,Quant Multi Asset Allocation Fund
2013-11-06,,,,25.7923,Quant Multi Asset Allocation Fund
2013-11-07,,,,25.7966,Quant Multi Asset Allocation Fund
2013-11-08,,,,25.8011,Quant Multi Asset Allocation Fund
2013-11-11,,,,25.8136,Quant Multi Asset Allocation Fund
2013-11-12,,,,25.8179,Quant Multi Asset Allocation Fund
2013-11-13,,,,25.8221,Quant Multi Asset Allocation Fund
2013-11-14,,,,25.8268,Quant Multi Asset Allocation Fund
2013-11-15,,,,25.8307,Quant Multi Asset Allocation Fund
2013-11-18,,,,25.8434,Quant Multi Asset Allocation Fund
2013-11-19,,,,25.8479,Quant Multi Asset Allocation Fund
2013-11-20,,,,25.8523,Quant Multi Asset Allocation Fund
2013-11-21,,,,25.8566,Quant Multi Asset Allocation Fund
2013-11-22,,,,25.8612,Quant Multi Asset Allocation Fund
2013-11-25,,,,25.8739,Quant Multi Asset Allocation Fund
2013-11-26,,,,25.8783,Quant Multi Asset Allocation Fund
2013-11-27,,,,25.8826,Quant Multi Asset Allocation Fund
2013-11-28,,,,25.8869,Quant Multi Asset Allocation Fund
2013-11-29,,,,25.8913,Quant Multi Asset Allocation Fund
2013-12-02,,,,25.904,Quant Multi Asset Allocation Fund
2013-12-03,,,,25.9083,Quant Multi Asset Allocation Fund
2013-12-04,,,,25.9126,Quant Multi Asset Allocation Fund
2013-12-05,,,,25.917,Quant Multi Asset Allocation Fund
2013-12-06,,,,25.9213,Quant Multi Asset Allocation Fund
2013-12-09,,,,25.9334,Quant Multi Asset Allocation Fund
2013-12-10,,,,25.9386,Quant Multi Asset Allocation Fund
2013-12-11,,,,25.9429,Quant Multi Asset Allocation Fund
2013-12-12,,,,25.9473,Quant Multi Asset Allocation Fund
2013-12-13,,,,25.9516,Quant Multi Asset Allocation Fund
2013-12-16,,,,25.9646,Quant Multi Asset Allocation Fund
2013-12-17,,,,25.9689,Quant Multi Asset Allocation Fund
2013-12-18,,,,25.9732,Quant Multi Asset Allocation Fund
2013-12-19,,,,25.9776,Quant Multi Asset Allocation Fund
2013-12-20,,,,25.9819,Quant Multi Asset Allocation Fund
2013-12-21,,,,25.9859,Quant Multi Asset Allocation Fund
2013-12-23,,,,25.9946,Quant Multi Asset Allocation Fund
2013-12-24,,,,25.9989,Quant Multi Asset Allocation Fund
2013-12-26,,,,26.0074,Quant Multi Asset Allocation Fund
2013-12-27,,,,26.0117,Quant Multi Asset Allocation Fund
2013-12-30,,,,26.0193,Quant Multi Asset Allocation Fund
2013-12-31,,,,26.0236,Quant Multi Asset Allocation Fund
2014-01-01,,,,26.0279,Quant Multi Asset Allocation Fund
2014-01-02,,,,26.0323,Quant Multi Asset Allocation Fund
2014-01-03,,,,26.0366,Quant Multi Asset Allocation Fund
2014-01-06,,,,26.0493,Quant Multi Asset Allocation Fund
2014-01-07,,,,26.0536,Quant Multi Asset Allocation Fund
2014-01-08,,,,26.0579,Quant Multi Asset Allocation Fund
2014-01-09,,,,26.0622,Quant Multi Asset Allocation Fund
2014-01-10,,,,26.0666,Quant Multi Asset Allocation Fund
2014-01-13,,,,26.0792,Quant Multi Asset Allocation Fund
2014-01-14,,,,26.0836,Quant Multi Asset Allocation Fund
2014-01-15,,,,26.0878,Quant Multi Asset Allocation Fund
2014-01-16,,,,26.0921,Quant Multi Asset Allocation Fund
2014-01-17,,,,26.0964,Quant Multi Asset Allocation Fund
2014-01-20,,,,26.1091,Quant Multi Asset Allocation Fund
2014-01-21,,,,26.1134,Quant Multi Asset Allocation Fund
2014-01-22,,,,26.1177,Quant Multi Asset Allocation Fund
2014-01-23,,,,26.122,Quant Multi Asset Allocation Fund
2014-01-24,,,,26.1264,Quant Multi Asset Allocation Fund
2014-01-27,,,,26.139,Quant Multi Asset Allocation Fund
2014-01-28,,,,26.1433,Quant Multi Asset Allocation Fund
2014-01-29,,,,26.1477,Quant Multi Asset Allocation Fund
2014-01-30,,,,26.1468,Quant Multi Asset Allocation Fund
2014-01-31,,,,26.1512,Quant Multi Asset Allocation Fund
2014-02-03,,,,26.1638,Quant Multi Asset Allocation Fund
2014-02-04,,,,26.1681,Quant Multi Asset Allocation Fund
2014-02-05,,,,26.1725,Quant Multi Asset Allocation Fund
2014-02-06,,,,26.1768,Quant Multi Asset Allocation Fund
2014-02-07,,,,26.1811,Quant Multi Asset Allocation Fund
2014-02-10,,,,26.1938,Quant Multi Asset Allocation Fund
2014-02-11,,,,26.1981,Quant Multi Asset Allocation Fund
2014-02-12,,,,26.2024,Quant Multi Asset Allocation Fund
2014-02-13,,,,26.2067,Quant Multi Asset Allocation Fund
2014-02-14,,,,26.211,Quant Multi Asset Allocation Fund
2014-02-17,,,,26.2237,Quant Multi Asset Allocation Fund
2014-02-18,,,,26.228,Quant Multi Asset Allocation Fund
2014-02-19,,,,26.2324,Quant Multi Asset Allocation Fund
2014-02-20,,,,26.2365,Quant Multi Asset Allocation Fund
2014-02-21,,,,26.2408,Quant Multi Asset Allocation Fund
2014-02-24,,,,26.2535,Quant Multi Asset Allocation Fund
2014-02-25,,,,26.2578,Quant Multi Asset Allocation Fund
2014-02-26,,,,26.2621,Quant Multi Asset Allocation Fund
2014-02-28,,,,26.2809,Quant Multi Asset Allocation Fund
2014-03-03,,,,26.2936,Quant Multi Asset Allocation Fund
2014-03-04,,,,26.2979,Quant Multi Asset Allocation Fund
2014-03-05,,,,26.3022,Quant Multi Asset Allocation Fund
2014-03-06,,,,26.3065,Quant Multi Asset Allocation Fund
2014-03-07,,,,26.3108,Quant Multi Asset Allocation Fund
2014-03-10,,,,26.3235,Quant Multi Asset Allocation Fund
2014-03-11,,,,26.3278,Quant Multi Asset Allocation Fund
2014-03-12,,,,26.3321,Quant Multi Asset Allocation Fund
2014-03-13,,,,26.3364,Quant Multi Asset Allocation Fund
2014-03-14,,,,26.3407,Quant Multi Asset Allocation Fund
2014-03-18,,,,26.3577,Quant Multi Asset Allocation Fund
2014-03-19,,,,26.362,Quant Multi Asset Allocation Fund
2014-03-20,,,,26.3663,Quant Multi Asset Allocation Fund
2014-03-21,,,,26.3707,Quant Multi Asset Allocation Fund
2014-03-24,,,,26.3834,Quant Multi Asset Allocation Fund
2014-03-25,,,,26.3878,Quant Multi Asset Allocation Fund
2014-03-26,,,,26.3921,Quant Multi Asset Allocation Fund
2014-03-27,,,,26.3964,Quant Multi Asset Allocation Fund
2014-03-28,,,,26.4008,Quant Multi Asset Allocation Fund
2014-03-31,,,,26.4086,Quant Multi Asset Allocation Fund
2014-04-01,,,,26.413,Quant Multi Asset Allocation Fund
2014-04-02,,,,26.4167,Quant Multi Asset Allocation Fund
2014-04-03,,,,26.421,Quant Multi Asset Allocation Fund
2014-04-04,,,,26.4254,Quant Multi Asset Allocation Fund
2014-04-07,,,,26.4381,Quant Multi Asset Allocation Fund
2014-04-09,,,,26.4466,Quant Multi Asset Allocation Fund
2014-04-10,,,,26.451,Quant Multi Asset Allocation Fund
2014-04-11,,,,26.4555,Quant Multi Asset Allocation Fund
2014-04-15,,,,26.473,Quant Multi Asset Allocation Fund
2014-04-16,,,,26.4775,Quant Multi Asset Allocation Fund
2014-04-17,,,,26.482,Quant Multi Asset Allocation Fund
2014-04-21,,,,26.4996,Quant Multi Asset Allocation Fund
2014-04-22,,,,26.5041,Quant Multi Asset Allocation Fund
2014-04-23,,,,26.5086,Quant Multi Asset Allocation Fund
2014-04-25,,,,26.5174,Quant Multi Asset Allocation Fund
2014-04-28,,,,26.5306,Quant Multi Asset Allocation Fund
2014-04-29,,,,26.5351,Quant Multi Asset Allocation Fund
2014-04-30,,,,26.5396,Quant Multi Asset Allocation Fund
2014-05-02,,,,26.5485,Quant Multi Asset Allocation Fund
2014-05-05,,,,26.5617,Quant Multi Asset Allocation Fund
2014-05-06,,,,26.5662,Quant Multi Asset Allocation Fund
2014-05-07,,,,26.5707,Quant Multi Asset Allocation Fund
2014-05-08,,,,26.5752,Quant Multi Asset Allocation Fund
2014-05-09,,,,26.5797,Quant Multi Asset Allocation Fund
2014-05-12,,,,26.5929,Quant Multi Asset Allocation Fund
2014-05-13,,,,26.5976,Quant Multi Asset Allocation Fund
2014-05-15,,,,26.6068,Quant Multi Asset Allocation Fund
2014-05-16,,,,26.6113,Quant Multi Asset Allocation Fund
2014-05-19,,,,26.6246,Quant Multi Asset Allocation Fund
2014-05-20,,,,26.6296,Quant Multi Asset Allocation Fund
2014-05-21,,,,26.6437,Quant Multi Asset Allocation Fund
2014-05-22,,,,26.6483,Quant Multi Asset Allocation Fund
2014-05-23,,,,26.653,Quant Multi Asset Allocation Fund
2014-05-26,,,,26.6668,Quant Multi Asset Allocation Fund
2014-05-27,,,,26.6715,Quant Multi Asset Allocation Fund
2014-05-28,,,,26.6761,Quant Multi Asset Allocation Fund
2014-05-29,,,,26.6807,Quant Multi Asset Allocation Fund
2014-05-30,,,,26.6799,Quant Multi Asset Allocation Fund
2014-06-02,,,,26.6938,Quant Multi Asset Allocation Fund
2014-06-03,,,,26.6984,Quant Multi Asset Allocation Fund
2014-06-04,,,,26.703,Quant Multi Asset Allocation Fund
2014-06-05,,,,26.7077,Quant Multi Asset Allocation Fund
2014-06-06,,,,26.7123,Quant Multi Asset Allocation Fund
2014-06-09,,,,26.7262,Quant Multi Asset Allocation Fund
2014-06-10,,,,26.7308,Quant Multi Asset Allocation Fund
2014-06-11,,,,26.8541,Quant Multi Asset Allocation Fund
2014-06-12,,,,26.8584,Quant Multi Asset Allocation Fund
2014-06-13,,,,26.8627,Quant Multi Asset Allocation Fund
2014-06-16,,,,26.8756,Quant Multi Asset Allocation Fund
2014-06-17,,,,26.8799,Quant Multi Asset Allocation Fund
2014-06-18,,,,26.8843,Quant Multi Asset Allocation Fund
2014-06-19,,,,26.8886,Quant Multi Asset Allocation Fund
2014-06-20,,,,26.8929,Quant Multi Asset Allocation Fund
2014-06-23,,,,26.9058,Quant Multi Asset Allocation Fund
2014-06-24,,,,26.9101,Quant Multi Asset Allocation Fund
2014-06-25,,,,26.9144,Quant Multi Asset Allocation Fund
2014-06-26,,,,26.9187,Quant Multi Asset Allocation Fund
2014-06-27,,,,26.923,Quant Multi Asset Allocation Fund
2014-06-30,,,,26.936,Quant Multi Asset Allocation Fund
2014-07-01,,,,26.9403,Quant Multi Asset Allocation Fund
2014-07-02,,,,26.9455,Quant Multi Asset Allocation Fund
2014-07-03,,,,26.9507,Quant Multi Asset Allocation Fund
2014-07-04,,,,26.9559,Quant Multi Asset Allocation Fund
2014-07-07,,,,26.9716,Quant Multi Asset Allocation Fund
2014-07-08,,,,26.9768,Quant Multi Asset Allocation Fund
2014-07-09,,,,26.9822,Quant Multi Asset Allocation Fund
2014-07-10,,,,26.9876,Quant Multi Asset Allocation Fund
2014-07-11,,,,26.993,Quant Multi Asset Allocation Fund
2014-07-14,,,,27.0092,Quant Multi Asset Allocation Fund
2014-07-15,,,,27.0146,Quant Multi Asset Allocation Fund
2014-07-16,,,,27.02,Quant Multi Asset Allocation Fund
2014-07-17,,,,27.0254,Quant Multi Asset Allocation Fund
2014-07-18,,,,27.0308,Quant Multi Asset Allocation Fund
2014-07-21,,,,27.047,Quant Multi Asset Allocation Fund
2014-07-22,,,,27.0524,Quant Multi Asset Allocation Fund
2014-07-23,,,,27.0579,Quant Multi Asset Allocation Fund
2014-07-24,,,,27.0633,Quant Multi Asset Allocation Fund
2014-07-25,,,,27.0709,Quant Multi Asset Allocation Fund
2014-07-28,,,,27.0938,Quant Multi Asset Allocation Fund
2014-07-30,,,,27.0979,Quant Multi Asset Allocation Fund
2014-07-31,,,,27.1077,Quant Multi Asset Allocation Fund
2014-08-01,,,,27.1131,Quant Multi Asset Allocation Fund
2014-08-04,,,,27.1291,Quant Multi Asset Allocation Fund
2014-08-05,,,,27.1345,Quant Multi Asset Allocation Fund
2014-08-06,,,,27.1399,Quant Multi Asset Allocation Fund
2014-08-07,,,,27.1452,Quant Multi Asset Allocation Fund
2014-08-08,,,,27.1506,Quant Multi Asset Allocation Fund
2014-08-11,,,,27.1667,Quant Multi Asset Allocation Fund
2014-08-12,,,,27.1721,Quant Multi Asset Allocation Fund
2014-08-13,,,,27.1774,Quant Multi Asset Allocation Fund
2014-08-14,,,,27.1828,Quant Multi Asset Allocation Fund
2014-08-18,,,,27.2042,Quant Multi Asset Allocation Fund
2014-08-19,,,,27.2096,Quant Multi Asset Allocation Fund
2014-08-20,,,,27.2149,Quant Multi Asset Allocation Fund
2014-08-21,,,,27.2203,Quant Multi Asset Allocation Fund
2014-08-22,,,,27.2257,Quant Multi Asset Allocation Fund
2014-08-25,,,,27.2417,Quant Multi Asset Allocation Fund
2014-08-26,,,,27.2471,Quant Multi Asset Allocation Fund
2014-08-27,,,,27.2525,Quant Multi Asset Allocation Fund
2014-08-28,,,,27.2578,Quant Multi Asset Allocation Fund
2014-09-01,,,,27.2773,Quant Multi Asset Allocation Fund
2014-09-02,,,,27.283,Quant Multi Asset Allocation Fund
2014-09-03,,,,27.2884,Quant Multi Asset Allocation Fund
2014-09-04,,,,27.2744,Quant Multi Asset Allocation Fund
2014-09-05,,,,27.2882,Quant Multi Asset Allocation Fund
2014-09-08,,,,27.3271,Quant Multi Asset Allocation Fund
2014-09-09,,,,27.3324,Quant Multi Asset Allocation Fund
2014-09-10,,,,27.3377,Quant Multi Asset Allocation Fund
2014-09-11,,,,27.3429,Quant Multi Asset Allocation Fund
2014-09-12,,,,27.3482,Quant Multi Asset Allocation Fund
2014-09-15,,,,27.364,Quant Multi Asset Allocation Fund
2014-09-16,,,,27.3693,Quant Multi Asset Allocation Fund
2014-09-17,,,,27.3746,Quant Multi Asset Allocation Fund
2014-09-18,,,,27.3799,Quant Multi Asset Allocation Fund
2014-09-19,,,,27.3851,Quant Multi Asset Allocation Fund
2014-09-22,,,,27.4009,Quant Multi Asset Allocation Fund
2014-09-24,,,,27.4115,Quant Multi Asset Allocation Fund
2014-09-25,,,,27.4168,Quant Multi Asset Allocation Fund
2014-09-26,,,,27.422,Quant Multi Asset Allocation Fund
2014-09-29,,,,27.4378,Quant Multi Asset Allocation Fund
2014-09-30,,,,27.4431,Quant Multi Asset Allocation Fund
2014-10-01,,,,27.4484,Quant Multi Asset Allocation Fund
2014-10-07,,,,27.48,Quant Multi Asset Allocation Fund
2014-10-08,,,,27.4853,Quant Multi Asset Allocation Fund
2014-10-09,,,,27.4905,Quant Multi Asset Allocation Fund
2014-10-10,,,,27.4958,Quant Multi Asset Allocation Fund
2014-10-13,,,,27.5116,Quant Multi Asset Allocation Fund
2014-10-14,,,,27.5169,Quant Multi Asset Allocation Fund
2014-10-16,,,,27.5274,Quant Multi Asset Allocation Fund
2014-10-17,,,,27.5327,Quant Multi Asset Allocation Fund
2014-10-20,,,,27.5485,Quant Multi Asset Allocation Fund
2014-10-21,,,,27.5537,Quant Multi Asset Allocation Fund
2014-10-22,,,,27.559,Quant Multi Asset Allocation Fund
2014-10-27,,,,27.5853,Quant Multi Asset Allocation Fund
2014-10-28,,,,27.5906,Quant Multi Asset Allocation Fund
2014-10-29,,,,27.5958,Quant Multi Asset Allocation Fund
2014-10-30,,,,27.5946,Quant Multi Asset Allocation Fund
2014-10-31,,,,27.5998,Quant Multi Asset Allocation Fund
2014-11-03,,,,27.6156,Quant Multi Asset Allocation Fund
2014-11-05,,,,27.6262,Quant Multi Asset Allocation Fund
2014-11-07,,,,27.6367,Quant Multi Asset Allocation Fund
2014-11-10,,,,27.6525,Quant Multi Asset Allocation Fund
2014-11-11,,,,27.6577,Quant Multi Asset Allocation Fund
2014-11-12,,,,27.663,Quant Multi Asset Allocation Fund
2014-11-13,,,,27.6683,Quant Multi Asset Allocation Fund
2014-11-14,,,,27.6735,Quant Multi Asset Allocation Fund
2014-11-17,,,,27.6893,Quant Multi Asset Allocation Fund
2014-11-18,,,,27.6946,Quant Multi Asset Allocation Fund
2014-11-19,,,,27.6998,Quant Multi Asset Allocation Fund
2014-11-20,,,,27.7051,Quant Multi Asset Allocation Fund
2014-11-21,,,,27.7103,Quant Multi Asset Allocation Fund
2014-11-24,,,,27.7261,Quant Multi Asset Allocation Fund
2014-11-25,,,,27.7314,Quant Multi Asset Allocation Fund
2014-11-26,,,,27.7366,Quant Multi Asset Allocation Fund
2014-11-27,,,,27.7419,Quant Multi Asset Allocation Fund
2014-11-28,,,,27.7471,Quant Multi Asset Allocation Fund
2014-12-01,,,,27.7629,Quant Multi Asset Allocation Fund
2014-12-02,,,,27.7682,Quant Multi Asset Allocation Fund
2014-12-03,,,,27.7734,Quant Multi Asset Allocation Fund
2014-12-04,,,,27.7787,Quant Multi Asset Allocation Fund
2014-12-05,,,,27.7839,Quant Multi Asset Allocation Fund
2014-12-08,,,,27.7997,Quant Multi Asset Allocation Fund
2014-12-09,,,,27.805,Quant Multi Asset Allocation Fund
2014-12-10,,,,27.8102,Quant Multi Asset Allocation Fund
2014-12-11,,,,27.8155,Quant Multi Asset Allocation Fund
2014-12-12,,,,27.8859,Quant Multi Asset Allocation Fund
2014-12-15,,,,27.9033,Quant Multi Asset Allocation Fund
2014-12-16,,,,27.8977,Quant Multi Asset Allocation Fund
2014-12-17,,,,27.9124,Quant Multi Asset Allocation Fund
2014-12-18,,,,27.9146,Quant Multi Asset Allocation Fund
2014-12-19,,,,27.9159,Quant Multi Asset Allocation Fund
2014-12-22,,,,27.911,Quant Multi Asset Allocation Fund
2014-12-23,,,,27.9163,Quant Multi Asset Allocation Fund
2014-12-24,,,,27.9171,Quant Multi Asset Allocation Fund
2014-12-26,,,,27.9216,Quant Multi Asset Allocation Fund
2014-12-29,,,,27.939,Quant Multi Asset Allocation Fund
2014-12-30,,,,27.9381,Quant Multi Asset Allocation Fund
2014-12-31,,,,27.9488,Quant Multi Asset Allocation Fund
2015-01-01,,,,27.9582,Quant Multi Asset Allocation Fund
2015-01-02,,,,27.966,Quant Multi Asset Allocation Fund
2015-01-05,,,,27.9805,Quant Multi Asset Allocation Fund
2015-01-06,,,,27.9852,Quant Multi Asset Allocation Fund
2015-01-07,,,,27.9927,Quant Multi Asset Allocation Fund
2015-01-08,,,,27.998,Quant Multi Asset Allocation Fund
2015-01-09,,,,27.9859,Quant Multi Asset Allocation Fund
2015-01-12,,,,28.0021,Quant Multi Asset Allocation Fund
2015-01-13,,,,28.0118,Quant Multi Asset Allocation Fund
2015-01-14,,,,28.0166,Quant Multi Asset Allocation Fund
2015-01-15,,,,28.046,Quant Multi Asset Allocation Fund
2015-01-16,,,,28.0527,Quant Multi Asset Allocation Fund
2015-01-19,,,,28.0596,Quant Multi Asset Allocation Fund
2015-01-20,,,,28.0589,Quant Multi Asset Allocation Fund
2015-01-21,,,,28.0637,Quant Multi Asset Allocation Fund
2015-01-22,,,,28.0694,Quant Multi Asset Allocation Fund
2015-01-23,,,,28.0755,Quant Multi Asset Allocation Fund
2015-01-27,,,,28.0964,Quant Multi Asset Allocation Fund
2015-01-28,,,,28.0987,Quant Multi Asset Allocation Fund
2015-01-29,,,,28.1017,Quant Multi Asset Allocation Fund
2015-01-30,,,,28.1032,Quant Multi Asset Allocation Fund
2015-02-02,,,,28.118,Quant Multi Asset Allocation Fund
2015-02-03,,,,28.1209,Quant Multi Asset Allocation Fund
2015-02-04,,,,28.1214,Quant Multi Asset Allocation Fund
2015-02-05,,,,28.1246,Quant Multi Asset Allocation Fund
2015-02-06,,,,28.1305,Quant Multi Asset Allocation Fund
2015-02-09,,,,28.144,Quant Multi Asset Allocation Fund
2015-02-10,,,,28.15,Quant Multi Asset Allocation Fund
2015-02-11,,,,28.1548,Quant Multi Asset Allocation Fund
2015-02-12,,,,28.1576,Quant Multi Asset Allocation Fund
2015-02-13,,,,28.1703,Quant Multi Asset Allocation Fund
2015-02-16,,,,28.1827,Quant Multi Asset Allocation Fund
2015-02-18,,,,28.1904,Quant Multi Asset Allocation Fund
2015-02-19,,,,28.1955,Quant Multi Asset Allocation Fund
2015-02-20,,,,28.2033,Quant Multi Asset Allocation Fund
2015-02-23,,,,28.2173,Quant Multi Asset Allocation Fund
2015-02-24,,,,28.2199,Quant Multi Asset Allocation Fund
2015-02-25,,,,28.2217,Quant Multi Asset Allocation Fund
2015-02-26,,,,28.2327,Quant Multi Asset Allocation Fund
2015-02-27,,,,28.2321,Quant Multi Asset Allocation Fund
2015-03-02,,,,28.2493,Quant Multi Asset Allocation Fund
2015-03-03,,,,28.256,Quant Multi Asset Allocation Fund
2015-03-04,,,,28.272,Quant Multi Asset Allocation Fund
2015-03-05,,,,28.2761,Quant Multi Asset Allocation Fund
2015-03-09,,,,28.298,Quant Multi Asset Allocation Fund
2015-03-10,,,,28.2953,Quant Multi Asset Allocation Fund
2015-03-11,,,,28.2971,Quant Multi Asset Allocation Fund
2015-03-12,,,,28.3113,Quant Multi Asset Allocation Fund
2015-03-13,,,,28.3052,Quant Multi Asset Allocation Fund
2015-03-16,,,,28.3178,Quant Multi Asset Allocation Fund
2015-03-17,,,,28.322,Quant Multi Asset Allocation Fund
2015-03-18,,,,28.3396,Quant Multi Asset Allocation Fund
2015-03-19,,,,28.3511,Quant Multi Asset Allocation Fund
2015-03-20,,,,28.3514,Quant Multi Asset Allocation Fund
2015-03-23,,,,28.3588,Quant Multi Asset Allocation Fund
2015-03-24,,,,28.3642,Quant Multi Asset Allocation Fund
2015-03-25,,,,28.3643,Quant Multi Asset Allocation Fund
2015-03-26,,,,28.3722,Quant Multi Asset Allocation Fund
2015-03-27,,,,28.3777,Quant Multi Asset Allocation Fund
2015-03-30,,,,28.395,Quant Multi Asset Allocation Fund
2015-03-31,,,,28.4256,Quant Multi Asset Allocation Fund
2015-04-06,,,,28.4554,Quant Multi Asset Allocation Fund
2015-04-07,,,,28.4586,Quant Multi Asset Allocation Fund
2015-04-08,,,,28.4631,Quant Multi Asset Allocation Fund
2015-04-09,,,,28.4694,Quant Multi Asset Allocation Fund
2015-04-10,,,,28.4743,Quant Multi Asset Allocation Fund
2015-04-13,,,,28.4907,Quant Multi Asset Allocation Fund
2015-04-15,,,,28.4982,Quant Multi Asset Allocation Fund
2015-04-16,,,,28.5044,Quant Multi Asset Allocation Fund
2015-04-17,,,,28.5086,Quant Multi Asset Allocation Fund
2015-04-20,,,,28.5225,Quant Multi Asset Allocation Fund
2015-04-21,,,,28.5274,Quant Multi Asset Allocation Fund
2015-04-22,,,,28.5343,Quant Multi Asset Allocation Fund
2015-04-23,,,,28.5379,Quant Multi Asset Allocation Fund
2015-04-24,,,,28.5423,Quant Multi Asset Allocation Fund
2015-04-27,,,,28.5571,Quant Multi Asset Allocation Fund
2015-04-28,,,,28.5621,Quant Multi Asset Allocation Fund
2015-04-29,,,,28.567,Quant Multi Asset Allocation Fund
2015-04-30,,,,28.5711,Quant Multi Asset Allocation Fund
2015-05-04,,,,28.5902,Quant Multi Asset Allocation Fund
2015-05-05,,,,28.5944,Quant Multi Asset Allocation Fund
2015-05-06,,,,28.5986,Quant Multi Asset Allocation Fund
2015-05-07,,,,28.6014,Quant Multi Asset Allocation Fund
2015-05-08,,,,28.6068,Quant Multi Asset Allocation Fund
2015-05-11,,,,28.6226,Quant Multi Asset Allocation Fund
2015-05-12,,,,28.6275,Quant Multi Asset Allocation Fund
2015-05-13,,,,28.6334,Quant Multi Asset Allocation Fund
2015-05-14,,,,28.6387,Quant Multi Asset Allocation Fund
2015-05-15,,,,28.6418,Quant Multi Asset Allocation Fund
2015-05-18,,,,28.6571,Quant Multi Asset Allocation Fund
2015-05-19,,,,28.6627,Quant Multi Asset Allocation Fund
2015-05-20,,,,28.6687,Quant Multi Asset Allocation Fund
2015-05-21,,,,28.6742,Quant Multi Asset Allocation Fund
2015-05-22,,,,28.6795,Quant Multi Asset Allocation Fund
2015-05-25,,,,28.6939,Quant Multi Asset Allocation Fund
2015-05-26,,,,28.6986,Quant Multi Asset Allocation Fund
2015-05-27,,,,28.7039,Quant Multi Asset Allocation Fund
2015-05-28,,,,28.7099,Quant Multi Asset Allocation Fund
2015-05-29,,,,28.7142,Quant Multi Asset Allocation Fund
2015-06-01,,,,28.7306,Quant Multi Asset Allocation Fund
2015-06-02,,,,28.7347,Quant Multi Asset Allocation Fund
2015-06-03,,,,28.7405,Quant Multi Asset Allocation Fund
2015-06-04,,,,28.7438,Quant Multi Asset Allocation Fund
2015-06-05,,,,28.7493,Quant Multi Asset Allocation Fund
2015-06-08,,,,28.7635,Quant Multi Asset Allocation Fund
2015-06-09,,,,28.7681,Quant Multi Asset Allocation Fund
2015-06-10,,,,28.7729,Quant Multi Asset Allocation Fund
2015-06-11,,,,28.7776,Quant Multi Asset Allocation Fund
2015-06-12,,,,28.7813,Quant Multi Asset Allocation Fund
2015-06-15,,,,28.7954,Quant Multi Asset Allocation Fund
2015-06-16,,,,28.8003,Quant Multi Asset Allocation Fund
2015-06-17,,,,28.805,Quant Multi Asset Allocation Fund
2015-06-18,,,,28.8098,Quant Multi Asset Allocation Fund
2015-06-19,,,,28.8141,Quant Multi Asset Allocation Fund
2015-06-22,,,,28.8279,Quant Multi Asset Allocation Fund
2015-06-23,,,,28.8327,Quant Multi Asset Allocation Fund
2015-06-24,,,,28.8375,Quant Multi Asset Allocation Fund
2015-06-25,,,,28.8422,Quant Multi Asset Allocation Fund
2015-06-26,,,,28.8468,Quant Multi Asset Allocation Fund
2015-06-29,,,,28.8617,Quant Multi Asset Allocation Fund
2015-06-30,,,,28.8666,Quant Multi Asset Allocation Fund
2015-07-01,,,,28.8714,Quant Multi Asset Allocation Fund
2015-07-02,,,,28.8882,Quant Multi Asset Allocation Fund
2015-07-03,,,,28.8923,Quant Multi Asset Allocation Fund
2015-07-06,,,,28.9524,Quant Multi Asset Allocation Fund
2015-07-07,,,,28.927,Quant Multi Asset Allocation Fund
2015-07-08,,,,28.9318,Quant Multi Asset Allocation Fund
2015-07-09,,,,28.9358,Quant Multi Asset Allocation Fund
2015-07-10,,,,28.9496,Quant Multi Asset Allocation Fund
2015-07-13,,,,28.826,Quant Multi Asset Allocation Fund
2015-07-14,,,,28.9061,Quant Multi Asset Allocation Fund
2015-07-15,,,,28.8867,Quant Multi Asset Allocation Fund
2015-07-16,,,,28.8824,Quant Multi Asset Allocation Fund
2015-07-17,,,,28.8956,Quant Multi Asset Allocation Fund
2015-07-20,,,,28.92,Quant Multi Asset Allocation Fund
2015-07-21,,,,28.9347,Quant Multi Asset Allocation Fund
2015-07-22,,,,28.9775,Quant Multi Asset Allocation Fund
2015-07-23,,,,29.027,Quant Multi Asset Allocation Fund
2015-07-24,,,,29.016,Quant Multi Asset Allocation Fund
2015-07-27,,,,29.0293,Quant Multi Asset Allocation Fund
2015-07-28,,,,29.0833,Quant Multi Asset Allocation Fund
2015-07-29,,,,29.076,Quant Multi Asset Allocation Fund
2015-07-30,,,,29.0509,Quant Multi Asset Allocation Fund
2015-07-31,,,,29.0936,Quant Multi Asset Allocation Fund
2015-08-03,,,,29.0942,Quant Multi Asset Allocation Fund
2015-08-04,,,,29.0833,Quant Multi Asset Allocation Fund
2015-08-05,,,,29.082,Quant Multi Asset Allocation Fund
2015-08-06,,,,29.1374,Quant Multi Asset Allocation Fund
2015-08-07,,,,29.1234,Quant Multi Asset Allocation Fund
2015-08-10,,,,29.1651,Quant Multi Asset Allocation Fund
2015-08-11,,,,29.1728,Quant Multi Asset Allocation Fund
2015-08-12,,,,29.1655,Quant Multi Asset Allocation Fund
2015-08-13,,,,29.2471,Quant Multi Asset Allocation Fund
2015-08-14,,,,29.3165,Quant Multi Asset Allocation Fund
2015-08-17,,,,29.3367,Quant Multi Asset Allocation Fund
2015-08-18,,,,29.3417,Quant Multi Asset Allocation Fund
2015-08-19,,,,29.3552,Quant Multi Asset Allocation Fund
2015-08-20,,,,29.3487,Quant Multi Asset Allocation Fund
2015-08-21,,,,29.3114,Quant Multi Asset Allocation Fund
2015-08-24,,,,29.2255,Quant Multi Asset Allocation Fund
2015-08-25,,,,29.2814,Quant Multi Asset Allocation Fund
2015-08-26,,,,29.3165,Quant Multi Asset Allocation Fund
2015-08-27,,,,29.3316,Quant Multi Asset Allocation Fund
2015-08-28,,,,29.3388,Quant Multi Asset Allocation Fund
2015-08-31,,,,29.3357,Quant Multi Asset Allocation Fund
2015-09-01,,,,29.3669,Quant Multi Asset Allocation Fund
2015-09-02,,,,29.3791,Quant Multi Asset Allocation Fund
2015-09-03,,,,29.3799,Quant Multi Asset Allocation Fund
2015-09-04,,,,29.3687,Quant Multi Asset Allocation Fund
2015-09-07,,,,29.36,Quant Multi Asset Allocation Fund
2015-09-08,,,,29.385,Quant Multi Asset Allocation Fund
2015-09-09,,,,29.3753,Quant Multi Asset Allocation Fund
2015-09-10,,,,29.3711,Quant Multi Asset Allocation Fund
2015-09-11,,,,29.3867,Quant Multi Asset Allocation Fund
2015-09-14,,,,29.4273,Quant Multi Asset Allocation Fund
2015-09-15,,,,29.4681,Quant Multi Asset Allocation Fund
2015-09-16,,,,29.425,Quant Multi Asset Allocation Fund
2015-09-18,,,,29.5226,Quant Multi Asset Allocation Fund
2015-09-21,,,,29.5268,Quant Multi Asset Allocation Fund
2015-09-22,,,,29.5255,Quant Multi Asset Allocation Fund
2015-09-23,,,,29.5257,Quant Multi Asset Allocation Fund
2015-09-24,,,,29.5292,Quant Multi Asset Allocation Fund
2015-09-28,,,,29.5384,Quant Multi Asset Allocation Fund
2015-09-29,,,,29.7309,Quant Multi Asset Allocation Fund
2015-09-30,,,,29.8656,Quant Multi Asset Allocation Fund
2015-10-01,,,,29.8308,Quant Multi Asset Allocation Fund
2015-10-05,,,,29.9064,Quant Multi Asset Allocation Fund
2015-10-06,,,,29.9228,Quant Multi Asset Allocation Fund
2015-10-07,,,,29.9008,Quant Multi Asset Allocation Fund
2015-10-08,,,,29.9349,Quant Multi Asset Allocation Fund
2015-10-09,,,,29.9566,Quant Multi Asset Allocation Fund
2015-10-12,,,,29.9277,Quant Multi Asset Allocation Fund
2015-10-13,,,,29.939,Quant Multi Asset Allocation Fund
2015-10-14,,,,29.951,Quant Multi Asset Allocation Fund
2015-10-15,,,,29.9597,Quant Multi Asset Allocation Fund
2015-10-16,,,,29.9557,Quant Multi Asset Allocation Fund
2015-10-19,,,,29.9494,Quant Multi Asset Allocation Fund
2015-10-20,,,,29.9454,Quant Multi Asset Allocation Fund
2015-10-21,,,,29.948,Quant Multi Asset Allocation Fund
2015-10-23,,,,29.9591,Quant Multi Asset Allocation Fund
2015-10-26,,,,29.9361,Quant Multi Asset Allocation Fund
2015-10-27,,,,29.9528,Quant Multi Asset Allocation Fund
2015-10-28,,,,29.9549,Quant Multi Asset Allocation Fund
2015-10-30,,,,29.9444,Quant Multi Asset Allocation Fund
2015-11-02,,,,29.9638,Quant Multi Asset Allocation Fund
2015-11-03,,,,29.9558,Quant Multi Asset Allocation Fund
2015-11-04,,,,29.9617,Quant Multi Asset Allocation Fund
2015-11-05,,,,29.9319,Quant Multi Asset Allocation Fund
2015-11-06,,,,29.9345,Quant Multi Asset Allocation Fund
2015-11-09,,,,29.7641,Quant Multi Asset Allocation Fund
2015-11-10,,,,29.7679,Quant Multi Asset Allocation Fund
2015-11-13,,,,29.8628,Quant Multi Asset Allocation Fund
2015-11-16,,,,29.894,Quant Multi Asset Allocation Fund
2015-11-17,,,,29.8968,Quant Multi Asset Allocation Fund
2015-11-18,,,,29.8566,Quant Multi Asset Allocation Fund
2015-11-19,,,,29.8613,Quant Multi Asset Allocation Fund
2015-11-20,,,,29.8448,Quant Multi Asset Allocation Fund
2015-11-23,,,,29.8204,Quant Multi Asset Allocation Fund
2015-11-24,,,,29.833,Quant Multi Asset Allocation Fund
2015-11-26,,,,29.8074,Quant Multi Asset Allocation Fund
2015-11-27,,,,29.7689,Quant Multi Asset Allocation Fund
2015-11-30,,,,29.7633,Quant Multi Asset Allocation Fund
2015-12-01,,,,29.7679,Quant Multi Asset Allocation Fund
2015-12-02,,,,29.8295,Quant Multi Asset Allocation Fund
2015-12-03,,,,29.8881,Quant Multi Asset Allocation Fund
2015-12-04,,,,29.8503,Quant Multi Asset Allocation Fund
2015-12-07,,,,29.8678,Quant Multi Asset Allocation Fund
2015-12-08,,,,29.8216,Quant Multi Asset Allocation Fund
2015-12-09,,,,29.8622,Quant Multi Asset Allocation Fund
2015-12-10,,,,29.8519,Quant Multi Asset Allocation Fund
2015-12-11,,,,29.871,Quant Multi Asset Allocation Fund
2015-12-14,,,,29.9155,Quant Multi Asset Allocation Fund
2015-12-15,,,,29.8842,Quant Multi Asset Allocation Fund
2015-12-16,,,,29.9308,Quant Multi Asset Allocation Fund
2015-12-17,,,,29.9864,Quant Multi Asset Allocation Fund
2015-12-18,,,,29.9448,Quant Multi Asset Allocation Fund
2015-12-21,,,,29.9182,Quant Multi Asset Allocation Fund
2015-12-22,,,,29.9498,Quant Multi Asset Allocation Fund
2015-12-23,,,,29.9983,Quant Multi Asset Allocation Fund
2015-12-24,,,,30.0033,Quant Multi Asset Allocation Fund
2015-12-28,,,,30.046,Quant Multi Asset Allocation Fund
2015-12-29,,,,30.0446,Quant Multi Asset Allocation Fund
2015-12-30,,,,30.0291,Quant Multi Asset Allocation Fund
2015-12-31,,,,30.0248,Quant Multi Asset Allocation Fund
2016-01-01,,,,30.1128,Quant Multi Asset Allocation Fund
2016-01-04,,,,30.1123,Quant Multi Asset Allocation Fund
2016-01-05,,,,30.127,Quant Multi Asset Allocation Fund
2016-01-06,,,,30.1466,Quant Multi Asset Allocation Fund
2016-01-07,,,,30.1752,Quant Multi Asset Allocation Fund
2016-01-08,,,,30.1854,Quant Multi Asset Allocation Fund
2016-01-11,,,,30.1999,Quant Multi Asset Allocation Fund
2016-01-12,,,,30.1865,Quant Multi Asset Allocation Fund
2016-01-13,,,,30.1642,Quant Multi Asset Allocation Fund
2016-01-14,,,,30.1449,Quant Multi Asset Allocation Fund
2016-01-15,,,,30.0831,Quant Multi Asset Allocation Fund
2016-01-18,,,,30.0827,Quant Multi Asset Allocation Fund
2016-01-19,,,,30.1353,Quant Multi Asset Allocation Fund
2016-01-20,,,,30.2029,Quant Multi Asset Allocation Fund
2016-01-21,,,,30.2195,Quant Multi Asset Allocation Fund
2016-01-22,,,,30.1937,Quant Multi Asset Allocation Fund
2016-01-25,,,,30.1899,Quant Multi Asset Allocation Fund
2016-01-27,,,,30.2145,Quant Multi Asset Allocation Fund
2016-01-28,,,,30.2042,Quant Multi Asset Allocation Fund
2016-01-29,,,,30.2384,Quant Multi Asset Allocation Fund
2016-02-01,,,,30.2468,Quant Multi Asset Allocation Fund
2016-02-02,,,,30.1825,Quant Multi Asset Allocation Fund
2016-02-03,,,,30.1812,Quant Multi Asset Allocation Fund
2016-02-04,,,,30.1859,Quant Multi Asset Allocation Fund
2016-02-05,,,,30.2048,Quant Multi Asset Allocation Fund
2016-02-08,,,,30.1903,Quant Multi Asset Allocation Fund
2016-02-09,,,,30.1792,Quant Multi Asset Allocation Fund
2016-02-10,,,,30.1824,Quant Multi Asset Allocation Fund
2016-02-11,,,,30.2634,Quant Multi Asset Allocation Fund
2016-02-12,,,,30.1775,Quant Multi Asset Allocation Fund
2016-02-15,,,,30.1472,Quant Multi Asset Allocation Fund
2016-02-16,,,,30.0895,Quant Multi Asset Allocation Fund
2016-02-17,,,,30.0492,Quant Multi Asset Allocation Fund
2016-02-18,,,,30.0354,Quant Multi Asset Allocation Fund
2016-02-19,,,,30.0408,Quant Multi Asset Allocation Fund
2016-02-22,,,,29.9624,Quant Multi Asset Allocation Fund
2016-02-23,,,,29.889,Quant Multi Asset Allocation Fund
2016-02-24,,,,29.8313,Quant Multi Asset Allocation Fund
2016-02-25,,,,29.6796,Quant Multi Asset Allocation Fund
2016-02-26,,,,29.7932,Quant Multi Asset Allocation Fund
2016-02-29,,,,30.2352,Quant Multi Asset Allocation Fund
2016-03-01,,,,30.2433,Quant Multi Asset Allocation Fund
2016-03-02,,,,30.2482,Quant Multi Asset Allocation Fund
2016-03-03,,,,30.1967,Quant Multi Asset Allocation Fund
2016-03-04,,,,30.1941,Quant Multi Asset Allocation Fund
2016-03-08,,,,30.184,Quant Multi Asset Allocation Fund
2016-03-09,,,,30.1736,Quant Multi Asset Allocation Fund
2016-03-10,,,,30.1783,Quant Multi Asset Allocation Fund
2016-03-11,,,,30.1822,Quant Multi Asset Allocation Fund
2016-03-14,,,,30.282,Quant Multi Asset Allocation Fund
2016-03-15,,,,30.2928,Quant Multi Asset Allocation Fund
2016-03-16,,,,30.3126,Quant Multi Asset Allocation Fund
2016-03-17,,,,30.3779,Quant Multi Asset Allocation Fund
2016-03-18,,,,30.4122,Quant Multi Asset Allocation Fund
2016-03-21,,,,30.518,Quant Multi Asset Allocation Fund
2016-03-22,,,,30.5378,Quant Multi Asset Allocation Fund
2016-03-23,,,,30.541,Quant Multi Asset Allocation Fund
2016-03-28,,,,30.6509,Quant Multi Asset Allocation Fund
2016-03-29,,,,30.6556,Quant Multi Asset Allocation Fund
2016-03-30,,,,30.6618,Quant Multi Asset Allocation Fund
2016-03-31,,,,30.7185,Quant Multi Asset Allocation Fund
2016-04-01,,,,30.7235,Quant Multi Asset Allocation Fund
2016-04-04,,,,30.805,Quant Multi Asset Allocation Fund
2016-04-05,,,,30.8097,Quant Multi Asset Allocation Fund
2016-04-06,,,,30.8507,Quant Multi Asset Allocation Fund
2016-04-07,,,,30.8939,Quant Multi Asset Allocation Fund
2016-04-08,,,,30.8989,Quant Multi Asset Allocation Fund
2016-04-11,,,,31.0196,Quant Multi Asset Allocation Fund
2016-04-12,,,,31.0455,Quant Multi Asset Allocation Fund
2016-04-13,,,,30.9823,Quant Multi Asset Allocation Fund
2016-04-18,,,,31.0219,Quant Multi Asset Allocation Fund
2016-04-20,,,,31.0254,Quant Multi Asset Allocation Fund
2016-04-21,,,,30.9824,Quant Multi Asset Allocation Fund
2016-04-22,,,,31.0069,Quant Multi Asset Allocation Fund
2016-04-25,,,,31.0095,Quant Multi Asset Allocation Fund
2016-04-26,,,,30.9945,Quant Multi Asset Allocation Fund
2016-04-27,,,,31.0128,Quant Multi Asset Allocation Fund
2016-04-28,,,,31.0387,Quant Multi Asset Allocation Fund
2016-04-29,,,,31.0458,Quant Multi Asset Allocation Fund
2016-05-02,,,,31.0726,Quant Multi Asset Allocation Fund
2016-05-03,,,,31.0591,Quant Multi Asset Allocation Fund
2016-05-04,,,,31.0691,Quant Multi Asset Allocation Fund
2016-05-05,,,,31.0867,Quant Multi Asset Allocation Fund
2016-05-06,,,,31.0908,Quant Multi Asset Allocation Fund
2016-05-09,,,,31.1281,Quant Multi Asset Allocation Fund
2016-05-10,,,,31.1343,Quant Multi Asset Allocation Fund
2016-05-11,,,,31.139,Quant Multi Asset Allocation Fund
2016-05-12,,,,31.1619,Quant Multi Asset Allocation Fund
2016-05-13,,,,31.1508,Quant Multi Asset Allocation Fund
2016-05-16,,,,31.148,Quant Multi Asset Allocation Fund
2016-05-17,,,,31.1671,Quant Multi Asset Allocation Fund
2016-05-18,,,,31.1491,Quant Multi Asset Allocation Fund
2016-05-19,,,,31.1613,Quant Multi Asset Allocation Fund
2016-05-20,,,,31.1566,Quant Multi Asset Allocation Fund
2016-05-23,,,,31.2043,Quant Multi Asset Allocation Fund
2016-05-24,,,,31.2059,Quant Multi Asset Allocation Fund
2016-05-25,,,,31.2046,Quant Multi Asset Allocation Fund
2016-05-26,,,,31.1971,Quant Multi Asset Allocation Fund
2016-05-27,,,,31.2,Quant Multi Asset Allocation Fund
2016-05-30,,,,31.2235,Quant Multi Asset Allocation Fund
2016-05-31,,,,31.2168,Quant Multi Asset Allocation Fund
2016-06-01,,,,31.1919,Quant Multi Asset Allocation Fund
2016-06-02,,,,31.1966,Quant Multi Asset Allocation Fund
2016-06-03,,,,31.2071,Quant Multi Asset Allocation Fund
2016-06-06,,,,31.235,Quant Multi Asset Allocation Fund
2016-06-07,,,,31.2359,Quant Multi Asset Allocation Fund
2016-06-08,,,,31.2231,Quant Multi Asset Allocation Fund
2016-06-09,,,,31.2278,Quant Multi Asset Allocation Fund
2016-06-10,,,,31.2458,Quant Multi Asset Allocation Fund
2016-06-13,,,,31.2026,Quant Multi Asset Allocation Fund
2016-06-14,,,,31.2376,Quant Multi Asset Allocation Fund
2016-06-15,,,,31.2574,Quant Multi Asset Allocation Fund
2016-06-16,,,,31.2818,Quant Multi Asset Allocation Fund
2016-06-17,,,,31.2892,Quant Multi Asset Allocation Fund
2016-06-20,,,,31.305,Quant Multi Asset Allocation Fund
2016-06-21,,,,31.3066,Quant Multi Asset Allocation Fund
2016-06-22,,,,31.3265,Quant Multi Asset Allocation Fund
2016-06-23,,,,31.3372,Quant Multi Asset Allocation Fund
2016-06-24,,,,31.3355,Quant Multi Asset Allocation Fund
2016-06-27,,,,31.3983,Quant Multi Asset Allocation Fund
2016-06-28,,,,31.4181,Quant Multi Asset Allocation Fund
2016-06-29,,,,31.444,Quant Multi Asset Allocation Fund
2016-06-30,,,,31.4638,Quant Multi Asset Allocation Fund
2016-07-01,,,,31.5288,Quant Multi Asset Allocation Fund
2016-07-04,,,,31.5428,Quant Multi Asset Allocation Fund
2016-07-05,,,,31.6839,Quant Multi Asset Allocation Fund
2016-07-07,,,,31.7085,Quant Multi Asset Allocation Fund
2016-07-08,,,,31.719,Quant Multi Asset Allocation Fund
2016-07-11,,,,31.7392,Quant Multi Asset Allocation Fund
2016-07-12,,,,31.8044,Quant Multi Asset Allocation Fund
2016-07-13,,,,31.9454,Quant Multi Asset Allocation Fund
2016-07-14,,,,31.9379,Quant Multi Asset Allocation Fund
2016-07-15,,,,31.9668,Quant Multi Asset Allocation Fund
2016-07-18,,,,31.9686,Quant Multi Asset Allocation Fund
2016-07-19,,,,32.0187,Quant Multi Asset Allocation Fund
2016-07-20,,,,32.0718,Quant Multi Asset Allocation Fund
2016-07-21,,,,32.0765,Quant Multi Asset Allocation Fund
2016-07-22,,,,32.0963,Quant Multi Asset Allocation Fund
2016-07-25,,,,32.1253,Quant Multi Asset Allocation Fund
2016-07-26,,,,32.133,Quant Multi Asset Allocation Fund
2016-07-27,,,,32.1346,Quant Multi Asset Allocation Fund
2016-07-28,,,,32.2301,Quant Multi Asset Allocation Fund
2016-07-29,,,,32.2347,Quant Multi Asset Allocation Fund
2016-08-01,,,,32.282,Quant Multi Asset Allocation Fund
2016-08-02,,,,32.2321,Quant Multi Asset Allocation Fund
2016-08-03,,,,32.1974,Quant Multi Asset Allocation Fund
2016-08-04,,,,32.2383,Quant Multi Asset Allocation Fund
2016-08-05,,,,32.2461,Quant Multi Asset Allocation Fund
2016-08-08,,,,32.2599,Quant Multi Asset Allocation Fund
2016-08-09,,,,32.3342,Quant Multi Asset Allocation Fund
2016-08-10,,,,32.3782,Quant Multi Asset Allocation Fund
2016-08-11,,,,32.395,Quant Multi Asset Allocation Fund
2016-08-12,,,,32.3846,Quant Multi Asset Allocation Fund
2016-08-16,,,,32.3909,Quant Multi Asset Allocation Fund
2016-08-17,,,,32.3955,Quant Multi Asset Allocation Fund
2016-08-18,,,,32.3577,Quant Multi Asset Allocation Fund
2016-08-19,,,,32.3912,Quant Multi Asset Allocation Fund
2016-08-22,,,,32.3247,Quant Multi Asset Allocation Fund
2016-08-23,,,,32.3445,Quant Multi Asset Allocation Fund
2016-08-24,,,,32.3945,Quant Multi Asset Allocation Fund
2016-08-25,,,,32.4173,Quant Multi Asset Allocation Fund
2016-08-26,,,,32.422,Quant Multi Asset Allocation Fund
2016-08-29,,,,32.457,Quant Multi Asset Allocation Fund
2016-08-30,,,,32.4738,Quant Multi Asset Allocation Fund
2016-08-31,,,,32.4845,Quant Multi Asset Allocation Fund
2016-09-01,,,,32.477,Quant Multi Asset Allocation Fund
2016-09-02,,,,32.4817,Quant Multi Asset Allocation Fund
2016-09-06,,,,32.5243,Quant Multi Asset Allocation Fund
2016-09-07,,,,32.5895,Quant Multi Asset Allocation Fund
2016-09-08,,,,32.5972,Quant Multi Asset Allocation Fund
2016-09-09,,,,32.608,Quant Multi Asset Allocation Fund
2016-09-12,,,,32.6006,Quant Multi Asset Allocation Fund
2016-09-14,,,,32.5976,Quant Multi Asset Allocation Fund
2016-09-15,,,,32.6113,Quant Multi Asset Allocation Fund
2016-09-16,,,,32.6251,Quant Multi Asset Allocation Fund
2016-09-19,,,,32.648,Quant Multi Asset Allocation Fund
2016-09-20,,,,32.6435,Quant Multi Asset Allocation Fund
2016-09-21,,,,32.6618,Quant Multi Asset Allocation Fund
2016-09-22,,,,32.7376,Quant Multi Asset Allocation Fund
2016-09-23,,,,32.7756,Quant Multi Asset Allocation Fund
2016-09-26,,,,32.8469,Quant Multi Asset Allocation Fund
2016-09-27,,,,32.8939,Quant Multi Asset Allocation Fund
2016-09-28,,,,32.9197,Quant Multi Asset Allocation Fund
2016-09-29,,,,32.7577,Quant Multi Asset Allocation Fund
2016-09-30,,,,32.817,Quant Multi Asset Allocation Fund
2016-10-03,,,,32.9579,Quant Multi Asset Allocation Fund
2016-10-04,,,,33.12,Quant Multi Asset Allocation Fund
2016-10-05,,,,33.1882,Quant Multi Asset Allocation Fund
2016-10-06,,,,33.108,Quant Multi Asset Allocation Fund
2016-10-07,,,,33.081,Quant Multi Asset Allocation Fund
2016-10-10,,,,33.1448,Quant Multi Asset Allocation Fund
2016-10-13,,,,33.1583,Quant Multi Asset Allocation Fund
2016-10-14,,,,33.1025,Quant Multi Asset Allocation Fund
2016-10-17,,,,33.1134,Quant Multi Asset Allocation Fund
2016-10-18,,,,33.1654,Quant Multi Asset Allocation Fund
2016-10-19,,,,33.1859,Quant Multi Asset Allocation Fund
2016-10-20,,,,33.1905,Quant Multi Asset Allocation Fund
2016-10-21,,,,33.1256,Quant Multi Asset Allocation Fund
2016-10-24,,,,33.1422,Quant Multi Asset Allocation Fund
2016-10-25,,,,33.1286,Quant Multi Asset Allocation Fund
2016-10-26,,,,33.1363,Quant Multi Asset Allocation Fund
2016-10-27,,,,33.1136,Quant Multi Asset Allocation Fund
2016-10-28,,,,33.1032,Quant Multi Asset Allocation Fund
2016-11-01,,,,33.0821,Quant Multi Asset Allocation Fund
2016-11-02,,,,33.0837,Quant Multi Asset Allocation Fund
2016-11-03,,,,33.0958,Quant Multi Asset Allocation Fund
2016-11-04,,,,33.0475,Quant Multi Asset Allocation Fund
2016-11-07,,,,33.0854,Quant Multi Asset Allocation Fund
2016-11-08,,,,33.1415,Quant Multi Asset Allocation Fund
2016-11-09,,,,33.2794,Quant Multi Asset Allocation Fund
2016-11-10,,,,33.393,Quant Multi Asset Allocation Fund
2016-11-11,,,,33.3526,Quant Multi Asset Allocation Fund
2016-11-15,,,,33.734,Quant Multi Asset Allocation Fund
2016-11-16,,,,33.784,Quant Multi Asset Allocation Fund
2016-11-17,,,,33.7583,Quant Multi Asset Allocation Fund
2016-11-18,,,,33.7531,Quant Multi Asset Allocation Fund
2016-11-21,,,,33.9788,Quant Multi Asset Allocation Fund
2016-11-22,,,,33.9797,Quant Multi Asset Allocation Fund
2016-11-23,,,,34.108,Quant Multi Asset Allocation Fund
2016-11-24,,,,34.2871,Quant Multi Asset Allocation Fund
2016-11-25,,,,34.2192,Quant Multi Asset Allocation Fund
2016-11-28,,,,34.122,Quant Multi Asset Allocation Fund
2016-11-29,,,,34.1208,Quant Multi Asset Allocation Fund
2016-11-30,,,,34.1773,Quant Multi Asset Allocation Fund
2016-12-01,,,,34.1859,Quant Multi Asset Allocation Fund
2016-12-02,,,,34.1534,Quant Multi Asset Allocation Fund
2016-12-05,,,,34.2005,Quant Multi Asset Allocation Fund
2016-12-06,,,,34.2241,Quant Multi Asset Allocation Fund
2016-12-07,,,,34.008,Quant Multi Asset Allocation Fund
2016-12-08,,,,34.0195,Quant Multi Asset Allocation Fund
2016-12-09,,,,34.0019,Quant Multi Asset Allocation Fund
2016-12-12,,,,34.0141,Quant Multi Asset Allocation Fund
2016-12-13,,,,34.0185,Quant Multi Asset Allocation Fund
2016-12-14,,,,34.0384,Quant Multi Asset Allocation Fund
2016-12-15,,,,33.9029,Quant Multi Asset Allocation Fund
2016-12-16,,,,33.927,Quant Multi Asset Allocation Fund
2016-12-19,,,,33.9331,Quant Multi Asset Allocation Fund
2016-12-20,,,,33.9264,Quant Multi Asset Allocation Fund
2016-12-21,,,,33.9351,Quant Multi Asset Allocation Fund
2016-12-22,,,,33.8897,Quant Multi Asset Allocation Fund
2016-12-23,,,,33.8568,Quant Multi Asset Allocation Fund
2016-12-26,,,,33.7631,Quant Multi Asset Allocation Fund
2016-12-27,,,,33.7682,Quant Multi Asset Allocation Fund
2016-12-28,,,,33.7344,Quant Multi Asset Allocation Fund
2016-12-29,,,,33.8646,Quant Multi Asset Allocation Fund
2016-12-30,,,,33.9432,Quant Multi Asset Allocation Fund
2017-01-02,,,,34.1977,Quant Multi Asset Allocation Fund
2017-01-03,,,,34.1116,Quant Multi Asset Allocation Fund
2017-01-04,,,,34.1499,Quant Multi Asset Allocation Fund
2017-01-05,,,,34.1137,Quant Multi Asset Allocation Fund
2017-01-06,,,,34.0605,Quant Multi Asset Allocation Fund
2017-01-09,,,,34.0526,Quant Multi Asset Allocation Fund
2017-01-10,,,,34.0868,Quant Multi Asset Allocation Fund
2017-01-11,,,,34.0753,Quant Multi Asset Allocation Fund
2017-01-12,,,,34.1523,Quant Multi Asset Allocation Fund
2017-01-13,,,,34.074,Quant Multi Asset Allocation Fund
2017-01-16,,,,34.0479,Quant Multi Asset Allocation Fund
2017-01-17,,,,34.0892,Quant Multi Asset Allocation Fund
2017-01-18,,,,34.0415,Quant Multi Asset Allocation Fund
2017-01-19,,,,34.0119,Quant Multi Asset Allocation Fund
2017-01-20,,,,34.0014,Quant Multi Asset Allocation Fund
2017-01-23,,,,34.0337,Quant Multi Asset Allocation Fund
2017-01-24,,,,34.0765,Quant Multi Asset Allocation Fund
2017-01-25,,,,34.1,Quant Multi Asset Allocation Fund
2017-01-27,,,,34.1046,Quant Multi Asset Allocation Fund
2017-01-30,,,,34.088,Quant Multi Asset Allocation Fund
2017-01-31,,,,34.0765,Quant Multi Asset Allocation Fund
2017-02-01,,,,34.0577,Quant Multi Asset Allocation Fund
2017-02-02,,,,34.1317,Quant Multi Asset Allocation Fund
2017-02-03,,,,34.1284,Quant Multi Asset Allocation Fund
2017-02-06,,,,34.0808,Quant Multi Asset Allocation Fund
2017-02-07,,,,34.0573,Quant Multi Asset Allocation Fund
2017-02-08,,,,33.6083,Quant Multi Asset Allocation Fund
2017-02-09,,,,33.3449,Quant Multi Asset Allocation Fund
2017-02-10,,,,33.3772,Quant Multi Asset Allocation Fund
2017-02-13,,,,33.3558,Quant Multi Asset Allocation Fund
2017-02-14,,,,33.3223,Quant Multi Asset Allocation Fund
2017-02-15,,,,33.3613,Quant Multi Asset Allocation Fund
2017-02-16,,,,33.4201,Quant Multi Asset Allocation Fund
2017-02-17,,,,33.4236,Quant Multi Asset Allocation Fund
2017-02-20,,,,33.357,Quant Multi Asset Allocation Fund
2017-02-21,,,,33.3631,Quant Multi Asset Allocation Fund
2017-02-22,,,,33.3423,Quant Multi Asset Allocation Fund
2017-02-23,,,,33.375,Quant Multi Asset Allocation Fund
2017-02-27,,,,33.4346,Quant Multi Asset Allocation Fund
2017-02-28,,,,33.4359,Quant Multi Asset Allocation Fund
2017-03-01,,,,33.3426,Quant Multi Asset Allocation Fund
2017-03-02,,,,33.3594,Quant Multi Asset Allocation Fund
2017-03-03,,,,33.41,Quant Multi Asset Allocation Fund
2017-03-06,,,,33.3388,Quant Multi Asset Allocation Fund
2017-03-07,,,,33.3092,Quant Multi Asset Allocation Fund
2017-03-08,,,,33.3266,Quant Multi Asset Allocation Fund
2017-03-09,,,,33.3136,Quant Multi Asset Allocation Fund
2017-03-10,,,,33.2471,Quant Multi Asset Allocation Fund
2017-03-14,,,,33.2289,Quant Multi Asset Allocation Fund
2017-03-15,,,,33.3938,Quant Multi Asset Allocation Fund
2017-03-16,,,,33.4308,Quant Multi Asset Allocation Fund
2017-03-17,,,,33.44,Quant Multi Asset Allocation Fund
2017-03-20,,,,33.456,Quant Multi Asset Allocation Fund
2017-03-21,,,,33.4803,Quant Multi Asset Allocation Fund
2017-03-22,,,,33.6426,Quant Multi Asset Allocation Fund
2017-03-23,,,,33.6721,Quant Multi Asset Allocation Fund
2017-03-24,,,,33.6885,Quant Multi Asset Allocation Fund
2017-03-27,,,,33.8037,Quant Multi Asset Allocation Fund
2017-03-28,,,,33.8088,Quant Multi Asset Allocation Fund
2017-03-29,,,,33.8161,Quant Multi Asset Allocation Fund
2017-03-30,,,,33.8474,Quant Multi Asset Allocation Fund
2017-03-31,,,,33.8517,Quant Multi Asset Allocation Fund
2017-04-03,,,,33.8604,Quant Multi Asset Allocation Fund
2017-04-05,,,,33.8544,Quant Multi Asset Allocation Fund
2017-04-06,,,,33.6735,Quant Multi Asset Allocation Fund
2017-04-07,,,,33.5712,Quant Multi Asset Allocation Fund
2017-04-10,,,,33.5684,Quant Multi Asset Allocation Fund
2017-04-11,,,,33.647,Quant Multi Asset Allocation Fund
2017-04-12,,,,33.7321,Quant Multi Asset Allocation Fund
2017-04-13,,,,33.797,Quant Multi Asset Allocation Fund
2017-04-17,,,,33.7531,Quant Multi Asset Allocation Fund
2017-04-18,,,,33.7663,Quant Multi Asset Allocation Fund
2017-04-19,,,,33.8188,Quant Multi Asset Allocation Fund
2017-04-20,,,,33.8516,Quant Multi Asset Allocation Fund
2017-04-21,,,,33.7922,Quant Multi Asset Allocation Fund
2017-04-24,,,,33.7923,Quant Multi Asset Allocation Fund
2017-04-25,,,,33.8191,Quant Multi Asset Allocation Fund
2017-04-26,,,,33.7516,Quant Multi Asset Allocation Fund
2017-04-27,,,,33.757,Quant Multi Asset Allocation Fund
2017-04-28,,,,33.737,Quant Multi Asset Allocation Fund
2017-05-02,,,,33.7195,Quant Multi Asset Allocation Fund
2017-05-03,,,,33.7342,Quant Multi Asset Allocation Fund
2017-05-04,,,,33.7248,Quant Multi Asset Allocation Fund
2017-05-05,,,,33.7802,Quant Multi Asset Allocation Fund
2017-05-08,,,,33.8268,Quant Multi Asset Allocation Fund
2017-05-09,,,,33.7966,Quant Multi Asset Allocation Fund
2017-05-10,,,,33.8019,Quant Multi Asset Allocation Fund
2017-05-11,,,,33.8073,Quant Multi Asset Allocation Fund
2017-05-12,,,,33.8786,Quant Multi Asset Allocation Fund
2017-05-15,,,,34.0148,Quant Multi Asset Allocation Fund
2017-05-16,,,,33.9411,Quant Multi Asset Allocation Fund
2017-05-17,,,,33.9579,Quant Multi Asset Allocation Fund
2017-05-18,,,,33.9933,Quant Multi Asset Allocation Fund
2017-05-19,,,,33.9273,Quant Multi Asset Allocation Fund
2017-05-22,,,,34.0053,Quant Multi Asset Allocation Fund
2017-05-23,,,,34.0148,Quant Multi Asset Allocation Fund
2017-05-24,,,,34.0202,Quant Multi Asset Allocation Fund
2017-05-25,,,,34.1267,Quant Multi Asset Allocation Fund
2017-05-26,,,,34.217,Quant Multi Asset Allocation Fund
2017-05-29,,,,34.1996,Quant Multi Asset Allocation Fund
2017-05-30,,,,34.2041,Quant Multi Asset Allocation Fund
2017-05-31,,,,34.2184,Quant Multi Asset Allocation Fund
2017-06-01,,,,34.3191,Quant Multi Asset Allocation Fund
2017-06-02,,,,34.3162,Quant Multi Asset Allocation Fund
2017-06-05,,,,34.2849,Quant Multi Asset Allocation Fund
2017-06-06,,,,34.31,Quant Multi Asset Allocation Fund
2017-06-07,,,,34.4937,Quant Multi Asset Allocation Fund
2017-06-08,,,,34.5548,Quant Multi Asset Allocation Fund
2017-06-09,,,,34.6829,Quant Multi Asset Allocation Fund
2017-06-12,,,,34.6698,Quant Multi Asset Allocation Fund
2017-06-13,,,,34.7006,Quant Multi Asset Allocation Fund
2017-06-14,,,,34.7493,Quant Multi Asset Allocation Fund
2017-06-15,,,,34.7298,Quant Multi Asset Allocation Fund
2017-06-16,,,,34.7082,Quant Multi Asset Allocation Fund
2017-06-19,,,,34.7056,Quant Multi Asset Allocation Fund
2017-06-20,,,,34.8097,Quant Multi Asset Allocation Fund
2017-06-21,,,,34.8449,Quant Multi Asset Allocation Fund
2017-06-22,,,,34.8095,Quant Multi Asset Allocation Fund
2017-06-23,,,,34.8124,Quant Multi Asset Allocation Fund
2017-06-27,,,,34.827,Quant Multi Asset Allocation Fund
2017-06-28,,,,34.7609,Quant Multi Asset Allocation Fund
2017-06-29,,,,34.7521,Quant Multi Asset Allocation Fund
2017-06-30,,,,34.7439,Quant Multi Asset Allocation Fund
2017-07-03,,,,34.6703,Quant Multi Asset Allocation Fund
2017-07-04,,,,34.6779,Quant Multi Asset Allocation Fund
2017-07-05,,,,34.683,Quant Multi Asset Allocation Fund
2017-07-06,,,,34.7204,Quant Multi Asset Allocation Fund
2017-07-07,,,,34.7452,Quant Multi Asset Allocation Fund
2017-07-10,,,,34.8705,Quant Multi Asset Allocation Fund
2017-07-11,,,,34.8677,Quant Multi Asset Allocation Fund
2017-07-12,,,,34.9046,Quant Multi Asset Allocation Fund
2017-07-13,,,,34.9215,Quant Multi Asset Allocation Fund
2017-07-14,,,,34.917,Quant Multi Asset Allocation Fund
2017-07-17,,,,34.9425,Quant Multi Asset Allocation Fund
2017-07-18,,,,34.952,Quant Multi Asset Allocation Fund
2017-07-19,,,,34.9771,Quant Multi Asset Allocation Fund
2017-07-20,,,,34.9797,Quant Multi Asset Allocation Fund
2017-07-21,,,,35.0248,Quant Multi Asset Allocation Fund
2017-07-24,,,,35.0743,Quant Multi Asset Allocation Fund
2017-07-25,,,,35.002,Quant Multi Asset Allocation Fund
2017-07-26,,,,35.0211,Quant Multi Asset Allocation Fund
2017-07-27,,,,35.0246,Quant Multi Asset Allocation Fund
2017-07-28,,,,34.9875,Quant Multi Asset Allocation Fund
2017-07-31,,,,34.9809,Quant Multi Asset Allocation Fund
2017-08-01,,,,35.0277,Quant Multi Asset Allocation Fund
2017-08-02,,,,35.0263,Quant Multi Asset Allocation Fund
2017-08-03,,,,35.1363,Quant Multi Asset Allocation Fund
2017-08-04,,,,35.1178,Quant Multi Asset Allocation Fund
2017-08-07,,,,35.1332,Quant Multi Asset Allocation Fund
2017-08-08,,,,35.0998,Quant Multi Asset Allocation Fund
2017-08-09,,,,35.0869,Quant Multi Asset Allocation Fund
2017-08-10,,,,35.0268,Quant Multi Asset Allocation Fund
2017-08-11,,,,35.0253,Quant Multi Asset Allocation Fund
2017-08-14,,,,35.0257,Quant Multi Asset Allocation Fund
2017-08-16,,,,34.9997,Quant Multi Asset Allocation Fund
2017-08-17,,,,35.0049,Quant Multi Asset Allocation Fund
2017-08-18,,,,35.0492,Quant Multi Asset Allocation Fund
2017-08-21,,,,35.0578,Quant Multi Asset Allocation Fund
2017-08-22,,,,35.0213,Quant Multi Asset Allocation Fund
2017-08-23,,,,35.0344,Quant Multi Asset Allocation Fund
2017-08-24,,,,35.0323,Quant Multi Asset Allocation Fund
2017-08-28,,,,35.0114,Quant Multi Asset Allocation Fund
2017-08-29,,,,35.0781,Quant Multi Asset Allocation Fund
2017-08-30,,,,35.0696,Quant Multi Asset Allocation Fund
2017-08-31,,,,35.0927,Quant Multi Asset Allocation Fund
2017-09-01,,,,35.159,Quant Multi Asset Allocation Fund
2017-09-04,,,,35.1512,Quant Multi Asset Allocation Fund
2017-09-05,,,,35.1497,Quant Multi Asset Allocation Fund
2017-09-06,,,,35.1346,Quant Multi Asset Allocation Fund
2017-09-07,,,,35.124,Quant Multi Asset Allocation Fund
2017-09-08,,,,35.0902,Quant Multi Asset Allocation Fund
2017-09-11,,,,35.0728,Quant Multi Asset Allocation Fund
2017-09-12,,,,35.0972,Quant Multi Asset Allocation Fund
2017-09-13,,,,35.0483,Quant Multi Asset Allocation Fund
2017-09-14,,,,35.0436,Quant Multi Asset Allocation Fund
2017-09-15,,,,35.0144,Quant Multi Asset Allocation Fund
2017-09-18,,,,35.0062,Quant Multi Asset Allocation Fund
2017-09-19,,,,35.0373,Quant Multi Asset Allocation Fund
2017-09-20,,,,35.0164,Quant Multi Asset Allocation Fund
2017-09-21,,,,34.8566,Quant Multi Asset Allocation Fund
2017-09-22,,,,34.8901,Quant Multi Asset Allocation Fund
2017-09-25,,,,34.9729,Quant Multi Asset Allocation Fund
2017-09-26,,,,34.8949,Quant Multi Asset Allocation Fund
2017-09-27,,,,34.9112,Quant Multi Asset Allocation Fund
2017-09-28,,,,34.9596,Quant Multi Asset Allocation Fund
2017-09-29,,,,34.9484,Quant Multi Asset Allocation Fund
2017-10-03,,,,35.0036,Quant Multi Asset Allocation Fund
2017-10-04,,,,34.9221,Quant Multi Asset Allocation Fund
2017-10-05,,,,34.8782,Quant Multi Asset Allocation Fund
2017-10-06,,,,34.838,Quant Multi Asset Allocation Fund
2017-10-09,,,,34.8204,Quant Multi Asset Allocation Fund
2017-10-10,,,,34.8965,Quant Multi Asset Allocation Fund
2017-10-11,,,,34.897,Quant Multi Asset Allocation Fund
2017-10-12,,,,34.8779,Quant Multi Asset Allocation Fund
2017-10-13,,,,34.9267,Quant Multi Asset Allocation Fund
2017-10-16,,,,34.949,Quant Multi Asset Allocation Fund
2017-10-17,,,,34.9113,Quant Multi Asset Allocation Fund
2017-10-18,,,,34.9241,Quant Multi Asset Allocation Fund
2017-10-23,,,,34.8792,Quant Multi Asset Allocation Fund
2017-10-24,,,,34.9129,Quant Multi Asset Allocation Fund
2017-10-25,,,,34.8696,Quant Multi Asset Allocation Fund
2017-10-26,,,,34.8993,Quant Multi Asset Allocation Fund
2017-10-27,,,,34.8934,Quant Multi Asset Allocation Fund
2017-10-30,,,,34.7954,Quant Multi Asset Allocation Fund
2017-10-31,,,,34.8197,Quant Multi Asset Allocation Fund
2017-11-01,,,,34.7777,Quant Multi Asset Allocation Fund
2017-11-02,,,,34.8366,Quant Multi Asset Allocation Fund
2017-11-03,,,,34.8578,Quant Multi Asset Allocation Fund
2017-11-06,,,,34.8138,Quant Multi Asset Allocation Fund
2017-11-07,,,,34.7751,Quant Multi Asset Allocation Fund
2017-11-08,,,,34.7627,Quant Multi Asset Allocation Fund
2017-11-09,,,,34.776,Quant Multi Asset Allocation Fund
2017-11-10,,,,34.7349,Quant Multi Asset Allocation Fund
2017-11-13,,,,34.7241,Quant Multi Asset Allocation Fund
2017-11-14,,,,34.6229,Quant Multi Asset Allocation Fund
2017-11-15,,,,34.6865,Quant Multi Asset Allocation Fund
2017-11-16,,,,34.63,Quant Multi Asset Allocation Fund
2017-11-17,,,,34.6573,Quant Multi Asset Allocation Fund
2017-11-20,,,,34.9068,Quant Multi Asset Allocation Fund
2017-11-21,,,,34.8885,Quant Multi Asset Allocation Fund
2017-11-22,,,,34.7862,Quant Multi Asset Allocation Fund
2017-11-23,,,,34.7752,Quant Multi Asset Allocation Fund
2017-11-24,,,,34.7649,Quant Multi Asset Allocation Fund
2017-11-27,,,,34.7597,Quant Multi Asset Allocation Fund
2017-11-28,,,,34.8602,Quant Multi Asset Allocation Fund
2017-11-29,,,,34.8761,Quant Multi Asset Allocation Fund
2017-11-30,,,,34.8274,Quant Multi Asset Allocation Fund
2017-12-01,,,,34.8323,Quant Multi Asset Allocation Fund
2017-12-04,,,,34.8153,Quant Multi Asset Allocation Fund
2017-12-05,,,,34.8567,Quant Multi Asset Allocation Fund
2017-12-06,,,,34.8969,Quant Multi Asset Allocation Fund
2017-12-07,,,,34.8659,Quant Multi Asset Allocation Fund
2017-12-08,,,,34.8194,Quant Multi Asset Allocation Fund
2017-12-11,,,,34.7374,Quant Multi Asset Allocation Fund
2017-12-12,,,,34.7045,Quant Multi Asset Allocation Fund
2017-12-13,,,,34.7136,Quant Multi Asset Allocation Fund
2017-12-14,,,,34.7821,Quant Multi Asset Allocation Fund
2017-12-15,,,,34.7927,Quant Multi Asset Allocation Fund
2017-12-18,,,,34.7521,Quant Multi Asset Allocation Fund
2017-12-19,,,,34.7669,Quant Multi Asset Allocation Fund
2017-12-20,,,,34.7251,Quant Multi Asset Allocation Fund
2017-12-21,,,,34.7369,Quant Multi Asset Allocation Fund
2017-12-22,,,,34.6738,Quant Multi Asset Allocation Fund
2017-12-26,,,,34.6569,Quant Multi Asset Allocation Fund
2017-12-27,,,,34.7305,Quant Multi Asset Allocation Fund
2017-12-28,,,,34.5109,Quant Multi Asset Allocation Fund
2017-12-29,,,,34.6171,Quant Multi Asset Allocation Fund
2018-01-01,,,,34.6072,Quant Multi Asset Allocation Fund
2018-01-02,,,,34.5411,Quant Multi Asset Allocation Fund
2018-01-03,,,,34.6243,Quant Multi Asset Allocation Fund
2018-01-04,,,,34.6238,Quant Multi Asset Allocation Fund
2018-01-05,,,,34.6983,Quant Multi Asset Allocation Fund
2018-01-08,,,,34.6872,Quant Multi Asset Allocation Fund
2018-01-09,,,,34.7186,Quant Multi Asset Allocation Fund
2018-01-10,,,,34.6179,Quant Multi Asset Allocation Fund
2018-01-11,,,,34.6352,Quant Multi Asset Allocation Fund
2018-01-12,,,,34.6304,Quant Multi Asset Allocation Fund
2018-01-15,,,,34.6479,Quant Multi Asset Allocation Fund
2018-01-16,,,,34.5026,Quant Multi Asset Allocation Fund
2018-01-17,,,,34.7102,Quant Multi Asset Allocation Fund
2018-01-18,,,,34.6293,Quant Multi Asset Allocation Fund
2018-01-19,,,,34.6307,Quant Multi Asset Allocation Fund
2018-01-22,,,,34.6734,Quant Multi Asset Allocation Fund
2018-01-23,,,,34.743,Quant Multi Asset Allocation Fund
2018-01-24,,,,34.6893,Quant Multi Asset Allocation Fund
2018-01-25,,,,34.6437,Quant Multi Asset Allocation Fund
2018-01-29,,,,34.463,Quant Multi Asset Allocation Fund
2018-01-30,,,,34.5605,Quant Multi Asset Allocation Fund
2018-01-31,,,,34.5443,Quant Multi Asset Allocation Fund
2018-02-01,,,,34.3061,Quant Multi Asset Allocation Fund
2018-02-02,,,,34.341,Quant Multi Asset Allocation Fund
2018-02-05,,,,34.3156,Quant Multi Asset Allocation Fund
2018-02-06,,,,34.2578,Quant Multi Asset Allocation Fund
2018-02-07,,,,34.3351,Quant Multi Asset Allocation Fund
2018-02-08,,,,34.4479,Quant Multi Asset Allocation Fund
2018-02-09,,,,34.367,Quant Multi Asset Allocation Fund
2018-02-12,,,,34.4025,Quant Multi Asset Allocation Fund
2018-02-14,,,,34.4845,Quant Multi Asset Allocation Fund
2018-02-15,,,,34.3996,Quant Multi Asset Allocation Fund
2018-02-16,,,,34.3979,Quant Multi Asset Allocation Fund
2018-02-20,,,,34.2887,Quant Multi Asset Allocation Fund
2018-02-21,,,,34.2702,Quant Multi Asset Allocation Fund
2018-02-22,,,,34.2178,Quant Multi Asset Allocation Fund
2018-02-23,,,,34.3155,Quant Multi Asset Allocation Fund
2018-02-26,,,,34.3162,Quant Multi Asset Allocation Fund
2018-02-27,,,,34.2462,Quant Multi Asset Allocation Fund
2018-02-28,,,,34.218,Quant Multi Asset Allocation Fund
2018-03-01,,,,34.1865,Quant Multi Asset Allocation Fund
2018-03-05,,,,34.194,Quant Multi Asset Allocation Fund
2018-03-06,,,,34.1978,Quant Multi Asset Allocation Fund
2018-03-07,,,,34.3381,Quant Multi Asset Allocation Fund
2018-03-08,,,,34.3574,Quant Multi Asset Allocation Fund
2018-03-09,,,,34.3835,Quant Multi Asset Allocation Fund
2018-03-12,,,,34.4513,Quant Multi Asset Allocation Fund
2018-03-13,,,,34.4045,Quant Multi Asset Allocation Fund
2018-03-14,,,,34.393,Quant Multi Asset Allocation Fund
2018-03-15,,,,34.4835,Quant Multi Asset Allocation Fund
2018-03-16,,,,34.5687,Quant Multi Asset Allocation Fund
2018-03-19,,,,34.519,Quant Multi Asset Allocation Fund
2018-03-20,,,,34.5358,Quant Multi Asset Allocation Fund
2018-03-21,,,,34.5955,Quant Multi Asset Allocation Fund
2018-03-22,,,,34.6197,Quant Multi Asset Allocation Fund
2018-03-23,,,,34.6298,Quant Multi Asset Allocation Fund
2018-03-26,,,,34.5565,Quant Multi Asset Allocation Fund
2018-03-27,,,,34.9261,Quant Multi Asset Allocation Fund
2018-03-28,,,,34.88,Quant Multi Asset Allocation Fund
2018-03-31,,,,34.8911,Quant Multi Asset Allocation Fund
2018-04-03,,,,35.018,Quant Multi Asset Allocation Fund
2018-04-04,,,,35.0926,Quant Multi Asset Allocation Fund
2018-04-05,,,,35.3621,Quant Multi Asset Allocation Fund
2018-04-06,,,,35.2362,Quant Multi Asset Allocation Fund
2018-04-09,,,,35.1822,Quant Multi Asset Allocation Fund
2018-04-10,,,,35.0272,Quant Multi Asset Allocation Fund
2018-04-11,,,,34.8254,Quant Multi Asset Allocation Fund
2018-04-12,,,,34.909,Quant Multi Asset Allocation Fund
2018-04-13,,,,34.9785,Quant Multi Asset Allocation Fund
2018-04-16,,,,34.9022,Quant Multi Asset Allocation Fund
2018-04-17,,,,34.8664,Quant Multi Asset Allocation Fund
2018-04-18,,,,34.8256,Quant Multi Asset Allocation Fund
2018-04-19,,,,34.6383,Quant Multi Asset Allocation Fund
2018-04-20,,,,34.4929,Quant Multi Asset Allocation Fund
2018-04-23,,,,34.4748,Quant Multi Asset Allocation Fund
2018-04-24,,,,34.5831,Quant Multi Asset Allocation Fund
2018-04-25,,,,34.5114,Quant Multi Asset Allocation Fund
2018-04-26,,,,34.4715,Quant Multi Asset Allocation Fund
2018-04-27,,,,34.4229,Quant Multi Asset Allocation Fund
2018-05-02,,,,34.4772,Quant Multi Asset Allocation Fund
2018-05-03,,,,34.4883,Quant Multi Asset Allocation Fund
2018-05-04,,,,34.5151,Quant Multi Asset Allocation Fund
2018-05-07,,,,34.6617,Quant Multi Asset Allocation Fund
2018-05-08,,,,34.7374,Quant Multi Asset Allocation Fund
2018-05-09,,,,34.5523,Quant Multi Asset Allocation Fund
2018-05-10,,,,34.5501,Quant Multi Asset Allocation Fund
2018-05-11,,,,34.5609,Quant Multi Asset Allocation Fund
2018-05-14,,,,34.4147,Quant Multi Asset Allocation Fund
2018-05-15,,,,34.2619,Quant Multi Asset Allocation Fund
2018-05-16,,,,34.2432,Quant Multi Asset Allocation Fund
2018-05-17,,,,34.2828,Quant Multi Asset Allocation Fund
2018-05-18,,,,34.3879,Quant Multi Asset Allocation Fund
2018-05-21,,,,34.3623,Quant Multi Asset Allocation Fund
2018-05-22,,,,34.3083,Quant Multi Asset Allocation Fund
2018-05-23,,,,34.2683,Quant Multi Asset Allocation Fund
2018-05-24,,,,34.2012,Quant Multi Asset Allocation Fund
2018-05-25,,,,34.3467,Quant Multi Asset Allocation Fund
2018-05-28,,,,34.4782,Quant Multi Asset Allocation Fund
2018-05-29,,,,34.415,Quant Multi Asset Allocation Fund
2018-05-30,,,,34.4495,Quant Multi Asset Allocation Fund
2018-05-31,,,,34.4072,Quant Multi Asset Allocation Fund
2018-06-01,,,,34.3359,Quant Multi Asset Allocation Fund
2018-06-04,,,,34.3024,Quant Multi Asset Allocation Fund
2018-06-05,,,,34.3555,Quant Multi Asset Allocation Fund
2018-06-06,,,,34.2336,Quant Multi Asset Allocation Fund
2018-06-07,,,,34.1069,Quant Multi Asset Allocation Fund
2018-06-08,,,,34.1721,Quant Multi Asset Allocation Fund
2018-06-11,,,,34.1897,Quant Multi Asset Allocation Fund
2018-06-12,,,,34.1436,Quant Multi Asset Allocation Fund
2018-06-13,,,,34.2088,Quant Multi Asset Allocation Fund
2018-06-14,,,,34.2231,Quant Multi Asset Allocation Fund
2018-06-15,,,,34.291,Quant Multi Asset Allocation Fund
2018-06-18,,,,34.3162,Quant Multi Asset Allocation Fund
2018-06-19,,,,34.3673,Quant Multi Asset Allocation Fund
2018-06-20,,,,34.4551,Quant Multi Asset Allocation Fund
2018-06-21,,,,34.5585,Quant Multi Asset Allocation Fund
2018-06-22,,,,34.492,Quant Multi Asset Allocation Fund
2018-06-25,,,,34.4973,Quant Multi Asset Allocation Fund
2018-06-26,,,,34.5042,Quant Multi Asset Allocation Fund
2018-06-27,,,,34.4281,Quant Multi Asset Allocation Fund
2018-06-28,,,,34.3742,Quant Multi Asset Allocation Fund
2018-06-29,,,,34.3888,Quant Multi Asset Allocation Fund
2018-07-02,,,,34.3761,Quant Multi Asset Allocation Fund
2018-07-03,,,,34.4043,Quant Multi Asset Allocation Fund
2018-07-04,,,,34.4323,Quant Multi Asset Allocation Fund
2018-07-05,,,,34.3538,Quant Multi Asset Allocation Fund
2018-07-06,,,,34.4132,Quant Multi Asset Allocation Fund
2018-07-09,,,,34.3513,Quant Multi Asset Allocation Fund
2018-07-10,,,,34.3487,Quant Multi Asset Allocation Fund
2018-07-11,,,,34.3908,Quant Multi Asset Allocation Fund
2018-07-12,,,,34.5317,Quant Multi Asset Allocation Fund
2018-07-13,,,,34.5459,Quant Multi Asset Allocation Fund
2018-07-16,,,,34.5249,Quant Multi Asset Allocation Fund
2018-07-17,,,,34.6534,Quant Multi Asset Allocation Fund
2018-07-18,,,,34.6584,Quant Multi Asset Allocation Fund
2018-07-19,,,,34.6325,Quant Multi Asset Allocation Fund
2018-07-20,,,,34.6308,Quant Multi Asset Allocation Fund
2018-07-23,,,,34.6002,Quant Multi Asset Allocation Fund
2018-07-24,,,,34.6308,Quant Multi Asset Allocation Fund
2018-07-25,,,,34.6251,Quant Multi Asset Allocation Fund
2018-07-26,,,,34.6738,Quant Multi Asset Allocation Fund
2018-07-27,,,,34.6667,Quant Multi Asset Allocation Fund
2018-07-30,,,,34.7041,Quant Multi Asset Allocation Fund
2018-07-31,,,,34.7308,Quant Multi Asset Allocation Fund
2018-08-01,,,,34.808,Quant Multi Asset Allocation Fund
2018-08-02,,,,34.8192,Quant Multi Asset Allocation Fund
2018-08-03,,,,34.7536,Quant Multi Asset Allocation Fund
2018-08-06,,,,34.7748,Quant Multi Asset Allocation Fund
2018-08-07,,,,34.7958,Quant Multi Asset Allocation Fund
2018-08-08,,,,34.8002,Quant Multi Asset Allocation Fund
2018-08-09,,,,34.8639,Quant Multi Asset Allocation Fund
2018-08-10,,,,34.8776,Quant Multi Asset Allocation Fund
2018-08-13,,,,34.7874,Quant Multi Asset Allocation Fund
2018-08-14,,,,34.794,Quant Multi Asset Allocation Fund
2018-08-16,,,,34.7341,Quant Multi Asset Allocation Fund
2018-08-20,,,,34.784,Quant Multi Asset Allocation Fund
2018-08-21,,,,34.8001,Quant Multi Asset Allocation Fund
2018-08-23,,,,34.7432,Quant Multi Asset Allocation Fund
2018-08-24,,,,34.7568,Quant Multi Asset Allocation Fund
2018-08-27,,,,34.7677,Quant Multi Asset Allocation Fund
2018-08-28,,,,34.7421,Quant Multi Asset Allocation Fund
2018-08-29,,,,34.7433,Quant Multi Asset Allocation Fund
2018-08-30,,,,34.7445,Quant Multi Asset Allocation Fund
2018-08-31,,,,34.6922,Quant Multi Asset Allocation Fund
2018-09-03,,,,34.6849,Quant Multi Asset Allocation Fund
2018-09-04,,,,34.5625,Quant Multi Asset Allocation Fund
2018-09-05,,,,34.5622,Quant Multi Asset Allocation Fund
2018-09-06,,,,34.5664,Quant Multi Asset Allocation Fund
2018-09-07,,,,34.6249,Quant Multi Asset Allocation Fund
2018-09-10,,,,34.4792,Quant Multi Asset Allocation Fund
2018-09-11,,,,34.4543,Quant Multi Asset Allocation Fund
2018-09-12,,,,34.5061,Quant Multi Asset Allocation Fund
2018-09-14,,,,34.5656,Quant Multi Asset Allocation Fund
2018-09-17,,,,34.6393,Quant Multi Asset Allocation Fund
2018-09-18,,,,34.6195,Quant Multi Asset Allocation Fund
2018-09-19,,,,34.7041,Quant Multi Asset Allocation Fund
2018-09-21,,,,34.7064,Quant Multi Asset Allocation Fund
2018-09-24,,,,34.6831,Quant Multi Asset Allocation Fund
2018-09-25,,,,34.711,Quant Multi Asset Allocation Fund
2018-09-26,,,,34.7916,Quant Multi Asset Allocation Fund
2018-09-27,,,,34.8434,Quant Multi Asset Allocation Fund
2018-09-28,,,,34.869,Quant Multi Asset Allocation Fund
2018-10-01,,,,34.9672,Quant Multi Asset Allocation Fund
2018-10-03,,,,34.862,Quant Multi Asset Allocation Fund
2018-10-04,,,,34.772,Quant Multi Asset Allocation Fund
2018-10-05,,,,34.9726,Quant Multi Asset Allocation Fund
2018-10-08,,,,35.1069,Quant Multi Asset Allocation Fund
2018-10-09,,,,34.9517,Quant Multi Asset Allocation Fund
2018-10-10,,,,35.0598,Quant Multi Asset Allocation Fund
2018-10-11,,,,35.1432,Quant Multi Asset Allocation Fund
2018-10-12,,,,35.1993,Quant Multi Asset Allocation Fund
2018-10-15,,,,35.2781,Quant Multi Asset Allocation Fund
2018-10-16,,,,35.3547,Quant Multi Asset Allocation Fund
2018-10-17,,,,35.2981,Quant Multi Asset Allocation Fund
2018-10-19,,,,35.2981,Quant Multi Asset Allocation Fund
2018-10-22,,,,35.3819,Quant Multi Asset Allocation Fund
2018-10-23,,,,35.4151,Quant Multi Asset Allocation Fund
2018-10-24,,,,35.458,Quant Multi Asset Allocation Fund
2018-10-25,,,,35.4962,Quant Multi Asset Allocation Fund
2018-10-26,,,,35.501,Quant Multi Asset Allocation Fund
2018-10-29,,,,35.5836,Quant Multi Asset Allocation Fund
2018-10-30,,,,35.5643,Quant Multi Asset Allocation Fund
2018-10-31,,,,35.5775,Quant Multi Asset Allocation Fund
2018-11-01,,,,35.6322,Quant Multi Asset Allocation Fund
2018-11-02,,,,35.7043,Quant Multi Asset Allocation Fund
2018-11-05,,,,35.7286,Quant Multi Asset Allocation Fund
2018-11-06,,,,35.7359,Quant Multi Asset Allocation Fund
2018-11-09,,,,35.7673,Quant Multi Asset Allocation Fund
2018-11-12,,,,35.7584,Quant Multi Asset Allocation Fund
2018-11-13,,,,35.7636,Quant Multi Asset Allocation Fund
2018-11-14,,,,35.7793,Quant Multi Asset Allocation Fund
2018-11-15,,,,35.77,Quant Multi Asset Allocation Fund
2018-11-16,,,,35.7536,Quant Multi Asset Allocation Fund
2018-11-19,,,,35.7802,Quant Multi Asset Allocation Fund
2018-11-20,,,,35.7918,Quant Multi Asset Allocation Fund
2018-11-22,,,,35.8354,Quant Multi Asset Allocation Fund
2018-11-26,,,,35.8607,Quant Multi Asset Allocation Fund
2018-11-27,,,,35.856,Quant Multi Asset Allocation Fund
2018-11-28,,,,35.8936,Quant Multi Asset Allocation Fund
2018-11-29,,,,35.9024,Quant Multi Asset Allocation Fund
2018-11-30,,,,35.9075,Quant Multi Asset Allocation Fund
2018-12-03,,,,35.9169,Quant Multi Asset Allocation Fund
2018-12-04,,,,35.9344,Quant Multi Asset Allocation Fund
2018-12-05,,,,35.9869,Quant Multi Asset Allocation Fund
2018-12-06,,,,36.0095,Quant Multi Asset Allocation Fund
2018-12-07,,,,35.9873,Quant Multi Asset Allocation Fund
2018-12-10,,,,35.9684,Quant Multi Asset Allocation Fund
2018-12-11,,,,35.9914,Quant Multi Asset Allocation Fund
2018-12-12,,,,36.0485,Quant Multi Asset Allocation Fund
2018-12-13,,,,36.0501,Quant Multi Asset Allocation Fund
2018-12-14,,,,36.0612,Quant Multi Asset Allocation Fund
2018-12-17,,,,36.0705,Quant Multi Asset Allocation Fund
2018-12-18,,,,36.1074,Quant Multi Asset Allocation Fund
2018-12-19,,,,36.1512,Quant Multi Asset Allocation Fund
2018-12-20,,,,36.1365,Quant Multi Asset Allocation Fund
2018-12-21,,,,36.1478,Quant Multi Asset Allocation Fund
2018-12-24,,,,36.1577,Quant Multi Asset Allocation Fund
2018-12-26,,,,36.1895,Quant Multi Asset Allocation Fund
2018-12-27,,,,35.9312,Quant Multi Asset Allocation Fund
2018-12-28,,,,35.886,Quant Multi Asset Allocation Fund
2018-12-31,,,,35.9349,Quant Multi Asset Allocation Fund
2019-01-01,,,,35.9135,Quant Multi Asset Allocation Fund
2019-01-02,,,,35.9548,Quant Multi Asset Allocation Fund
2019-01-03,,,,35.9294,Quant Multi Asset Allocation Fund
2019-01-04,,,,35.9287,Quant Multi Asset Allocation Fund
2019-01-07,,,,35.9309,Quant Multi Asset Allocation Fund
2019-01-08,,,,35.971,Quant Multi Asset Allocation Fund
2019-01-09,,,,35.9692,Quant Multi Asset Allocation Fund
2019-01-10,,,,35.9725,Quant Multi Asset Allocation Fund
2019-01-11,,,,35.9836,Quant Multi Asset Allocation Fund
2019-01-14,,,,36.0363,Quant Multi Asset Allocation Fund
2019-01-15,,,,36.0305,Quant Multi Asset Allocation Fund
2019-01-16,,,,35.9966,Quant Multi Asset Allocation Fund
2019-01-17,,,,36.0184,Quant Multi Asset Allocation Fund
2019-01-18,,,,36.0164,Quant Multi Asset Allocation Fund
2019-01-21,,,,36.0471,Quant Multi Asset Allocation Fund
2019-01-22,,,,36.061,Quant Multi Asset Allocation Fund
2019-01-23,,,,36.0581,Quant Multi Asset Allocation Fund
2019-01-24,,,,36.0604,Quant Multi Asset Allocation Fund
2019-01-25,,,,36.0821,Quant Multi Asset Allocation Fund
2019-01-28,,,,36.1055,Quant Multi Asset Allocation Fund
2019-01-29,,,,36.1214,Quant Multi Asset Allocation Fund
2019-01-30,,,,36.1152,Quant Multi Asset Allocation Fund
2019-01-31,,,,36.1516,Quant Multi Asset Allocation Fund
2019-02-01,,,,36.1083,Quant Multi Asset Allocation Fund
2019-02-04,,,,36.0959,Quant Multi Asset Allocation Fund
2019-02-05,,,,36.1187,Quant Multi Asset Allocation Fund
2019-02-06,,,,36.1386,Quant Multi Asset Allocation Fund
2019-02-07,,,,36.1952,Quant Multi Asset Allocation Fund
2019-02-08,,,,36.2239,Quant Multi Asset Allocation Fund
2019-02-11,,,,36.2496,Quant Multi Asset Allocation Fund
2019-02-12,,,,36.2495,Quant Multi Asset Allocation Fund
2019-02-13,,,,36.3094,Quant Multi Asset Allocation Fund
2019-02-14,,,,36.317,Quant Multi Asset Allocation Fund
2019-02-15,,,,36.3087,Quant Multi Asset Allocation Fund
2019-02-18,,,,36.3225,Quant Multi Asset Allocation Fund
2019-02-20,,,,36.3523,Quant Multi Asset Allocation Fund
2019-02-21,,,,36.3513,Quant Multi Asset Allocation Fund
2019-02-22,,,,36.3618,Quant Multi Asset Allocation Fund
2019-02-25,,,,36.3564,Quant Multi Asset Allocation Fund
2019-02-26,,,,36.3614,Quant Multi Asset Allocation Fund
2019-02-27,,,,36.3317,Quant Multi Asset Allocation Fund
2019-02-28,,,,36.372,Quant Multi Asset Allocation Fund
2019-03-01,,,,36.4017,Quant Multi Asset Allocation Fund
2019-03-05,,,,36.4282,Quant Multi Asset Allocation Fund
2019-03-06,,,,36.4317,Quant Multi Asset Allocation Fund
2019-03-07,,,,36.4316,Quant Multi Asset Allocation Fund
2019-03-08,,,,36.4529,Quant Multi Asset Allocation Fund
2019-03-11,,,,36.469,Quant Multi Asset Allocation Fund
2019-03-12,,,,36.4724,Quant Multi Asset Allocation Fund
2019-03-13,,,,36.4639,Quant Multi Asset Allocation Fund
2019-03-14,,,,36.4994,Quant Multi Asset Allocation Fund
2019-03-15,,,,36.51,Quant Multi Asset Allocation Fund
2019-03-18,,,,36.5319,Quant Multi Asset Allocation Fund
2019-03-19,,,,36.5293,Quant Multi Asset Allocation Fund
2019-03-20,,,,36.5304,Quant Multi Asset Allocation Fund
2019-03-22,,,,36.5516,Quant Multi Asset Allocation Fund
2019-03-25,,,,36.5893,Quant Multi Asset Allocation Fund
2019-03-26,,,,36.5854,Quant Multi Asset Allocation Fund
2019-03-27,,,,36.5946,Quant Multi Asset Allocation Fund
2019-03-28,,,,36.6027,Quant Multi Asset Allocation Fund
2019-03-29,,,,36.6081,Quant Multi Asset Allocation Fund
2019-04-01,,,,36.6238,Quant Multi Asset Allocation Fund
2019-04-02,,,,36.651,Quant Multi Asset Allocation Fund
2019-04-03,,,,36.6356,Quant Multi Asset Allocation Fund
2019-04-04,,,,36.5963,Quant Multi Asset Allocation Fund
2019-04-05,,,,36.5959,Quant Multi Asset Allocation Fund
2019-04-08,,,,36.573,Quant Multi Asset Allocation Fund
2019-04-09,,,,36.5787,Quant Multi Asset Allocation Fund
2019-04-10,,,,36.5825,Quant Multi Asset Allocation Fund
2019-04-11,,,,36.5754,Quant Multi Asset Allocation Fund
2019-04-12,,,,36.5679,Quant Multi Asset Allocation Fund
2019-04-15,,,,36.5935,Quant Multi Asset Allocation Fund
2019-04-16,,,,36.6009,Quant Multi Asset Allocation Fund
2019-04-18,,,,36.605,Quant Multi Asset Allocation Fund
2019-04-22,,,,36.5863,Quant Multi Asset Allocation Fund
2019-04-23,,,,36.5722,Quant Multi Asset Allocation Fund
2019-04-24,,,,36.6038,Quant Multi Asset Allocation Fund
2019-04-25,,,,36.5876,Quant Multi Asset Allocation Fund
2019-04-26,,,,36.6153,Quant Multi Asset Allocation Fund
2019-04-30,,,,36.6432,Quant Multi Asset Allocation Fund
2019-05-02,,,,36.6568,Quant Multi Asset Allocation Fund
2019-05-03,,,,36.6582,Quant Multi Asset Allocation Fund
2019-05-06,,,,36.6902,Quant Multi Asset Allocation Fund
2019-05-07,,,,36.677,Quant Multi Asset Allocation Fund
2019-05-08,,,,36.6933,Quant Multi Asset Allocation Fund
2019-05-09,,,,36.7052,Quant Multi Asset Allocation Fund
2019-05-10,,,,36.702,Quant Multi Asset Allocation Fund
2019-05-13,,,,36.7399,Quant Multi Asset Allocation Fund
2019-05-14,,,,36.7679,Quant Multi Asset Allocation Fund
2019-05-15,,,,36.7653,Quant Multi Asset Allocation Fund
2019-05-16,,,,36.7887,Quant Multi Asset Allocation Fund
2019-05-17,,,,36.7956,Quant Multi Asset Allocation Fund
2019-05-20,,,,36.8324,Quant Multi Asset Allocation Fund
2019-05-21,,,,36.8317,Quant Multi Asset Allocation Fund
2019-05-22,,,,36.8481,Quant Multi Asset Allocation Fund
2019-05-23,,,,36.8563,Quant Multi Asset Allocation Fund
2019-05-24,,,,36.8788,Quant Multi Asset Allocation Fund
2019-05-27,,,,36.8925,Quant Multi Asset Allocation Fund
2019-05-28,,,,36.9065,Quant Multi Asset Allocation Fund
2019-05-29,,,,36.9119,Quant Multi Asset Allocation Fund
2019-05-30,,,,36.9099,Quant Multi Asset Allocation Fund
2019-05-31,,,,36.9277,Quant Multi Asset Allocation Fund
2019-06-03,,,,36.9459,Quant Multi Asset Allocation Fund
2019-06-04,,,,36.9357,Quant Multi Asset Allocation Fund
2019-06-06,,,,36.9831,Quant Multi Asset Allocation Fund
2019-06-07,,,,36.982,Quant Multi Asset Allocation Fund
2019-06-10,,,,36.9704,Quant Multi Asset Allocation Fund
2019-06-11,,,,36.9816,Quant Multi Asset Allocation Fund
2019-06-12,,,,36.9951,Quant Multi Asset Allocation Fund
2019-06-13,,,,37.0094,Quant Multi Asset Allocation Fund
2019-06-14,,,,37.034,Quant Multi Asset Allocation Fund
2019-06-17,,,,37.0423,Quant Multi Asset Allocation Fund
2019-06-18,,,,37.0642,Quant Multi Asset Allocation Fund
2019-06-19,,,,37.0651,Quant Multi Asset Allocation Fund
2019-06-20,,,,37.1024,Quant Multi Asset Allocation Fund
2019-06-21,,,,37.086,Quant Multi Asset Allocation Fund
2019-06-24,,,,37.0901,Quant Multi Asset Allocation Fund
2019-06-25,,,,37.0763,Quant Multi Asset Allocation Fund
2019-06-26,,,,37.0626,Quant Multi Asset Allocation Fund
2019-06-27,,,,37.0589,Quant Multi Asset Allocation Fund
2019-06-28,,,,37.1335,Quant Multi Asset Allocation Fund
2019-07-01,,,,37.1622,Quant Multi Asset Allocation Fund
2019-07-02,,,,37.159,Quant Multi Asset Allocation Fund
2019-07-03,,,,37.276,Quant Multi Asset Allocation Fund
2019-07-04,,,,37.3002,Quant Multi Asset Allocation Fund
2019-07-05,,,,37.3551,Quant Multi Asset Allocation Fund
2019-07-08,,,,37.275,Quant Multi Asset Allocation Fund
2019-07-09,,,,37.2066,Quant Multi Asset Allocation Fund
2019-07-10,,,,37.2153,Quant Multi Asset Allocation Fund
2019-07-11,,,,37.3707,Quant Multi Asset Allocation Fund
2019-07-12,,,,37.4401,Quant Multi Asset Allocation Fund
2019-07-15,,,,37.5099,Quant Multi Asset Allocation Fund
2019-07-16,,,,37.5448,Quant Multi Asset Allocation Fund
2019-07-17,,,,37.5697,Quant Multi Asset Allocation Fund
2019-07-18,,,,37.6019,Quant Multi Asset Allocation Fund
2019-07-19,,,,37.5391,Quant Multi Asset Allocation Fund
2019-07-22,,,,37.4754,Quant Multi Asset Allocation Fund
2019-07-23,,,,37.4979,Quant Multi Asset Allocation Fund
2019-07-24,,,,37.4843,Quant Multi Asset Allocation Fund
2019-07-25,,,,37.4658,Quant Multi Asset Allocation Fund
2019-07-26,,,,37.4518,Quant Multi Asset Allocation Fund
2019-07-29,,,,37.4462,Quant Multi Asset Allocation Fund
2019-07-30,,,,37.3608,Quant Multi Asset Allocation Fund
2019-07-31,,,,37.4345,Quant Multi Asset Allocation Fund
2019-08-01,,,,37.3087,Quant Multi Asset Allocation Fund
2019-08-02,,,,37.4189,Quant Multi Asset Allocation Fund
2019-08-05,,,,37.3925,Quant Multi Asset Allocation Fund
2019-08-06,,,,37.5684,Quant Multi Asset Allocation Fund
2019-08-07,,,,37.6038,Quant Multi Asset Allocation Fund
2019-08-08,,,,37.7014,Quant Multi Asset Allocation Fund
2019-08-09,,,,37.6897,Quant Multi Asset Allocation Fund
2019-08-13,,,,37.6549,Quant Multi Asset Allocation Fund
2019-08-14,,,,37.632,Quant Multi Asset Allocation Fund
2019-08-16,,,,37.7816,Quant Multi Asset Allocation Fund
2019-08-19,,,,37.6839,Quant Multi Asset Allocation Fund
2019-08-20,,,,37.7732,Quant Multi Asset Allocation Fund
2019-08-21,,,,37.6773,Quant Multi Asset Allocation Fund
2019-08-22,,,,37.6636,Quant Multi Asset Allocation Fund
2019-08-23,,,,37.5921,Quant Multi Asset Allocation Fund
2019-08-26,,,,37.8639,Quant Multi Asset Allocation Fund
2019-08-27,,,,37.9709,Quant Multi Asset Allocation Fund
2019-08-28,,,,37.9405,Quant Multi Asset Allocation Fund
2019-08-29,,,,37.8468,Quant Multi Asset Allocation Fund
2019-08-30,,,,37.873,Quant Multi Asset Allocation Fund
2019-09-03,,,,37.7939,Quant Multi Asset Allocation Fund
2019-09-04,,,,38.0108,Quant Multi Asset Allocation Fund
2019-09-05,,,,37.9378,Quant Multi Asset Allocation Fund
2019-09-06,,,,37.8808,Quant Multi Asset Allocation Fund
2019-09-09,,,,37.9739,Quant Multi Asset Allocation Fund
2019-09-11,,,,37.838,Quant Multi Asset Allocation Fund
2019-09-12,,,,37.7846,Quant Multi Asset Allocation Fund
2019-09-13,,,,37.8131,Quant Multi Asset Allocation Fund
2019-09-16,,,,37.7426,Quant Multi Asset Allocation Fund
2019-09-17,,,,37.6695,Quant Multi Asset Allocation Fund
2019-09-18,,,,37.8249,Quant Multi Asset Allocation Fund
2019-09-19,,,,37.8419,Quant Multi Asset Allocation Fund
2019-09-20,,,,38.2199,Quant Multi Asset Allocation Fund
2019-09-23,,,,38.1087,Quant Multi Asset Allocation Fund
2019-09-24,,,,38.1285,Quant Multi Asset Allocation Fund
2019-09-25,,,,38.022,Quant Multi Asset Allocation Fund
2019-09-26,,,,38.2173,Quant Multi Asset Allocation Fund
2019-09-27,,,,38.375,Quant Multi Asset Allocation Fund
2019-09-30,,,,38.5277,Quant Multi Asset Allocation Fund
2019-10-01,,,,38.5133,Quant Multi Asset Allocation Fund
2019-10-03,,,,38.5555,Quant Multi Asset Allocation Fund
2019-10-04,,,,38.4242,Quant Multi Asset Allocation Fund
2019-10-07,,,,38.4074,Quant Multi Asset Allocation Fund
2019-10-09,,,,38.4471,Quant Multi Asset Allocation Fund
2019-10-10,,,,38.6025,Quant Multi Asset Allocation Fund
2019-10-11,,,,38.4467,Quant Multi Asset Allocation Fund
2019-10-14,,,,38.5413,Quant Multi Asset Allocation Fund
2019-10-15,,,,38.6734,Quant Multi Asset Allocation Fund
2019-10-16,,,,38.8712,Quant Multi Asset Allocation Fund
2019-10-17,,,,39.0674,Quant Multi Asset Allocation Fund
2019-10-18,,,,39.248,Quant Multi Asset Allocation Fund
2019-10-22,,,,39.5452,Quant Multi Asset Allocation Fund
2019-10-23,,,,39.7157,Quant Multi Asset Allocation Fund
2019-10-24,,,,39.6811,Quant Multi Asset Allocation Fund
2019-10-25,,,,40.0066,Quant Multi Asset Allocation Fund
2019-10-29,,,,40.3995,Quant Multi Asset Allocation Fund
2019-10-30,,,,40.5723,Quant Multi Asset Allocation Fund
2019-10-31,,,,40.5154,Quant Multi Asset Allocation Fund
2019-11-01,,,,40.379,Quant Multi Asset Allocation Fund
2019-11-04,,,,40.3731,Quant Multi Asset Allocation Fund
2019-11-05,,,,40.1546,Quant Multi Asset Allocation Fund
2019-11-06,,,,40.2524,Quant Multi Asset Allocation Fund
2019-11-07,,,,40.1908,Quant Multi Asset Allocation Fund
2019-11-08,,,,40.0845,Quant Multi Asset Allocation Fund
2019-11-11,,,,40.4263,Quant Multi Asset Allocation Fund
2019-11-13,,,,40.5546,Quant Multi Asset Allocation Fund
2019-11-14,,,,40.6094,Quant Multi Asset Allocation Fund
2019-11-15,,,,40.435,Quant Multi Asset Allocation Fund
2019-11-18,,,,40.4186,Quant Multi Asset Allocation Fund
2019-11-19,,,,40.4368,Quant Multi Asset Allocation Fund
2019-11-20,,,,40.6904,Quant Multi Asset Allocation Fund
2019-11-21,,,,40.5582,Quant Multi Asset Allocation Fund
2019-11-22,,,,40.4371,Quant Multi Asset Allocation Fund
2019-11-25,,,,40.5406,Quant Multi Asset Allocation Fund
2019-11-26,,,,40.4166,Quant Multi Asset Allocation Fund
2019-11-27,,,,40.476,Quant Multi Asset Allocation Fund
2019-11-28,,,,40.6744,Quant Multi Asset Allocation Fund
2019-11-29,,,,40.678,Quant Multi Asset Allocation Fund
2019-12-02,,,,40.5012,Quant Multi Asset Allocation Fund
2019-12-03,,,,40.5489,Quant Multi Asset Allocation Fund
2019-12-04,,,,40.511,Quant Multi Asset Allocation Fund
2019-12-05,,,,40.3284,Quant Multi Asset Allocation Fund
2019-12-06,,,,40.1284,Quant Multi Asset Allocation Fund
2019-12-09,,,,39.9379,Quant Multi Asset Allocation Fund
2019-12-10,,,,39.5558,Quant Multi Asset Allocation Fund
2019-12-11,,,,39.6313,Quant Multi Asset Allocation Fund
2019-12-12,,,,39.7575,Quant Multi Asset Allocation Fund
2019-12-13,,,,39.9037,Quant Multi Asset Allocation Fund
2019-12-16,,,,39.7065,Quant Multi Asset Allocation Fund
2019-12-17,,,,39.7293,Quant Multi Asset Allocation Fund
2019-12-18,,,,39.8357,Quant Multi Asset Allocation Fund
2019-12-19,,,,39.9709,Quant Multi Asset Allocation Fund
2019-12-20,,,,40.0958,Quant Multi Asset Allocation Fund
2019-12-23,,,,39.9986,Quant Multi Asset Allocation Fund
2019-12-24,,,,40.0016,Quant Multi Asset Allocation Fund
2019-12-26,,,,40.0039,Quant Multi Asset Allocation Fund
2019-12-27,,,,40.0018,Quant Multi Asset Allocation Fund
2019-12-30,,,,40.0113,Quant Multi Asset Allocation Fund
2019-12-31,,,,39.813,Quant Multi Asset Allocation Fund
2020-01-01,,,,39.7675,Quant Multi Asset Allocation Fund
2020-01-02,,,,40.0834,Quant Multi Asset Allocation Fund
2020-01-03,,,,40.0099,Quant Multi Asset Allocation Fund
2020-01-06,,,,39.3285,Quant Multi Asset Allocation Fund
2020-01-07,,,,39.5412,Quant Multi Asset Allocation Fund
2020-01-08,,,,39.5614,Quant Multi Asset Allocation Fund
2020-01-09,,,,40.0048,Quant Multi Asset Allocation Fund
2020-01-10,,,,40.154,Quant Multi Asset Allocation Fund
2020-01-13,,,,40.4195,Quant Multi Asset Allocation Fund
2020-01-14,,,,40.5304,Quant Multi Asset Allocation Fund
2020-01-15,,,,40.2529,Quant Multi Asset Allocation Fund
2020-01-16,,,,40.0545,Quant Multi Asset Allocation Fund
2020-01-17,,,,40.2478,Quant Multi Asset Allocation Fund
2020-01-20,,,,40.1375,Quant Multi Asset Allocation Fund
2020-01-21,,,,40.1994,Quant Multi Asset Allocation Fund
2020-01-22,,,,40.2628,Quant Multi Asset Allocation Fund
2020-01-23,,,,40.6366,Quant Multi Asset Allocation Fund
2020-01-24,,,,41.0044,Quant Multi Asset Allocation Fund
2020-01-27,,,,40.9059,Quant Multi Asset Allocation Fund
2020-01-28,,,,40.5957,Quant Multi Asset Allocation Fund
2020-01-29,,,,40.7238,Quant Multi Asset Allocation Fund
2020-01-30,,,,40.287,Quant Multi Asset Allocation Fund
2020-01-31,,,,40.2568,Quant Multi Asset Allocation Fund
2020-02-03,,,,39.0959,Quant Multi Asset Allocation Fund
2020-02-04,,,,39.5265,Quant Multi Asset Allocation Fund
2020-02-05,,,,39.6251,Quant Multi Asset Allocation Fund
2020-02-06,,,,40.0482,Quant Multi Asset Allocation Fund
2020-02-07,,,,40.5699,Quant Multi Asset Allocation Fund
2020-02-10,,,,40.5199,Quant Multi Asset Allocation Fund
2020-02-11,,,,40.7525,Quant Multi Asset Allocation Fund
2020-02-12,,,,40.9433,Quant Multi Asset Allocation Fund
2020-02-13,,,,40.8414,Quant Multi Asset Allocation Fund
2020-02-14,,,,40.6029,Quant Multi Asset Allocation Fund
2020-02-17,,,,40.4224,Quant Multi Asset Allocation Fund
2020-02-18,,,,40.302,Quant Multi Asset Allocation Fund
2020-02-19,,,,41.0653,Quant Multi Asset Allocation Fund
2020-02-20,,,,41.383,Quant Multi Asset Allocation Fund
2020-02-24,,,,41.3249,Quant Multi Asset Allocation Fund
2020-02-25,,,,40.9358,Quant Multi Asset Allocation Fund
2020-02-26,,,,40.4751,Quant Multi Asset Allocation Fund
2020-02-27,,,,40.5311,Quant Multi Asset Allocation Fund
2020-02-28,,,,39.1444,Quant Multi Asset Allocation Fund
2020-03-02,,,,38.8878,Quant Multi Asset Allocation Fund
2020-03-03,,,,39.27,Quant Multi Asset Allocation Fund
2020-03-04,,,,39.0832,Quant Multi Asset Allocation Fund
2020-03-05,,,,39.3838,Quant Multi Asset Allocation Fund
2020-03-06,,,,38.9243,Quant Multi Asset Allocation Fund
2020-03-09,,,,37.4803,Quant Multi Asset Allocation Fund
2020-03-11,,,,37.298,Quant Multi Asset Allocation Fund
2020-03-12,,,,34.5399,Quant Multi Asset Allocation Fund
2020-03-13,,,,34.6701,Quant Multi Asset Allocation Fund
2020-03-16,,,,32.695,Quant Multi Asset Allocation Fund
2020-03-17,,,,31.4988,Quant Multi Asset Allocation Fund
2020-03-18,,,,30.1789,Quant Multi Asset Allocation Fund
2020-03-19,,,,29.2861,Quant Multi Asset Allocation Fund
2020-03-20,,,,30.2814,Quant Multi Asset Allocation Fund
2020-03-23,,,,27.9035,Quant Multi Asset Allocation Fund
2020-03-24,,,,28.3342,Quant Multi Asset Allocation Fund
2020-03-25,,,,29.3745,Quant Multi Asset Allocation Fund
2020-03-26,,,,30.1405,Quant Multi Asset Allocation Fund
2020-03-27,,,,30.6357,Quant Multi Asset Allocation Fund
2020-03-30,,,,30.6574,Quant Multi Asset Allocation Fund
2020-03-31,,,,30.8608,Quant Multi Asset Allocation Fund
2020-04-01,,,,31.1253,Quant Multi Asset Allocation Fund
2020-04-03,,,,31.0346,Quant Multi Asset Allocation Fund
2020-04-07,,,,32.1284,Quant Multi Asset Allocation Fund
2020-04-08,,,,32.2995,Quant Multi Asset Allocation Fund
2020-04-09,,,,33.5189,Quant Multi Asset Allocation Fund
2020-04-13,,,,34.3658,Quant Multi Asset Allocation Fund
2020-04-15,,,,34.7716,Quant Multi Asset Allocation Fund
2020-04-16,,,,34.7883,Quant Multi Asset Allocation Fund
2020-04-17,,,,34.5068,Quant Multi Asset Allocation Fund
2020-04-20,,,,34.5137,Quant Multi Asset Allocation Fund
2020-04-21,,,,34.2035,Quant Multi Asset Allocation Fund
2020-04-22,,,,33.9168,Quant Multi Asset Allocation Fund
2020-04-23,,,,34.2565,Quant Multi Asset Allocation Fund
2020-04-24,,,,34.178,Quant Multi Asset Allocation Fund
2020-04-27,,,,34.1898,Quant Multi Asset Allocation Fund
2020-04-28,,,,34.174,Quant Multi Asset Allocation Fund
2020-04-29,,,,34.5862,Quant Multi Asset Allocation Fund
2020-04-30,,,,34.4411,Quant Multi Asset Allocation Fund
2020-05-04,,,,34.6219,Quant Multi Asset Allocation Fund
2020-05-05,,,,34.1838,Quant Multi Asset Allocation Fund
2020-05-06,,,,34.2341,Quant Multi Asset Allocation Fund
2020-05-07,,,,34.0032,Quant Multi Asset Allocation Fund
2020-05-08,,,,34.1665,Quant Multi Asset Allocation Fund
2020-05-11,,,,34.1036,Quant Multi Asset Allocation Fund
2020-05-12,,,,33.877,Quant Multi Asset Allocation Fund
2020-05-13,,,,33.9547,Quant Multi Asset Allocation Fund
2020-05-14,,,,34.2759,Quant Multi Asset Allocation Fund
2020-05-15,,,,34.3689,Quant Multi Asset Allocation Fund
2020-05-18,,,,34.3362,Quant Multi Asset Allocation Fund
2020-05-19,,,,33.7141,Quant Multi Asset Allocation Fund
2020-05-20,,,,33.9177,Quant Multi Asset Allocation Fund
2020-05-21,,,,33.9985,Quant Multi Asset Allocation Fund
2020-05-22,,,,34.1753,Quant Multi Asset Allocation Fund
2020-05-26,,,,34.2159,Quant Multi Asset Allocation Fund
2020-05-27,,,,34.0698,Quant Multi Asset Allocation Fund
2020-05-28,,,,34.2075,Quant Multi Asset Allocation Fund
2020-05-29,,,,34.0255,Quant Multi Asset Allocation Fund
2020-06-01,,,,34.2071,Quant Multi Asset Allocation Fund
2020-06-02,,,,34.4365,Quant Multi Asset Allocation Fund
2020-06-03,,,,34.1304,Quant Multi Asset Allocation Fund
2020-06-04,,,,34.1098,Quant Multi Asset Allocation Fund
2020-06-05,,,,34.4559,Quant Multi Asset Allocation Fund
2020-06-08,,,,34.5415,Quant Multi Asset Allocation Fund
2020-06-09,,,,34.4732,Quant Multi Asset Allocation Fund
2020-06-10,,,,34.5193,Quant Multi Asset Allocation Fund
2020-06-11,,,,34.059,Quant Multi Asset Allocation Fund
2020-06-12,,,,34.019,Quant Multi Asset Allocation Fund
2020-06-15,,,,33.984,Quant Multi Asset Allocation Fund
2020-06-16,,,,34.0881,Quant Multi Asset Allocation Fund
2020-06-17,,,,34.5196,Quant Multi Asset Allocation Fund
2020-06-18,,,,34.9507,Quant Multi Asset Allocation Fund
2020-06-19,,,,35.248,Quant Multi Asset Allocation Fund
2020-06-22,,,,36.2692,Quant Multi Asset Allocation Fund
2020-06-23,,,,36.676,Quant Multi Asset Allocation Fund
2020-06-24,,,,35.9999,Quant Multi Asset Allocation Fund
2020-06-25,,,,36.42,Quant Multi Asset Allocation Fund
2020-06-26,,,,36.374,Quant Multi Asset Allocation Fund
2020-06-29,,,,35.9297,Quant Multi Asset Allocation Fund
2020-06-30,,,,36.0392,Quant Multi Asset Allocation Fund
2020-07-01,,,,36.8699,Quant Multi Asset Allocation Fund
2020-07-02,,,,36.9918,Quant Multi Asset Allocation Fund
2020-07-03,,,,36.9198,Quant Multi Asset Allocation Fund
2020-07-06,,,,37.0226,Quant Multi Asset Allocation Fund
2020-07-07,,,,36.9938,Quant Multi Asset Allocation Fund
2020-07-08,,,,37.1938,Quant Multi Asset Allocation Fund
2020-07-09,,,,37.6413,Quant Multi Asset Allocation Fund
2020-07-10,,,,37.8037,Quant Multi Asset Allocation Fund
2020-07-13,,,,38.5966,Quant Multi Asset Allocation Fund
2020-07-14,,,,38.3885,Quant Multi Asset Allocation Fund
2020-07-15,,,,38.3407,Quant Multi Asset Allocation Fund
2020-07-16,,,,38.6698,Quant Multi Asset Allocation Fund
2020-07-17,,,,38.9198,Quant Multi Asset Allocation Fund
2020-07-20,,,,39.1158,Quant Multi Asset Allocation Fund
2020-07-21,,,,39.2129,Quant Multi Asset Allocation Fund
2020-07-22,,,,39.2333,Quant Multi Asset Allocation Fund
2020-07-23,,,,39.9371,Quant Multi Asset Allocation Fund
2020-07-24,,,,40.5411,Quant Multi Asset Allocation Fund
2020-07-27,,,,41.3053,Quant Multi Asset Allocation Fund
2020-07-28,,,,41.595,Quant Multi Asset Allocation Fund
2020-07-29,,,,42.1544,Quant Multi Asset Allocation Fund
2020-07-30,,,,42.507,Quant Multi Asset Allocation Fund
2020-07-31,,,,43.5881,Quant Multi Asset Allocation Fund
2020-08-03,,,,44.9322,Quant Multi Asset Allocation Fund
2020-08-04,,,,44.5993,Quant Multi Asset Allocation Fund
2020-08-05,,,,45.2852,Quant Multi Asset Allocation Fund
2020-08-06,,,,45.4451,Quant Multi Asset Allocation Fund
2020-08-07,,,,45.5744,Quant Multi Asset Allocation Fund
2020-08-10,,,,46.5635,Quant Multi Asset Allocation Fund
2020-08-11,,,,46.5158,Quant Multi Asset Allocation Fund
2020-08-12,,,,46.2869,Quant Multi Asset Allocation Fund
2020-08-13,,,,46.2445,Quant Multi Asset Allocation Fund
2020-08-14,,,,46.084,Quant Multi Asset Allocation Fund
2020-08-17,,,,46.0797,Quant Multi Asset Allocation Fund
2020-08-18,,,,46.2366,Quant Multi Asset Allocation Fund
2020-08-19,,,,46.0564,Quant Multi Asset Allocation Fund
2020-08-20,,,,45.4533,Quant Multi Asset Allocation Fund
2020-08-21,,,,45.5921,Quant Multi Asset Allocation Fund
2020-08-24,,,,46.0908,Quant Multi Asset Allocation Fund
2020-08-25,,,,45.7078,Quant Multi Asset Allocation Fund
2020-08-26,,,,45.7586,Quant Multi Asset Allocation Fund
2020-08-27,,,,45.7111,Quant Multi Asset Allocation Fund
2020-08-28,,,,45.5555,Quant Multi Asset Allocation Fund
2020-08-31,,,,45.2749,Quant Multi Asset Allocation Fund
2020-09-01,,,,45.4189,Quant Multi Asset Allocation Fund
2020-09-02,,,,45.3218,Quant Multi Asset Allocation Fund
2020-09-03,,,,44.9845,Quant Multi Asset Allocation Fund
2020-09-04,,,,44.912,Quant Multi Asset Allocation Fund
2020-09-07,,,,45.1141,Quant Multi Asset Allocation Fund
2020-09-08,,,,45.1046,Quant Multi Asset Allocation Fund
2020-09-09,,,,44.9814,Quant Multi Asset Allocation Fund
2020-09-10,,,,45.3559,Quant Multi Asset Allocation Fund
2020-09-11,,,,45.5785,Quant Multi Asset Allocation Fund
2020-09-14,,,,45.9186,Quant Multi Asset Allocation Fund
2020-09-15,,,,46.2296,Quant Multi Asset Allocation Fund
2020-09-16,,,,46.43,Quant Multi Asset Allocation Fund
2020-09-17,,,,46.6649,Quant Multi Asset Allocation Fund
2020-09-18,,,,46.8477,Quant Multi Asset Allocation Fund
2020-09-21,,,,45.4191,Quant Multi Asset Allocation Fund
2020-09-22,,,,45.0697,Quant Multi Asset Allocation Fund
2020-09-23,,,,45.0863,Quant Multi Asset Allocation Fund
2020-09-24,,,,44.6097,Quant Multi Asset Allocation Fund
2020-09-25,,,,45.1702,Quant Multi Asset Allocation Fund
2020-09-28,,,,45.6504,Quant Multi Asset Allocation Fund
2020-09-29,,,,45.9562,Quant Multi Asset Allocation Fund
2020-09-30,,,,46.1049,Quant Multi Asset Allocation Fund
2020-10-01,,,,46.2169,Quant Multi Asset Allocation Fund
2020-10-05,,,,46.3905,Quant Multi Asset Allocation Fund
2020-10-06,,,,46.6523,Quant Multi Asset Allocation Fund
2020-10-07,,,,46.2699,Quant Multi Asset Allocation Fund
2020-10-08,,,,46.6759,Quant Multi Asset Allocation Fund
2020-10-09,,,,46.7418,Quant Multi Asset Allocation Fund
2020-10-12,,,,46.5724,Quant Multi Asset Allocation Fund
2020-10-13,,,,46.4979,Quant Multi Asset Allocation Fund
2020-10-14,,,,46.5925,Quant Multi Asset Allocation Fund
2020-10-15,,,,46.1766,Quant Multi Asset Allocation Fund
2020-10-16,,,,46.398,Quant Multi Asset Allocation Fund
2020-10-19,,,,47.1764,Quant Multi Asset Allocation Fund
2020-10-20,,,,46.9468,Quant Multi Asset Allocation Fund
2020-10-21,,,,47.0031,Quant Multi Asset Allocation Fund
2020-10-22,,,,46.9944,Quant Multi Asset Allocation Fund
2020-10-23,,,,47.2645,Quant Multi Asset Allocation Fund
2020-10-26,,,,47.311,Quant Multi Asset Allocation Fund
2020-10-27,,,,47.4161,Quant Multi Asset Allocation Fund
2020-10-28,,,,47.6018,Quant Multi Asset Allocation Fund
2020-10-29,,,,47.741,Quant Multi Asset Allocation Fund
2020-10-30,,,,47.6283,Quant Multi Asset Allocation Fund
2020-11-02,,,,47.6891,Quant Multi Asset Allocation Fund
2020-11-03,,,,47.3963,Quant Multi Asset Allocation Fund
2020-11-04,,,,47.4404,Quant Multi Asset Allocation Fund
2020-11-05,,,,47.5831,Quant Multi Asset Allocation Fund
2020-11-06,,,,47.8283,Quant Multi Asset Allocation Fund
2020-11-09,,,,48.0779,Quant Multi Asset Allocation Fund
2020-11-10,,,,47.5047,Quant Multi Asset Allocation Fund
2020-11-11,,,,47.3915,Quant Multi Asset Allocation Fund
2020-11-12,,,,47.7963,Quant Multi Asset Allocation Fund
2020-11-13,,,,47.971,Quant Multi Asset Allocation Fund
2020-11-17,,,,48.1839,Quant Multi Asset Allocation Fund
2020-11-18,,,,48.1068,Quant Multi Asset Allocation Fund
2020-11-19,,,,48.2682,Quant Multi Asset Allocation Fund
2020-11-20,,,,48.3157,Quant Multi Asset Allocation Fund
2020-11-23,,,,48.6581,Quant Multi Asset Allocation Fund
2020-11-24,,,,48.461,Quant Multi Asset Allocation Fund
2020-11-25,,,,48.2301,Quant Multi Asset Allocation Fund
2020-11-26,,,,48.5158,Quant Multi Asset Allocation Fund
2020-11-27,,,,48.4269,Quant Multi Asset Allocation Fund
2020-12-01,,,,48.7072,Quant Multi Asset Allocation Fund
2020-12-02,,,,48.8499,Quant Multi Asset Allocation Fund
2020-12-03,,,,49.7447,Quant Multi Asset Allocation Fund
2020-12-04,,,,49.6788,Quant Multi Asset Allocation Fund
2020-12-07,,,,50.5451,Quant Multi Asset Allocation Fund
2020-12-08,,,,50.8646,Quant Multi Asset Allocation Fund
2020-12-09,,,,50.7986,Quant Multi Asset Allocation Fund
2020-12-10,,,,50.3328,Quant Multi Asset Allocation Fund
2020-12-11,,,,50.5387,Quant Multi Asset Allocation Fund
2020-12-14,,,,50.4037,Quant Multi Asset Allocation Fund
2020-12-15,,,,50.5467,Quant Multi Asset Allocation Fund
2020-12-16,,,,50.6737,Quant Multi Asset Allocation Fund
2020-12-17,,,,50.5693,Quant Multi Asset Allocation Fund
2020-12-18,,,,50.3462,Quant Multi Asset Allocation Fund
2020-12-21,,,,49.0496,Quant Multi Asset Allocation Fund
2020-12-22,,,,49.0306,Quant Multi Asset Allocation Fund
2020-12-23,,,,49.6535,Quant Multi Asset Allocation Fund
2020-12-24,,,,49.7327,Quant Multi Asset Allocation Fund
2020-12-28,,,,50.5143,Quant Multi Asset Allocation Fund
2020-12-29,,,,50.7419,Quant Multi Asset Allocation Fund
2020-12-30,,,,50.6288,Quant Multi Asset Allocation Fund
2020-12-31,,,,50.5929,Quant Multi Asset Allocation Fund
2021-01-01,,,,50.7617,Quant Multi Asset Allocation Fund
2021-01-04,,,,51.3581,Quant Multi Asset Allocation Fund
2021-01-05,,,,51.6284,Quant Multi Asset Allocation Fund
2021-01-06,,,,51.5616,Quant Multi Asset Allocation Fund
2021-01-07,,,,51.3661,Quant Multi Asset Allocation Fund
2021-01-08,,,,51.6381,Quant Multi Asset Allocation Fund
2021-01-11,,,,51.0806,Quant Multi Asset Allocation Fund
2021-01-12,,,,51.1346,Quant Multi Asset Allocation Fund
2021-01-13,,,,50.6976,Quant Multi Asset Allocation Fund
2021-01-14,,,,50.8404,Quant Multi Asset Allocation Fund
2021-01-15,,,,50.4897,Quant Multi Asset Allocation Fund
2021-01-18,,,,49.9895,Quant Multi Asset Allocation Fund
2021-01-19,,,,50.4634,Quant Multi Asset Allocation Fund
2021-01-20,,,,50.4281,Quant Multi Asset Allocation Fund
2021-01-21,,,,50.261,Quant Multi Asset Allocation Fund
2021-01-22,,,,50.3037,Quant Multi Asset Allocation Fund
2021-01-25,,,,50.2292,Quant Multi Asset Allocation Fund
2021-01-27,,,,49.5099,Quant Multi Asset Allocation Fund
2021-01-28,,,,49.7194,Quant Multi Asset Allocation Fund
2021-01-29,,,,49.9191,Quant Multi Asset Allocation Fund
2021-02-01,,,,50.0096,Quant Multi Asset Allocation Fund
2021-02-02,,,,50.2793,Quant Multi Asset Allocation Fund
2021-02-03,,,,51.3911,Quant Multi Asset Allocation Fund
2021-02-04,,,,51.375,Quant Multi Asset Allocation Fund
2021-02-05,,,,50.6803,Quant Multi Asset Allocation Fund
2021-02-08,,,,50.8616,Quant Multi Asset Allocation Fund
2021-02-09,,,,50.8414,Quant Multi Asset Allocation Fund
2021-02-10,,,,50.8494,Quant Multi Asset Allocation Fund
2021-02-11,,,,51.5323,Quant Multi Asset Allocation Fund
2021-02-12,,,,51.2607,Quant Multi Asset Allocation Fund
2021-02-15,,,,50.9741,Quant Multi Asset Allocation Fund
2021-02-16,,,,51.2468,Quant Multi Asset Allocation Fund
2021-02-17,,,,49.0231,Quant Multi Asset Allocation Fund
2021-02-18,,,,51.9211,Quant Multi Asset Allocation Fund
2021-02-19,,,,51.9244,Quant Multi Asset Allocation Fund
2021-02-22,,,,51.5878,Quant Multi Asset Allocation Fund
2021-02-23,,,,51.828,Quant Multi Asset Allocation Fund
2021-02-24,,,,51.8068,Quant Multi Asset Allocation Fund
2021-02-25,,,,52.4792,Quant Multi Asset Allocation Fund
2021-02-26,,,,52.4131,Quant Multi Asset Allocation Fund
2021-03-01,,,,53.3712,Quant Multi Asset Allocation Fund
2021-03-02,,,,53.5894,Quant Multi Asset Allocation Fund
2021-03-03,,,,53.5915,Quant Multi Asset Allocation Fund
2021-03-04,,,,53.6085,Quant Multi Asset Allocation Fund
2021-03-05,,,,52.6402,Quant Multi Asset Allocation Fund
2021-03-08,,,,52.8519,Quant Multi Asset Allocation Fund
2021-03-09,,,,52.7442,Quant Multi Asset Allocation Fund
2021-03-10,,,,52.8315,Quant Multi Asset Allocation Fund
2021-03-12,,,,52.8733,Quant Multi Asset Allocation Fund
2021-03-15,,,,52.8656,Quant Multi Asset Allocation Fund
2021-03-16,,,,53.2927,Quant Multi Asset Allocation Fund
2021-03-17,,,,53.0601,Quant Multi Asset Allocation Fund
2021-03-18,,,,53.0179,Quant Multi Asset Allocation Fund
2021-03-19,,,,54.479,Quant Multi Asset Allocation Fund
2021-03-22,,,,54.9956,Quant Multi Asset Allocation Fund
2021-03-23,,,,55.4115,Quant Multi Asset Allocation Fund
2021-03-24,,,,54.6951,Quant Multi Asset Allocation Fund
2021-03-25,,,,53.8889,Quant Multi Asset Allocation Fund
2021-03-26,,,,53.9778,Quant Multi Asset Allocation Fund
2021-03-30,,,,54.2866,Quant Multi Asset Allocation Fund
2021-03-31,,,,54.2065,Quant Multi Asset Allocation Fund
2021-04-01,,,,55.3601,Quant Multi Asset Allocation Fund
2021-04-05,,,,56.4672,Quant Multi Asset Allocation Fund
2021-04-06,,,,57.0202,Quant Multi Asset Allocation Fund
2021-04-07,,,,57.6679,Quant Multi Asset Allocation Fund
2021-04-08,,,,58.004,Quant Multi Asset Allocation Fund
2021-04-09,,,,59.5649,Quant Multi Asset Allocation Fund
2021-04-12,,,,58.3979,Quant Multi Asset Allocation Fund
2021-04-13,,,,58.6308,Quant Multi Asset Allocation Fund
2021-04-15,,,,58.5169,Quant Multi Asset Allocation Fund
2021-04-16,,,,59.7914,Quant Multi Asset Allocation Fund
2021-04-19,,,,59.6553,Quant Multi Asset Allocation Fund
2021-04-20,,,,59.8551,Quant Multi Asset Allocation Fund
2021-04-22,,,,60.5993,Quant Multi Asset Allocation Fund
2021-04-23,,,,60.8677,Quant Multi Asset Allocation Fund
2021-04-26,,,,61.3024,Quant Multi Asset Allocation Fund
2021-04-27,,,,62.5408,Quant Multi Asset Allocation Fund
2021-04-28,,,,62.2364,Quant Multi Asset Allocation Fund
2021-04-29,,,,61.9499,Quant Multi Asset Allocation Fund
2021-04-30,,,,61.4837,Quant Multi Asset Allocation Fund
2021-05-03,,,,62.7075,Quant Multi Asset Allocation Fund
2021-05-04,,,,62.7673,Quant Multi Asset Allocation Fund
2021-05-05,,,,63.8375,Quant Multi Asset Allocation Fund
2021-05-06,,,,64.7165,Quant Multi Asset Allocation Fund
2021-05-07,,,,65.9993,Quant Multi Asset Allocation Fund
2021-05-10,,,,67.1453,Quant Multi Asset Allocation Fund
2021-05-11,,,,67.6521,Quant Multi Asset Allocation Fund
2021-05-12,,,,67.5419,Quant Multi Asset Allocation Fund
2021-05-14,,,,67.4307,Quant Multi Asset Allocation Fund
2021-05-17,,,,67.4959,Quant Multi Asset Allocation Fund
2021-05-18,,,,67.7865,Quant Multi Asset Allocation Fund
2021-05-19,,,,67.6674,Quant Multi Asset Allocation Fund
2021-05-20,,,,67.3992,Quant Multi Asset Allocation Fund
2021-05-21,,,,67.5424,Quant Multi Asset Allocation Fund
2021-05-24,,,,67.1229,Quant Multi Asset Allocation Fund
2021-05-25,,,,67.2781,Quant Multi Asset Allocation Fund
2021-05-26,,,,67.7836,Quant Multi Asset Allocation Fund
2021-05-27,,,,67.5326,Quant Multi Asset Allocation Fund
2021-05-28,,,,67.8469,Quant Multi Asset Allocation Fund
2021-05-31,,,,68.4113,Quant Multi Asset Allocation Fund
2021-06-01,,,,68.0193,Quant Multi Asset Allocation Fund
2021-06-02,,,,68.5019,Quant Multi Asset Allocation Fund
2021-06-03,,,,68.6876,Quant Multi Asset Allocation Fund
2021-06-04,,,,68.8911,Quant Multi Asset Allocation Fund
2021-06-07,,,,69.5553,Quant Multi Asset Allocation Fund
2021-06-08,,,,69.5667,Quant Multi Asset Allocation Fund
2021-06-09,,,,68.3531,Quant Multi Asset Allocation Fund
2021-06-10,,,,68.9172,Quant Multi Asset Allocation Fund
2021-06-11,,,,69.1356,Quant Multi Asset Allocation Fund
2021-06-14,,,,68.4646,Quant Multi Asset Allocation Fund
2021-06-15,,,,69.0141,Quant Multi Asset Allocation Fund
2021-06-16,,,,69.7021,Quant Multi Asset Allocation Fund
2021-06-17,,,,68.9235,Quant Multi Asset Allocation Fund
2021-06-18,,,,68.8708,Quant Multi Asset Allocation Fund
2021-06-21,,,,69.5246,Quant Multi Asset Allocation Fund
2021-06-22,,,,70.7003,Quant Multi Asset Allocation Fund
2021-06-23,,,,70.5569,Quant Multi Asset Allocation Fund
2021-06-24,,,,70.4663,Quant Multi Asset Allocation Fund
2021-06-25,,,,71.3449,Quant Multi Asset Allocation Fund
2021-06-28,,,,71.0896,Quant Multi Asset Allocation Fund
2021-06-29,,,,70.6179,Quant Multi Asset Allocation Fund
2021-06-30,,,,70.8863,Quant Multi Asset Allocation Fund
2021-07-01,,,,70.8268,Quant Multi Asset Allocation Fund
2021-07-02,,,,71.3671,Quant Multi Asset Allocation Fund
2021-07-05,,,,71.9716,Quant Multi Asset Allocation Fund
2021-07-06,,,,71.8751,Quant Multi Asset Allocation Fund
2021-07-07,,,,71.8559,Quant Multi Asset Allocation Fund
2021-07-08,,,,71.6578,Quant Multi Asset Allocation Fund
2021-07-09,,,,71.7566,Quant Multi Asset Allocation Fund
2021-07-12,,,,72.1128,Quant Multi Asset Allocation Fund
2021-07-13,,,,72.4414,Quant Multi Asset Allocation Fund
2021-07-14,,,,72.8344,Quant Multi Asset Allocation Fund
2021-07-15,,,,73.2438,Quant Multi Asset Allocation Fund
2021-07-16,,,,73.3355,Quant Multi Asset Allocation Fund
2021-07-19,,,,72.7512,Quant Multi Asset Allocation Fund
2021-07-20,,,,72.0791,Quant Multi Asset Allocation Fund
2021-07-22,,,,72.2976,Quant Multi Asset Allocation Fund
2021-07-23,,,,72.5933,Quant Multi Asset Allocation Fund
2021-07-26,,,,72.9716,Quant Multi Asset Allocation Fund
2021-07-27,,,,72.5688,Quant Multi Asset Allocation Fund
2021-07-28,,,,72.679,Quant Multi Asset Allocation Fund
2021-07-29,,,,73.3605,Quant Multi Asset Allocation Fund
2021-07-30,,,,74.0504,Quant Multi Asset Allocation Fund
2021-08-02,,,,74.7821,Quant Multi Asset Allocation Fund
2021-08-03,,,,75.2453,Quant Multi Asset Allocation Fund
2021-08-04,,,,74.5671,Quant Multi Asset Allocation Fund
2021-08-05,,,,74.3912,Quant Multi Asset Allocation Fund
2021-08-06,,,,74.4321,Quant Multi Asset Allocation Fund
2021-08-09,,,,73.5044,Quant Multi Asset Allocation Fund
2021-08-10,,,,72.044,Quant Multi Asset Allocation Fund
2021-08-11,,,,72.2525,Quant Multi Asset Allocation Fund
2021-08-12,,,,73.203,Quant Multi Asset Allocation Fund
2021-08-13,,,,73.0517,Quant Multi Asset Allocation Fund
2021-08-16,,,,72.8808,Quant Multi Asset Allocation Fund
2021-08-17,,,,72.0655,Quant Multi Asset Allocation Fund
2021-08-18,,,,71.5897,Quant Multi Asset Allocation Fund
2021-08-20,,,,70.7701,Quant Multi Asset Allocation Fund
2021-08-23,,,,70.0624,Quant Multi Asset Allocation Fund
2021-08-24,,,,70.8473,Quant Multi Asset Allocation Fund
2021-08-25,,,,70.8321,Quant Multi Asset Allocation Fund
2021-08-26,,,,70.4815,Quant Multi Asset Allocation Fund
2021-08-27,,,,71.0902,Quant Multi Asset Allocation Fund
2021-08-30,,,,71.8032,Quant Multi Asset Allocation Fund
2021-08-31,,,,72.0469,Quant Multi Asset Allocation Fund
2021-09-01,,,,72.1721,Quant Multi Asset Allocation Fund
2021-09-02,,,,72.6806,Quant Multi Asset Allocation Fund
2021-09-03,,,,72.6312,Quant Multi Asset Allocation Fund
2021-09-06,,,,73.0283,Quant Multi Asset Allocation Fund
2021-09-07,,,,73.0443,Quant Multi Asset Allocation Fund
2021-09-08,,,,73.0076,Quant Multi Asset Allocation Fund
2021-09-09,,,,73.0369,Quant Multi Asset Allocation Fund
2021-09-13,,,,73.1673,Quant Multi Asset Allocation Fund
2021-09-14,,,,73.2675,Quant Multi Asset Allocation Fund
2021-09-15,,,,73.7441,Quant Multi Asset Allocation Fund
2021-09-16,,,,74.0375,Quant Multi Asset Allocation Fund
2021-09-17,,,,73.5259,Quant Multi Asset Allocation Fund
2021-09-20,,,,72.9772,Quant Multi Asset Allocation Fund
2021-09-21,,,,73.1666,Quant Multi Asset Allocation Fund
2021-09-22,,,,73.7215,Quant Multi Asset Allocation Fund
2021-09-23,,,,74.4075,Quant Multi Asset Allocation Fund
2021-09-24,,,,74.4935,Quant Multi Asset Allocation Fund
2021-09-27,,,,74.7387,Quant Multi Asset Allocation Fund
2021-09-28,,,,74.3133,Quant Multi Asset Allocation Fund
2021-09-29,,,,74.4835,Quant Multi Asset Allocation Fund
2021-09-30,,,,74.5777,Quant Multi Asset Allocation Fund
2021-10-01,,,,74.4907,Quant Multi Asset Allocation Fund
2021-10-04,,,,75.0877,Quant Multi Asset Allocation Fund
2021-10-05,,,,75.6928,Quant Multi Asset Allocation Fund
2021-10-06,,,,74.7343,Quant Multi Asset Allocation Fund
2021-10-07,,,,75.609,Quant Multi Asset Allocation Fund
2021-10-08,,,,76.0921,Quant Multi Asset Allocation Fund
2021-10-11,,,,76.7472,Quant Multi Asset Allocation Fund
2021-10-12,,,,77.0742,Quant Multi Asset Allocation Fund
2021-10-13,,,,77.5549,Quant Multi Asset Allocation Fund
2021-10-14,,,,78.6657,Quant Multi Asset Allocation Fund
2021-10-18,,,,79.3072,Quant Multi Asset Allocation Fund
2021-10-19,,,,78.358,Quant Multi Asset Allocation Fund
2021-10-20,,,,77.6362,Quant Multi Asset Allocation Fund
2021-10-21,,,,77.7598,Quant Multi Asset Allocation Fund
2021-10-22,,,,77.2486,Quant Multi Asset Allocation Fund
2021-10-25,,,,76.8198,Quant Multi Asset Allocation Fund
2021-10-26,,,,77.9471,Quant Multi Asset Allocation Fund
2021-10-27,,,,77.7982,Quant Multi Asset Allocation Fund
2021-10-28,,,,76.5278,Quant Multi Asset Allocation Fund
2021-10-29,,,,76.3333,Quant Multi Asset Allocation Fund
2021-11-01,,,,76.9649,Quant Multi Asset Allocation Fund
2021-11-02,,,,77.5121,Quant Multi Asset Allocation Fund
2021-11-03,,,,77.5731,Quant Multi Asset Allocation Fund
2021-11-08,,,,79.3565,Quant Multi Asset Allocation Fund
2021-11-09,,,,79.8535,Quant Multi Asset Allocation Fund
2021-11-10,,,,79.7196,Quant Multi Asset Allocation Fund
2021-11-11,,,,79.5877,Quant Multi Asset Allocation Fund
2021-11-12,,,,79.3684,Quant Multi Asset Allocation Fund
2021-11-15,,,,79.084,Quant Multi Asset Allocation Fund
2021-11-16,,,,79.197,Quant Multi Asset Allocation Fund
2021-11-17,,,,79.7314,Quant Multi Asset Allocation Fund
2021-11-18,,,,79.088,Quant Multi Asset Allocation Fund
2021-11-22,,,,77.3713,Quant Multi Asset Allocation Fund
2021-11-23,,,,78.5447,Quant Multi Asset Allocation Fund
2021-11-24,,,,78.3042,Quant Multi Asset Allocation Fund
2021-11-25,,,,80.1783,Quant Multi Asset Allocation Fund
2021-11-26,,,,78.0923,Quant Multi Asset Allocation Fund
2021-11-29,,,,76.9556,Quant Multi Asset Allocation Fund
2021-11-30,,,,76.6964,Quant Multi Asset Allocation Fund
2021-12-01,,,,77.486,Quant Multi Asset Allocation Fund
2021-12-02,,,,78.2368,Quant Multi Asset Allocation Fund
2021-12-03,,,,77.8211,Quant Multi Asset Allocation Fund
2021-12-06,,,,77.2578,Quant Multi Asset Allocation Fund
2021-12-07,,,,78.0892,Quant Multi Asset Allocation Fund
2021-12-08,,,,79.1081,Quant Multi Asset Allocation Fund
2021-12-09,,,,79.6576,Quant Multi Asset Allocation Fund
2021-12-10,,,,81.5035,Quant Multi Asset Allocation Fund
2021-12-13,,,,81.2408,Quant Multi Asset Allocation Fund
2021-12-14,,,,80.7805,Quant Multi Asset Allocation Fund
2021-12-15,,,,80.3665,Quant Multi Asset Allocation Fund
2021-12-16,,,,79.7382,Quant Multi Asset Allocation Fund
2021-12-17,,,,78.8657,Quant Multi Asset Allocation Fund
2021-12-20,,,,76.5524,Quant Multi Asset Allocation Fund
2021-12-21,,,,77.3661,Quant Multi Asset Allocation Fund
2021-12-22,,,,78.4974,Quant Multi Asset Allocation Fund
2021-12-23,,,,79.1643,Quant Multi Asset Allocation Fund
2021-12-24,,,,78.6231,Quant Multi Asset Allocation Fund
2021-12-27,,,,78.9548,Quant Multi Asset Allocation Fund
2021-12-28,,,,79.6636,Quant Multi Asset Allocation Fund
2021-12-29,,,,79.2786,Quant Multi Asset Allocation Fund
2021-12-30,,,,78.8435,Quant Multi Asset Allocation Fund
2021-12-31,,,,79.4133,Quant Multi Asset Allocation Fund
2022-01-03,,,,80.262,Quant Multi Asset Allocation Fund
2022-01-04,,,,80.3588,Quant Multi Asset Allocation Fund
2022-01-05,,,,81.0829,Quant Multi Asset Allocation Fund
2022-01-06,,,,80.9451,Quant Multi Asset Allocation Fund
2022-01-07,,,,81.2601,Quant Multi Asset Allocation Fund
2022-01-10,,,,82.6056,Quant Multi Asset Allocation Fund
2022-01-11,,,,82.8918,Quant Multi Asset Allocation Fund
2022-01-12,,,,82.767,Quant Multi Asset Allocation Fund
2022-01-13,,,,83.1165,Quant Multi Asset Allocation Fund
2022-01-14,,,,83.8607,Quant Multi Asset Allocation Fund
2022-01-17,,,,84.3658,Quant Multi Asset Allocation Fund
2022-01-18,,,,82.7674,Quant Multi Asset Allocation Fund
2022-01-19,,,,82.5894,Quant Multi Asset Allocation Fund
2022-01-20,,,,83.3084,Quant Multi Asset Allocation Fund
2022-01-21,,,,82.1916,Quant Multi Asset Allocation Fund
2022-01-24,,,,79.1914,Quant Multi Asset Allocation Fund
2022-01-25,,,,80.5835,Quant Multi Asset Allocation Fund
2022-01-27,,,,80.3443,Quant Multi Asset Allocation Fund
2022-01-28,,,,80.3588,Quant Multi Asset Allocation Fund
2022-01-31,,,,81.138,Quant Multi Asset Allocation Fund
2022-02-01,,,,82.2752,Quant Multi Asset Allocation Fund
2022-02-02,,,,83.2065,Quant Multi Asset Allocation Fund
2022-02-03,,,,83.6089,Quant Multi Asset Allocation Fund
2022-02-04,,,,83.6592,Quant Multi Asset Allocation Fund
2022-02-07,,,,82.7564,Quant Multi Asset Allocation Fund
2022-02-08,,,,82.1088,Quant Multi Asset Allocation Fund
2022-02-09,,,,83.141,Quant Multi Asset Allocation Fund
2022-02-10,,,,83.7151,Quant Multi Asset Allocation Fund
2022-02-11,,,,82.9213,Quant Multi Asset Allocation Fund
2022-02-14,,,,79.8204,Quant Multi Asset Allocation Fund
2022-02-15,,,,81.4218,Quant Multi Asset Allocation Fund
2022-02-16,,,,81.245,Quant Multi Asset Allocation Fund
2022-02-17,,,,80.7868,Quant Multi Asset Allocation Fund
2022-02-18,,,,80.3784,Quant Multi Asset Allocation Fund
2022-02-21,,,,78.6966,Quant Multi Asset Allocation Fund
2022-02-22,,,,77.2125,Quant Multi Asset Allocation Fund
2022-02-23,,,,77.777,Quant Multi Asset Allocation Fund
2022-02-24,,,,74.1077,Quant Multi Asset Allocation Fund
2022-02-25,,,,76.252,Quant Multi Asset Allocation Fund
2022-02-28,,,,76.7056,Quant Multi Asset Allocation Fund
2022-03-02,,,,77.0806,Quant Multi Asset Allocation Fund
2022-03-03,,,,77.2975,Quant Multi Asset Allocation Fund
2022-03-04,,,,76.4108,Quant Multi Asset Allocation Fund
2022-03-07,,,,75.1206,Quant Multi Asset Allocation Fund
2022-03-08,,,,76.0942,Quant Multi Asset Allocation Fund
2022-03-09,,,,77.6239,Quant Multi Asset Allocation Fund
2022-03-10,,,,78.2469,Quant Multi Asset Allocation Fund
2022-03-11,,,,78.4224,Quant Multi Asset Allocation Fund
2022-03-14,,,,78.511,Quant Multi Asset Allocation Fund
2022-03-15,,,,77.7223,Quant Multi Asset Allocation Fund
2022-03-16,,,,78.6051,Quant Multi Asset Allocation Fund
2022-03-17,,,,79.7651,Quant Multi Asset Allocation Fund
2022-03-21,,,,79.4668,Quant Multi Asset Allocation Fund
2022-03-22,,,,79.9381,Quant Multi Asset Allocation Fund
2022-03-23,,,,79.7303,Quant Multi Asset Allocation Fund
2022-03-24,,,,81.2133,Quant Multi Asset Allocation Fund
2022-03-25,,,,81.3176,Quant Multi Asset Allocation Fund
2022-03-28,,,,80.8587,Quant Multi Asset Allocation Fund
2022-03-29,,,,81.9571,Quant Multi Asset Allocation Fund
2022-03-30,,,,82.5677,Quant Multi Asset Allocation Fund
2022-03-31,,,,82.8699,Quant Multi Asset Allocation Fund
2022-04-01,,,,84.3303,Quant Multi Asset Allocation Fund
2022-04-04,,,,85.2203,Quant Multi Asset Allocation Fund
2022-04-05,,,,85.0984,Quant Multi Asset Allocation Fund
2022-04-06,,,,85.1736,Quant Multi Asset Allocation Fund
2022-04-07,,,,84.8133,Quant Multi Asset Allocation Fund
2022-04-08,,,,86.0917,Quant Multi Asset Allocation Fund
2022-04-11,,,,86.8366,Quant Multi Asset Allocation Fund
2022-04-12,,,,86.4253,Quant Multi Asset Allocation Fund
2022-04-13,,,,87.0771,Quant Multi Asset Allocation Fund
2022-04-18,,,,86.798,Quant Multi Asset Allocation Fund
2022-04-19,,,,86.0149,Quant Multi Asset Allocation Fund
2022-04-20,,,,85.8736,Quant Multi Asset Allocation Fund
2022-04-21,,,,86.8308,Quant Multi Asset Allocation Fund
2022-04-22,,,,86.1328,Quant Multi Asset Allocation Fund
2022-04-25,,,,84.6614,Quant Multi Asset Allocation Fund
2022-04-26,,,,86.4301,Quant Multi Asset Allocation Fund
2022-04-27,,,,86.7423,Quant Multi Asset Allocation Fund
2022-04-28,,,,86.0801,Quant Multi Asset Allocation Fund
2022-04-29,,,,85.1964,Quant Multi Asset Allocation Fund
2022-05-02,,,,84.3356,Quant Multi Asset Allocation Fund
2022-05-04,,,,81.7208,Quant Multi Asset Allocation Fund
2022-05-05,,,,82.5575,Quant Multi Asset Allocation Fund
2022-05-06,,,,81.6189,Quant Multi Asset Allocation Fund
2022-05-09,,,,80.4968,Quant Multi Asset Allocation Fund
2022-05-10,,,,79.0593,Quant Multi Asset Allocation Fund
2022-05-11,,,,77.7018,Quant Multi Asset Allocation Fund
2022-05-12,,,,76.2967,Quant Multi Asset Allocation Fund
2022-05-13,,,,76.0742,Quant Multi Asset Allocation Fund
2022-05-16,,,,77.187,Quant Multi Asset Allocation Fund
2022-05-17,,,,79.4008,Quant Multi Asset Allocation Fund
2022-05-18,,,,79.5869,Quant Multi Asset Allocation Fund
2022-05-19,,,,78.299,Quant Multi Asset Allocation Fund
2022-05-20,,,,80.3054,Quant Multi Asset Allocation Fund
2022-05-23,,,,79.9159,Quant Multi Asset Allocation Fund
2022-05-24,,,,78.9193,Quant Multi Asset Allocation Fund
2022-05-25,,,,77.8502,Quant Multi Asset Allocation Fund
2022-05-26,,,,78.5014,Quant Multi Asset Allocation Fund
2022-05-27,,,,78.9035,Quant Multi Asset Allocation Fund
2022-05-30,,,,79.8156,Quant Multi Asset Allocation Fund
2022-05-31,,,,79.6781,Quant Multi Asset Allocation Fund
2022-06-01,,,,79.5601,Quant Multi Asset Allocation Fund
2022-06-02,,,,80.3606,Quant Multi Asset Allocation Fund
2022-06-03,,,,79.7298,Quant Multi Asset Allocation Fund
2022-06-06,,,,79.425,Quant Multi Asset Allocation Fund
2022-06-07,,,,79.2777,Quant Multi Asset Allocation Fund
2022-06-08,,,,79.1468,Quant Multi Asset Allocation Fund
2022-06-09,,,,79.4981,Quant Multi Asset Allocation Fund
2022-06-10,,,,78.9683,Quant Multi Asset Allocation Fund
2022-06-13,,,,76.9289,Quant Multi Asset Allocation Fund
2022-06-14,,,,76.923,Quant Multi Asset Allocation Fund
2022-06-15,,,,77.0216,Quant Multi Asset Allocation Fund
2022-06-16,,,,74.9936,Quant Multi Asset Allocation Fund
2022-06-17,,,,74.8065,Quant Multi Asset Allocation Fund
2022-06-20,,,,73.2414,Quant Multi Asset Allocation Fund
2022-06-21,,,,74.975,Quant Multi Asset Allocation Fund
2022-06-22,,,,73.9054,Quant Multi Asset Allocation Fund
2022-06-23,,,,74.7215,Quant Multi Asset Allocation Fund
2022-06-24,,,,75.6022,Quant Multi Asset Allocation Fund
2022-06-27,,,,76.3774,Quant Multi Asset Allocation Fund
2022-06-28,,,,76.589,Quant Multi Asset Allocation Fund
2022-06-29,,,,76.3544,Quant Multi Asset Allocation Fund
2022-06-30,,,,75.993,Quant Multi Asset Allocation Fund
2022-07-01,,,,75.906,Quant Multi Asset Allocation Fund
2022-07-04,,,,76.3217,Quant Multi Asset Allocation Fund
2022-07-05,,,,76.316,Quant Multi Asset Allocation Fund
2022-07-06,,,,76.5769,Quant Multi Asset Allocation Fund
2022-07-07,,,,77.1099,Quant Multi Asset Allocation Fund
2022-07-08,,,,77.7312,Quant Multi Asset Allocation Fund
2022-07-11,,,,78.0925,Quant Multi Asset Allocation Fund
2022-07-12,,,,78.1191,Quant Multi Asset Allocation Fund
2022-07-13,,,,77.7544,Quant Multi Asset Allocation Fund
2022-07-14,,,,77.3446,Quant Multi Asset Allocation Fund
2022-07-15,,,,77.6519,Quant Multi Asset Allocation Fund
2022-07-18,,,,78.6019,Quant Multi Asset Allocation Fund
2022-07-19,,,,78.9419,Quant Multi Asset Allocation Fund
2022-07-20,,,,79.0681,Quant Multi Asset Allocation Fund
2022-07-21,,,,79.5713,Quant Multi Asset Allocation Fund
2022-07-22,,,,79.9925,Quant Multi Asset Allocation Fund
2022-07-25,,,,79.728,Quant Multi Asset Allocation Fund
2022-07-26,,,,79.4531,Quant Multi Asset Allocation Fund
2022-07-27,,,,80.1727,Quant Multi Asset Allocation Fund
2022-07-28,,,,80.7161,Quant Multi Asset Allocation Fund
2022-07-29,,,,81.3615,Quant Multi Asset Allocation Fund
2022-08-01,,,,82.3944,Quant Multi Asset Allocation Fund
2022-08-02,,,,82.8968,Quant Multi Asset Allocation Fund
2022-08-03,,,,82.7983,Quant Multi Asset Allocation Fund
2022-08-04,,,,82.6066,Quant Multi Asset Allocation Fund
2022-08-05,,,,82.8786,Quant Multi Asset Allocation Fund
2022-08-08,,,,83.4917,Quant Multi Asset Allocation Fund
2022-08-10,,,,83.3244,Quant Multi Asset Allocation Fund
2022-08-11,,,,83.8314,Quant Multi Asset Allocation Fund
2022-08-12,,,,83.8954,Quant Multi Asset Allocation Fund
2022-08-16,,,,84.3806,Quant Multi Asset Allocation Fund
2022-08-17,,,,84.8345,Quant Multi Asset Allocation Fund
2022-08-18,,,,85.2713,Quant Multi Asset Allocation Fund
2022-08-19,,,,84.9752,Quant Multi Asset Allocation Fund
2022-08-22,,,,83.5793,Quant Multi Asset Allocation Fund
2022-08-23,,,,84.1865,Quant Multi Asset Allocation Fund
2022-08-24,,,,84.6863,Quant Multi Asset Allocation Fund
2022-08-25,,,,84.4173,Quant Multi Asset Allocation Fund
2022-08-26,,,,84.8007,Quant Multi Asset Allocation Fund
2022-08-29,,,,84.3148,Quant Multi Asset Allocation Fund
2022-08-30,,,,85.3801,Quant Multi Asset Allocation Fund
2022-09-01,,,,85.25,Quant Multi Asset Allocation Fund
2022-09-02,,,,85.9693,Quant Multi Asset Allocation Fund
2022-09-05,,,,87.0327,Quant Multi Asset Allocation Fund
2022-09-06,,,,86.938,Quant Multi Asset Allocation Fund
2022-09-07,,,,87.385,Quant Multi Asset Allocation Fund
2022-09-08,,,,88.2795,Quant Multi Asset Allocation Fund
2022-09-09,,,,88.3614,Quant Multi Asset Allocation Fund
2022-09-12,,,,88.9989,Quant Multi Asset Allocation Fund
2022-09-13,,,,89.257,Quant Multi Asset Allocation Fund
2022-09-14,,,,89.6499,Quant Multi Asset Allocation Fund
2022-09-15,,,,89.7161,Quant Multi Asset Allocation Fund
2022-09-16,,,,88.129,Quant Multi Asset Allocation Fund
2022-09-19,,,,88.3008,Quant Multi Asset Allocation Fund
2022-09-20,,,,89.0127,Quant Multi Asset Allocation Fund
2022-09-21,,,,89.0397,Quant Multi Asset Allocation Fund
2022-09-22,,,,89.4813,Quant Multi Asset Allocation Fund
2022-09-23,,,,88.1969,Quant Multi Asset Allocation Fund
2022-09-26,,,,86.1387,Quant Multi Asset Allocation Fund
2022-09-27,,,,85.868,Quant Multi Asset Allocation Fund
2022-09-28,,,,84.9617,Quant Multi Asset Allocation Fund
2022-09-29,,,,85.784,Quant Multi Asset Allocation Fund
2022-09-30,,,,86.5758,Quant Multi Asset Allocation Fund
2022-10-03,,,,85.6027,Quant Multi Asset Allocation Fund
2022-10-04,,,,87.4704,Quant Multi Asset Allocation Fund
2022-10-06,,,,88.1659,Quant Multi Asset Allocation Fund
2022-10-07,,,,88.1361,Quant Multi Asset Allocation Fund
2022-10-10,,,,87.4727,Quant Multi Asset Allocation Fund
2022-10-11,,,,86.5438,Quant Multi Asset Allocation Fund
2022-10-12,,,,86.8994,Quant Multi Asset Allocation Fund
2022-10-13,,,,86.3189,Quant Multi Asset Allocation Fund
2022-10-14,,,,86.3497,Quant Multi Asset Allocation Fund
2022-10-17,,,,87.1128,Quant Multi Asset Allocation Fund
2022-10-18,,,,87.8432,Quant Multi Asset Allocation Fund
2022-10-19,,,,87.8062,Quant Multi Asset Allocation Fund
2022-10-20,,,,88.2352,Quant Multi Asset Allocation Fund
2022-10-21,,,,87.6584,Quant Multi Asset Allocation Fund
2022-10-25,,,,88.4035,Quant Multi Asset Allocation Fund
2022-10-27,,,,88.8533,Quant Multi Asset Allocation Fund
2022-10-28,,,,88.5706,Quant Multi Asset Allocation Fund
2022-10-31,,,,88.9901,Quant Multi Asset Allocation Fund
2022-11-01,,,,89.279,Quant Multi Asset Allocation Fund
2022-11-02,,,,89.0989,Quant Multi Asset Allocation Fund
2022-11-03,,,,88.4972,Quant Multi Asset Allocation Fund
2022-11-04,,,,89.2912,Quant Multi Asset Allocation Fund
2022-11-07,,,,89.8704,Quant Multi Asset Allocation Fund
2022-11-09,,,,90.1895,Quant Multi Asset Allocation Fund
2022-11-10,,,,89.5163,Quant Multi Asset Allocation Fund
2022-11-11,,,,90.4049,Quant Multi Asset Allocation Fund
2022-11-14,,,,90.3407,Quant Multi Asset Allocation Fund
2022-11-15,,,,90.7862,Quant Multi Asset Allocation Fund
2022-11-16,,,,90.4941,Quant Multi Asset Allocation Fund
2022-11-17,,,,90.0656,Quant Multi Asset Allocation Fund
2022-11-18,,,,90.092,Quant Multi Asset Allocation Fund
2022-11-21,,,,89.4212,Quant Multi Asset Allocation Fund
2022-11-22,,,,89.8475,Quant Multi Asset Allocation Fund
2022-11-23,,,,89.917,Quant Multi Asset Allocation Fund
2022-11-24,,,,90.4712,Quant Multi Asset Allocation Fund
2022-11-25,,,,90.7965,Quant Multi Asset Allocation Fund
2022-11-28,,,,91.0973,Quant Multi Asset Allocation Fund
2022-11-29,,,,91.1574,Quant Multi Asset Allocation Fund
2022-11-30,,,,91.4306,Quant Multi Asset Allocation Fund
2022-12-01,,,,91.8811,Quant Multi Asset Allocation Fund
2022-12-02,,,,92.3282,Quant Multi Asset Allocation Fund
2022-12-05,,,,93.0369,Quant Multi Asset Allocation Fund
2022-12-06,,,,92.5435,Quant Multi Asset Allocation Fund
2022-12-07,,,,92.3175,Quant Multi Asset Allocation Fund
2022-12-08,,,,92.727,Quant Multi Asset Allocation Fund
2022-12-09,,,,92.3789,Quant Multi Asset Allocation Fund
2022-12-12,,,,92.7075,Quant Multi Asset Allocation Fund
2022-12-13,,,,93.0265,Quant Multi Asset Allocation Fund
2022-12-14,,,,93.6309,Quant Multi Asset Allocation Fund
2022-12-15,,,,92.5377,Quant Multi Asset Allocation Fund
2022-12-16,,,,91.8804,Quant Multi Asset Allocation Fund
2022-12-19,,,,92.6339,Quant Multi Asset Allocation Fund
2022-12-20,,,,92.6472,Quant Multi Asset Allocation Fund
2022-12-21,,,,91.2775,Quant Multi Asset Allocation Fund
2022-12-22,,,,90.6481,Quant Multi Asset Allocation Fund
2022-12-23,,,,88.2555,Quant Multi Asset Allocation Fund
2022-12-26,,,,89.8286,Quant Multi Asset Allocation Fund
2022-12-27,,,,90.8215,Quant Multi Asset Allocation Fund
2022-12-28,,,,90.7531,Quant Multi Asset Allocation Fund
2022-12-29,,,,91.2194,Quant Multi Asset Allocation Fund
2022-12-30,,,,91.5513,Quant Multi Asset Allocation Fund
2023-01-02,,,,92.384,Quant Multi Asset Allocation Fund
2023-01-03,,,,92.901,Quant Multi Asset Allocation Fund
2023-01-04,,,,92.1999,Quant Multi Asset Allocation Fund
2023-01-05,,,,92.0523,Quant Multi Asset Allocation Fund
2023-01-06,,,,91.4775,Quant Multi Asset Allocation Fund
2023-01-09,,,,92.3975,Quant Multi Asset Allocation Fund
2023-01-10,,,,91.7829,Quant Multi Asset Allocation Fund
2023-01-11,,,,91.9885,Quant Multi Asset Allocation Fund
2023-01-12,,,,91.7703,Quant Multi Asset Allocation Fund
2023-01-13,,,,92.1559,Quant Multi Asset Allocation Fund
2023-01-16,,,,92.2595,Quant Multi Asset Allocation Fund
2023-01-17,,,,92.193,Quant Multi Asset Allocation Fund
2023-01-18,,,,92.8081,Quant Multi Asset Allocation Fund
2023-01-19,,,,92.8709,Quant Multi Asset Allocation Fund
2023-01-20,,,,92.879,Quant Multi Asset Allocation Fund
2023-01-23,,,,93.0322,Quant Multi Asset Allocation Fund
2023-01-24,,,,92.9293,Quant Multi Asset Allocation Fund
2023-01-25,,,,91.7877,Quant Multi Asset Allocation Fund
2023-01-27,,,,89.8783,Quant Multi Asset Allocation Fund
2023-01-30,,,,89.5433,Quant Multi Asset Allocation Fund
2023-01-31,,,,90.233,Quant Multi Asset Allocation Fund
2023-02-01,,,,89.18,Quant Multi Asset Allocation Fund
2023-02-02,,,,89.5854,Quant Multi Asset Allocation Fund
2023-02-03,,,,89.1632,Quant Multi Asset Allocation Fund
2023-02-06,,,,88.8714,Quant Multi Asset Allocation Fund
2023-02-07,,,,88.8391,Quant Multi Asset Allocation Fund
2023-02-08,,,,89.3246,Quant Multi Asset Allocation Fund
2023-02-09,,,,89.2437,Quant Multi Asset Allocation Fund
2023-02-10,,,,89.101,Quant Multi Asset Allocation Fund
2023-02-13,,,,88.8262,Quant Multi Asset Allocation Fund
2023-02-14,,,,89.293,Quant Multi Asset Allocation Fund
2023-02-15,,,,89.1929,Quant Multi Asset Allocation Fund
2023-02-16,,,,89.4416,Quant Multi Asset Allocation Fund
2023-02-17,,,,89.0783,Quant Multi Asset Allocation Fund
2023-02-20,,,,88.9275,Quant Multi Asset Allocation Fund
2023-02-21,,,,89.0042,Quant Multi Asset Allocation Fund
2023-02-22,,,,88.897,Quant Multi Asset Allocation Fund
2023-02-23,,,,88.0976,Quant Multi Asset Allocation Fund
2023-02-24,,,,87.5453,Quant Multi Asset Allocation Fund
2023-02-27,,,,87.4151,Quant Multi Asset Allocation Fund
2023-02-28,,,,87.0617,Quant Multi Asset Allocation Fund
2023-03-01,,,,87.626,Quant Multi Asset Allocation Fund
2023-03-02,,,,87.5607,Quant Multi Asset Allocation Fund
2023-03-03,,,,88.7671,Quant Multi Asset Allocation Fund
2023-03-06,,,,89.1641,Quant Multi Asset Allocation Fund
2023-03-08,,,,88.8599,Quant Multi Asset Allocation Fund
2023-03-09,,,,88.5086,Quant Multi Asset Allocation Fund
2023-03-10,,,,88.0927,Quant Multi Asset Allocation Fund
2023-03-13,,,,87.6791,Quant Multi Asset Allocation Fund
2023-03-14,,,,87.4914,Quant Multi Asset Allocation Fund
2023-03-15,,,,87.0148,Quant Multi Asset Allocation Fund
2023-03-16,,,,87.4604,Quant Multi Asset Allocation Fund
2023-03-17,,,,87.7987,Quant Multi Asset Allocation Fund
2023-03-20,,,,87.6906,Quant Multi Asset Allocation Fund
2023-03-21,,,,87.864,Quant Multi Asset Allocation Fund
2023-03-22,,,,87.6353,Quant Multi Asset Allocation Fund
2023-03-23,,,,87.3268,Quant Multi Asset Allocation Fund
2023-03-24,,,,86.8032,Quant Multi Asset Allocation Fund
2023-03-27,,,,86.5246,Quant Multi Asset Allocation Fund
2023-03-28,,,,86.3023,Quant Multi Asset Allocation Fund
2023-03-29,,,,87.0306,Quant Multi Asset Allocation Fund
2023-03-31,,,,88.2005,Quant Multi Asset Allocation Fund
2023-04-03,,,,88.1739,Quant Multi Asset Allocation Fund
2023-04-05,,,,88.9593,Quant Multi Asset Allocation Fund
2023-04-06,,,,89.2122,Quant Multi Asset Allocation Fund
2023-04-10,,,,89.4743,Quant Multi Asset Allocation Fund
2023-04-11,,,,89.6932,Quant Multi Asset Allocation Fund
2023-04-12,,,,89.6729,Quant Multi Asset Allocation Fund
2023-04-13,,,,89.7939,Quant Multi Asset Allocation Fund
2023-04-17,,,,89.7766,Quant Multi Asset Allocation Fund
2023-04-18,,,,89.6772,Quant Multi Asset Allocation Fund
2023-04-19,,,,89.4218,Quant Multi Asset Allocation Fund
2023-04-20,,,,89.8637,Quant Multi Asset Allocation Fund
2023-04-21,,,,89.8213,Quant Multi Asset Allocation Fund
2023-04-24,,,,90.2582,Quant Multi Asset Allocation Fund
2023-04-25,,,,90.4827,Quant Multi Asset Allocation Fund
2023-04-26,,,,90.7073,Quant Multi Asset Allocation Fund
2023-04-27,,,,91.0259,Quant Multi Asset Allocation Fund
2023-04-28,,,,91.8595,Quant Multi Asset Allocation Fund
2023-05-02,,,,92.1326,Quant Multi Asset Allocation Fund
2023-05-03,,,,92.3009,Quant Multi Asset Allocation Fund
2023-05-04,,,,92.8689,Quant Multi Asset Allocation Fund
2023-05-05,,,,92.3053,Quant Multi Asset Allocation Fund
2023-05-08,,,,92.6904,Quant Multi Asset Allocation Fund
2023-05-09,,,,92.4844,Quant Multi Asset Allocation Fund
2023-05-10,,,,92.6028,Quant Multi Asset Allocation Fund
2023-05-11,,,,92.1543,Quant Multi Asset Allocation Fund
2023-05-12,,,,91.8008,Quant Multi Asset Allocation Fund
2023-05-15,,,,92.4052,Quant Multi Asset Allocation Fund
2023-05-16,,,,92.2262,Quant Multi Asset Allocation Fund
2023-05-17,,,,91.8103,Quant Multi Asset Allocation Fund
2023-05-18,,,,91.3742,Quant Multi Asset Allocation Fund
2023-05-19,,,,91.3417,Quant Multi Asset Allocation Fund
2023-05-22,,,,91.7704,Quant Multi Asset Allocation Fund
2023-05-23,,,,91.3092,Quant Multi Asset Allocation Fund
2023-05-24,,,,91.3086,Quant Multi Asset Allocation Fund
2023-05-25,,,,91.2699,Quant Multi Asset Allocation Fund
2023-05-26,,,,91.5704,Quant Multi Asset Allocation Fund
2023-05-29,,,,91.7435,Quant Multi Asset Allocation Fund
2023-05-30,,,,91.6301,Quant Multi Asset Allocation Fund
2023-05-31,,,,91.2221,Quant Multi Asset Allocation Fund
2023-06-01,,,,91.1891,Quant Multi Asset Allocation Fund
2023-06-02,,,,91.5872,Quant Multi Asset Allocation Fund
2023-06-05,,,,91.4567,Quant Multi Asset Allocation Fund
2023-06-06,,,,91.7123,Quant Multi Asset Allocation Fund
2023-06-07,,,,92.0461,Quant Multi Asset Allocation Fund
2023-06-08,,,,92.0755,Quant Multi Asset Allocation Fund
2023-06-09,,,,92.3014,Quant Multi Asset Allocation Fund
2023-06-12,,,,92.3617,Quant Multi Asset Allocation Fund
2023-06-13,,,,92.6952,Quant Multi Asset Allocation Fund
2023-06-14,,,,92.8062,Quant Multi Asset Allocation Fund
2023-06-15,,,,92.4708,Quant Multi Asset Allocation Fund
2023-06-16,,,,93.0255,Quant Multi Asset Allocation Fund
2023-06-19,,,,93.0752,Quant Multi Asset Allocation Fund
2023-06-20,,,,93.1985,Quant Multi Asset Allocation Fund
2023-06-21,,,,93.1982,Quant Multi Asset Allocation Fund
2023-06-22,,,,92.9929,Quant Multi Asset Allocation Fund
2023-06-23,,,,92.8528,Quant Multi Asset Allocation Fund
2023-06-26,,,,92.8179,Quant Multi Asset Allocation Fund
2023-06-27,,,,92.9866,Quant Multi Asset Allocation Fund
2023-06-28,,,,94.5569,Quant Multi Asset Allocation Fund
2023-06-30,,,,94.6288,Quant Multi Asset Allocation Fund
2023-07-03,,,,95.0849,Quant Multi Asset Allocation Fund
2023-07-04,,,,94.9591,Quant Multi Asset Allocation Fund
2023-07-05,,,,95.1421,Quant Multi Asset Allocation Fund
2023-07-06,,,,95.6518,Quant Multi Asset Allocation Fund
2023-07-07,,,,95.283,Quant Multi Asset Allocation Fund
2023-07-10,,,,95.6232,Quant Multi Asset Allocation Fund
2023-07-11,,,,95.8575,Quant Multi Asset Allocation Fund
2023-07-12,,,,96.0933,Quant Multi Asset Allocation Fund
2023-07-13,,,,96.0069,Quant Multi Asset Allocation Fund
2023-07-14,,,,96.5027,Quant Multi Asset Allocation Fund
2023-07-17,,,,97.2275,Quant Multi Asset Allocation Fund
2023-07-18,,,,97.6561,Quant Multi Asset Allocation Fund
2023-07-19,,,,98.8954,Quant Multi Asset Allocation Fund
2023-07-20,,,,98.8454,Quant Multi Asset Allocation Fund
2023-07-21,,,,97.9609,Quant Multi Asset Allocation Fund
2023-07-24,,,,97.9263,Quant Multi Asset Allocation Fund
2023-07-25,,,,98.3579,Quant Multi Asset Allocation Fund
2023-07-26,,,,98.8657,Quant Multi Asset Allocation Fund
2023-07-27,,,,99.0275,Quant Multi Asset Allocation Fund
2023-07-28,,,,99.0611,Quant Multi Asset Allocation Fund
2023-07-31,,,,99.4914,Quant Multi Asset Allocation Fund
2023-08-01,,,,99.4957,Quant Multi Asset Allocation Fund
2023-08-02,,,,98.2397,Quant Multi Asset Allocation Fund
2023-08-03,,,,98.4417,Quant Multi Asset Allocation Fund
2023-08-04,,,,98.6988,Quant Multi Asset Allocation Fund
2023-08-07,,,,98.9462,Quant Multi Asset Allocation Fund
2023-08-08,,,,99.1732,Quant Multi Asset Allocation Fund
2023-08-09,,,,99.2891,Quant Multi Asset Allocation Fund
2023-08-10,,,,99.4651,Quant Multi Asset Allocation Fund
2023-08-11,,,,98.7833,Quant Multi Asset Allocation Fund
2023-08-14,,,,98.1818,Quant Multi Asset Allocation Fund
2023-08-16,,,,97.9937,Quant Multi Asset Allocation Fund
2023-08-17,,,,97.7831,Quant Multi Asset Allocation Fund
2023-08-18,,,,97.8857,Quant Multi Asset Allocation Fund
2023-08-21,,,,98.2326,Quant Multi Asset Allocation Fund
2023-08-22,,,,98.5803,Quant Multi Asset Allocation Fund
2023-08-23,,,,98.5608,Quant Multi Asset Allocation Fund
2023-08-24,,,,98.1433,Quant Multi Asset Allocation Fund
2023-08-25,,,,97.6194,Quant Multi Asset Allocation Fund
2023-08-28,,,,97.7867,Quant Multi Asset Allocation Fund
2023-08-29,,,,98.0785,Quant Multi Asset Allocation Fund
2023-08-30,,,,98.2341,Quant Multi Asset Allocation Fund
2023-08-31,,,,98.432,Quant Multi Asset Allocation Fund
2023-09-01,,,,99.1551,Quant Multi Asset Allocation Fund
2023-09-04,,,,99.6409,Quant Multi Asset Allocation Fund
2023-09-05,,,,100.3536,Quant Multi Asset Allocation Fund
2023-09-06,,,,100.2709,Quant Multi Asset Allocation Fund
2023-09-07,,,,100.4067,Quant Multi Asset Allocation Fund
2023-09-08,,,,100.8417,Quant Multi Asset Allocation Fund
2023-09-11,,,,101.2932,Quant Multi Asset Allocation Fund
2023-09-12,,,,99.601,Quant Multi Asset Allocation Fund
2023-09-13,,,,99.7354,Quant Multi Asset Allocation Fund
2023-09-14,,,,100.1741,Quant Multi Asset Allocation Fund
2023-09-15,,,,100.325,Quant Multi Asset Allocation Fund
2023-09-18,,,,99.7128,Quant Multi Asset Allocation Fund
2023-09-20,,,,98.7631,Quant Multi Asset Allocation Fund
2023-09-21,,,,98.3187,Quant Multi Asset Allocation Fund
2023-09-22,,,,97.998,Quant Multi Asset Allocation Fund
2023-09-25,,,,98.1944,Quant Multi Asset Allocation Fund
2023-09-26,,,,97.9859,Quant Multi Asset Allocation Fund
2023-09-27,,,,98.9381,Quant Multi Asset Allocation Fund
2023-09-29,,,,99.1265,Quant Multi Asset Allocation Fund
2023-10-03,,,,98.5066,Quant Multi Asset Allocation Fund
2023-10-04,,,,97.1983,Quant Multi Asset Allocation Fund
2023-10-05,,,,97.4203,Quant Multi Asset Allocation Fund
2023-10-06,,,,98.1568,Quant Multi Asset Allocation Fund
2023-10-09,,,,97.2282,Quant Multi Asset Allocation Fund
2023-10-10,,,,97.9912,Quant Multi Asset Allocation Fund
2023-10-11,,,,98.6736,Quant Multi Asset Allocation Fund
2023-10-12,,,,98.7597,Quant Multi Asset Allocation Fund
2023-10-13,,,,98.9127,Quant Multi Asset Allocation Fund
2023-10-16,,,,99.2737,Quant Multi Asset Allocation Fund
2023-10-17,,,,99.227,Quant Multi Asset Allocation Fund
2023-10-18,,,,99.0613,Quant Multi Asset Allocation Fund
2023-10-19,,,,98.8619,Quant Multi Asset Allocation Fund
2023-10-20,,,,99.1667,Quant Multi Asset Allocation Fund
2023-10-23,,,,97.3889,Quant Multi Asset Allocation Fund
2023-10-25,,,,97.0937,Quant Multi Asset Allocation Fund
2023-10-26,,,,97.3016,Quant Multi Asset Allocation Fund
2023-10-27,,,,98.6015,Quant Multi Asset Allocation Fund
2023-10-30,,,,98.9895,Quant Multi Asset Allocation Fund
2023-10-31,,,,98.961,Quant Multi Asset Allocation Fund
2023-11-01,,,,98.779,Quant Multi Asset Allocation Fund
2023-11-02,,,,99.5889,Quant Multi Asset Allocation Fund
2023-11-03,,,,99.9678,Quant Multi Asset Allocation Fund
2023-11-06,,,,100.708,Quant Multi Asset Allocation Fund
2023-11-07,,,,101.1579,Quant Multi Asset Allocation Fund
2023-11-08,,,,101.4304,Quant Multi Asset Allocation Fund
2023-11-09,,,,101.2184,Quant Multi Asset Allocation Fund
2023-11-10,,,,101.5335,Quant Multi Asset Allocation Fund
2023-11-13,,,,101.6409,Quant Multi Asset Allocation Fund
2023-11-15,,,,102.9932,Quant Multi Asset Allocation Fund
2023-11-16,,,,103.5219,Quant Multi Asset Allocation Fund
2023-11-17,,,,103.397,Quant Multi Asset Allocation Fund
2023-11-20,,,,103.1286,Quant Multi Asset Allocation Fund
2023-11-21,,,,104.0044,Quant Multi Asset Allocation Fund
2023-11-22,,,,104.3787,Quant Multi Asset Allocation Fund
2023-11-23,,,,104.187,Quant Multi Asset Allocation Fund
2023-11-24,,,,104.506,Quant Multi Asset Allocation Fund
2023-11-28,,,,105.1266,Quant Multi Asset Allocation Fund
2023-11-29,,,,105.7125,Quant Multi Asset Allocation Fund
2023-11-30,,,,105.9502,Quant Multi Asset Allocation Fund
2023-12-01,,,,106.6208,Quant Multi Asset Allocation Fund
2023-12-04,,,,107.6891,Quant Multi Asset Allocation Fund
2023-12-05,,,,108.3507,Quant Multi Asset Allocation Fund
2023-12-06,,,,108.5319,Quant Multi Asset Allocation Fund
2023-12-07,,,,108.7386,Quant Multi Asset Allocation Fund
2023-12-08,,,,110.0151,Quant Multi Asset Allocation Fund
2023-12-11,,,,109.7662,Quant Multi Asset Allocation Fund
2023-12-12,,,,109.1473,Quant Multi Asset Allocation Fund
2023-12-13,,,,108.8501,Quant Multi Asset Allocation Fund
2023-12-14,,,,110.194,Quant Multi Asset Allocation Fund
2023-12-15,,,,111.3351,Quant Multi Asset Allocation Fund
2023-12-18,,,,111.8612,Quant Multi Asset Allocation Fund
2023-12-19,,,,111.701,Quant Multi Asset Allocation Fund
2023-12-20,,,,109.1768,Quant Multi Asset Allocation Fund
2023-12-21,,,,110.6699,Quant Multi Asset Allocation Fund
2023-12-22,,,,111.2694,Quant Multi Asset Allocation Fund
2023-12-26,,,,111.3435,Quant Multi Asset Allocation Fund
2023-12-27,,,,112.0784,Quant Multi Asset Allocation Fund
2023-12-28,,,,113.4591,Quant Multi Asset Allocation Fund
2023-12-29,,,,113.3913,Quant Multi Asset Allocation Fund
2024-01-01,,,,113.9532,Quant Multi Asset Allocation Fund
2024-01-02,,,,113.8697,Quant Multi Asset Allocation Fund
2024-01-03,,,,113.7138,Quant Multi Asset Allocation Fund
2024-01-04,,,,114.7533,Quant Multi Asset Allocation Fund
2024-01-05,,,,114.7067,Quant Multi Asset Allocation Fund
2024-01-08,,,,114.0344,Quant Multi Asset Allocation Fund
2024-01-09,,,,113.9677,Quant Multi Asset Allocation Fund
2024-01-10,,,,114.0691,Quant Multi Asset Allocation Fund
2024-01-11,,,,115.5181,Quant Multi Asset Allocation Fund
2024-01-12,,,,116.5886,Quant Multi Asset Allocation Fund
2024-01-15,,,,117.5509,Quant Multi Asset Allocation Fund
2024-01-16,,,,116.7624,Quant Multi Asset Allocation Fund
2024-01-17,,,,115.4612,Quant Multi Asset Allocation Fund
2024-01-18,,,,115.3344,Quant Multi Asset Allocation Fund
2024-01-19,,,,117.0682,Quant Multi Asset Allocation Fund
2024-01-23,,,,114.3184,Quant Multi Asset Allocation Fund
2024-01-24,,,,115.9795,Quant Multi Asset Allocation Fund
2024-01-25,,,,116.3166,Quant Multi Asset Allocation Fund
2024-01-29,,,,118.8186,Quant Multi Asset Allocation Fund
2024-01-30,,,,119.5527,Quant Multi Asset Allocation Fund
2024-01-31,,,,120.5412,Quant Multi Asset Allocation Fund
2024-02-01,,,,121.4173,Quant Multi Asset Allocation Fund
2024-02-02,,,,122.5258,Quant Multi Asset Allocation Fund
2024-02-05,,,,123.6622,Quant Multi Asset Allocation Fund
2024-02-06,,,,123.5971,Quant Multi Asset Allocation Fund
2024-02-07,,,,124.0161,Quant Multi Asset Allocation Fund
2024-02-08,,,,123.9756,Quant Multi Asset Allocation Fund
2024-02-09,,,,125.383,Quant Multi Asset Allocation Fund
2024-02-12,,,,123.0398,Quant Multi Asset Allocation Fund
2024-02-13,,,,123.6932,Quant Multi Asset Allocation Fund
2024-02-14,,,,125.5357,Quant Multi Asset Allocation Fund
2024-02-15,,,,126.4663,Quant Multi Asset Allocation Fund
2024-02-16,,,,125.8012,Quant Multi Asset Allocation Fund
2024-02-19,,,,126.0491,Quant Multi Asset Allocation Fund
2024-02-20,,,,126.2342,Quant Multi Asset Allocation Fund
2024-02-21,,,,126.4539,Quant Multi Asset Allocation Fund
2024-02-22,,,,127.7037,Quant Multi Asset Allocation Fund
2024-02-23,,,,129.6209,Quant Multi Asset Allocation Fund
2024-02-26,,,,129.6033,Quant Multi Asset Allocation Fund
2024-02-27,,,,128.6726,Quant Multi Asset Allocation Fund
2024-02-28,,,,126.6209,Quant Multi Asset Allocation Fund
2024-02-29,,,,126.8509,Quant Multi Asset Allocation Fund
2024-03-01,,,,128.3664,Quant Multi Asset Allocation Fund
2024-03-04,,,,129.743,Quant Multi Asset Allocation Fund
2024-03-05,,,,129.5022,Quant Multi Asset Allocation Fund
2024-03-06,,,,128.819,Quant Multi Asset Allocation Fund
2024-03-07,,,,129.3174,Quant Multi Asset Allocation Fund
2024-03-11,,,,129.0105,Quant Multi Asset Allocation Fund
2024-03-12,,,,127.8981,Quant Multi Asset Allocation Fund
2024-03-13,,,,122.6665,Quant Multi Asset Allocation Fund
2024-03-14,,,,124.973,Quant Multi Asset Allocation Fund
2024-03-15,,,,124.9345,Quant Multi Asset Allocation Fund
2024-03-18,,,,126.1602,Quant Multi Asset Allocation Fund
2024-03-19,,,,124.6281,Quant Multi Asset Allocation Fund
2024-03-20,,,,124.2873,Quant Multi Asset Allocation Fund
2024-03-21,,,,126.6971,Quant Multi Asset Allocation Fund
2024-03-22,,,,126.9327,Quant Multi Asset Allocation Fund
2024-03-26,,,,127.4143,Quant Multi Asset Allocation Fund
2024-03-27,,,,127.6425,Quant Multi Asset Allocation Fund
2024-03-28,,,,128.4113,Quant Multi Asset Allocation Fund
2024-03-31,,,,128.4136,Quant Multi Asset Allocation Fund
2024-04-01,,,,131.2247,Quant Multi Asset Allocation Fund
2024-04-02,,,,132.2561,Quant Multi Asset Allocation Fund
2024-04-03,,,,133.1082,Quant Multi Asset Allocation Fund
2024-04-04,,,,134.0977,Quant Multi Asset Allocation Fund
2024-04-05,,,,134.4059,Quant Multi Asset Allocation Fund
2024-04-08,,,,134.997,Quant Multi Asset Allocation Fund
2024-04-09,,,,135.7836,Quant Multi Asset Allocation Fund
2024-04-10,,,,135.8887,Quant Multi Asset Allocation Fund
2024-04-12,,,,135.561,Quant Multi Asset Allocation Fund
2024-04-15,,,,134.2928,Quant Multi Asset Allocation Fund
2024-04-16,,,,134.672,Quant Multi Asset Allocation Fund
2024-04-18,,,,134.8604,Quant Multi Asset Allocation Fund
2024-04-19,,,,134.7358,Quant Multi Asset Allocation Fund
2024-04-22,,,,135.2745,Quant Multi Asset Allocation Fund
2024-04-23,,,,135.2567,Quant Multi Asset Allocation Fund
2024-04-24,,,,135.7911,Quant Multi Asset Allocation Fund
2024-04-25,,,,136.2649,Quant Multi Asset Allocation Fund
2024-04-26,,,,137.3769,Quant Multi Asset Allocation Fund
2024-04-29,,,,137.3249,Quant Multi Asset Allocation Fund
2024-04-30,,,,136.8339,Quant Multi Asset Allocation Fund
2024-05-02,,,,136.8724,Quant Multi Asset Allocation Fund
2024-05-03,,,,136.1532,Quant Multi Asset Allocation Fund
2024-05-06,,,,135.1812,Quant Multi Asset Allocation Fund
2024-05-07,,,,133.948,Quant Multi Asset Allocation Fund
2024-05-08,,,,134.6835,Quant Multi Asset Allocation Fund
2024-05-09,,,,133.8059,Quant Multi Asset Allocation Fund
2024-05-10,,,,134.449,Quant Multi Asset Allocation Fund
2024-05-13,,,,134.1007,Quant Multi Asset Allocation Fund
2024-05-14,,,,135.7036,Quant Multi Asset Allocation Fund
2024-05-15,,,,136.0162,Quant Multi Asset Allocation Fund
2024-05-16,,,,136.3608,Quant Multi Asset Allocation Fund
2024-05-17,,,,136.9712,Quant Multi Asset Allocation Fund
2024-05-21,,,,138.614,Quant Multi Asset Allocation Fund
2024-05-22,,,,139.0827,Quant Multi Asset Allocation Fund
2024-05-23,,,,139.7155,Quant Multi Asset Allocation Fund
2024-05-24,,,,139.6473,Quant Multi Asset Allocation Fund
2024-05-27,,,,139.2774,Quant Multi Asset Allocation Fund
2024-05-28,,,,138.8631,Quant Multi Asset Allocation Fund
2024-05-29,,,,138.429,Quant Multi Asset Allocation Fund
2024-05-30,,,,138.0101,Quant Multi Asset Allocation Fund
2024-05-31,,,,138.8331,Quant Multi Asset Allocation Fund
2024-06-03,,,,142.463,Quant Multi Asset Allocation Fund
2024-06-04,,,,134.9358,Quant Multi Asset Allocation Fund
2024-06-05,,,,137.5546,Quant Multi Asset Allocation Fund
2024-06-06,,,,139.028,Quant Multi Asset Allocation Fund
2024-06-07,,,,139.9483,Quant Multi Asset Allocation Fund
2024-06-10,,,,139.4714,Quant Multi Asset Allocation Fund
2024-06-11,,,,139.4462,Quant Multi Asset Allocation Fund
2024-06-12,,,,140.1963,Quant Multi Asset Allocation Fund
2024-06-13,,,,140.2358,Quant Multi Asset Allocation Fund
2024-06-14,,,,140.6996,Quant Multi Asset Allocation Fund
2024-06-18,,,,140.9782,Quant Multi Asset Allocation Fund
2024-06-19,,,,140.5476,Quant Multi Asset Allocation Fund
2024-06-20,,,,141.1735,Quant Multi Asset Allocation Fund
2024-06-21,,,,140.8476,Quant Multi Asset Allocation Fund
2024-06-24,,,,140.0897,Quant Multi Asset Allocation Fund
2024-06-25,,,,140.6171,Quant Multi Asset Allocation Fund
2024-06-26,,,,140.7701,Quant Multi Asset Allocation Fund
2024-06-27,,,,140.8547,Quant Multi Asset Allocation Fund
2024-06-28,,,,140.9376,Quant Multi Asset Allocation Fund
2024-07-01,,,,141.2787,Quant Multi Asset Allocation Fund
2024-07-02,,,,141.52,Quant Multi Asset Allocation Fund
2024-07-03,,,,142.122,Quant Multi Asset Allocation Fund
2024-07-04,,,,142.2007,Quant Multi Asset Allocation Fund
2024-07-05,,,,142.187,Quant Multi Asset Allocation Fund
2024-07-08,,,,141.9324,Quant Multi Asset Allocation Fund
2024-07-09,,,,142.0556,Quant Multi Asset Allocation Fund
2024-07-10,,,,141.7098,Quant Multi Asset Allocation Fund
2024-07-11,,,,142.0254,Quant Multi Asset Allocation Fund
2024-07-12,,,,142.1976,Quant Multi Asset Allocation Fund
2024-07-15,,,,142.8862,Quant Multi Asset Allocation Fund
2024-07-16,,,,142.6303,Quant Multi Asset Allocation Fund
2024-07-18,,,,142.9058,Quant Multi Asset Allocation Fund
2024-07-19,,,,142.1197,Quant Multi Asset Allocation Fund
2024-07-22,,,,141.8248,Quant Multi Asset Allocation Fund
2024-07-23,,,,141.2961,Quant Multi Asset Allocation Fund
2024-07-24,,,,141.9408,Quant Multi Asset Allocation Fund
2024-07-25,,,,141.2298,Quant Multi Asset Allocation Fund
2024-07-26,,,,142.466,Quant Multi Asset Allocation Fund
2024-07-29,,,,142.142,Quant Multi Asset Allocation Fund
2024-07-30,,,,141.8815,Quant Multi Asset Allocation Fund
2024-07-31,,,,142.1707,Quant Multi Asset Allocation Fund
2024-08-01,,,,142.5433,Quant Multi Asset Allocation Fund
2024-08-02,,,,141.9589,Quant Multi Asset Allocation Fund
2024-08-05,,,,139.246,Quant Multi Asset Allocation Fund
2024-08-06,,,,138.7507,Quant Multi Asset Allocation Fund
2024-08-07,,,,140.3208,Quant Multi Asset Allocation Fund
2024-08-08,,,,139.7375,Quant Multi Asset Allocation Fund
2024-08-09,,,,140.4877,Quant Multi Asset Allocation Fund
2024-08-12,,,,140.0044,Quant Multi Asset Allocation Fund
2024-08-13,,,,138.8152,Quant Multi Asset Allocation Fund
2024-08-14,,,,138.6341,Quant Multi Asset Allocation Fund
2024-08-16,,,,140.0977,Quant Multi Asset Allocation Fund
2024-08-19,,,,140.8621,Quant Multi Asset Allocation Fund
2024-08-20,,,,141.2841,Quant Multi Asset Allocation Fund
2024-08-21,,,,141.7943,Quant Multi Asset Allocation Fund
2024-08-22,,,,141.6292,Quant Multi Asset Allocation Fund
2024-08-23,,,,141.1813,Quant Multi Asset Allocation Fund
2024-08-26,,,,141.3691,Quant Multi Asset Allocation Fund
2024-08-27,,,,141.4583,Quant Multi Asset Allocation Fund
2024-08-28,,,,141.2047,Quant Multi Asset Allocation Fund
2024-08-29,,,,141.6477,Quant Multi Asset Allocation Fund
2024-08-30,,,,141.3777,Quant Multi Asset Allocation Fund
2024-09-02,,,,141.8593,Quant Multi Asset Allocation Fund
2024-09-03,,,,146.4346,Quant Multi Asset Allocation Fund
2024-09-04,,,,145.9866,Quant Multi Asset Allocation Fund
2024-09-05,,,,147.9731,Quant Multi Asset Allocation Fund
2024-09-06,,,,148.0335,Quant Multi Asset Allocation Fund
2024-09-09,,,,149.4757,Quant Multi Asset Allocation Fund
2024-09-10,,,,149.419,Quant Multi Asset Allocation Fund
2024-09-11,,,,148.222,Quant Multi Asset Allocation Fund
2024-09-12,,,,149.392,Quant Multi Asset Allocation Fund
2024-09-13,,,,149.4601,Quant Multi Asset Allocation Fund
2024-09-16,,,,149.5991,Quant Multi Asset Allocation Fund
2024-09-17,,,,149.5381,Quant Multi Asset Allocation Fund
2024-09-18,,,,149.5299,Quant Multi Asset Allocation Fund
2024-09-19,,,,148.9614,Quant Multi Asset Allocation Fund
2024-09-20,,,,149.8702,Quant Multi Asset Allocation Fund
2024-09-23,,,,149.8951,Quant Multi Asset Allocation Fund
2024-09-24,,,,149.684,Quant Multi Asset Allocation Fund
2024-09-25,,,,149.4225,Quant Multi Asset Allocation Fund
2024-09-26,,,,150.0023,Quant Multi Asset Allocation Fund
2024-09-27,,,,150.088,Quant Multi Asset Allocation Fund
2024-09-30,,,,149.4505,Quant Multi Asset Allocation Fund
2024-10-01,,,,149.3248,Quant Multi Asset Allocation Fund
2024-10-03,,,,147.5024,Quant Multi Asset Allocation Fund
2024-10-04,,,,146.6647,Quant Multi Asset Allocation Fund
2024-10-07,,,,145.4443,Quant Multi Asset Allocation Fund
2024-10-08,,,,146.3947,Quant Multi Asset Allocation Fund
2024-10-09,,,,146.297,Quant Multi Asset Allocation Fund
2024-10-10,,,,146.4161,Quant Multi Asset Allocation Fund
2024-10-11,,,,146.3516,Quant Multi Asset Allocation Fund
2024-10-14,,,,147.2239,Quant Multi Asset Allocation Fund
2024-10-15,,,,146.7942,Quant Multi Asset Allocation Fund
2024-10-16,,,,146.6084,Quant Multi Asset Allocation Fund
2024-10-17,,,,145.7634,Quant Multi Asset Allocation Fund
2024-10-18,,,,145.672,Quant Multi Asset Allocation Fund
2024-10-21,,,,145.4453,Quant Multi Asset Allocation Fund
2024-10-22,,,,143.821,Quant Multi Asset Allocation Fund
2024-10-23,,,,143.8503,Quant Multi Asset Allocation Fund
2024-10-24,,,,143.3011,Quant Multi Asset Allocation Fund
2024-10-25,,,,142.1267,Quant Multi Asset Allocation Fund
2024-10-28,,,,142.998,Quant Multi Asset Allocation Fund
2024-10-29,,,,143.995,Quant Multi Asset Allocation Fund
2024-10-30,,,,144.8441,Quant Multi Asset Allocation Fund
2024-10-31,,,,145.165,Quant Multi Asset Allocation Fund
2024-11-04,,,,144.706,Quant Multi Asset Allocation Fund
2024-11-05,,,,145.8527,Quant Multi Asset Allocation Fund
2024-11-06,,,,146.7477,Quant Multi Asset Allocation Fund
2024-11-07,,,,144.5601,Quant Multi Asset Allocation Fund
2024-11-08,,,,144.5543,Quant Multi Asset Allocation Fund
2024-11-11,,,,143.3121,Quant Multi Asset Allocation Fund
2024-11-12,,,,142.3353,Quant Multi Asset Allocation Fund
2024-11-13,,,,141.1437,Quant Multi Asset Allocation Fund
2024-11-14,,,,141.0705,Quant Multi Asset Allocation Fund
2024-11-18,,,,142.4575,Quant Multi Asset Allocation Fund
2024-11-19,,,,142.5834,Quant Multi Asset Allocation Fund
2024-11-21,,,,141.484,Quant Multi Asset Allocation Fund
2024-11-22,,,,142.7989,Quant Multi Asset Allocation Fund
2024-11-25,,,,144.1795,Quant Multi Asset Allocation Fund
2024-11-26,,,,144.202,Quant Multi Asset Allocation Fund
2024-11-27,,,,144.5433,Quant Multi Asset Allocation Fund
2024-11-28,,,,144.4661,Quant Multi Asset Allocation Fund
2024-11-29,,,,146.4895,Quant Multi Asset Allocation Fund
2024-12-02,,,,146.7448,Quant Multi Asset Allocation Fund
2024-12-03,,,,147.2879,Quant Multi Asset Allocation Fund
2024-12-04,,,,148.0453,Quant Multi Asset Allocation Fund
2024-12-05,,,,148.2571,Quant Multi Asset Allocation Fund
2024-12-06,,,,148.173,Quant Multi Asset Allocation Fund
2024-12-09,,,,148.2853,Quant Multi Asset Allocation Fund
2024-12-10,,,,147.8777,Quant Multi Asset Allocation Fund
2024-12-11,,,,148.5268,Quant Multi Asset Allocation Fund
2024-12-12,,,,147.5824,Quant Multi Asset Allocation Fund
2024-12-13,,,,147.5452,Quant Multi Asset Allocation Fund
2024-12-16,,,,148.2487,Quant Multi Asset Allocation Fund
2024-12-17,,,,146.8892,Quant Multi Asset Allocation Fund
2024-12-18,,,,145.869,Quant Multi Asset Allocation Fund
2024-12-19,,,,144.7196,Quant Multi Asset Allocation Fund
2024-12-20,,,,143.3724,Quant Multi Asset Allocation Fund
2024-12-23,,,,144.5777,Quant Multi Asset Allocation Fund
2024-12-24,,,,144.6471,Quant Multi Asset Allocation Fund
2024-12-26,,,,144.2059,Quant Multi Asset Allocation Fund
2024-12-27,,,,144.4434,Quant Multi Asset Allocation Fund
2024-12-30,,,,144.6821,Quant Multi Asset Allocation Fund
2024-12-31,,,,144.6593,Quant Multi Asset Allocation Fund
2025-01-01,,,,145.0505,Quant Multi Asset Allocation Fund
2025-01-02,,,,146.0759,Quant Multi Asset Allocation Fund
2025-01-03,,,,146.1405,Quant Multi Asset Allocation Fund
2025-01-06,,,,143.7607,Quant Multi Asset Allocation Fund
2025-01-07,,,,144.7999,Quant Multi Asset Allocation Fund
2025-01-08,,,,144.5366,Quant Multi Asset Allocation Fund
2025-01-09,,,,143.2177,Quant Multi Asset Allocation Fund
2025-01-10,,,,141.5672,Quant Multi Asset Allocation Fund
2025-01-13,,,,139.8035,Quant Multi Asset Allocation Fund
2025-01-14,,,,140.4157,Quant Multi Asset Allocation Fund
2025-01-15,,,,141.2534,Quant Multi Asset Allocation Fund
2025-01-16,,,,142.0868,Quant Multi Asset Allocation Fund
2025-01-17,,,,142.645,Quant Multi Asset Allocation Fund
2025-01-20,,,,143.2385,Quant Multi Asset Allocation Fund
2025-01-21,,,,141.5006,Quant Multi Asset Allocation Fund
2025-01-22,,,,140.0175,Quant Multi Asset Allocation Fund
2025-01-23,,,,139.6147,Quant Multi Asset Allocation Fund
2025-01-24,,,,138.3834,Quant Multi Asset Allocation Fund
2025-01-27,,,,136.7183,Quant Multi Asset Allocation Fund
2025-01-28,,,,136.0203,Quant Multi Asset Allocation Fund
2025-01-29,,,,137.0354,Quant Multi Asset Allocation Fund
2025-01-30,,,,137.2504,Quant Multi Asset Allocation Fund
2025-01-31,,,,139.683,Quant Multi Asset Allocation Fund
2025-02-03,,,,139.3713,Quant Multi Asset Allocation Fund
2025-02-04,,,,140.3944,Quant Multi Asset Allocation Fund
2025-02-05,,,,140.607,Quant Multi Asset Allocation Fund
2025-02-06,,,,139.8764,Quant Multi Asset Allocation Fund
2025-02-07,,,,139.5323,Quant Multi Asset Allocation Fund
2025-02-10,,,,138.1921,Quant Multi Asset Allocation Fund
2025-02-11,,,,136.178,Quant Multi Asset Allocation Fund
2025-02-12,,,,136.016,Quant Multi Asset Allocation Fund
2025-02-13,,,,136.4586,Quant Multi Asset Allocation Fund
2025-02-14,,,,135.535,Quant Multi Asset Allocation Fund
2025-02-17,,,,135.4687,Quant Multi Asset Allocation Fund
2025-02-18,,,,135.5148,Quant Multi Asset Allocation Fund
2025-02-19,,,,136.533,Quant Multi Asset Allocation Fund
2025-02-20,,,,136.8162,Quant Multi Asset Allocation Fund
2025-02-21,,,,136.5613,Quant Multi Asset Allocation Fund
2025-02-24,,,,135.2511,Quant Multi Asset Allocation Fund
2025-02-25,,,,134.8977,Quant Multi Asset Allocation Fund
2025-02-27,,,,134.0721,Quant Multi Asset Allocation Fund
2025-02-28,,,,131.9285,Quant Multi Asset Allocation Fund
2025-03-03,,,,131.3398,Quant Multi Asset Allocation Fund
2025-03-04,,,,131.6417,Quant Multi Asset Allocation Fund
2025-03-05,,,,133.7161,Quant Multi Asset Allocation Fund
2025-03-06,,,,135.1218,Quant Multi Asset Allocation Fund
2025-03-07,,,,135.8605,Quant Multi Asset Allocation Fund
2025-03-10,,,,134.7475,Quant Multi Asset Allocation Fund
2025-03-11,,,,135.1295,Quant Multi Asset Allocation Fund
2025-03-12,,,,135.7523,Quant Multi Asset Allocation Fund
2025-03-13,,,,135.5795,Quant Multi Asset Allocation Fund
2025-03-17,,,,135.7525,Quant Multi Asset Allocation Fund
2025-03-18,,,,136.6425,Quant Multi Asset Allocation Fund
2025-03-19,,,,137.5066,Quant Multi Asset Allocation Fund
2025-03-20,,,,138.34,Quant Multi Asset Allocation Fund
2025-03-21,,,,138.3057,Quant Multi Asset Allocation Fund
2025-03-24,,,,139.4033,Quant Multi Asset Allocation Fund
2025-03-25,,,,139.0118,Quant Multi Asset Allocation Fund
2025-03-26,,,,138.0957,Quant Multi Asset Allocation Fund
2025-03-27,,,,139.834,Quant Multi Asset Allocation Fund
2025-03-28,,,,139.7799,Quant Multi Asset Allocation Fund
2025-03-31,,,,139.7982,Quant Multi Asset Allocation Fund
2025-04-01,,,,138.7768,Quant Multi Asset Allocation Fund
2025-04-02,,,,138.8292,Quant Multi Asset Allocation Fund
2025-04-03,,,,138.6132,Quant Multi Asset Allocation Fund
2025-04-04,,,,135.9102,Quant Multi Asset Allocation Fund
2025-04-07,,,,132.9238,Quant Multi Asset Allocation Fund
2025-04-08,,,,134.7059,Quant Multi Asset Allocation Fund
2025-04-09,,,,134.2061,Quant Multi Asset Allocation Fund
2025-04-11,,,,136.4503,Quant Multi Asset Allocation Fund
2025-04-15,,,,138.744,Quant Multi Asset Allocation Fund
2025-04-16,,,,139.3321,Quant Multi Asset Allocation Fund
2025-04-17,,,,140.8519,Quant Multi Asset Allocation Fund
2025-04-21,,,,142.2838,Quant Multi Asset Allocation Fund
2025-04-22,,,,142.4959,Quant Multi Asset Allocation Fund
2025-04-23,,,,143.7408,Quant Multi Asset Allocation Fund
2025-04-24,,,,143.7006,Quant Multi Asset Allocation Fund
2025-04-25,,,,141.9027,Quant Multi Asset Allocation Fund
2025-04-28,,,,143.2441,Quant Multi Asset Allocation Fund
2025-04-29,,,,143.5749,Quant Multi Asset Allocation Fund
2025-04-30,,,,143.3409,Quant Multi Asset Allocation Fund
2025-05-02,,,,143.3172,Quant Multi Asset Allocation Fund
2025-05-05,,,,143.9395,Quant Multi Asset Allocation Fund
2025-05-06,,,,142.6353,Quant Multi Asset Allocation Fund
2025-05-07,,,,142.7468,Quant Multi Asset Allocation Fund
2025-05-08,,,,142.1139,Quant Multi Asset Allocation Fund
2025-05-09,,,,142.2384,Quant Multi Asset Allocation Fund
2025-05-12,,,,145.0883,Quant Multi Asset Allocation Fund
2025-05-13,,,,145.8312,Quant Multi Asset Allocation Fund
2025-05-14,,,,145.8546,Quant Multi Asset Allocation Fund
2025-05-15,,,,146.5899,Quant Multi Asset Allocation Fund
2025-05-16,,,,147.9492,Quant Multi Asset Allocation Fund
2025-05-19,,,,147.6326,Quant Multi Asset Allocation Fund
2025-05-20,,,,146.7561,Quant Multi Asset Allocation Fund
2025-05-21,,,,147.6981,Quant Multi Asset Allocation Fund
2025-05-22,,,,147.4429,Quant Multi Asset Allocation Fund
2025-05-23,,,,147.9425,Quant Multi Asset Allocation Fund
2025-05-26,,,,147.9098,Quant Multi Asset Allocation Fund
2025-05-27,,,,148.2012,Quant Multi Asset Allocation Fund
2025-05-28,,,,149.2147,Quant Multi Asset Allocation Fund
2025-05-29,,,,149.2714,Quant Multi Asset Allocation Fund
2025-05-30,,,,149.3261,Quant Multi Asset Allocation Fund
2025-06-02,,,,149.2352,Quant Multi Asset Allocation Fund
2025-06-03,,,,149.0699,Quant Multi Asset Allocation Fund
2025-06-04,,,,149.4603,Quant Multi Asset Allocation Fund
2025-06-05,,,,150.3057,Quant Multi Asset Allocation Fund
2025-06-06,,,,151.219,Quant Multi Asset Allocation Fund
2025-06-09,,,,152.1905,Quant Multi Asset Allocation Fund
2025-06-10,,,,152.2331,Quant Multi Asset Allocation Fund
2025-06-11,,,,151.9824,Quant Multi Asset Allocation Fund
2025-06-12,,,,150.4598,Quant Multi Asset Allocation Fund
2025-06-13,,,,150.1202,Quant Multi Asset Allocation Fund
2025-06-16,,,,150.8382,Quant Multi Asset Allocation Fund
2025-06-17,,,,150.4696,Quant Multi Asset Allocation Fund
2025-06-18,,,,150.4786,Quant Multi Asset Allocation Fund
2025-06-19,,,,149.3805,Quant Multi Asset Allocation Fund
2025-06-20,,,,150.7221,Quant Multi Asset Allocation Fund
2025-06-23,,,,150.6228,Quant Multi Asset Allocation Fund
2025-06-24,,,,150.9071,Quant Multi Asset Allocation Fund
2025-06-25,,,,150.9837,Quant Multi Asset Allocation Fund
2025-06-26,,,,152.3949,Quant Multi Asset Allocation Fund
2025-06-27,,,,152.4855,Quant Multi Asset Allocation Fund
2025-06-30,,,,153.0351,Quant Multi Asset Allocation Fund
2025-07-01,,,,153.3388,Quant Multi Asset Allocation Fund
2025-07-02,,,,152.5704,Quant Multi Asset Allocation Fund
2025-07-03,,,,152.5995,Quant Multi Asset Allocation Fund
2025-07-04,,,,153.062,Quant Multi Asset Allocation Fund
2025-07-07,,,,153.0944,Quant Multi Asset Allocation Fund
2025-07-08,,,,153.6337,Quant Multi Asset Allocation Fund
2025-07-09,,,,153.4719,Quant Multi Asset Allocation Fund
2025-07-10,,,,153.5646,Quant Multi Asset Allocation Fund
2025-07-11,,,,153.3054,Quant Multi Asset Allocation Fund
2025-07-14,,,,153.5778,Quant Multi Asset Allocation Fund
2025-07-15,,,,153.3423,Quant Multi Asset Allocation Fund
2025-07-16,,,,153.4132,Quant Multi Asset Allocation Fund
2025-07-17,,,,153.3221,Quant Multi Asset Allocation Fund
2025-07-18,,,,153.1195,Quant Multi Asset Allocation Fund
2025-07-21,,,,153.3027,Quant Multi Asset Allocation Fund
2025-07-22,,,,152.7597,Quant Multi Asset Allocation Fund
2025-07-23,,,,153.7804,Quant Multi Asset Allocation Fund
2025-07-24,,,,153.347,Quant Multi Asset Allocation Fund
2025-07-25,,,,152.6194,Quant Multi Asset Allocation Fund
2025-07-28,,,,151.67,Quant Multi Asset Allocation Fund
2025-07-29,,,,152.5115,Quant Multi Asset Allocation Fund
2025-07-30,,,,152.642,Quant Multi Asset Allocation Fund
2025-07-31,,,,151.7141,Quant Multi Asset Allocation Fund
2025-08-01,,,,150.809,Quant Multi Asset Allocation Fund
2025-08-04,,,,151.8713,Quant Multi Asset Allocation Fund
2025-08-05,,,,151.4339,Quant Multi Asset Allocation Fund
2025-08-06,,,,151.3791,Quant Multi Asset Allocation Fund
2025-08-07,,,,151.2674,Quant Multi Asset Allocation Fund
2025-08-08,,,,151.0735,Quant Multi Asset Allocation Fund
2025-08-11,,,,151.8831,Quant Multi Asset Allocation Fund
2025-08-12,,,,151.8741,Quant Multi Asset Allocation Fund
2025-08-13,,,,152.0827,Quant Multi Asset Allocation Fund
2025-08-14,,,,151.7474,Quant Multi Asset Allocation Fund
2025-08-18,,,,152.1036,Quant Multi Asset Allocation Fund
2025-08-19,,,,152.8899,Quant Multi Asset Allocation Fund
2025-08-20,,,,152.4922,Quant Multi Asset Allocation Fund
2025-08-21,,,,152.5641,Quant Multi Asset Allocation Fund
2025-08-22,,,,152.0324,Quant Multi Asset Allocation Fund
2025-08-25,,,,152.207,Quant Multi Asset Allocation Fund
2025-08-26,,,,151.3673,Quant Multi Asset Allocation Fund
2025-08-28,,,,150.8292,Quant Multi Asset Allocation Fund
2025-08-29,,,,150.6971,Quant Multi Asset Allocation Fund
2025-09-01,,,,152.9886,Quant Multi Asset Allocation Fund
2025-09-02,,,,152.7581,Quant Multi Asset Allocation Fund
2025-09-03,,,,153.5594,Quant Multi Asset Allocation Fund
2025-09-04,,,,153.0555,Quant Multi Asset Allocation Fund
2025-09-05,,,,152.8831,Quant Multi Asset Allocation Fund
2025-09-08,,,,153.3686,Quant Multi Asset Allocation Fund
2025-09-09,,,,153.5476,Quant Multi Asset Allocation Fund
2025-09-10,,,,154.2093,Quant Multi Asset Allocation Fund
2025-09-11,,,,154.4708,Quant Multi Asset Allocation Fund
2025-09-12,,,,155.132,Quant Multi Asset Allocation Fund
2025-09-15,,,,155.4811,Quant Multi Asset Allocation Fund
2025-09-16,,,,156.4392,Quant Multi Asset Allocation Fund
2025-09-17,,,,156.4909,Quant Multi Asset Allocation Fund
2025-09-18,,,,156.6819,Quant Multi Asset Allocation Fund
2025-09-19,,,,156.8094,Quant Multi Asset Allocation Fund
2025-09-22,,,,156.7666,Quant Multi Asset Allocation Fund
2025-09-23,,,,156.6477,Quant Multi Asset Allocation Fund
2025-09-24,,,,156.4673,Quant Multi Asset Allocation Fund
2025-09-25,,,,156.2853,Quant Multi Asset Allocation Fund
2025-09-26,,,,155.7159,Quant Multi Asset Allocation Fund
2025-09-30,,,,156.1433,Quant Multi Asset Allocation Fund
2025-10-01,,,,157.1565,Quant Multi Asset Allocation Fund
2025-10-03,,,,157.6456,Quant Multi Asset Allocation Fund
2025-10-06,,,,158.4266,Quant Multi Asset Allocation Fund
2025-10-07,,,,158.2162,Quant Multi Asset Allocation Fund
2025-10-08,,,,158.4424,Quant Multi Asset Allocation Fund
2025-10-09,,,,159.775,Quant Multi Asset Allocation Fund
2025-10-10,,,,160.0909,Quant Multi Asset Allocation Fund
2025-10-13,,,,161.3698,Quant Multi Asset Allocation Fund
2025-10-14,,,,162.5739,Quant Multi Asset Allocation Fund
2025-10-15,,,,162.7527,Quant Multi Asset Allocation Fund
2025-10-16,,,,161.804,Quant Multi Asset Allocation Fund
2025-10-17,,,,162.3307,Quant Multi Asset Allocation Fund
2025-10-20,,,,162.2128,Quant Multi Asset Allocation Fund
2025-10-23,,,,161.8586,Quant Multi Asset Allocation Fund
2025-10-24,,,,161.1551,Quant Multi Asset Allocation Fund
2025-10-27,,,,162.2915,Quant Multi Asset Allocation Fund
2025-10-28,,,,161.9072,Quant Multi Asset Allocation Fund
2025-10-29,,,,163.4439,Quant Multi Asset Allocation Fund
2025-10-30,,,,162.9081,Quant Multi Asset Allocation Fund
2025-10-31,,,,162.8732,Quant Multi Asset Allocation Fund
2025-11-03,,,,163.0244,Quant Multi Asset Allocation Fund
2025-11-04,,,,162.0921,Quant Multi Asset Allocation Fund
2025-11-06,,,,161.6344,Quant Multi Asset Allocation Fund
2025-11-07,,,,162.3063,Quant Multi Asset Allocation Fund
2025-11-10,,,,162.7594,Quant Multi Asset Allocation Fund
2025-11-11,,,,163.467,Quant Multi Asset Allocation Fund
2025-11-12,,,,164.4421,Quant Multi Asset Allocation Fund
2025-11-13,,,,165.2629,Quant Multi Asset Allocation Fund
2025-11-14,,,,164.6907,Quant Multi Asset Allocation Fund
2025-11-17,,,,164.6232,Quant Multi Asset Allocation Fund
2025-11-18,,,,163.638,Quant Multi Asset Allocation Fund
2025-11-19,,,,164.0861,Quant Multi Asset Allocation Fund
2025-11-20,,,,164.4376,Quant Multi Asset Allocation Fund
2025-11-21,,,,163.4067,Quant Multi Asset Allocation Fund
2025-11-24,,,,163.1718,Quant Multi Asset Allocation Fund
2025-11-25,,,,163.3721,Quant Multi Asset Allocation Fund
2025-11-26,,,,164.9302,Quant Multi Asset Allocation Fund
2025-11-27,,,,165.2412,Quant Multi Asset Allocation Fund
2025-11-28,,,,165.0611,Quant Multi Asset Allocation Fund
2025-12-01,,,,165.8469,Quant Multi Asset Allocation Fund
2025-12-02,,,,165.3154,Quant Multi Asset Allocation Fund
2025-12-03,,,,165.6482,Quant Multi Asset Allocation Fund
2025-12-04,,,,165.2955,Quant Multi Asset Allocation Fund
2025-12-05,,,,165.4125,Quant Multi Asset Allocation Fund
2025-12-08,,,,164.4225,Quant Multi Asset Allocation Fund
2025-12-09,,,,164.213,Quant Multi Asset Allocation Fund
2025-12-10,,,,164.4932,Quant Multi Asset Allocation Fund
2025-12-11,,,,165.9005,Quant Multi Asset Allocation Fund
2025-12-12,,,,166.8965,Quant Multi Asset Allocation Fund
2025-12-15,,,,167.0073,Quant Multi Asset Allocation Fund
2025-12-16,,,,166.2651,Quant Multi Asset Allocation Fund
2025-12-17,,,,166.3121,Quant Multi Asset Allocation Fund
2025-12-18,,,,166.7043,Quant Multi Asset Allocation Fund
2025-12-19,,,,166.7644,Quant Multi Asset Allocation Fund
2025-12-22,,,,167.9963,Quant Multi Asset Allocation Fund
2025-12-23,,,,168.7725,Quant Multi Asset Allocation Fund
2025-12-24,,,,169.9994,Quant Multi Asset Allocation Fund
2025-12-26,,,,171.5577,Quant Multi Asset Allocation Fund
2025-12-29,,,,170.6261,Quant Multi Asset Allocation Fund
2025-12-30,,,,170.2223,Quant Multi Asset Allocation Fund
2025-12-31,,,,170.2774,Quant Multi Asset Allocation Fund
2026-01-01,,,,169.9082,Quant Multi Asset Allocation Fund
2026-01-02,,,,171.4786,Quant Multi Asset Allocation Fund
2026-01-05,,,,171.4377,Quant Multi Asset Allocation Fund
2026-01-06,,,,171.9352,Quant Multi Asset Allocation Fund
2026-01-07,,,,172.2787,Quant Multi Asset Allocation Fund
2026-01-08,,,,169.6519,Quant Multi Asset Allocation Fund
2026-01-09,,,,169.2191,Quant Multi Asset Allocation Fund
2026-01-12,,,,171.5791,Quant Multi Asset Allocation Fund
2026-01-13,,,,172.4971,Quant Multi Asset Allocation Fund
2026-01-14,,,,173.6669,Quant Multi Asset Allocation Fund
2026-01-16,,,,173.8641,Quant Multi Asset Allocation Fund
2026-01-19,,,,174.5612,Quant Multi Asset Allocation Fund
2026-01-20,,,,174.6852,Quant Multi Asset Allocation Fund
2026-01-21,,,,174.9231,Quant Multi Asset Allocation Fund
2026-01-22,,,,172.912,Quant Multi Asset Allocation Fund
2026-01-23,,,,172.1878,Quant Multi Asset Allocation Fund
2026-01-27,,,,173.8305,Quant Multi Asset Allocation Fund
2026-01-28,,,,175.3256,Quant Multi Asset Allocation Fund
2026-01-29,,,,178.0691,Quant Multi Asset Allocation Fund
2026-01-30,,,,175.4643,Quant Multi Asset Allocation Fund
2026-02-02,,,,173.7398,Quant Multi Asset Allocation Fund
2026-02-03,,,,177.1079,Quant Multi Asset Allocation Fund
2026-02-04,,,,177.5709,Quant Multi Asset Allocation Fund
2026-02-05,,,,176.7351,Quant Multi Asset Allocation Fund
2026-02-06,,,,176.951,Quant Multi Asset Allocation Fund
2026-02-09,,,,177.8079,Quant Multi Asset Allocation Fund
2026-02-10,,,,177.7855,Quant Multi Asset Allocation Fund
2026-02-11,,,,177.6005,Quant Multi Asset Allocation Fund
2026-02-12,,,,177.2511,Quant Multi Asset Allocation Fund
2026-02-13,,,,175.4535,Quant Multi Asset Allocation Fund
2026-02-16,,,,176.4227,Quant Multi Asset Allocation Fund
2026-02-17,,,,176.3696,Quant Multi Asset Allocation Fund
2026-02-18,,,,176.4517,Quant Multi Asset Allocation Fund
2026-02-19,,,,175.9072,Quant Multi Asset Allocation Fund
2026-02-20,,,,175.8633,Quant Multi Asset Allocation Fund
2026-02-23,,,,176.8503,Quant Multi Asset Allocation Fund
2026-02-24,,,,176.4474,Quant Multi Asset Allocation Fund
2026-02-25,,,,176.481,Quant Multi Asset Allocation Fund
2026-02-26,,,,176.1004,Quant Multi Asset Allocation Fund
2026-02-27,,,,175.2572,Quant Multi Asset Allocation Fund
2026-03-02,,,,175.4709,Quant Multi Asset Allocation Fund
2026-03-04,,,,173.3637,Quant Multi Asset Allocation Fund
2026-03-05,,,,173.7091,Quant Multi Asset Allocation Fund
2026-03-06,,,,172.086,Quant Multi Asset Allocation Fund
2026-03-09,,,,170.6927,Quant Multi Asset Allocation Fund
2026-03-10,,,,172.2892,Quant Multi Asset Allocation Fund
2026-03-11,,,,171.8407,Quant Multi Asset Allocation Fund
2026-03-12,,,,171.2431,Quant Multi Asset Allocation Fund
2026-03-13,,,,169.4977,Quant Multi Asset Allocation Fund
2026-03-16,,,,169.7665,Quant Multi Asset Allocation Fund
2026-03-17,,,,170.7739,Quant Multi Asset Allocation Fund
2026-03-18,,,,171.6181,Quant Multi Asset Allocation Fund
2026-03-19,,,,167.9951,Quant Multi Asset Allocation Fund
2026-03-20,,,,167.6771,Quant Multi Asset Allocation Fund
2026-03-23,,,,163.5472,Quant Multi Asset Allocation Fund
2026-03-24,,,,166.0726,Quant Multi Asset Allocation Fund
2026-03-25,,,,167.9549,Quant Multi Asset Allocation Fund
2026-03-27,,,,165.9686,Quant Multi Asset Allocation Fund
2026-03-30,,,,164.3007,Quant Multi Asset Allocation Fund
2026-03-31,,,,164.3036,Quant Multi Asset Allocation Fund
2026-04-01,,,,166.0331,Quant Multi Asset Allocation Fund
2026-04-02,,,,165.4492,Quant Multi Asset Allocation Fund
2026-04-06,,,,167.2048,Quant Multi Asset Allocation Fund
2026-04-07,,,,167.6873,Quant Multi Asset Allocation Fund
2026-04-08,,,,171.91,Quant Multi Asset Allocation Fund
2026-04-09,,,,171.1104,Quant Multi Asset Allocation Fund
2026-04-10,,,,173.2276,Quant Multi Asset Allocation Fund
2026-04-13,,,,173.0909,Quant Multi Asset Allocation Fund
2026-04-15,,,,174.7323,Quant Multi Asset Allocation Fund
2026-04-16,,,,174.7434,Quant Multi Asset Allocation Fund
2026-04-17,,,,175.3137,Quant Multi Asset Allocation Fund
2026-04-20,,,,174.9965,Quant Multi Asset Allocation Fund
2026-04-21,,,,176.178,Quant Multi Asset Allocation Fund
2026-04-22,,,,176.1814,Quant Multi Asset Allocation Fund
2026-04-23,,,,175.7239,Quant Multi Asset Allocation Fund
2026-04-24,,,,175.1884,Quant Multi Asset Allocation Fund
2026-04-27,,,,175.6631,Quant Multi Asset Allocation Fund
2026-04-28,,,,175.8904,Quant Multi Asset Allocation Fund
2026-04-29,,,,175.7099,Quant Multi Asset Allocation Fund
2026-04-30,,,,175.3572,Quant Multi Asset Allocation Fund
2026-05-04,,,,176.1701,Quant Multi Asset Allocation Fund
2026-05-05,,,,176.9899,Quant Multi Asset Allocation Fund
2026-05-06,,,,178.3029,Quant Multi Asset Allocation Fund
2026-05-07,,,,178.7425,Quant Multi Asset Allocation Fund
2026-05-08,,,,178.2656,Quant Multi Asset Allocation Fund
2026-05-11,,,,177.9486,Quant Multi Asset Allocation Fund
2026-05-12,,,,175.9661,Quant Multi Asset Allocation Fund
2026-05-13,,,,177.9474,Quant Multi Asset Allocation Fund
2026-05-14,,,,179.8748,Quant Multi Asset Allocation Fund
2026-05-15,,,,178.8068,Quant Multi Asset Allocation Fund
2026-05-18,,,,178.5846,Quant Multi Asset Allocation Fund
2026-05-19,,,,178.8959,Quant Multi Asset Allocation Fund
2026-05-20,,,,178.9641,Quant Multi Asset Allocation Fund
2026-05-21,,,,179.6297,Quant Multi Asset Allocation Fund
2026-05-22,,,,179.3135,Quant Multi Asset Allocation Fund
2026-05-25,,,,181.5148,Quant Multi Asset Allocation Fund
2026-05-26,,,,182.4277,Quant Multi Asset Allocation Fund
2026-05-27,,,,182.5718,Quant Multi Asset Allocation Fund
2026-05-29,,,,181.7115,Quant Multi Asset Allocation Fund
2026-06-01,,,,180.3111,Quant Multi Asset Allocation Fund
2026-06-02,,,,180.3711,Quant Multi Asset Allocation Fund
2026-06-03,,,,180.041,Quant Multi Asset Allocation Fund
2026-06-04,,,,180.569,Quant Multi Asset Allocation Fund
2026-06-05,,,,181.7661,Quant Multi Asset Allocation Fund
2026-06-08,,,,179.6463,Quant Multi Asset Allocation Fund
2026-06-09,,,,180.1713,Quant Multi Asset Allocation Fund
2026-06-10,,,,178.6863,Quant Multi Asset Allocation Fund
2026-06-11,,,,178.1951,Quant Multi Asset Allocation Fund
2026-06-12,,,,180.0446,Quant Multi Asset Allocation Fund
2026-06-15,,,,180.6572,Quant Multi Asset Allocation Fund
2026-06-16,,,,180.7234,Quant Multi Asset Allocation Fund
2026-06-17,,,,181.1152,Quant Multi Asset Allocation Fund
2026-06-18,,,,182.4885,Quant Multi Asset Allocation Fund
2026-06-19,,,,182.7759,Quant Multi Asset Allocation Fund
2026-06-22,,,,183.582,Quant Multi Asset Allocation Fund
2026-06-23,,,,182.1311,Quant Multi Asset Allocation Fund
2026-06-24,,,,182.4393,Quant Multi Asset Allocation Fund
2026-06-25,,,,181.7346,Quant Multi Asset Allocation Fund
2026-06-29,,,,180.8306,Quant Multi Asset Allocation Fund
2026-06-30,,,,181.1927,Quant Multi Asset Allocation Fund
2026-07-01,,,,182.1096,Quant Multi Asset Allocation Fund
2026-07-02,,,,183.481,Quant Multi Asset Allocation Fund
2026-07-03,,,,185.0001,Quant Multi Asset Allocation Fund
2026-07-06,,,,184.8654,Quant Multi Asset Allocation Fund
2026-07-07,,,,183.5229,Quant Multi Asset Allocation Fund
2026-07-08,,,,182.1785,Quant Multi Asset Allocation Fund
2026-07-09,,,,182.7873,Quant Multi Asset Allocation Fund
2026-07-10,,,,183.9881,Quant Multi Asset Allocation Fund
2026-07-13,,,,184.8689,Quant Multi Asset Allocation Fund
2026-07-14,,,,185.3773,Quant Multi Asset Allocation Fund
2026-07-15,,,,184.8842,Quant Multi Asset Allocation Fund
2026-07-16,,,,184.6858,Quant Multi Asset Allocation Fund
2026-07-17,,,,184.9035,Quant Multi Asset Allocation Fund
2026-07-20,,,,185.9031,Quant Multi Asset Allocation Fund
2026-07-21,,,,186.4922,Quant Multi Asset Allocation Fund
2026-07-22,,,,185.0999,Quant Multi Asset Allocation Fund
2026-07-23,,,,183.9561,Quant Multi Asset Allocation Fund
2026-07-24,,,,183.4406,Quant Multi Asset Allocation Fund
2026-07-27,,,,182.9771,Quant Multi Asset Allocation Fund
2026-07-28,,,,181.5856,Quant Multi Asset Allocation Fund
2026-07-29,,,,182.6456,Quant Multi Asset Allocation Fund
2026-07-30,,,,182.3644,Quant Multi Asset Allocation Fund
2026-07-31,,,,182.9052,Quant Multi Asset Allocation Fund
2026-08-03,,,,183.7616,Quant Multi Asset Allocation Fund
2026-08-04,,,,183.3129,Quant Multi Asset Allocation Fund
2026-08-05,,,,183.7567,Quant Multi Asset Allocation Fund
2026-08-06,,,,183.6211,Quant Multi Asset Allocation Fund
2026-08-07,,,,184.1669,Quant Multi Asset Allocation Fund
2026-08-10,,,,183.9992,Quant Multi Asset Allocation Fund
2026-08-11,,,,183.7812,Quant Multi Asset Allocation Fund
2026-08-12,,,,184.2756,Quant Multi Asset Allocation Fund
2026-08-13,,,,183.982,Quant Multi Asset Allocation Fund
2026-08-14,,,,184.3321,Quant Multi Asset Allocation Fund
2026-08-17,,,,183.9636,Quant Multi Asset Allocation Fund
2026-08-18,,,,183.4809,Quant Multi Asset Allocation Fund
2026-08-19,,,,182.9648,Quant Multi Asset Allocation Fund
2026-08-20,,,,183.6885,Quant Multi Asset Allocation Fund
2026-08-21,,,,184.7439,Quant Multi Asset Allocation Fund
2026-08-24,,,,184.4651,Quant Multi Asset Allocation Fund
2026-08-25,,,,185.66,Quant Multi Asset Allocation Fund
2026-08-26,,,,184.1181,Quant Multi Asset Allocation Fund
2026-08-27,,,,183.6573,Quant Multi Asset Allocation Fund
2026-08-28,,,,183.983,Quant Multi Asset Allocation Fund
2026-08-31,,,,180.818,Quant Multi Asset Allocation Fund
2026-09-01,,,,181.2791,Quant Multi Asset Allocation Fund
2026-09-02,,,,180.962,Quant Multi Asset Allocation Fund
2026-09-03,,,,181.1814,Quant Multi Asset Allocation Fund
2026-09-04,,,,181.6771,Quant Multi Asset Allocation Fund
2026-09-07,,,,181.7019,Quant Multi Asset Allocation Fund
2026-09-08,,,,181.5177,Quant Multi Asset Allocation Fund
2026-09-09,,,,181.7338,Quant Multi Asset Allocation Fund
2026-09-10,,,,181.6072,Quant Multi Asset Allocation Fund
2026-09-11,,,,181.1619,Quant Multi Asset Allocation Fund
2026-09-15,,,,179.1743,Quant Multi Asset Allocation Fund
2026-09-16,,,,179.5952,Quant Multi Asset Allocation Fund
2026-09-17,,,,179.939,Quant Multi Asset Allocation Fund
2026-09-18,,,,182.2006,Quant Multi Asset Allocation Fund
