Date,Open,High,Low,Close,Index
2013-01-02,,,,23.74,UTI Multi Asset Allocation Fund
2013-01-03,,,,23.83,UTI Multi Asset Allocation Fund
2013-01-04,,,,23.75,UTI Multi Asset Allocation Fund
2013-01-07,,,,23.71,UTI Multi Asset Allocation Fund
2013-01-08,,,,23.71,UTI Multi Asset Allocation Fund
2013-01-09,,,,23.65,UTI Multi Asset Allocation Fund
2013-01-10,,,,23.59,UTI Multi Asset Allocation Fund
2013-01-11,,,,23.45,UTI Multi Asset Allocation Fund
2013-01-14,,,,23.61,UTI Multi Asset Allocation Fund
2013-01-15,,,,23.69,UTI Multi Asset Allocation Fund
2013-01-16,,,,23.5,UTI Multi Asset Allocation Fund
2013-01-17,,,,23.55,UTI Multi Asset Allocation Fund
2013-01-18,,,,23.54,UTI Multi Asset Allocation Fund
2013-01-21,,,,23.55,UTI Multi Asset Allocation Fund
2013-01-22,,,,23.5187,UTI Multi Asset Allocation Fund
2013-01-23,,,,23.477,UTI Multi Asset Allocation Fund
2013-01-24,,,,23.2498,UTI Multi Asset Allocation Fund
2013-01-25,,,,23.4211,UTI Multi Asset Allocation Fund
2013-01-28,,,,23.3986,UTI Multi Asset Allocation Fund
2013-01-29,,,,23.2648,UTI Multi Asset Allocation Fund
2013-01-30,,,,23.2587,UTI Multi Asset Allocation Fund
2013-01-31,,,,23.2673,UTI Multi Asset Allocation Fund
2013-02-01,,,,23.1503,UTI Multi Asset Allocation Fund
2013-02-04,,,,23.1385,UTI Multi Asset Allocation Fund
2013-02-05,,,,23.0752,UTI Multi Asset Allocation Fund
2013-02-06,,,,23.0688,UTI Multi Asset Allocation Fund
2013-02-07,,,,23.0158,UTI Multi Asset Allocation Fund
2013-02-08,,,,22.8944,UTI Multi Asset Allocation Fund
2013-02-11,,,,22.8518,UTI Multi Asset Allocation Fund
2013-02-12,,,,22.8758,UTI Multi Asset Allocation Fund
2013-02-13,,,,22.9006,UTI Multi Asset Allocation Fund
2013-02-14,,,,22.7463,UTI Multi Asset Allocation Fund
2013-02-15,,,,22.7017,UTI Multi Asset Allocation Fund
2013-02-18,,,,22.6975,UTI Multi Asset Allocation Fund
2013-02-19,,,,22.811,UTI Multi Asset Allocation Fund
2013-02-20,,,,22.8136,UTI Multi Asset Allocation Fund
2013-02-21,,,,22.5061,UTI Multi Asset Allocation Fund
2013-02-22,,,,22.5312,UTI Multi Asset Allocation Fund
2013-02-25,,,,22.4777,UTI Multi Asset Allocation Fund
2013-02-26,,,,22.2598,UTI Multi Asset Allocation Fund
2013-02-27,,,,22.3844,UTI Multi Asset Allocation Fund
2013-02-28,,,,22.0921,UTI Multi Asset Allocation Fund
2013-03-01,,,,22.1308,UTI Multi Asset Allocation Fund
2013-03-04,,,,22.0623,UTI Multi Asset Allocation Fund
2013-03-05,,,,22.2429,UTI Multi Asset Allocation Fund
2013-03-06,,,,22.3282,UTI Multi Asset Allocation Fund
2013-03-07,,,,22.4222,UTI Multi Asset Allocation Fund
2013-03-08,,,,22.5693,UTI Multi Asset Allocation Fund
2013-03-11,,,,22.5719,UTI Multi Asset Allocation Fund
2013-03-12,,,,22.4867,UTI Multi Asset Allocation Fund
2013-03-13,,,,22.3097,UTI Multi Asset Allocation Fund
2013-03-14,,,,22.4121,UTI Multi Asset Allocation Fund
2013-03-15,,,,22.3191,UTI Multi Asset Allocation Fund
2013-03-18,,,,22.2533,UTI Multi Asset Allocation Fund
2013-03-19,,,,22.0361,UTI Multi Asset Allocation Fund
2013-03-20,,,,21.8737,UTI Multi Asset Allocation Fund
2013-03-21,,,,21.7874,UTI Multi Asset Allocation Fund
2013-03-22,,,,21.7509,UTI Multi Asset Allocation Fund
2013-03-25,,,,21.6746,UTI Multi Asset Allocation Fund
2013-03-26,,,,21.7002,UTI Multi Asset Allocation Fund
2013-03-28,,,,21.814,UTI Multi Asset Allocation Fund
2013-04-01,,,,21.9177,UTI Multi Asset Allocation Fund
2013-04-02,,,,22.0119,UTI Multi Asset Allocation Fund
2013-04-03,,,,21.7609,UTI Multi Asset Allocation Fund
2013-04-04,,,,21.4524,UTI Multi Asset Allocation Fund
2013-04-05,,,,21.4428,UTI Multi Asset Allocation Fund
2013-04-08,,,,21.4977,UTI Multi Asset Allocation Fund
2013-04-09,,,,21.3613,UTI Multi Asset Allocation Fund
2013-04-10,,,,21.554,UTI Multi Asset Allocation Fund
2013-04-11,,,,21.5884,UTI Multi Asset Allocation Fund
2013-04-12,,,,21.348,UTI Multi Asset Allocation Fund
2013-04-15,,,,21.0334,UTI Multi Asset Allocation Fund
2013-04-16,,,,21.2117,UTI Multi Asset Allocation Fund
2013-04-17,,,,21.2066,UTI Multi Asset Allocation Fund
2013-04-18,,,,21.4119,UTI Multi Asset Allocation Fund
2013-04-22,,,,21.599,UTI Multi Asset Allocation Fund
2013-04-23,,,,21.5922,UTI Multi Asset Allocation Fund
2013-04-25,,,,21.8544,UTI Multi Asset Allocation Fund
2013-04-26,,,,21.7734,UTI Multi Asset Allocation Fund
2013-04-29,,,,21.8767,UTI Multi Asset Allocation Fund
2013-04-30,,,,21.9319,UTI Multi Asset Allocation Fund
2013-05-02,,,,22.0592,UTI Multi Asset Allocation Fund
2013-05-03,,,,21.9616,UTI Multi Asset Allocation Fund
2013-05-06,,,,22.0744,UTI Multi Asset Allocation Fund
2013-05-07,,,,22.2004,UTI Multi Asset Allocation Fund
2013-05-08,,,,22.2322,UTI Multi Asset Allocation Fund
2013-05-09,,,,22.2349,UTI Multi Asset Allocation Fund
2013-05-10,,,,22.3243,UTI Multi Asset Allocation Fund
2013-05-13,,,,22.0902,UTI Multi Asset Allocation Fund
2013-05-14,,,,22.1151,UTI Multi Asset Allocation Fund
2013-05-15,,,,22.4395,UTI Multi Asset Allocation Fund
2013-05-16,,,,22.4264,UTI Multi Asset Allocation Fund
2013-05-17,,,,22.4416,UTI Multi Asset Allocation Fund
2013-05-20,,,,22.2676,UTI Multi Asset Allocation Fund
2013-05-21,,,,22.2009,UTI Multi Asset Allocation Fund
2013-05-22,,,,22.1432,UTI Multi Asset Allocation Fund
2013-05-23,,,,21.7947,UTI Multi Asset Allocation Fund
2013-05-24,,,,21.807,UTI Multi Asset Allocation Fund
2013-05-27,,,,22.0516,UTI Multi Asset Allocation Fund
2013-05-28,,,,22.1371,UTI Multi Asset Allocation Fund
2013-05-29,,,,22.1171,UTI Multi Asset Allocation Fund
2013-05-30,,,,22.1939,UTI Multi Asset Allocation Fund
2013-05-31,,,,21.9545,UTI Multi Asset Allocation Fund
2013-06-03,,,,21.919,UTI Multi Asset Allocation Fund
2013-06-04,,,,21.8951,UTI Multi Asset Allocation Fund
2013-06-05,,,,21.8808,UTI Multi Asset Allocation Fund
2013-06-06,,,,21.9859,UTI Multi Asset Allocation Fund
2013-06-07,,,,21.9416,UTI Multi Asset Allocation Fund
2013-06-10,,,,21.8913,UTI Multi Asset Allocation Fund
2013-06-11,,,,21.6319,UTI Multi Asset Allocation Fund
2013-06-12,,,,21.5529,UTI Multi Asset Allocation Fund
2013-06-13,,,,21.4145,UTI Multi Asset Allocation Fund
2013-06-14,,,,21.6397,UTI Multi Asset Allocation Fund
2013-06-17,,,,21.8008,UTI Multi Asset Allocation Fund
2013-06-18,,,,21.779,UTI Multi Asset Allocation Fund
2013-06-19,,,,21.8065,UTI Multi Asset Allocation Fund
2013-06-20,,,,21.2735,UTI Multi Asset Allocation Fund
2013-06-21,,,,21.1936,UTI Multi Asset Allocation Fund
2013-06-24,,,,20.9317,UTI Multi Asset Allocation Fund
2013-06-25,,,,20.9347,UTI Multi Asset Allocation Fund
2013-06-26,,,,20.7289,UTI Multi Asset Allocation Fund
2013-06-27,,,,20.9895,UTI Multi Asset Allocation Fund
2013-06-28,,,,21.2736,UTI Multi Asset Allocation Fund
2013-07-01,,,,21.5795,UTI Multi Asset Allocation Fund
2013-07-02,,,,21.528,UTI Multi Asset Allocation Fund
2013-07-03,,,,21.2154,UTI Multi Asset Allocation Fund
2013-07-04,,,,21.3701,UTI Multi Asset Allocation Fund
2013-07-05,,,,21.4665,UTI Multi Asset Allocation Fund
2013-07-08,,,,21.2828,UTI Multi Asset Allocation Fund
2013-07-09,,,,21.4207,UTI Multi Asset Allocation Fund
2013-07-10,,,,21.3445,UTI Multi Asset Allocation Fund
2013-07-11,,,,21.6684,UTI Multi Asset Allocation Fund
2013-07-12,,,,21.8333,UTI Multi Asset Allocation Fund
2013-07-15,,,,21.9398,UTI Multi Asset Allocation Fund
2013-07-16,,,,21.7084,UTI Multi Asset Allocation Fund
2013-07-17,,,,21.7711,UTI Multi Asset Allocation Fund
2013-07-18,,,,21.9158,UTI Multi Asset Allocation Fund
2013-07-19,,,,21.9272,UTI Multi Asset Allocation Fund
2013-07-22,,,,22.0469,UTI Multi Asset Allocation Fund
2013-07-23,,,,22.2138,UTI Multi Asset Allocation Fund
2013-07-24,,,,21.9773,UTI Multi Asset Allocation Fund
2013-07-25,,,,21.7128,UTI Multi Asset Allocation Fund
2013-07-26,,,,21.7089,UTI Multi Asset Allocation Fund
2013-07-29,,,,21.643,UTI Multi Asset Allocation Fund
2013-07-30,,,,21.4657,UTI Multi Asset Allocation Fund
2013-07-31,,,,21.597,UTI Multi Asset Allocation Fund
2013-08-01,,,,21.4969,UTI Multi Asset Allocation Fund
2013-08-02,,,,21.3007,UTI Multi Asset Allocation Fund
2013-08-05,,,,21.4231,UTI Multi Asset Allocation Fund
2013-08-06,,,,21.041,UTI Multi Asset Allocation Fund
2013-08-07,,,,20.9401,UTI Multi Asset Allocation Fund
2013-08-08,,,,21.1076,UTI Multi Asset Allocation Fund
2013-08-12,,,,21.3685,UTI Multi Asset Allocation Fund
2013-08-13,,,,21.7142,UTI Multi Asset Allocation Fund
2013-08-14,,,,21.8588,UTI Multi Asset Allocation Fund
2013-08-16,,,,21.5042,UTI Multi Asset Allocation Fund
2013-08-19,,,,21.2776,UTI Multi Asset Allocation Fund
2013-08-20,,,,21.1779,UTI Multi Asset Allocation Fund
2013-08-21,,,,21.0575,UTI Multi Asset Allocation Fund
2013-08-22,,,,21.3108,UTI Multi Asset Allocation Fund
2013-08-23,,,,21.4639,UTI Multi Asset Allocation Fund
2013-08-26,,,,21.5783,UTI Multi Asset Allocation Fund
2013-08-27,,,,21.18,UTI Multi Asset Allocation Fund
2013-08-28,,,,21.1596,UTI Multi Asset Allocation Fund
2013-08-29,,,,21.4018,UTI Multi Asset Allocation Fund
2013-08-30,,,,21.4184,UTI Multi Asset Allocation Fund
2013-09-02,,,,21.557,UTI Multi Asset Allocation Fund
2013-09-03,,,,21.2973,UTI Multi Asset Allocation Fund
2013-09-04,,,,21.4962,UTI Multi Asset Allocation Fund
2013-09-05,,,,21.6696,UTI Multi Asset Allocation Fund
2013-09-06,,,,21.7631,UTI Multi Asset Allocation Fund
2013-09-10,,,,22.1338,UTI Multi Asset Allocation Fund
2013-09-11,,,,22.1698,UTI Multi Asset Allocation Fund
2013-09-12,,,,22.0142,UTI Multi Asset Allocation Fund
2013-09-13,,,,21.958,UTI Multi Asset Allocation Fund
2013-09-16,,,,21.9276,UTI Multi Asset Allocation Fund
2013-09-17,,,,21.9906,UTI Multi Asset Allocation Fund
2013-09-18,,,,22.1037,UTI Multi Asset Allocation Fund
2013-09-19,,,,22.6787,UTI Multi Asset Allocation Fund
2013-09-20,,,,22.4233,UTI Multi Asset Allocation Fund
2013-09-23,,,,22.0947,UTI Multi Asset Allocation Fund
2013-09-24,,,,22.0423,UTI Multi Asset Allocation Fund
2013-09-25,,,,22.0586,UTI Multi Asset Allocation Fund
2013-09-26,,,,22.0554,UTI Multi Asset Allocation Fund
2013-09-27,,,,21.9728,UTI Multi Asset Allocation Fund
2013-09-30,,,,21.8543,UTI Multi Asset Allocation Fund
2013-10-01,,,,21.9075,UTI Multi Asset Allocation Fund
2013-10-03,,,,22.2138,UTI Multi Asset Allocation Fund
2013-10-04,,,,22.2091,UTI Multi Asset Allocation Fund
2013-10-07,,,,22.2533,UTI Multi Asset Allocation Fund
2013-10-08,,,,22.3655,UTI Multi Asset Allocation Fund
2013-10-09,,,,22.5078,UTI Multi Asset Allocation Fund
2013-10-10,,,,22.5757,UTI Multi Asset Allocation Fund
2013-10-11,,,,22.7198,UTI Multi Asset Allocation Fund
2013-10-14,,,,22.8161,UTI Multi Asset Allocation Fund
2013-10-15,,,,22.7433,UTI Multi Asset Allocation Fund
2013-10-17,,,,22.7036,UTI Multi Asset Allocation Fund
2013-10-18,,,,23.0077,UTI Multi Asset Allocation Fund
2013-10-21,,,,23.106,UTI Multi Asset Allocation Fund
2013-10-22,,,,23.1464,UTI Multi Asset Allocation Fund
2013-10-23,,,,23.1281,UTI Multi Asset Allocation Fund
2013-10-24,,,,23.0533,UTI Multi Asset Allocation Fund
2013-10-25,,,,23.0038,UTI Multi Asset Allocation Fund
2013-10-28,,,,22.9042,UTI Multi Asset Allocation Fund
2013-10-29,,,,23.0689,UTI Multi Asset Allocation Fund
2013-10-30,,,,23.0912,UTI Multi Asset Allocation Fund
2013-10-31,,,,23.2224,UTI Multi Asset Allocation Fund
2013-11-01,,,,23.3793,UTI Multi Asset Allocation Fund
2013-11-05,,,,23.2556,UTI Multi Asset Allocation Fund
2013-11-06,,,,23.1592,UTI Multi Asset Allocation Fund
2013-11-07,,,,23.0501,UTI Multi Asset Allocation Fund
2013-11-08,,,,22.9669,UTI Multi Asset Allocation Fund
2013-11-11,,,,22.7702,UTI Multi Asset Allocation Fund
2013-11-12,,,,22.6579,UTI Multi Asset Allocation Fund
2013-11-13,,,,22.5375,UTI Multi Asset Allocation Fund
2013-11-14,,,,22.7101,UTI Multi Asset Allocation Fund
2013-11-18,,,,23.038,UTI Multi Asset Allocation Fund
2013-11-19,,,,23.0752,UTI Multi Asset Allocation Fund
2013-11-20,,,,22.841,UTI Multi Asset Allocation Fund
2013-11-21,,,,22.5054,UTI Multi Asset Allocation Fund
2013-11-22,,,,22.5229,UTI Multi Asset Allocation Fund
2013-11-25,,,,22.758,UTI Multi Asset Allocation Fund
2013-11-26,,,,22.6023,UTI Multi Asset Allocation Fund
2013-11-27,,,,22.5569,UTI Multi Asset Allocation Fund
2013-11-28,,,,22.6284,UTI Multi Asset Allocation Fund
2013-11-29,,,,22.8639,UTI Multi Asset Allocation Fund
2013-12-02,,,,22.8971,UTI Multi Asset Allocation Fund
2013-12-03,,,,22.8204,UTI Multi Asset Allocation Fund
2013-12-04,,,,22.7121,UTI Multi Asset Allocation Fund
2013-12-05,,,,22.907,UTI Multi Asset Allocation Fund
2013-12-06,,,,22.9089,UTI Multi Asset Allocation Fund
2013-12-09,,,,23.1661,UTI Multi Asset Allocation Fund
2013-12-10,,,,23.11,UTI Multi Asset Allocation Fund
2013-12-11,,,,22.9568,UTI Multi Asset Allocation Fund
2013-12-12,,,,22.7306,UTI Multi Asset Allocation Fund
2013-12-13,,,,22.539,UTI Multi Asset Allocation Fund
2013-12-16,,,,22.5323,UTI Multi Asset Allocation Fund
2013-12-17,,,,22.467,UTI Multi Asset Allocation Fund
2013-12-18,,,,22.6393,UTI Multi Asset Allocation Fund
2013-12-19,,,,22.5603,UTI Multi Asset Allocation Fund
2013-12-20,,,,22.9349,UTI Multi Asset Allocation Fund
2013-12-23,,,,22.911,UTI Multi Asset Allocation Fund
2013-12-24,,,,22.8611,UTI Multi Asset Allocation Fund
2013-12-26,,,,22.8642,UTI Multi Asset Allocation Fund
2013-12-27,,,,22.9082,UTI Multi Asset Allocation Fund
2013-12-30,,,,22.7989,UTI Multi Asset Allocation Fund
2013-12-31,,,,22.8383,UTI Multi Asset Allocation Fund
2014-01-01,,,,22.8315,UTI Multi Asset Allocation Fund
2014-01-02,,,,22.5859,UTI Multi Asset Allocation Fund
2014-01-03,,,,22.5917,UTI Multi Asset Allocation Fund
2014-01-06,,,,22.5395,UTI Multi Asset Allocation Fund
2014-01-07,,,,22.3859,UTI Multi Asset Allocation Fund
2014-01-08,,,,22.4087,UTI Multi Asset Allocation Fund
2014-01-09,,,,22.353,UTI Multi Asset Allocation Fund
2014-01-10,,,,22.3516,UTI Multi Asset Allocation Fund
2014-01-13,,,,22.5329,UTI Multi Asset Allocation Fund
2014-01-14,,,,22.4686,UTI Multi Asset Allocation Fund
2014-01-15,,,,22.7305,UTI Multi Asset Allocation Fund
2014-01-16,,,,22.6679,UTI Multi Asset Allocation Fund
2014-01-17,,,,22.4751,UTI Multi Asset Allocation Fund
2014-01-20,,,,22.6685,UTI Multi Asset Allocation Fund
2014-01-21,,,,22.7386,UTI Multi Asset Allocation Fund
2014-01-22,,,,22.7974,UTI Multi Asset Allocation Fund
2014-01-23,,,,22.7876,UTI Multi Asset Allocation Fund
2014-01-24,,,,22.5969,UTI Multi Asset Allocation Fund
2014-01-27,,,,22.3228,UTI Multi Asset Allocation Fund
2014-01-28,,,,22.3151,UTI Multi Asset Allocation Fund
2014-01-29,,,,22.3254,UTI Multi Asset Allocation Fund
2014-01-30,,,,22.1616,UTI Multi Asset Allocation Fund
2014-01-31,,,,22.3211,UTI Multi Asset Allocation Fund
2014-02-03,,,,22.0548,UTI Multi Asset Allocation Fund
2014-02-04,,,,22.0485,UTI Multi Asset Allocation Fund
2014-02-05,,,,22.0876,UTI Multi Asset Allocation Fund
2014-02-06,,,,22.1614,UTI Multi Asset Allocation Fund
2014-02-07,,,,22.2132,UTI Multi Asset Allocation Fund
2014-02-10,,,,22.2,UTI Multi Asset Allocation Fund
2014-02-11,,,,22.2969,UTI Multi Asset Allocation Fund
2014-02-12,,,,22.3139,UTI Multi Asset Allocation Fund
2014-02-13,,,,22.1581,UTI Multi Asset Allocation Fund
2014-02-14,,,,22.2643,UTI Multi Asset Allocation Fund
2014-02-17,,,,22.3253,UTI Multi Asset Allocation Fund
2014-02-18,,,,22.4998,UTI Multi Asset Allocation Fund
2014-02-19,,,,22.5557,UTI Multi Asset Allocation Fund
2014-02-20,,,,22.4085,UTI Multi Asset Allocation Fund
2014-02-21,,,,22.585,UTI Multi Asset Allocation Fund
2014-02-24,,,,22.6487,UTI Multi Asset Allocation Fund
2014-02-25,,,,22.6526,UTI Multi Asset Allocation Fund
2014-02-26,,,,22.746,UTI Multi Asset Allocation Fund
2014-02-28,,,,22.829,UTI Multi Asset Allocation Fund
2014-03-03,,,,22.7768,UTI Multi Asset Allocation Fund
2014-03-04,,,,22.9095,UTI Multi Asset Allocation Fund
2014-03-05,,,,22.9598,UTI Multi Asset Allocation Fund
2014-03-06,,,,23.0793,UTI Multi Asset Allocation Fund
2014-03-07,,,,23.2861,UTI Multi Asset Allocation Fund
2014-03-10,,,,23.2406,UTI Multi Asset Allocation Fund
2014-03-11,,,,23.352,UTI Multi Asset Allocation Fund
2014-03-12,,,,23.4593,UTI Multi Asset Allocation Fund
2014-03-13,,,,23.4125,UTI Multi Asset Allocation Fund
2014-03-14,,,,23.5311,UTI Multi Asset Allocation Fund
2014-03-18,,,,23.5972,UTI Multi Asset Allocation Fund
2014-03-19,,,,23.5159,UTI Multi Asset Allocation Fund
2014-03-20,,,,23.3978,UTI Multi Asset Allocation Fund
2014-03-21,,,,23.391,UTI Multi Asset Allocation Fund
2014-03-24,,,,23.5192,UTI Multi Asset Allocation Fund
2014-03-25,,,,23.4462,UTI Multi Asset Allocation Fund
2014-03-26,,,,23.4425,UTI Multi Asset Allocation Fund
2014-03-27,,,,23.5419,UTI Multi Asset Allocation Fund
2014-03-28,,,,23.6935,UTI Multi Asset Allocation Fund
2014-03-31,,,,23.7825,UTI Multi Asset Allocation Fund
2014-04-01,,,,23.7665,UTI Multi Asset Allocation Fund
2014-04-02,,,,23.828,UTI Multi Asset Allocation Fund
2014-04-03,,,,23.7378,UTI Multi Asset Allocation Fund
2014-04-04,,,,23.6024,UTI Multi Asset Allocation Fund
2014-04-07,,,,23.6266,UTI Multi Asset Allocation Fund
2014-04-09,,,,23.833,UTI Multi Asset Allocation Fund
2014-04-10,,,,23.8859,UTI Multi Asset Allocation Fund
2014-04-11,,,,24.0494,UTI Multi Asset Allocation Fund
2014-04-15,,,,24.0234,UTI Multi Asset Allocation Fund
2014-04-16,,,,23.8625,UTI Multi Asset Allocation Fund
2014-04-17,,,,24.1271,UTI Multi Asset Allocation Fund
2014-04-21,,,,24.2134,UTI Multi Asset Allocation Fund
2014-04-22,,,,24.249,UTI Multi Asset Allocation Fund
2014-04-23,,,,24.2832,UTI Multi Asset Allocation Fund
2014-04-25,,,,24.1854,UTI Multi Asset Allocation Fund
2014-04-28,,,,24.2096,UTI Multi Asset Allocation Fund
2014-04-29,,,,24.0979,UTI Multi Asset Allocation Fund
2014-04-30,,,,23.9988,UTI Multi Asset Allocation Fund
2014-05-02,,,,24.0212,UTI Multi Asset Allocation Fund
2014-05-05,,,,24.0135,UTI Multi Asset Allocation Fund
2014-05-06,,,,24.0374,UTI Multi Asset Allocation Fund
2014-05-07,,,,23.9056,UTI Multi Asset Allocation Fund
2014-05-08,,,,23.85,UTI Multi Asset Allocation Fund
2014-05-09,,,,24.2672,UTI Multi Asset Allocation Fund
2014-05-12,,,,24.6073,UTI Multi Asset Allocation Fund
2014-05-13,,,,24.8504,UTI Multi Asset Allocation Fund
2014-05-14,,,,24.8443,UTI Multi Asset Allocation Fund
2014-05-15,,,,24.8589,UTI Multi Asset Allocation Fund
2014-05-16,,,,25.1678,UTI Multi Asset Allocation Fund
2014-05-19,,,,25.3991,UTI Multi Asset Allocation Fund
2014-05-20,,,,25.3972,UTI Multi Asset Allocation Fund
2014-05-21,,,,25.3627,UTI Multi Asset Allocation Fund
2014-05-22,,,,25.2661,UTI Multi Asset Allocation Fund
2014-05-23,,,,25.5933,UTI Multi Asset Allocation Fund
2014-05-26,,,,25.4704,UTI Multi Asset Allocation Fund
2014-05-27,,,,25.366,UTI Multi Asset Allocation Fund
2014-05-28,,,,25.4177,UTI Multi Asset Allocation Fund
2014-05-29,,,,25.1364,UTI Multi Asset Allocation Fund
2014-05-30,,,,25.1769,UTI Multi Asset Allocation Fund
2014-06-02,,,,25.4894,UTI Multi Asset Allocation Fund
2014-06-03,,,,25.6289,UTI Multi Asset Allocation Fund
2014-06-04,,,,25.6463,UTI Multi Asset Allocation Fund
2014-06-05,,,,25.9168,UTI Multi Asset Allocation Fund
2014-06-06,,,,26.2735,UTI Multi Asset Allocation Fund
2014-06-09,,,,26.4451,UTI Multi Asset Allocation Fund
2014-06-10,,,,26.4657,UTI Multi Asset Allocation Fund
2014-06-11,,,,26.3992,UTI Multi Asset Allocation Fund
2014-06-12,,,,26.5112,UTI Multi Asset Allocation Fund
2014-06-13,,,,26.2764,UTI Multi Asset Allocation Fund
2014-06-16,,,,26.3795,UTI Multi Asset Allocation Fund
2014-06-17,,,,26.6811,UTI Multi Asset Allocation Fund
2014-06-18,,,,26.5759,UTI Multi Asset Allocation Fund
2014-06-19,,,,26.4715,UTI Multi Asset Allocation Fund
2014-06-20,,,,26.5162,UTI Multi Asset Allocation Fund
2014-06-23,,,,26.5612,UTI Multi Asset Allocation Fund
2014-06-24,,,,26.8328,UTI Multi Asset Allocation Fund
2014-06-25,,,,26.7857,UTI Multi Asset Allocation Fund
2014-06-26,,,,26.5894,UTI Multi Asset Allocation Fund
2014-06-27,,,,26.6184,UTI Multi Asset Allocation Fund
2014-06-30,,,,26.8931,UTI Multi Asset Allocation Fund
2014-07-01,,,,26.9277,UTI Multi Asset Allocation Fund
2014-07-02,,,,27.1345,UTI Multi Asset Allocation Fund
2014-07-03,,,,27.1722,UTI Multi Asset Allocation Fund
2014-07-04,,,,27.366,UTI Multi Asset Allocation Fund
2014-07-07,,,,27.4895,UTI Multi Asset Allocation Fund
2014-07-08,,,,26.9374,UTI Multi Asset Allocation Fund
2014-07-09,,,,26.8039,UTI Multi Asset Allocation Fund
2014-07-10,,,,26.8814,UTI Multi Asset Allocation Fund
2014-07-11,,,,26.568,UTI Multi Asset Allocation Fund
2014-07-14,,,,26.4604,UTI Multi Asset Allocation Fund
2014-07-15,,,,26.6018,UTI Multi Asset Allocation Fund
2014-07-16,,,,26.884,UTI Multi Asset Allocation Fund
2014-07-17,,,,27.067,UTI Multi Asset Allocation Fund
2014-07-18,,,,27.1815,UTI Multi Asset Allocation Fund
2014-07-21,,,,27.157,UTI Multi Asset Allocation Fund
2014-07-22,,,,27.3247,UTI Multi Asset Allocation Fund
2014-07-23,,,,27.3526,UTI Multi Asset Allocation Fund
2014-07-24,,,,27.373,UTI Multi Asset Allocation Fund
2014-07-25,,,,27.2042,UTI Multi Asset Allocation Fund
2014-07-28,,,,27.1145,UTI Multi Asset Allocation Fund
2014-07-30,,,,27.1776,UTI Multi Asset Allocation Fund
2014-07-31,,,,27.066,UTI Multi Asset Allocation Fund
2014-08-01,,,,26.8171,UTI Multi Asset Allocation Fund
2014-08-04,,,,27.0953,UTI Multi Asset Allocation Fund
2014-08-05,,,,27.2866,UTI Multi Asset Allocation Fund
2014-08-06,,,,27.2262,UTI Multi Asset Allocation Fund
2014-08-07,,,,27.2218,UTI Multi Asset Allocation Fund
2014-08-08,,,,27.0355,UTI Multi Asset Allocation Fund
2014-08-11,,,,27.1049,UTI Multi Asset Allocation Fund
2014-08-12,,,,27.344,UTI Multi Asset Allocation Fund
2014-08-13,,,,27.3418,UTI Multi Asset Allocation Fund
2014-08-14,,,,27.4813,UTI Multi Asset Allocation Fund
2014-08-18,,,,27.6471,UTI Multi Asset Allocation Fund
2014-08-19,,,,27.7113,UTI Multi Asset Allocation Fund
2014-08-20,,,,27.6908,UTI Multi Asset Allocation Fund
2014-08-21,,,,27.7144,UTI Multi Asset Allocation Fund
2014-08-22,,,,27.7195,UTI Multi Asset Allocation Fund
2014-08-25,,,,27.677,UTI Multi Asset Allocation Fund
2014-08-26,,,,27.7076,UTI Multi Asset Allocation Fund
2014-08-27,,,,27.7814,UTI Multi Asset Allocation Fund
2014-08-28,,,,27.8461,UTI Multi Asset Allocation Fund
2014-09-01,,,,28.0599,UTI Multi Asset Allocation Fund
2014-09-02,,,,28.14,UTI Multi Asset Allocation Fund
2014-09-03,,,,28.3353,UTI Multi Asset Allocation Fund
2014-09-04,,,,28.3066,UTI Multi Asset Allocation Fund
2014-09-05,,,,28.2524,UTI Multi Asset Allocation Fund
2014-09-08,,,,28.5503,UTI Multi Asset Allocation Fund
2014-09-09,,,,28.455,UTI Multi Asset Allocation Fund
2014-09-10,,,,28.345,UTI Multi Asset Allocation Fund
2014-09-11,,,,28.3266,UTI Multi Asset Allocation Fund
2014-09-12,,,,28.3448,UTI Multi Asset Allocation Fund
2014-09-15,,,,28.1872,UTI Multi Asset Allocation Fund
2014-09-16,,,,27.7915,UTI Multi Asset Allocation Fund
2014-09-17,,,,27.8909,UTI Multi Asset Allocation Fund
2014-09-18,,,,28.2987,UTI Multi Asset Allocation Fund
2014-09-19,,,,28.3522,UTI Multi Asset Allocation Fund
2014-09-22,,,,28.4303,UTI Multi Asset Allocation Fund
2014-09-23,,,,28.0905,UTI Multi Asset Allocation Fund
2014-09-24,,,,28.0105,UTI Multi Asset Allocation Fund
2014-09-25,,,,27.6979,UTI Multi Asset Allocation Fund
2014-09-26,,,,27.7988,UTI Multi Asset Allocation Fund
2014-09-29,,,,27.8868,UTI Multi Asset Allocation Fund
2014-09-30,,,,27.8666,UTI Multi Asset Allocation Fund
2014-10-01,,,,27.8075,UTI Multi Asset Allocation Fund
2014-10-07,,,,27.4504,UTI Multi Asset Allocation Fund
2014-10-08,,,,27.3709,UTI Multi Asset Allocation Fund
2014-10-09,,,,27.7019,UTI Multi Asset Allocation Fund
2014-10-10,,,,27.3956,UTI Multi Asset Allocation Fund
2014-10-13,,,,27.4451,UTI Multi Asset Allocation Fund
2014-10-14,,,,27.431,UTI Multi Asset Allocation Fund
2014-10-16,,,,27.1653,UTI Multi Asset Allocation Fund
2014-10-17,,,,27.1515,UTI Multi Asset Allocation Fund
2014-10-20,,,,27.3957,UTI Multi Asset Allocation Fund
2014-10-21,,,,27.6318,UTI Multi Asset Allocation Fund
2014-10-22,,,,27.7258,UTI Multi Asset Allocation Fund
2014-10-27,,,,27.5816,UTI Multi Asset Allocation Fund
2014-10-28,,,,27.6308,UTI Multi Asset Allocation Fund
2014-10-29,,,,27.7753,UTI Multi Asset Allocation Fund
2014-10-30,,,,27.9125,UTI Multi Asset Allocation Fund
2014-10-31,,,,28.2417,UTI Multi Asset Allocation Fund
2014-11-03,,,,28.2863,UTI Multi Asset Allocation Fund
2014-11-05,,,,28.244,UTI Multi Asset Allocation Fund
2014-11-07,,,,28.3364,UTI Multi Asset Allocation Fund
2014-11-10,,,,28.3614,UTI Multi Asset Allocation Fund
2014-11-11,,,,28.4086,UTI Multi Asset Allocation Fund
2014-11-12,,,,28.4587,UTI Multi Asset Allocation Fund
2014-11-13,,,,28.3993,UTI Multi Asset Allocation Fund
2014-11-14,,,,28.4861,UTI Multi Asset Allocation Fund
2014-11-17,,,,28.6476,UTI Multi Asset Allocation Fund
2014-11-18,,,,28.6376,UTI Multi Asset Allocation Fund
2014-11-19,,,,28.5195,UTI Multi Asset Allocation Fund
2014-11-20,,,,28.5468,UTI Multi Asset Allocation Fund
2014-11-21,,,,28.6726,UTI Multi Asset Allocation Fund
2014-11-24,,,,28.7746,UTI Multi Asset Allocation Fund
2014-11-25,,,,28.6249,UTI Multi Asset Allocation Fund
2014-11-26,,,,28.6632,UTI Multi Asset Allocation Fund
2014-11-27,,,,28.6843,UTI Multi Asset Allocation Fund
2014-11-28,,,,28.8629,UTI Multi Asset Allocation Fund
2014-12-01,,,,28.6739,UTI Multi Asset Allocation Fund
2014-12-02,,,,28.7172,UTI Multi Asset Allocation Fund
2014-12-03,,,,28.8404,UTI Multi Asset Allocation Fund
2014-12-04,,,,28.8587,UTI Multi Asset Allocation Fund
2014-12-05,,,,28.7498,UTI Multi Asset Allocation Fund
2014-12-08,,,,28.4714,UTI Multi Asset Allocation Fund
2014-12-09,,,,28.2069,UTI Multi Asset Allocation Fund
2014-12-10,,,,28.3608,UTI Multi Asset Allocation Fund
2014-12-11,,,,28.1473,UTI Multi Asset Allocation Fund
2014-12-12,,,,27.9346,UTI Multi Asset Allocation Fund
2014-12-15,,,,27.8688,UTI Multi Asset Allocation Fund
2014-12-16,,,,27.6237,UTI Multi Asset Allocation Fund
2014-12-17,,,,27.3749,UTI Multi Asset Allocation Fund
2014-12-18,,,,27.7305,UTI Multi Asset Allocation Fund
2014-12-19,,,,27.9313,UTI Multi Asset Allocation Fund
2014-12-22,,,,28.1905,UTI Multi Asset Allocation Fund
2014-12-23,,,,28.0296,UTI Multi Asset Allocation Fund
2014-12-24,,,,27.8658,UTI Multi Asset Allocation Fund
2014-12-26,,,,27.952,UTI Multi Asset Allocation Fund
2014-12-29,,,,28.076,UTI Multi Asset Allocation Fund
2014-12-30,,,,28.0704,UTI Multi Asset Allocation Fund
2014-12-31,,,,28.1799,UTI Multi Asset Allocation Fund
2015-01-01,,,,28.1925,UTI Multi Asset Allocation Fund
2015-01-02,,,,28.45,UTI Multi Asset Allocation Fund
2015-01-05,,,,28.4575,UTI Multi Asset Allocation Fund
2015-01-06,,,,27.8794,UTI Multi Asset Allocation Fund
2015-01-07,,,,27.9275,UTI Multi Asset Allocation Fund
2015-01-08,,,,28.1443,UTI Multi Asset Allocation Fund
2015-01-09,,,,28.2619,UTI Multi Asset Allocation Fund
2015-01-12,,,,28.4202,UTI Multi Asset Allocation Fund
2015-01-13,,,,28.3689,UTI Multi Asset Allocation Fund
2015-01-14,,,,28.3567,UTI Multi Asset Allocation Fund
2015-01-15,,,,28.8384,UTI Multi Asset Allocation Fund
2015-01-16,,,,29.0034,UTI Multi Asset Allocation Fund
2015-01-19,,,,29.1968,UTI Multi Asset Allocation Fund
2015-01-20,,,,29.5414,UTI Multi Asset Allocation Fund
2015-01-21,,,,29.6695,UTI Multi Asset Allocation Fund
2015-01-22,,,,29.7993,UTI Multi Asset Allocation Fund
2015-01-23,,,,30.0203,UTI Multi Asset Allocation Fund
2015-01-27,,,,30.1126,UTI Multi Asset Allocation Fund
2015-01-28,,,,30.1587,UTI Multi Asset Allocation Fund
2015-01-29,,,,30.1494,UTI Multi Asset Allocation Fund
2015-01-30,,,,29.8596,UTI Multi Asset Allocation Fund
2015-02-02,,,,29.851,UTI Multi Asset Allocation Fund
2015-02-03,,,,29.8301,UTI Multi Asset Allocation Fund
2015-02-04,,,,29.6588,UTI Multi Asset Allocation Fund
2015-02-05,,,,29.6083,UTI Multi Asset Allocation Fund
2015-02-06,,,,29.4503,UTI Multi Asset Allocation Fund
2015-02-09,,,,29.0643,UTI Multi Asset Allocation Fund
2015-02-10,,,,29.1115,UTI Multi Asset Allocation Fund
2015-02-11,,,,29.3006,UTI Multi Asset Allocation Fund
2015-02-12,,,,29.5306,UTI Multi Asset Allocation Fund
2015-02-13,,,,29.7872,UTI Multi Asset Allocation Fund
2015-02-16,,,,29.8157,UTI Multi Asset Allocation Fund
2015-02-18,,,,29.8996,UTI Multi Asset Allocation Fund
2015-02-19,,,,29.942,UTI Multi Asset Allocation Fund
2015-02-20,,,,29.7554,UTI Multi Asset Allocation Fund
2015-02-23,,,,29.45,UTI Multi Asset Allocation Fund
2015-02-24,,,,29.3833,UTI Multi Asset Allocation Fund
2015-02-25,,,,29.4664,UTI Multi Asset Allocation Fund
2015-02-26,,,,29.2202,UTI Multi Asset Allocation Fund
2015-02-27,,,,29.5797,UTI Multi Asset Allocation Fund
2015-03-02,,,,29.9202,UTI Multi Asset Allocation Fund
2015-03-03,,,,30.0755,UTI Multi Asset Allocation Fund
2015-03-04,,,,29.8882,UTI Multi Asset Allocation Fund
2015-03-05,,,,29.8795,UTI Multi Asset Allocation Fund
2015-03-09,,,,29.4059,UTI Multi Asset Allocation Fund
2015-03-10,,,,29.2668,UTI Multi Asset Allocation Fund
2015-03-11,,,,29.1536,UTI Multi Asset Allocation Fund
2015-03-12,,,,29.4134,UTI Multi Asset Allocation Fund
2015-03-13,,,,29.0951,UTI Multi Asset Allocation Fund
2015-03-16,,,,29.0439,UTI Multi Asset Allocation Fund
2015-03-17,,,,29.1944,UTI Multi Asset Allocation Fund
2015-03-18,,,,29.096,UTI Multi Asset Allocation Fund
2015-03-19,,,,29.0161,UTI Multi Asset Allocation Fund
2015-03-20,,,,28.8523,UTI Multi Asset Allocation Fund
2015-03-23,,,,28.7968,UTI Multi Asset Allocation Fund
2015-03-24,,,,28.7802,UTI Multi Asset Allocation Fund
2015-03-25,,,,28.7647,UTI Multi Asset Allocation Fund
2015-03-26,,,,28.4828,UTI Multi Asset Allocation Fund
2015-03-27,,,,28.3834,UTI Multi Asset Allocation Fund
2015-03-30,,,,28.727,UTI Multi Asset Allocation Fund
2015-03-31,,,,28.7171,UTI Multi Asset Allocation Fund
2015-04-01,,,,28.9535,UTI Multi Asset Allocation Fund
2015-04-06,,,,29.263,UTI Multi Asset Allocation Fund
2015-04-07,,,,29.2978,UTI Multi Asset Allocation Fund
2015-04-08,,,,29.509,UTI Multi Asset Allocation Fund
2015-04-09,,,,29.5156,UTI Multi Asset Allocation Fund
2015-04-10,,,,29.6298,UTI Multi Asset Allocation Fund
2015-04-13,,,,29.8459,UTI Multi Asset Allocation Fund
2015-04-15,,,,29.6383,UTI Multi Asset Allocation Fund
2015-04-16,,,,29.6462,UTI Multi Asset Allocation Fund
2015-04-17,,,,29.2518,UTI Multi Asset Allocation Fund
2015-04-20,,,,28.8162,UTI Multi Asset Allocation Fund
2015-04-21,,,,28.6607,UTI Multi Asset Allocation Fund
2015-04-22,,,,28.7397,UTI Multi Asset Allocation Fund
2015-04-23,,,,28.5934,UTI Multi Asset Allocation Fund
2015-04-24,,,,28.2352,UTI Multi Asset Allocation Fund
2015-04-27,,,,27.9908,UTI Multi Asset Allocation Fund
2015-04-28,,,,28.2365,UTI Multi Asset Allocation Fund
2015-04-29,,,,28.1564,UTI Multi Asset Allocation Fund
2015-04-30,,,,28.065,UTI Multi Asset Allocation Fund
2015-05-04,,,,28.4495,UTI Multi Asset Allocation Fund
2015-05-05,,,,28.4253,UTI Multi Asset Allocation Fund
2015-05-06,,,,27.9315,UTI Multi Asset Allocation Fund
2015-05-07,,,,27.7725,UTI Multi Asset Allocation Fund
2015-05-08,,,,28.1644,UTI Multi Asset Allocation Fund
2015-05-11,,,,28.4729,UTI Multi Asset Allocation Fund
2015-05-12,,,,28.065,UTI Multi Asset Allocation Fund
2015-05-13,,,,28.3156,UTI Multi Asset Allocation Fund
2015-05-14,,,,28.4219,UTI Multi Asset Allocation Fund
2015-05-15,,,,28.5299,UTI Multi Asset Allocation Fund
2015-05-18,,,,28.8142,UTI Multi Asset Allocation Fund
2015-05-19,,,,28.8054,UTI Multi Asset Allocation Fund
2015-05-20,,,,28.9249,UTI Multi Asset Allocation Fund
2015-05-21,,,,28.9556,UTI Multi Asset Allocation Fund
2015-05-22,,,,28.961,UTI Multi Asset Allocation Fund
2015-05-25,,,,28.7799,UTI Multi Asset Allocation Fund
2015-05-26,,,,28.6654,UTI Multi Asset Allocation Fund
2015-05-27,,,,28.625,UTI Multi Asset Allocation Fund
2015-05-28,,,,28.5248,UTI Multi Asset Allocation Fund
2015-05-29,,,,28.7574,UTI Multi Asset Allocation Fund
2015-06-01,,,,28.7582,UTI Multi Asset Allocation Fund
2015-06-02,,,,28.3332,UTI Multi Asset Allocation Fund
2015-06-03,,,,28.0081,UTI Multi Asset Allocation Fund
2015-06-04,,,,28.0012,UTI Multi Asset Allocation Fund
2015-06-05,,,,27.9322,UTI Multi Asset Allocation Fund
2015-06-08,,,,27.7003,UTI Multi Asset Allocation Fund
2015-06-09,,,,27.6951,UTI Multi Asset Allocation Fund
2015-06-10,,,,27.9657,UTI Multi Asset Allocation Fund
2015-06-11,,,,27.5452,UTI Multi Asset Allocation Fund
2015-06-12,,,,27.5895,UTI Multi Asset Allocation Fund
2015-06-15,,,,27.6345,UTI Multi Asset Allocation Fund
2015-06-16,,,,27.7161,UTI Multi Asset Allocation Fund
2015-06-17,,,,27.8687,UTI Multi Asset Allocation Fund
2015-06-18,,,,28.1333,UTI Multi Asset Allocation Fund
2015-06-19,,,,28.2204,UTI Multi Asset Allocation Fund
2015-06-22,,,,28.5093,UTI Multi Asset Allocation Fund
2015-06-23,,,,28.5595,UTI Multi Asset Allocation Fund
2015-06-24,,,,28.4073,UTI Multi Asset Allocation Fund
2015-06-25,,,,28.4351,UTI Multi Asset Allocation Fund
2015-06-26,,,,28.4324,UTI Multi Asset Allocation Fund
2015-06-29,,,,28.2721,UTI Multi Asset Allocation Fund
2015-06-30,,,,28.426,UTI Multi Asset Allocation Fund
2015-07-01,,,,28.6623,UTI Multi Asset Allocation Fund
2015-07-02,,,,28.6234,UTI Multi Asset Allocation Fund
2015-07-03,,,,28.7003,UTI Multi Asset Allocation Fund
2015-07-06,,,,28.7934,UTI Multi Asset Allocation Fund
2015-07-07,,,,28.8047,UTI Multi Asset Allocation Fund
2015-07-08,,,,28.4466,UTI Multi Asset Allocation Fund
2015-07-09,,,,28.4524,UTI Multi Asset Allocation Fund
2015-07-10,,,,28.4707,UTI Multi Asset Allocation Fund
2015-07-13,,,,28.6536,UTI Multi Asset Allocation Fund
2015-07-14,,,,28.6156,UTI Multi Asset Allocation Fund
2015-07-15,,,,28.7936,UTI Multi Asset Allocation Fund
2015-07-16,,,,28.9852,UTI Multi Asset Allocation Fund
2015-07-17,,,,28.9906,UTI Multi Asset Allocation Fund
2015-07-20,,,,28.9616,UTI Multi Asset Allocation Fund
2015-07-21,,,,28.7901,UTI Multi Asset Allocation Fund
2015-07-22,,,,28.985,UTI Multi Asset Allocation Fund
2015-07-23,,,,28.9058,UTI Multi Asset Allocation Fund
2015-07-24,,,,28.7202,UTI Multi Asset Allocation Fund
2015-07-27,,,,28.3548,UTI Multi Asset Allocation Fund
2015-07-28,,,,28.2881,UTI Multi Asset Allocation Fund
2015-07-29,,,,28.4025,UTI Multi Asset Allocation Fund
2015-07-30,,,,28.5464,UTI Multi Asset Allocation Fund
2015-07-31,,,,28.7818,UTI Multi Asset Allocation Fund
2015-08-03,,,,28.8722,UTI Multi Asset Allocation Fund
2015-08-04,,,,28.8162,UTI Multi Asset Allocation Fund
2015-08-05,,,,28.9521,UTI Multi Asset Allocation Fund
2015-08-06,,,,29.0158,UTI Multi Asset Allocation Fund
2015-08-07,,,,29.0664,UTI Multi Asset Allocation Fund
2015-08-10,,,,28.9676,UTI Multi Asset Allocation Fund
2015-08-11,,,,28.8656,UTI Multi Asset Allocation Fund
2015-08-12,,,,28.6026,UTI Multi Asset Allocation Fund
2015-08-13,,,,28.6327,UTI Multi Asset Allocation Fund
2015-08-14,,,,29.0358,UTI Multi Asset Allocation Fund
2015-08-17,,,,28.9562,UTI Multi Asset Allocation Fund
2015-08-18,,,,29.0207,UTI Multi Asset Allocation Fund
2015-08-19,,,,29.0419,UTI Multi Asset Allocation Fund
2015-08-20,,,,28.799,UTI Multi Asset Allocation Fund
2015-08-21,,,,28.7327,UTI Multi Asset Allocation Fund
2015-08-24,,,,27.2816,UTI Multi Asset Allocation Fund
2015-08-25,,,,27.3013,UTI Multi Asset Allocation Fund
2015-08-26,,,,27.0452,UTI Multi Asset Allocation Fund
2015-08-27,,,,27.4351,UTI Multi Asset Allocation Fund
2015-08-28,,,,27.892,UTI Multi Asset Allocation Fund
2015-08-31,,,,27.8174,UTI Multi Asset Allocation Fund
2015-09-01,,,,27.4741,UTI Multi Asset Allocation Fund
2015-09-02,,,,27.2787,UTI Multi Asset Allocation Fund
2015-09-03,,,,27.4971,UTI Multi Asset Allocation Fund
2015-09-04,,,,27.0725,UTI Multi Asset Allocation Fund
2015-09-07,,,,26.8835,UTI Multi Asset Allocation Fund
2015-09-08,,,,27.1364,UTI Multi Asset Allocation Fund
2015-09-09,,,,27.4434,UTI Multi Asset Allocation Fund
2015-09-10,,,,27.2401,UTI Multi Asset Allocation Fund
2015-09-11,,,,27.3517,UTI Multi Asset Allocation Fund
2015-09-14,,,,27.5069,UTI Multi Asset Allocation Fund
2015-09-15,,,,27.3825,UTI Multi Asset Allocation Fund
2015-09-16,,,,27.5091,UTI Multi Asset Allocation Fund
2015-09-18,,,,27.8831,UTI Multi Asset Allocation Fund
2015-09-21,,,,27.8673,UTI Multi Asset Allocation Fund
2015-09-22,,,,27.4857,UTI Multi Asset Allocation Fund
2015-09-23,,,,27.4858,UTI Multi Asset Allocation Fund
2015-09-24,,,,27.5626,UTI Multi Asset Allocation Fund
2015-09-28,,,,27.4192,UTI Multi Asset Allocation Fund
2015-09-29,,,,27.4487,UTI Multi Asset Allocation Fund
2015-09-30,,,,27.7104,UTI Multi Asset Allocation Fund
2015-10-01,,,,27.7437,UTI Multi Asset Allocation Fund
2015-10-05,,,,28.2249,UTI Multi Asset Allocation Fund
2015-10-06,,,,28.3364,UTI Multi Asset Allocation Fund
2015-10-07,,,,28.4322,UTI Multi Asset Allocation Fund
2015-10-08,,,,28.2465,UTI Multi Asset Allocation Fund
2015-10-09,,,,28.3717,UTI Multi Asset Allocation Fund
2015-10-12,,,,28.37,UTI Multi Asset Allocation Fund
2015-10-13,,,,28.2618,UTI Multi Asset Allocation Fund
2015-10-14,,,,28.2824,UTI Multi Asset Allocation Fund
2015-10-15,,,,28.4115,UTI Multi Asset Allocation Fund
2015-10-16,,,,28.5871,UTI Multi Asset Allocation Fund
2015-10-19,,,,28.6276,UTI Multi Asset Allocation Fund
2015-10-20,,,,28.6344,UTI Multi Asset Allocation Fund
2015-10-21,,,,28.6253,UTI Multi Asset Allocation Fund
2015-10-23,,,,28.6209,UTI Multi Asset Allocation Fund
2015-10-26,,,,28.481,UTI Multi Asset Allocation Fund
2015-10-27,,,,28.4177,UTI Multi Asset Allocation Fund
2015-10-28,,,,28.3863,UTI Multi Asset Allocation Fund
2015-10-29,,,,28.2246,UTI Multi Asset Allocation Fund
2015-10-30,,,,28.0883,UTI Multi Asset Allocation Fund
2015-11-02,,,,27.9886,UTI Multi Asset Allocation Fund
2015-11-03,,,,27.9942,UTI Multi Asset Allocation Fund
2015-11-04,,,,27.8914,UTI Multi Asset Allocation Fund
2015-11-05,,,,27.655,UTI Multi Asset Allocation Fund
2015-11-06,,,,27.5969,UTI Multi Asset Allocation Fund
2015-11-09,,,,27.5691,UTI Multi Asset Allocation Fund
2015-11-10,,,,27.1556,UTI Multi Asset Allocation Fund
2015-11-13,,,,27.0546,UTI Multi Asset Allocation Fund
2015-11-16,,,,27.1347,UTI Multi Asset Allocation Fund
2015-11-17,,,,27.1315,UTI Multi Asset Allocation Fund
2015-11-18,,,,26.8934,UTI Multi Asset Allocation Fund
2015-11-19,,,,27.2092,UTI Multi Asset Allocation Fund
2015-11-20,,,,27.3818,UTI Multi Asset Allocation Fund
2015-11-23,,,,27.3165,UTI Multi Asset Allocation Fund
2015-11-24,,,,27.3026,UTI Multi Asset Allocation Fund
2015-11-26,,,,27.3645,UTI Multi Asset Allocation Fund
2015-11-27,,,,27.4995,UTI Multi Asset Allocation Fund
2015-11-30,,,,27.4171,UTI Multi Asset Allocation Fund
2015-12-01,,,,27.5194,UTI Multi Asset Allocation Fund
2015-12-02,,,,27.442,UTI Multi Asset Allocation Fund
2015-12-03,,,,27.2631,UTI Multi Asset Allocation Fund
2015-12-04,,,,27.1026,UTI Multi Asset Allocation Fund
2015-12-07,,,,27.1285,UTI Multi Asset Allocation Fund
2015-12-08,,,,26.8532,UTI Multi Asset Allocation Fund
2015-12-09,,,,26.5836,UTI Multi Asset Allocation Fund
2015-12-10,,,,26.7562,UTI Multi Asset Allocation Fund
2015-12-11,,,,26.5725,UTI Multi Asset Allocation Fund
2015-12-14,,,,26.6603,UTI Multi Asset Allocation Fund
2015-12-15,,,,26.7515,UTI Multi Asset Allocation Fund
2015-12-16,,,,26.8692,UTI Multi Asset Allocation Fund
2015-12-17,,,,27.1104,UTI Multi Asset Allocation Fund
2015-12-18,,,,26.898,UTI Multi Asset Allocation Fund
2015-12-21,,,,27.0942,UTI Multi Asset Allocation Fund
2015-12-22,,,,27.0203,UTI Multi Asset Allocation Fund
2015-12-23,,,,27.1546,UTI Multi Asset Allocation Fund
2015-12-24,,,,27.156,UTI Multi Asset Allocation Fund
2015-12-28,,,,27.3046,UTI Multi Asset Allocation Fund
2015-12-29,,,,27.3517,UTI Multi Asset Allocation Fund
2015-12-30,,,,27.2619,UTI Multi Asset Allocation Fund
2015-12-31,,,,27.3017,UTI Multi Asset Allocation Fund
2016-01-01,,,,27.3761,UTI Multi Asset Allocation Fund
2016-01-04,,,,27.0179,UTI Multi Asset Allocation Fund
2016-01-05,,,,27.095,UTI Multi Asset Allocation Fund
2016-01-06,,,,27.0492,UTI Multi Asset Allocation Fund
2016-01-07,,,,26.7096,UTI Multi Asset Allocation Fund
2016-01-08,,,,26.8259,UTI Multi Asset Allocation Fund
2016-01-11,,,,26.6464,UTI Multi Asset Allocation Fund
2016-01-12,,,,26.4898,UTI Multi Asset Allocation Fund
2016-01-13,,,,26.4711,UTI Multi Asset Allocation Fund
2016-01-14,,,,26.4616,UTI Multi Asset Allocation Fund
2016-01-15,,,,26.142,UTI Multi Asset Allocation Fund
2016-01-18,,,,25.8302,UTI Multi Asset Allocation Fund
2016-01-19,,,,26.0653,UTI Multi Asset Allocation Fund
2016-01-20,,,,25.7789,UTI Multi Asset Allocation Fund
2016-01-21,,,,25.6842,UTI Multi Asset Allocation Fund
2016-01-22,,,,26.0342,UTI Multi Asset Allocation Fund
2016-01-25,,,,26.1017,UTI Multi Asset Allocation Fund
2016-01-27,,,,26.1976,UTI Multi Asset Allocation Fund
2016-01-28,,,,26.1829,UTI Multi Asset Allocation Fund
2016-01-29,,,,26.5076,UTI Multi Asset Allocation Fund
2016-02-01,,,,26.5121,UTI Multi Asset Allocation Fund
2016-02-02,,,,26.3125,UTI Multi Asset Allocation Fund
2016-02-03,,,,26.0016,UTI Multi Asset Allocation Fund
2016-02-04,,,,26.144,UTI Multi Asset Allocation Fund
2016-02-05,,,,26.3652,UTI Multi Asset Allocation Fund
2016-02-08,,,,26.2287,UTI Multi Asset Allocation Fund
2016-02-09,,,,26.1085,UTI Multi Asset Allocation Fund
2016-02-10,,,,25.8478,UTI Multi Asset Allocation Fund
2016-02-11,,,,25.3856,UTI Multi Asset Allocation Fund
2016-02-12,,,,25.4043,UTI Multi Asset Allocation Fund
2016-02-15,,,,25.8245,UTI Multi Asset Allocation Fund
2016-02-16,,,,25.5345,UTI Multi Asset Allocation Fund
2016-02-17,,,,25.5995,UTI Multi Asset Allocation Fund
2016-02-18,,,,25.8433,UTI Multi Asset Allocation Fund
2016-02-19,,,,25.9456,UTI Multi Asset Allocation Fund
2016-02-22,,,,25.9868,UTI Multi Asset Allocation Fund
2016-02-23,,,,25.7748,UTI Multi Asset Allocation Fund
2016-02-24,,,,25.5551,UTI Multi Asset Allocation Fund
2016-02-25,,,,25.4352,UTI Multi Asset Allocation Fund
2016-02-26,,,,25.5853,UTI Multi Asset Allocation Fund
2016-02-29,,,,25.4536,UTI Multi Asset Allocation Fund
2016-03-01,,,,26.0187,UTI Multi Asset Allocation Fund
2016-03-02,,,,26.2608,UTI Multi Asset Allocation Fund
2016-03-03,,,,26.6106,UTI Multi Asset Allocation Fund
2016-03-04,,,,26.6957,UTI Multi Asset Allocation Fund
2016-03-08,,,,26.7231,UTI Multi Asset Allocation Fund
2016-03-09,,,,26.7653,UTI Multi Asset Allocation Fund
2016-03-10,,,,26.6563,UTI Multi Asset Allocation Fund
2016-03-11,,,,26.7614,UTI Multi Asset Allocation Fund
2016-03-14,,,,26.8172,UTI Multi Asset Allocation Fund
2016-03-15,,,,26.577,UTI Multi Asset Allocation Fund
2016-03-16,,,,26.6675,UTI Multi Asset Allocation Fund
2016-03-17,,,,26.8106,UTI Multi Asset Allocation Fund
2016-03-18,,,,26.9911,UTI Multi Asset Allocation Fund
2016-03-21,,,,27.2151,UTI Multi Asset Allocation Fund
2016-03-22,,,,27.2873,UTI Multi Asset Allocation Fund
2016-03-23,,,,27.2048,UTI Multi Asset Allocation Fund
2016-03-28,,,,26.8416,UTI Multi Asset Allocation Fund
2016-03-29,,,,26.8409,UTI Multi Asset Allocation Fund
2016-03-30,,,,27.2449,UTI Multi Asset Allocation Fund
2016-03-31,,,,27.2721,UTI Multi Asset Allocation Fund
2016-04-01,,,,27.2195,UTI Multi Asset Allocation Fund
2016-04-04,,,,27.2717,UTI Multi Asset Allocation Fund
2016-04-05,,,,26.9765,UTI Multi Asset Allocation Fund
2016-04-06,,,,27.0255,UTI Multi Asset Allocation Fund
2016-04-07,,,,26.9352,UTI Multi Asset Allocation Fund
2016-04-08,,,,26.997,UTI Multi Asset Allocation Fund
2016-04-11,,,,27.2534,UTI Multi Asset Allocation Fund
2016-04-12,,,,27.4614,UTI Multi Asset Allocation Fund
2016-04-13,,,,27.7633,UTI Multi Asset Allocation Fund
2016-04-18,,,,27.8775,UTI Multi Asset Allocation Fund
2016-04-20,,,,28.0224,UTI Multi Asset Allocation Fund
2016-04-21,,,,28.0355,UTI Multi Asset Allocation Fund
2016-04-22,,,,27.9845,UTI Multi Asset Allocation Fund
2016-04-25,,,,27.7941,UTI Multi Asset Allocation Fund
2016-04-26,,,,27.9803,UTI Multi Asset Allocation Fund
2016-04-27,,,,28.0798,UTI Multi Asset Allocation Fund
2016-04-28,,,,27.8112,UTI Multi Asset Allocation Fund
2016-04-29,,,,27.8568,UTI Multi Asset Allocation Fund
2016-05-02,,,,27.8678,UTI Multi Asset Allocation Fund
2016-05-03,,,,27.7017,UTI Multi Asset Allocation Fund
2016-05-04,,,,27.5231,UTI Multi Asset Allocation Fund
2016-05-05,,,,27.5987,UTI Multi Asset Allocation Fund
2016-05-06,,,,27.6312,UTI Multi Asset Allocation Fund
2016-05-09,,,,27.9311,UTI Multi Asset Allocation Fund
2016-05-10,,,,27.9473,UTI Multi Asset Allocation Fund
2016-05-11,,,,27.9033,UTI Multi Asset Allocation Fund
2016-05-12,,,,28.0334,UTI Multi Asset Allocation Fund
2016-05-13,,,,27.9368,UTI Multi Asset Allocation Fund
2016-05-16,,,,28.0049,UTI Multi Asset Allocation Fund
2016-05-17,,,,28.0561,UTI Multi Asset Allocation Fund
2016-05-18,,,,28.0557,UTI Multi Asset Allocation Fund
2016-05-19,,,,27.7988,UTI Multi Asset Allocation Fund
2016-05-20,,,,27.7342,UTI Multi Asset Allocation Fund
2016-05-23,,,,27.6011,UTI Multi Asset Allocation Fund
2016-05-24,,,,27.6056,UTI Multi Asset Allocation Fund
2016-05-25,,,,27.9153,UTI Multi Asset Allocation Fund
2016-05-26,,,,28.1864,UTI Multi Asset Allocation Fund
2016-05-27,,,,28.2845,UTI Multi Asset Allocation Fund
2016-05-30,,,,28.3885,UTI Multi Asset Allocation Fund
2016-05-31,,,,28.3455,UTI Multi Asset Allocation Fund
2016-06-01,,,,28.4174,UTI Multi Asset Allocation Fund
2016-06-02,,,,28.4591,UTI Multi Asset Allocation Fund
2016-06-03,,,,28.4486,UTI Multi Asset Allocation Fund
2016-06-06,,,,28.5416,UTI Multi Asset Allocation Fund
2016-06-07,,,,28.6564,UTI Multi Asset Allocation Fund
2016-06-08,,,,28.7127,UTI Multi Asset Allocation Fund
2016-06-09,,,,28.622,UTI Multi Asset Allocation Fund
2016-06-10,,,,28.6018,UTI Multi Asset Allocation Fund
2016-06-13,,,,28.5154,UTI Multi Asset Allocation Fund
2016-06-14,,,,28.5038,UTI Multi Asset Allocation Fund
2016-06-15,,,,28.7177,UTI Multi Asset Allocation Fund
2016-06-16,,,,28.6575,UTI Multi Asset Allocation Fund
2016-06-17,,,,28.6581,UTI Multi Asset Allocation Fund
2016-06-20,,,,28.8026,UTI Multi Asset Allocation Fund
2016-06-21,,,,28.8443,UTI Multi Asset Allocation Fund
2016-06-22,,,,28.7401,UTI Multi Asset Allocation Fund
2016-06-23,,,,28.8208,UTI Multi Asset Allocation Fund
2016-06-24,,,,28.5359,UTI Multi Asset Allocation Fund
2016-06-27,,,,28.7432,UTI Multi Asset Allocation Fund
2016-06-28,,,,28.7794,UTI Multi Asset Allocation Fund
2016-06-29,,,,28.9961,UTI Multi Asset Allocation Fund
2016-06-30,,,,29.1046,UTI Multi Asset Allocation Fund
2016-07-01,,,,29.2441,UTI Multi Asset Allocation Fund
2016-07-04,,,,29.4794,UTI Multi Asset Allocation Fund
2016-07-05,,,,29.4065,UTI Multi Asset Allocation Fund
2016-07-07,,,,29.6232,UTI Multi Asset Allocation Fund
2016-07-08,,,,29.5965,UTI Multi Asset Allocation Fund
2016-07-11,,,,29.8826,UTI Multi Asset Allocation Fund
2016-07-12,,,,29.9785,UTI Multi Asset Allocation Fund
2016-07-13,,,,29.9342,UTI Multi Asset Allocation Fund
2016-07-14,,,,29.9598,UTI Multi Asset Allocation Fund
2016-07-15,,,,29.899,UTI Multi Asset Allocation Fund
2016-07-18,,,,29.8458,UTI Multi Asset Allocation Fund
2016-07-19,,,,29.8894,UTI Multi Asset Allocation Fund
2016-07-20,,,,30.0367,UTI Multi Asset Allocation Fund
2016-07-21,,,,29.9456,UTI Multi Asset Allocation Fund
2016-07-22,,,,30.0479,UTI Multi Asset Allocation Fund
2016-07-25,,,,30.2474,UTI Multi Asset Allocation Fund
2016-07-26,,,,30.136,UTI Multi Asset Allocation Fund
2016-07-27,,,,30.1982,UTI Multi Asset Allocation Fund
2016-07-28,,,,30.3234,UTI Multi Asset Allocation Fund
2016-07-29,,,,30.2524,UTI Multi Asset Allocation Fund
2016-08-01,,,,30.264,UTI Multi Asset Allocation Fund
2016-08-02,,,,30.2192,UTI Multi Asset Allocation Fund
2016-08-03,,,,30.1539,UTI Multi Asset Allocation Fund
2016-08-04,,,,30.1657,UTI Multi Asset Allocation Fund
2016-08-05,,,,30.4701,UTI Multi Asset Allocation Fund
2016-08-08,,,,30.4841,UTI Multi Asset Allocation Fund
2016-08-09,,,,30.3942,UTI Multi Asset Allocation Fund
2016-08-10,,,,30.1747,UTI Multi Asset Allocation Fund
2016-08-11,,,,30.1718,UTI Multi Asset Allocation Fund
2016-08-12,,,,30.1452,UTI Multi Asset Allocation Fund
2016-08-16,,,,30.0453,UTI Multi Asset Allocation Fund
2016-08-17,,,,30.0504,UTI Multi Asset Allocation Fund
2016-08-18,,,,30.1888,UTI Multi Asset Allocation Fund
2016-08-19,,,,30.2868,UTI Multi Asset Allocation Fund
2016-08-22,,,,30.0728,UTI Multi Asset Allocation Fund
2016-08-23,,,,30.0822,UTI Multi Asset Allocation Fund
2016-08-24,,,,30.2002,UTI Multi Asset Allocation Fund
2016-08-25,,,,30.081,UTI Multi Asset Allocation Fund
2016-08-26,,,,30.0703,UTI Multi Asset Allocation Fund
2016-08-29,,,,30.088,UTI Multi Asset Allocation Fund
2016-08-30,,,,30.3804,UTI Multi Asset Allocation Fund
2016-08-31,,,,30.469,UTI Multi Asset Allocation Fund
2016-09-01,,,,30.3692,UTI Multi Asset Allocation Fund
2016-09-02,,,,30.4434,UTI Multi Asset Allocation Fund
2016-09-06,,,,30.6718,UTI Multi Asset Allocation Fund
2016-09-07,,,,30.6814,UTI Multi Asset Allocation Fund
2016-09-08,,,,30.7576,UTI Multi Asset Allocation Fund
2016-09-09,,,,30.6054,UTI Multi Asset Allocation Fund
2016-09-12,,,,30.298,UTI Multi Asset Allocation Fund
2016-09-14,,,,30.323,UTI Multi Asset Allocation Fund
2016-09-15,,,,30.4184,UTI Multi Asset Allocation Fund
2016-09-16,,,,30.4168,UTI Multi Asset Allocation Fund
2016-09-19,,,,30.5134,UTI Multi Asset Allocation Fund
2016-09-20,,,,30.5525,UTI Multi Asset Allocation Fund
2016-09-21,,,,30.5648,UTI Multi Asset Allocation Fund
2016-09-22,,,,30.7662,UTI Multi Asset Allocation Fund
2016-09-23,,,,30.7334,UTI Multi Asset Allocation Fund
2016-09-26,,,,30.5788,UTI Multi Asset Allocation Fund
2016-09-27,,,,30.5564,UTI Multi Asset Allocation Fund
2016-09-28,,,,30.6412,UTI Multi Asset Allocation Fund
2016-09-29,,,,30.2551,UTI Multi Asset Allocation Fund
2016-09-30,,,,30.4618,UTI Multi Asset Allocation Fund
2016-10-03,,,,30.7967,UTI Multi Asset Allocation Fund
2016-10-04,,,,30.8394,UTI Multi Asset Allocation Fund
2016-10-05,,,,30.8329,UTI Multi Asset Allocation Fund
2016-10-06,,,,30.7647,UTI Multi Asset Allocation Fund
2016-10-07,,,,30.7425,UTI Multi Asset Allocation Fund
2016-10-10,,,,30.7918,UTI Multi Asset Allocation Fund
2016-10-13,,,,30.5064,UTI Multi Asset Allocation Fund
2016-10-14,,,,30.5525,UTI Multi Asset Allocation Fund
2016-10-17,,,,30.3355,UTI Multi Asset Allocation Fund
2016-10-18,,,,30.6177,UTI Multi Asset Allocation Fund
2016-10-19,,,,30.6495,UTI Multi Asset Allocation Fund
2016-10-20,,,,30.7156,UTI Multi Asset Allocation Fund
2016-10-21,,,,30.7146,UTI Multi Asset Allocation Fund
2016-10-24,,,,30.7031,UTI Multi Asset Allocation Fund
2016-10-25,,,,30.645,UTI Multi Asset Allocation Fund
2016-10-26,,,,30.4723,UTI Multi Asset Allocation Fund
2016-10-27,,,,30.4105,UTI Multi Asset Allocation Fund
2016-10-28,,,,30.5101,UTI Multi Asset Allocation Fund
2016-11-01,,,,30.5836,UTI Multi Asset Allocation Fund
2016-11-02,,,,30.3584,UTI Multi Asset Allocation Fund
2016-11-03,,,,30.2172,UTI Multi Asset Allocation Fund
2016-11-04,,,,30.0732,UTI Multi Asset Allocation Fund
2016-11-07,,,,30.2005,UTI Multi Asset Allocation Fund
2016-11-08,,,,30.2816,UTI Multi Asset Allocation Fund
2016-11-09,,,,30.2643,UTI Multi Asset Allocation Fund
2016-11-10,,,,30.4878,UTI Multi Asset Allocation Fund
2016-11-11,,,,29.9965,UTI Multi Asset Allocation Fund
2016-11-15,,,,29.5756,UTI Multi Asset Allocation Fund
2016-11-16,,,,29.5412,UTI Multi Asset Allocation Fund
2016-11-17,,,,29.4649,UTI Multi Asset Allocation Fund
2016-11-18,,,,29.3886,UTI Multi Asset Allocation Fund
2016-11-21,,,,29.0891,UTI Multi Asset Allocation Fund
2016-11-22,,,,29.2417,UTI Multi Asset Allocation Fund
2016-11-23,,,,29.3288,UTI Multi Asset Allocation Fund
2016-11-24,,,,29.1722,UTI Multi Asset Allocation Fund
2016-11-25,,,,29.5627,UTI Multi Asset Allocation Fund
2016-11-28,,,,29.5853,UTI Multi Asset Allocation Fund
2016-11-29,,,,29.6517,UTI Multi Asset Allocation Fund
2016-11-30,,,,29.795,UTI Multi Asset Allocation Fund
2016-12-01,,,,29.6882,UTI Multi Asset Allocation Fund
2016-12-02,,,,29.472,UTI Multi Asset Allocation Fund
2016-12-05,,,,29.5355,UTI Multi Asset Allocation Fund
2016-12-06,,,,29.5844,UTI Multi Asset Allocation Fund
2016-12-07,,,,29.4385,UTI Multi Asset Allocation Fund
2016-12-08,,,,29.7102,UTI Multi Asset Allocation Fund
2016-12-09,,,,29.7416,UTI Multi Asset Allocation Fund
2016-12-12,,,,29.5428,UTI Multi Asset Allocation Fund
2016-12-13,,,,29.6065,UTI Multi Asset Allocation Fund
2016-12-14,,,,29.4985,UTI Multi Asset Allocation Fund
2016-12-15,,,,29.3907,UTI Multi Asset Allocation Fund
2016-12-16,,,,29.355,UTI Multi Asset Allocation Fund
2016-12-19,,,,29.3312,UTI Multi Asset Allocation Fund
2016-12-20,,,,29.2553,UTI Multi Asset Allocation Fund
2016-12-21,,,,29.2269,UTI Multi Asset Allocation Fund
2016-12-22,,,,28.9987,UTI Multi Asset Allocation Fund
2016-12-23,,,,29.0519,UTI Multi Asset Allocation Fund
2016-12-26,,,,28.7692,UTI Multi Asset Allocation Fund
2016-12-27,,,,29.067,UTI Multi Asset Allocation Fund
2016-12-28,,,,29.1098,UTI Multi Asset Allocation Fund
2016-12-29,,,,29.2769,UTI Multi Asset Allocation Fund
2016-12-30,,,,29.4869,UTI Multi Asset Allocation Fund
2017-01-02,,,,29.5595,UTI Multi Asset Allocation Fund
2017-01-03,,,,29.6515,UTI Multi Asset Allocation Fund
2017-01-04,,,,29.704,UTI Multi Asset Allocation Fund
2017-01-05,,,,29.898,UTI Multi Asset Allocation Fund
2017-01-06,,,,29.8,UTI Multi Asset Allocation Fund
2017-01-09,,,,29.73,UTI Multi Asset Allocation Fund
2017-01-10,,,,29.8354,UTI Multi Asset Allocation Fund
2017-01-11,,,,30.1196,UTI Multi Asset Allocation Fund
2017-01-12,,,,30.1955,UTI Multi Asset Allocation Fund
2017-01-13,,,,30.1388,UTI Multi Asset Allocation Fund
2017-01-16,,,,30.2055,UTI Multi Asset Allocation Fund
2017-01-17,,,,30.1824,UTI Multi Asset Allocation Fund
2017-01-18,,,,30.2491,UTI Multi Asset Allocation Fund
2017-01-19,,,,30.3548,UTI Multi Asset Allocation Fund
2017-01-20,,,,30.1591,UTI Multi Asset Allocation Fund
2017-01-23,,,,30.2446,UTI Multi Asset Allocation Fund
2017-01-24,,,,30.4756,UTI Multi Asset Allocation Fund
2017-01-25,,,,30.6412,UTI Multi Asset Allocation Fund
2017-01-27,,,,30.6978,UTI Multi Asset Allocation Fund
2017-01-30,,,,30.7763,UTI Multi Asset Allocation Fund
2017-01-31,,,,30.5338,UTI Multi Asset Allocation Fund
2017-02-01,,,,30.8272,UTI Multi Asset Allocation Fund
2017-02-02,,,,30.9387,UTI Multi Asset Allocation Fund
2017-02-03,,,,31.0328,UTI Multi Asset Allocation Fund
2017-02-06,,,,31.1707,UTI Multi Asset Allocation Fund
2017-02-07,,,,31.1167,UTI Multi Asset Allocation Fund
2017-02-08,,,,31.1503,UTI Multi Asset Allocation Fund
2017-02-09,,,,31.1901,UTI Multi Asset Allocation Fund
2017-02-10,,,,31.127,UTI Multi Asset Allocation Fund
2017-02-13,,,,31.1286,UTI Multi Asset Allocation Fund
2017-02-14,,,,31.1266,UTI Multi Asset Allocation Fund
2017-02-15,,,,30.9138,UTI Multi Asset Allocation Fund
2017-02-16,,,,31.122,UTI Multi Asset Allocation Fund
2017-02-17,,,,31.2657,UTI Multi Asset Allocation Fund
2017-02-20,,,,31.4172,UTI Multi Asset Allocation Fund
2017-02-21,,,,31.4643,UTI Multi Asset Allocation Fund
2017-02-22,,,,31.3819,UTI Multi Asset Allocation Fund
2017-02-23,,,,31.3782,UTI Multi Asset Allocation Fund
2017-02-27,,,,31.3368,UTI Multi Asset Allocation Fund
2017-02-28,,,,31.3208,UTI Multi Asset Allocation Fund
2017-03-01,,,,31.3703,UTI Multi Asset Allocation Fund
2017-03-02,,,,31.2125,UTI Multi Asset Allocation Fund
2017-03-03,,,,31.3133,UTI Multi Asset Allocation Fund
2017-03-06,,,,31.3942,UTI Multi Asset Allocation Fund
2017-03-07,,,,31.3524,UTI Multi Asset Allocation Fund
2017-03-08,,,,31.2377,UTI Multi Asset Allocation Fund
2017-03-09,,,,31.213,UTI Multi Asset Allocation Fund
2017-03-10,,,,31.1774,UTI Multi Asset Allocation Fund
2017-03-14,,,,31.4021,UTI Multi Asset Allocation Fund
2017-03-15,,,,31.465,UTI Multi Asset Allocation Fund
2017-03-16,,,,31.6222,UTI Multi Asset Allocation Fund
2017-03-17,,,,31.5713,UTI Multi Asset Allocation Fund
2017-03-20,,,,31.5233,UTI Multi Asset Allocation Fund
2017-03-21,,,,31.5239,UTI Multi Asset Allocation Fund
2017-03-22,,,,31.4169,UTI Multi Asset Allocation Fund
2017-03-23,,,,31.558,UTI Multi Asset Allocation Fund
2017-03-24,,,,31.5829,UTI Multi Asset Allocation Fund
2017-03-27,,,,31.5041,UTI Multi Asset Allocation Fund
2017-03-28,,,,31.598,UTI Multi Asset Allocation Fund
2017-03-29,,,,31.6661,UTI Multi Asset Allocation Fund
2017-03-30,,,,31.7226,UTI Multi Asset Allocation Fund
2017-03-31,,,,31.7814,UTI Multi Asset Allocation Fund
2017-04-03,,,,31.8844,UTI Multi Asset Allocation Fund
2017-04-05,,,,31.9292,UTI Multi Asset Allocation Fund
2017-04-06,,,,31.8954,UTI Multi Asset Allocation Fund
2017-04-07,,,,31.7782,UTI Multi Asset Allocation Fund
2017-04-10,,,,31.7835,UTI Multi Asset Allocation Fund
2017-04-11,,,,31.9034,UTI Multi Asset Allocation Fund
2017-04-12,,,,31.8668,UTI Multi Asset Allocation Fund
2017-04-13,,,,31.8399,UTI Multi Asset Allocation Fund
2017-04-17,,,,31.9094,UTI Multi Asset Allocation Fund
2017-04-18,,,,31.8659,UTI Multi Asset Allocation Fund
2017-04-19,,,,31.964,UTI Multi Asset Allocation Fund
2017-04-20,,,,32.071,UTI Multi Asset Allocation Fund
2017-04-21,,,,32.031,UTI Multi Asset Allocation Fund
2017-04-24,,,,32.2052,UTI Multi Asset Allocation Fund
2017-04-25,,,,32.3578,UTI Multi Asset Allocation Fund
2017-04-26,,,,32.3747,UTI Multi Asset Allocation Fund
2017-04-27,,,,32.3735,UTI Multi Asset Allocation Fund
2017-04-28,,,,32.4063,UTI Multi Asset Allocation Fund
2017-05-02,,,,32.3764,UTI Multi Asset Allocation Fund
2017-05-03,,,,32.3486,UTI Multi Asset Allocation Fund
2017-05-04,,,,32.4744,UTI Multi Asset Allocation Fund
2017-05-05,,,,32.3502,UTI Multi Asset Allocation Fund
2017-05-08,,,,32.4364,UTI Multi Asset Allocation Fund
2017-05-09,,,,32.4646,UTI Multi Asset Allocation Fund
2017-05-10,,,,32.6007,UTI Multi Asset Allocation Fund
2017-05-11,,,,32.5529,UTI Multi Asset Allocation Fund
2017-05-12,,,,32.5624,UTI Multi Asset Allocation Fund
2017-05-15,,,,32.694,UTI Multi Asset Allocation Fund
2017-05-16,,,,32.7641,UTI Multi Asset Allocation Fund
2017-05-17,,,,32.7804,UTI Multi Asset Allocation Fund
2017-05-18,,,,32.6181,UTI Multi Asset Allocation Fund
2017-05-19,,,,32.529,UTI Multi Asset Allocation Fund
2017-05-22,,,,32.3798,UTI Multi Asset Allocation Fund
2017-05-23,,,,32.2273,UTI Multi Asset Allocation Fund
2017-05-24,,,,32.0606,UTI Multi Asset Allocation Fund
2017-05-25,,,,32.3265,UTI Multi Asset Allocation Fund
2017-05-26,,,,32.5032,UTI Multi Asset Allocation Fund
2017-05-29,,,,32.3831,UTI Multi Asset Allocation Fund
2017-05-30,,,,32.5163,UTI Multi Asset Allocation Fund
2017-05-31,,,,32.6198,UTI Multi Asset Allocation Fund
2017-06-01,,,,32.6427,UTI Multi Asset Allocation Fund
2017-06-02,,,,32.7021,UTI Multi Asset Allocation Fund
2017-06-05,,,,32.7658,UTI Multi Asset Allocation Fund
2017-06-06,,,,32.678,UTI Multi Asset Allocation Fund
2017-06-07,,,,32.7394,UTI Multi Asset Allocation Fund
2017-06-08,,,,32.7367,UTI Multi Asset Allocation Fund
2017-06-09,,,,32.7414,UTI Multi Asset Allocation Fund
2017-06-12,,,,32.6328,UTI Multi Asset Allocation Fund
2017-06-13,,,,32.5948,UTI Multi Asset Allocation Fund
2017-06-14,,,,32.5807,UTI Multi Asset Allocation Fund
2017-06-15,,,,32.5342,UTI Multi Asset Allocation Fund
2017-06-16,,,,32.5581,UTI Multi Asset Allocation Fund
2017-06-19,,,,32.6121,UTI Multi Asset Allocation Fund
2017-06-20,,,,32.6789,UTI Multi Asset Allocation Fund
2017-06-21,,,,32.6212,UTI Multi Asset Allocation Fund
2017-06-22,,,,32.5576,UTI Multi Asset Allocation Fund
2017-06-23,,,,32.4333,UTI Multi Asset Allocation Fund
2017-06-27,,,,32.395,UTI Multi Asset Allocation Fund
2017-06-28,,,,32.4452,UTI Multi Asset Allocation Fund
2017-06-29,,,,32.51,UTI Multi Asset Allocation Fund
2017-06-30,,,,32.609,UTI Multi Asset Allocation Fund
2017-07-03,,,,32.7946,UTI Multi Asset Allocation Fund
2017-07-04,,,,32.7233,UTI Multi Asset Allocation Fund
2017-07-05,,,,32.8816,UTI Multi Asset Allocation Fund
2017-07-06,,,,32.8854,UTI Multi Asset Allocation Fund
2017-07-07,,,,32.809,UTI Multi Asset Allocation Fund
2017-07-10,,,,32.9659,UTI Multi Asset Allocation Fund
2017-07-11,,,,32.9245,UTI Multi Asset Allocation Fund
2017-07-12,,,,32.9946,UTI Multi Asset Allocation Fund
2017-07-13,,,,33.102,UTI Multi Asset Allocation Fund
2017-07-14,,,,33.0619,UTI Multi Asset Allocation Fund
2017-07-17,,,,33.1197,UTI Multi Asset Allocation Fund
2017-07-18,,,,33.0059,UTI Multi Asset Allocation Fund
2017-07-19,,,,33.1897,UTI Multi Asset Allocation Fund
2017-07-20,,,,33.1391,UTI Multi Asset Allocation Fund
2017-07-21,,,,33.1362,UTI Multi Asset Allocation Fund
2017-07-24,,,,33.1912,UTI Multi Asset Allocation Fund
2017-07-25,,,,33.2405,UTI Multi Asset Allocation Fund
2017-07-26,,,,33.2997,UTI Multi Asset Allocation Fund
2017-07-27,,,,33.2049,UTI Multi Asset Allocation Fund
2017-07-28,,,,33.1268,UTI Multi Asset Allocation Fund
2017-07-31,,,,33.2209,UTI Multi Asset Allocation Fund
2017-08-01,,,,33.2995,UTI Multi Asset Allocation Fund
2017-08-02,,,,33.2035,UTI Multi Asset Allocation Fund
2017-08-03,,,,33.1213,UTI Multi Asset Allocation Fund
2017-08-04,,,,33.2082,UTI Multi Asset Allocation Fund
2017-08-07,,,,33.2799,UTI Multi Asset Allocation Fund
2017-08-08,,,,33.0785,UTI Multi Asset Allocation Fund
2017-08-09,,,,32.9241,UTI Multi Asset Allocation Fund
2017-08-10,,,,32.6906,UTI Multi Asset Allocation Fund
2017-08-11,,,,32.5763,UTI Multi Asset Allocation Fund
2017-08-14,,,,32.8535,UTI Multi Asset Allocation Fund
2017-08-16,,,,33.0324,UTI Multi Asset Allocation Fund
2017-08-17,,,,33.1268,UTI Multi Asset Allocation Fund
2017-08-18,,,,33.0002,UTI Multi Asset Allocation Fund
2017-08-21,,,,32.7936,UTI Multi Asset Allocation Fund
2017-08-22,,,,32.793,UTI Multi Asset Allocation Fund
2017-08-23,,,,32.9612,UTI Multi Asset Allocation Fund
2017-08-24,,,,33.0415,UTI Multi Asset Allocation Fund
2017-08-28,,,,33.2087,UTI Multi Asset Allocation Fund
2017-08-29,,,,33.0578,UTI Multi Asset Allocation Fund
2017-08-30,,,,33.2067,UTI Multi Asset Allocation Fund
2017-08-31,,,,33.2193,UTI Multi Asset Allocation Fund
2017-09-01,,,,33.4127,UTI Multi Asset Allocation Fund
2017-09-04,,,,33.3653,UTI Multi Asset Allocation Fund
2017-09-05,,,,33.3971,UTI Multi Asset Allocation Fund
2017-09-06,,,,33.3719,UTI Multi Asset Allocation Fund
2017-09-07,,,,33.4432,UTI Multi Asset Allocation Fund
2017-09-08,,,,33.4605,UTI Multi Asset Allocation Fund
2017-09-11,,,,33.5947,UTI Multi Asset Allocation Fund
2017-09-12,,,,33.7264,UTI Multi Asset Allocation Fund
2017-09-13,,,,33.6376,UTI Multi Asset Allocation Fund
2017-09-14,,,,33.6438,UTI Multi Asset Allocation Fund
2017-09-15,,,,33.677,UTI Multi Asset Allocation Fund
2017-09-18,,,,33.708,UTI Multi Asset Allocation Fund
2017-09-19,,,,33.7407,UTI Multi Asset Allocation Fund
2017-09-20,,,,33.7562,UTI Multi Asset Allocation Fund
2017-09-21,,,,33.7127,UTI Multi Asset Allocation Fund
2017-09-22,,,,33.3223,UTI Multi Asset Allocation Fund
2017-09-25,,,,33.1252,UTI Multi Asset Allocation Fund
2017-09-26,,,,33.2118,UTI Multi Asset Allocation Fund
2017-09-27,,,,33.002,UTI Multi Asset Allocation Fund
2017-09-28,,,,33.0985,UTI Multi Asset Allocation Fund
2017-09-29,,,,33.2185,UTI Multi Asset Allocation Fund
2017-10-03,,,,33.3022,UTI Multi Asset Allocation Fund
2017-10-04,,,,33.3188,UTI Multi Asset Allocation Fund
2017-10-05,,,,33.3224,UTI Multi Asset Allocation Fund
2017-10-06,,,,33.4911,UTI Multi Asset Allocation Fund
2017-10-09,,,,33.4989,UTI Multi Asset Allocation Fund
2017-10-10,,,,33.5455,UTI Multi Asset Allocation Fund
2017-10-11,,,,33.472,UTI Multi Asset Allocation Fund
2017-10-12,,,,33.6067,UTI Multi Asset Allocation Fund
2017-10-13,,,,33.6578,UTI Multi Asset Allocation Fund
2017-10-16,,,,33.7965,UTI Multi Asset Allocation Fund
2017-10-17,,,,33.7986,UTI Multi Asset Allocation Fund
2017-10-18,,,,33.7196,UTI Multi Asset Allocation Fund
2017-10-23,,,,33.7671,UTI Multi Asset Allocation Fund
2017-10-24,,,,33.8784,UTI Multi Asset Allocation Fund
2017-10-25,,,,34.1477,UTI Multi Asset Allocation Fund
2017-10-26,,,,34.2703,UTI Multi Asset Allocation Fund
2017-10-27,,,,34.2992,UTI Multi Asset Allocation Fund
2017-10-30,,,,34.4047,UTI Multi Asset Allocation Fund
2017-10-31,,,,34.343,UTI Multi Asset Allocation Fund
2017-11-01,,,,34.4599,UTI Multi Asset Allocation Fund
2017-11-02,,,,34.4909,UTI Multi Asset Allocation Fund
2017-11-03,,,,34.499,UTI Multi Asset Allocation Fund
2017-11-06,,,,34.5674,UTI Multi Asset Allocation Fund
2017-11-07,,,,34.3925,UTI Multi Asset Allocation Fund
2017-11-08,,,,34.376,UTI Multi Asset Allocation Fund
2017-11-09,,,,34.423,UTI Multi Asset Allocation Fund
2017-11-10,,,,34.4842,UTI Multi Asset Allocation Fund
2017-11-13,,,,34.3221,UTI Multi Asset Allocation Fund
2017-11-14,,,,34.1994,UTI Multi Asset Allocation Fund
2017-11-15,,,,34.0874,UTI Multi Asset Allocation Fund
2017-11-16,,,,34.2162,UTI Multi Asset Allocation Fund
2017-11-17,,,,34.3596,UTI Multi Asset Allocation Fund
2017-11-20,,,,34.4621,UTI Multi Asset Allocation Fund
2017-11-21,,,,34.4925,UTI Multi Asset Allocation Fund
2017-11-22,,,,34.5065,UTI Multi Asset Allocation Fund
2017-11-23,,,,34.5176,UTI Multi Asset Allocation Fund
2017-11-24,,,,34.5419,UTI Multi Asset Allocation Fund
2017-11-27,,,,34.5819,UTI Multi Asset Allocation Fund
2017-11-28,,,,34.5305,UTI Multi Asset Allocation Fund
2017-11-29,,,,34.5154,UTI Multi Asset Allocation Fund
2017-11-30,,,,34.4008,UTI Multi Asset Allocation Fund
2017-12-01,,,,34.2054,UTI Multi Asset Allocation Fund
2017-12-04,,,,34.1831,UTI Multi Asset Allocation Fund
2017-12-05,,,,34.0976,UTI Multi Asset Allocation Fund
2017-12-06,,,,33.9757,UTI Multi Asset Allocation Fund
2017-12-07,,,,34.2042,UTI Multi Asset Allocation Fund
2017-12-08,,,,34.3382,UTI Multi Asset Allocation Fund
2017-12-11,,,,34.4041,UTI Multi Asset Allocation Fund
2017-12-12,,,,34.2582,UTI Multi Asset Allocation Fund
2017-12-13,,,,34.1468,UTI Multi Asset Allocation Fund
2017-12-14,,,,34.2067,UTI Multi Asset Allocation Fund
2017-12-15,,,,34.3187,UTI Multi Asset Allocation Fund
2017-12-18,,,,34.4247,UTI Multi Asset Allocation Fund
2017-12-19,,,,34.617,UTI Multi Asset Allocation Fund
2017-12-20,,,,34.6111,UTI Multi Asset Allocation Fund
2017-12-21,,,,34.6772,UTI Multi Asset Allocation Fund
2017-12-22,,,,34.7519,UTI Multi Asset Allocation Fund
2017-12-26,,,,34.8043,UTI Multi Asset Allocation Fund
2017-12-27,,,,34.7824,UTI Multi Asset Allocation Fund
2017-12-28,,,,34.7773,UTI Multi Asset Allocation Fund
2017-12-29,,,,34.8661,UTI Multi Asset Allocation Fund
2018-01-01,,,,34.8165,UTI Multi Asset Allocation Fund
2018-01-02,,,,34.8108,UTI Multi Asset Allocation Fund
2018-01-03,,,,34.7911,UTI Multi Asset Allocation Fund
2018-01-04,,,,34.9676,UTI Multi Asset Allocation Fund
2018-01-05,,,,35.0877,UTI Multi Asset Allocation Fund
2018-01-08,,,,35.2243,UTI Multi Asset Allocation Fund
2018-01-09,,,,35.227,UTI Multi Asset Allocation Fund
2018-01-10,,,,35.1773,UTI Multi Asset Allocation Fund
2018-01-11,,,,35.2198,UTI Multi Asset Allocation Fund
2018-01-12,,,,35.2872,UTI Multi Asset Allocation Fund
2018-01-15,,,,35.3241,UTI Multi Asset Allocation Fund
2018-01-16,,,,35.1516,UTI Multi Asset Allocation Fund
2018-01-17,,,,35.3245,UTI Multi Asset Allocation Fund
2018-01-18,,,,35.2174,UTI Multi Asset Allocation Fund
2018-01-19,,,,35.3205,UTI Multi Asset Allocation Fund
2018-01-22,,,,35.3613,UTI Multi Asset Allocation Fund
2018-01-23,,,,35.5539,UTI Multi Asset Allocation Fund
2018-01-24,,,,35.5921,UTI Multi Asset Allocation Fund
2018-01-25,,,,35.5857,UTI Multi Asset Allocation Fund
2018-01-29,,,,35.5208,UTI Multi Asset Allocation Fund
2018-01-30,,,,35.4499,UTI Multi Asset Allocation Fund
2018-01-31,,,,35.3284,UTI Multi Asset Allocation Fund
2018-02-01,,,,35.2841,UTI Multi Asset Allocation Fund
2018-02-02,,,,34.8601,UTI Multi Asset Allocation Fund
2018-02-05,,,,34.8492,UTI Multi Asset Allocation Fund
2018-02-06,,,,34.6387,UTI Multi Asset Allocation Fund
2018-02-07,,,,34.6857,UTI Multi Asset Allocation Fund
2018-02-08,,,,34.8908,UTI Multi Asset Allocation Fund
2018-02-09,,,,34.7996,UTI Multi Asset Allocation Fund
2018-02-12,,,,34.9051,UTI Multi Asset Allocation Fund
2018-02-14,,,,34.9192,UTI Multi Asset Allocation Fund
2018-02-15,,,,34.8875,UTI Multi Asset Allocation Fund
2018-02-16,,,,34.7358,UTI Multi Asset Allocation Fund
2018-02-19,,,,34.5243,UTI Multi Asset Allocation Fund
2018-02-20,,,,34.5231,UTI Multi Asset Allocation Fund
2018-02-21,,,,34.5149,UTI Multi Asset Allocation Fund
2018-02-22,,,,34.4737,UTI Multi Asset Allocation Fund
2018-02-23,,,,34.7421,UTI Multi Asset Allocation Fund
2018-02-26,,,,34.8675,UTI Multi Asset Allocation Fund
2018-02-27,,,,34.8269,UTI Multi Asset Allocation Fund
2018-02-28,,,,34.7324,UTI Multi Asset Allocation Fund
2018-03-01,,,,34.72,UTI Multi Asset Allocation Fund
2018-03-05,,,,34.6295,UTI Multi Asset Allocation Fund
2018-03-06,,,,34.4506,UTI Multi Asset Allocation Fund
2018-03-07,,,,34.3013,UTI Multi Asset Allocation Fund
2018-03-08,,,,34.3703,UTI Multi Asset Allocation Fund
2018-03-09,,,,34.3411,UTI Multi Asset Allocation Fund
2018-03-12,,,,34.5551,UTI Multi Asset Allocation Fund
2018-03-13,,,,34.6365,UTI Multi Asset Allocation Fund
2018-03-14,,,,34.6585,UTI Multi Asset Allocation Fund
2018-03-15,,,,34.7117,UTI Multi Asset Allocation Fund
2018-03-16,,,,34.4756,UTI Multi Asset Allocation Fund
2018-03-19,,,,34.2825,UTI Multi Asset Allocation Fund
2018-03-20,,,,34.3644,UTI Multi Asset Allocation Fund
2018-03-21,,,,34.414,UTI Multi Asset Allocation Fund
2018-03-22,,,,34.3375,UTI Multi Asset Allocation Fund
2018-03-23,,,,34.2074,UTI Multi Asset Allocation Fund
2018-03-26,,,,34.2985,UTI Multi Asset Allocation Fund
2018-03-27,,,,34.4373,UTI Multi Asset Allocation Fund
2018-03-28,,,,34.3295,UTI Multi Asset Allocation Fund
2018-04-02,,,,34.5632,UTI Multi Asset Allocation Fund
2018-04-03,,,,34.6624,UTI Multi Asset Allocation Fund
2018-04-04,,,,34.5374,UTI Multi Asset Allocation Fund
2018-04-05,,,,34.7601,UTI Multi Asset Allocation Fund
2018-04-06,,,,34.8468,UTI Multi Asset Allocation Fund
2018-04-09,,,,34.8558,UTI Multi Asset Allocation Fund
2018-04-10,,,,34.8428,UTI Multi Asset Allocation Fund
2018-04-11,,,,34.8618,UTI Multi Asset Allocation Fund
2018-04-12,,,,34.9166,UTI Multi Asset Allocation Fund
2018-04-13,,,,34.9194,UTI Multi Asset Allocation Fund
2018-04-16,,,,34.9766,UTI Multi Asset Allocation Fund
2018-04-17,,,,35.0265,UTI Multi Asset Allocation Fund
2018-04-18,,,,35.0037,UTI Multi Asset Allocation Fund
2018-04-19,,,,35.0525,UTI Multi Asset Allocation Fund
2018-04-20,,,,35.085,UTI Multi Asset Allocation Fund
2018-04-23,,,,35.1678,UTI Multi Asset Allocation Fund
2018-04-24,,,,35.1431,UTI Multi Asset Allocation Fund
2018-04-25,,,,35.1145,UTI Multi Asset Allocation Fund
2018-04-26,,,,35.1639,UTI Multi Asset Allocation Fund
2018-04-27,,,,35.2394,UTI Multi Asset Allocation Fund
2018-04-30,,,,35.327,UTI Multi Asset Allocation Fund
2018-05-02,,,,35.1887,UTI Multi Asset Allocation Fund
2018-05-03,,,,35.0849,UTI Multi Asset Allocation Fund
2018-05-04,,,,34.9378,UTI Multi Asset Allocation Fund
2018-05-07,,,,35.0864,UTI Multi Asset Allocation Fund
2018-05-08,,,,35.1445,UTI Multi Asset Allocation Fund
2018-05-09,,,,35.0896,UTI Multi Asset Allocation Fund
2018-05-10,,,,34.9615,UTI Multi Asset Allocation Fund
2018-05-11,,,,35.05,UTI Multi Asset Allocation Fund
2018-05-14,,,,34.9915,UTI Multi Asset Allocation Fund
2018-05-15,,,,34.9474,UTI Multi Asset Allocation Fund
2018-05-16,,,,34.8364,UTI Multi Asset Allocation Fund
2018-05-17,,,,34.7826,UTI Multi Asset Allocation Fund
2018-05-18,,,,34.6235,UTI Multi Asset Allocation Fund
2018-05-21,,,,34.4703,UTI Multi Asset Allocation Fund
2018-05-22,,,,34.5342,UTI Multi Asset Allocation Fund
2018-05-23,,,,34.4835,UTI Multi Asset Allocation Fund
2018-05-24,,,,34.6013,UTI Multi Asset Allocation Fund
2018-05-25,,,,34.8553,UTI Multi Asset Allocation Fund
2018-05-28,,,,35.1095,UTI Multi Asset Allocation Fund
2018-05-29,,,,34.9812,UTI Multi Asset Allocation Fund
2018-05-30,,,,35.0496,UTI Multi Asset Allocation Fund
2018-05-31,,,,35.1452,UTI Multi Asset Allocation Fund
2018-06-01,,,,34.8969,UTI Multi Asset Allocation Fund
2018-06-04,,,,34.6968,UTI Multi Asset Allocation Fund
2018-06-05,,,,34.5668,UTI Multi Asset Allocation Fund
2018-06-06,,,,34.7179,UTI Multi Asset Allocation Fund
2018-06-07,,,,34.8345,UTI Multi Asset Allocation Fund
2018-06-08,,,,34.9498,UTI Multi Asset Allocation Fund
2018-06-11,,,,34.999,UTI Multi Asset Allocation Fund
2018-06-12,,,,35.0503,UTI Multi Asset Allocation Fund
2018-06-13,,,,35.0668,UTI Multi Asset Allocation Fund
2018-06-14,,,,35.004,UTI Multi Asset Allocation Fund
2018-06-15,,,,34.9931,UTI Multi Asset Allocation Fund
2018-06-18,,,,35.0353,UTI Multi Asset Allocation Fund
2018-06-19,,,,34.8217,UTI Multi Asset Allocation Fund
2018-06-20,,,,34.8578,UTI Multi Asset Allocation Fund
2018-06-21,,,,34.7991,UTI Multi Asset Allocation Fund
2018-06-22,,,,34.8959,UTI Multi Asset Allocation Fund
2018-06-25,,,,34.7227,UTI Multi Asset Allocation Fund
2018-06-26,,,,34.6958,UTI Multi Asset Allocation Fund
2018-06-27,,,,34.567,UTI Multi Asset Allocation Fund
2018-06-28,,,,34.4216,UTI Multi Asset Allocation Fund
2018-06-29,,,,34.5834,UTI Multi Asset Allocation Fund
2018-07-02,,,,34.447,UTI Multi Asset Allocation Fund
2018-07-03,,,,34.5523,UTI Multi Asset Allocation Fund
2018-07-04,,,,34.6002,UTI Multi Asset Allocation Fund
2018-07-05,,,,34.548,UTI Multi Asset Allocation Fund
2018-07-06,,,,34.5536,UTI Multi Asset Allocation Fund
2018-07-09,,,,34.7535,UTI Multi Asset Allocation Fund
2018-07-10,,,,34.8582,UTI Multi Asset Allocation Fund
2018-07-11,,,,34.7895,UTI Multi Asset Allocation Fund
2018-07-12,,,,34.8176,UTI Multi Asset Allocation Fund
2018-07-13,,,,34.7298,UTI Multi Asset Allocation Fund
2018-07-16,,,,34.4098,UTI Multi Asset Allocation Fund
2018-07-17,,,,34.59,UTI Multi Asset Allocation Fund
2018-07-18,,,,34.4361,UTI Multi Asset Allocation Fund
2018-07-19,,,,34.3452,UTI Multi Asset Allocation Fund
2018-07-20,,,,34.4601,UTI Multi Asset Allocation Fund
2018-07-23,,,,34.5489,UTI Multi Asset Allocation Fund
2018-07-24,,,,34.8579,UTI Multi Asset Allocation Fund
2018-07-25,,,,34.8273,UTI Multi Asset Allocation Fund
2018-07-26,,,,34.8747,UTI Multi Asset Allocation Fund
2018-07-27,,,,35.0867,UTI Multi Asset Allocation Fund
2018-07-30,,,,35.2042,UTI Multi Asset Allocation Fund
2018-07-31,,,,35.2077,UTI Multi Asset Allocation Fund
2018-08-01,,,,35.1958,UTI Multi Asset Allocation Fund
2018-08-02,,,,35.1176,UTI Multi Asset Allocation Fund
2018-08-03,,,,35.2425,UTI Multi Asset Allocation Fund
2018-08-06,,,,35.2923,UTI Multi Asset Allocation Fund
2018-08-07,,,,35.2383,UTI Multi Asset Allocation Fund
2018-08-08,,,,35.2463,UTI Multi Asset Allocation Fund
2018-08-09,,,,35.3223,UTI Multi Asset Allocation Fund
2018-08-10,,,,35.2271,UTI Multi Asset Allocation Fund
2018-08-13,,,,35.1701,UTI Multi Asset Allocation Fund
2018-08-14,,,,35.2599,UTI Multi Asset Allocation Fund
2018-08-16,,,,35.2704,UTI Multi Asset Allocation Fund
2018-08-17,,,,35.4092,UTI Multi Asset Allocation Fund
2018-08-20,,,,35.4417,UTI Multi Asset Allocation Fund
2018-08-21,,,,35.5396,UTI Multi Asset Allocation Fund
2018-08-23,,,,35.5868,UTI Multi Asset Allocation Fund
2018-08-24,,,,35.5382,UTI Multi Asset Allocation Fund
2018-08-27,,,,35.7317,UTI Multi Asset Allocation Fund
2018-08-28,,,,35.7262,UTI Multi Asset Allocation Fund
2018-08-29,,,,35.7121,UTI Multi Asset Allocation Fund
2018-08-30,,,,35.8115,UTI Multi Asset Allocation Fund
2018-08-31,,,,35.892,UTI Multi Asset Allocation Fund
2018-09-03,,,,35.7801,UTI Multi Asset Allocation Fund
2018-09-04,,,,35.557,UTI Multi Asset Allocation Fund
2018-09-05,,,,35.5304,UTI Multi Asset Allocation Fund
2018-09-06,,,,35.6754,UTI Multi Asset Allocation Fund
2018-09-07,,,,35.8191,UTI Multi Asset Allocation Fund
2018-09-10,,,,35.6105,UTI Multi Asset Allocation Fund
2018-09-11,,,,35.4732,UTI Multi Asset Allocation Fund
2018-09-12,,,,35.5405,UTI Multi Asset Allocation Fund
2018-09-14,,,,35.8166,UTI Multi Asset Allocation Fund
2018-09-17,,,,35.691,UTI Multi Asset Allocation Fund
2018-09-18,,,,35.5581,UTI Multi Asset Allocation Fund
2018-09-19,,,,35.5262,UTI Multi Asset Allocation Fund
2018-09-21,,,,35.4248,UTI Multi Asset Allocation Fund
2018-09-24,,,,35.0462,UTI Multi Asset Allocation Fund
2018-09-25,,,,35.1479,UTI Multi Asset Allocation Fund
2018-09-26,,,,35.2107,UTI Multi Asset Allocation Fund
2018-09-27,,,,34.9913,UTI Multi Asset Allocation Fund
2018-09-28,,,,34.8689,UTI Multi Asset Allocation Fund
2018-10-01,,,,35.0098,UTI Multi Asset Allocation Fund
2018-10-03,,,,35.0095,UTI Multi Asset Allocation Fund
2018-10-04,,,,34.7425,UTI Multi Asset Allocation Fund
2018-10-05,,,,34.3306,UTI Multi Asset Allocation Fund
2018-10-08,,,,34.2116,UTI Multi Asset Allocation Fund
2018-10-09,,,,34.1754,UTI Multi Asset Allocation Fund
2018-10-10,,,,34.3917,UTI Multi Asset Allocation Fund
2018-10-11,,,,34.0334,UTI Multi Asset Allocation Fund
2018-10-12,,,,34.3473,UTI Multi Asset Allocation Fund
2018-10-15,,,,34.5314,UTI Multi Asset Allocation Fund
2018-10-16,,,,34.8016,UTI Multi Asset Allocation Fund
2018-10-17,,,,34.5114,UTI Multi Asset Allocation Fund
2018-10-19,,,,34.4051,UTI Multi Asset Allocation Fund
2018-10-22,,,,34.3573,UTI Multi Asset Allocation Fund
2018-10-23,,,,34.1906,UTI Multi Asset Allocation Fund
2018-10-24,,,,34.279,UTI Multi Asset Allocation Fund
2018-10-25,,,,34.0317,UTI Multi Asset Allocation Fund
2018-10-26,,,,33.9636,UTI Multi Asset Allocation Fund
2018-10-29,,,,34.3995,UTI Multi Asset Allocation Fund
2018-10-30,,,,34.3731,UTI Multi Asset Allocation Fund
2018-10-31,,,,34.6703,UTI Multi Asset Allocation Fund
2018-11-01,,,,34.6412,UTI Multi Asset Allocation Fund
2018-11-02,,,,34.8055,UTI Multi Asset Allocation Fund
2018-11-05,,,,34.7124,UTI Multi Asset Allocation Fund
2018-11-06,,,,34.6902,UTI Multi Asset Allocation Fund
2018-11-09,,,,34.8072,UTI Multi Asset Allocation Fund
2018-11-12,,,,34.5875,UTI Multi Asset Allocation Fund
2018-11-13,,,,34.6763,UTI Multi Asset Allocation Fund
2018-11-14,,,,34.6091,UTI Multi Asset Allocation Fund
2018-11-15,,,,34.6619,UTI Multi Asset Allocation Fund
2018-11-16,,,,34.6886,UTI Multi Asset Allocation Fund
2018-11-19,,,,34.8019,UTI Multi Asset Allocation Fund
2018-11-20,,,,34.589,UTI Multi Asset Allocation Fund
2018-11-21,,,,34.5724,UTI Multi Asset Allocation Fund
2018-11-22,,,,34.4309,UTI Multi Asset Allocation Fund
2018-11-26,,,,34.4579,UTI Multi Asset Allocation Fund
2018-11-27,,,,34.5098,UTI Multi Asset Allocation Fund
2018-11-28,,,,34.4779,UTI Multi Asset Allocation Fund
2018-11-29,,,,34.6355,UTI Multi Asset Allocation Fund
2018-11-30,,,,34.6979,UTI Multi Asset Allocation Fund
2018-12-03,,,,34.7089,UTI Multi Asset Allocation Fund
2018-12-04,,,,34.7451,UTI Multi Asset Allocation Fund
2018-12-05,,,,34.5166,UTI Multi Asset Allocation Fund
2018-12-06,,,,34.3314,UTI Multi Asset Allocation Fund
2018-12-07,,,,34.3922,UTI Multi Asset Allocation Fund
2018-12-10,,,,34.1784,UTI Multi Asset Allocation Fund
2018-12-11,,,,34.3403,UTI Multi Asset Allocation Fund
2018-12-12,,,,34.6586,UTI Multi Asset Allocation Fund
2018-12-13,,,,34.772,UTI Multi Asset Allocation Fund
2018-12-14,,,,34.8319,UTI Multi Asset Allocation Fund
2018-12-17,,,,34.916,UTI Multi Asset Allocation Fund
2018-12-18,,,,34.99,UTI Multi Asset Allocation Fund
2018-12-19,,,,35.1208,UTI Multi Asset Allocation Fund
2018-12-20,,,,35.1085,UTI Multi Asset Allocation Fund
2018-12-21,,,,34.8188,UTI Multi Asset Allocation Fund
2018-12-24,,,,34.7392,UTI Multi Asset Allocation Fund
2018-12-26,,,,34.7987,UTI Multi Asset Allocation Fund
2018-12-27,,,,34.8514,UTI Multi Asset Allocation Fund
2018-12-28,,,,35.0183,UTI Multi Asset Allocation Fund
2018-12-31,,,,35.037,UTI Multi Asset Allocation Fund
2019-01-01,,,,35.0692,UTI Multi Asset Allocation Fund
2019-01-02,,,,34.9442,UTI Multi Asset Allocation Fund
2019-01-03,,,,34.7705,UTI Multi Asset Allocation Fund
2019-01-04,,,,34.8418,UTI Multi Asset Allocation Fund
2019-01-07,,,,34.9093,UTI Multi Asset Allocation Fund
2019-01-08,,,,35.0026,UTI Multi Asset Allocation Fund
2019-01-09,,,,35.0578,UTI Multi Asset Allocation Fund
2019-01-10,,,,35.0714,UTI Multi Asset Allocation Fund
2019-01-11,,,,35.0604,UTI Multi Asset Allocation Fund
2019-01-14,,,,35.0116,UTI Multi Asset Allocation Fund
2019-01-15,,,,35.1687,UTI Multi Asset Allocation Fund
2019-01-16,,,,35.1979,UTI Multi Asset Allocation Fund
2019-01-17,,,,35.1881,UTI Multi Asset Allocation Fund
2019-01-18,,,,35.0209,UTI Multi Asset Allocation Fund
2019-01-21,,,,34.9401,UTI Multi Asset Allocation Fund
2019-01-22,,,,34.9496,UTI Multi Asset Allocation Fund
2019-01-23,,,,34.8172,UTI Multi Asset Allocation Fund
2019-01-24,,,,34.82,UTI Multi Asset Allocation Fund
2019-01-25,,,,34.7082,UTI Multi Asset Allocation Fund
2019-01-28,,,,34.5251,UTI Multi Asset Allocation Fund
2019-01-29,,,,34.5912,UTI Multi Asset Allocation Fund
2019-01-30,,,,34.6431,UTI Multi Asset Allocation Fund
2019-01-31,,,,34.7857,UTI Multi Asset Allocation Fund
2019-02-01,,,,34.8028,UTI Multi Asset Allocation Fund
2019-02-04,,,,34.6401,UTI Multi Asset Allocation Fund
2019-02-05,,,,34.6177,UTI Multi Asset Allocation Fund
2019-02-06,,,,34.7897,UTI Multi Asset Allocation Fund
2019-02-07,,,,34.8506,UTI Multi Asset Allocation Fund
2019-02-08,,,,34.569,UTI Multi Asset Allocation Fund
2019-02-11,,,,34.4674,UTI Multi Asset Allocation Fund
2019-02-12,,,,34.3375,UTI Multi Asset Allocation Fund
2019-02-13,,,,34.2419,UTI Multi Asset Allocation Fund
2019-02-14,,,,34.2303,UTI Multi Asset Allocation Fund
2019-02-15,,,,34.1663,UTI Multi Asset Allocation Fund
2019-02-18,,,,34.1037,UTI Multi Asset Allocation Fund
2019-02-19,,,,34.1233,UTI Multi Asset Allocation Fund
2019-02-20,,,,34.3387,UTI Multi Asset Allocation Fund
2019-02-21,,,,34.3751,UTI Multi Asset Allocation Fund
2019-02-22,,,,34.4152,UTI Multi Asset Allocation Fund
2019-02-25,,,,34.5723,UTI Multi Asset Allocation Fund
2019-02-26,,,,34.5125,UTI Multi Asset Allocation Fund
2019-02-27,,,,34.4765,UTI Multi Asset Allocation Fund
2019-02-28,,,,34.4753,UTI Multi Asset Allocation Fund
2019-03-01,,,,34.615,UTI Multi Asset Allocation Fund
2019-03-05,,,,34.7491,UTI Multi Asset Allocation Fund
2019-03-06,,,,34.8393,UTI Multi Asset Allocation Fund
2019-03-07,,,,34.8293,UTI Multi Asset Allocation Fund
2019-03-08,,,,34.7689,UTI Multi Asset Allocation Fund
2019-03-11,,,,34.9479,UTI Multi Asset Allocation Fund
2019-03-12,,,,35.1006,UTI Multi Asset Allocation Fund
2019-03-13,,,,35.1095,UTI Multi Asset Allocation Fund
2019-03-14,,,,35.107,UTI Multi Asset Allocation Fund
2019-03-15,,,,35.263,UTI Multi Asset Allocation Fund
2019-03-18,,,,35.2189,UTI Multi Asset Allocation Fund
2019-03-19,,,,35.3336,UTI Multi Asset Allocation Fund
2019-03-20,,,,35.2887,UTI Multi Asset Allocation Fund
2019-03-22,,,,35.2855,UTI Multi Asset Allocation Fund
2019-03-25,,,,35.1326,UTI Multi Asset Allocation Fund
2019-03-26,,,,35.2504,UTI Multi Asset Allocation Fund
2019-03-27,,,,35.2381,UTI Multi Asset Allocation Fund
2019-03-28,,,,35.3902,UTI Multi Asset Allocation Fund
2019-03-29,,,,35.4765,UTI Multi Asset Allocation Fund
2019-04-01,,,,35.5832,UTI Multi Asset Allocation Fund
2019-04-02,,,,35.5958,UTI Multi Asset Allocation Fund
2019-04-03,,,,35.4254,UTI Multi Asset Allocation Fund
2019-04-04,,,,35.4184,UTI Multi Asset Allocation Fund
2019-04-05,,,,35.5161,UTI Multi Asset Allocation Fund
2019-04-08,,,,35.4721,UTI Multi Asset Allocation Fund
2019-04-09,,,,35.5638,UTI Multi Asset Allocation Fund
2019-04-10,,,,35.4311,UTI Multi Asset Allocation Fund
2019-04-11,,,,35.42,UTI Multi Asset Allocation Fund
2019-04-12,,,,35.5354,UTI Multi Asset Allocation Fund
2019-04-15,,,,35.5027,UTI Multi Asset Allocation Fund
2019-04-16,,,,35.6001,UTI Multi Asset Allocation Fund
2019-04-18,,,,35.4416,UTI Multi Asset Allocation Fund
2019-04-22,,,,35.2541,UTI Multi Asset Allocation Fund
2019-04-23,,,,35.2112,UTI Multi Asset Allocation Fund
2019-04-24,,,,35.3491,UTI Multi Asset Allocation Fund
2019-04-25,,,,35.2249,UTI Multi Asset Allocation Fund
2019-04-26,,,,35.3923,UTI Multi Asset Allocation Fund
2019-04-30,,,,35.3023,UTI Multi Asset Allocation Fund
2019-05-02,,,,35.156,UTI Multi Asset Allocation Fund
2019-05-03,,,,35.1443,UTI Multi Asset Allocation Fund
2019-05-06,,,,35.0802,UTI Multi Asset Allocation Fund
2019-05-07,,,,35.0779,UTI Multi Asset Allocation Fund
2019-05-08,,,,34.7872,UTI Multi Asset Allocation Fund
2019-05-09,,,,34.7676,UTI Multi Asset Allocation Fund
2019-05-10,,,,34.7627,UTI Multi Asset Allocation Fund
2019-05-13,,,,34.5459,UTI Multi Asset Allocation Fund
2019-05-14,,,,34.7374,UTI Multi Asset Allocation Fund
2019-05-15,,,,34.6103,UTI Multi Asset Allocation Fund
2019-05-16,,,,34.6539,UTI Multi Asset Allocation Fund
2019-05-17,,,,34.7381,UTI Multi Asset Allocation Fund
2019-05-20,,,,35.2095,UTI Multi Asset Allocation Fund
2019-05-21,,,,35.0357,UTI Multi Asset Allocation Fund
2019-05-22,,,,35.0881,UTI Multi Asset Allocation Fund
2019-05-23,,,,34.9897,UTI Multi Asset Allocation Fund
2019-05-24,,,,35.2743,UTI Multi Asset Allocation Fund
2019-05-27,,,,35.4633,UTI Multi Asset Allocation Fund
2019-05-28,,,,35.4663,UTI Multi Asset Allocation Fund
2019-05-29,,,,35.392,UTI Multi Asset Allocation Fund
2019-05-30,,,,35.491,UTI Multi Asset Allocation Fund
2019-05-31,,,,35.5052,UTI Multi Asset Allocation Fund
2019-06-03,,,,35.6468,UTI Multi Asset Allocation Fund
2019-06-04,,,,35.6249,UTI Multi Asset Allocation Fund
2019-06-06,,,,35.3715,UTI Multi Asset Allocation Fund
2019-06-07,,,,35.4439,UTI Multi Asset Allocation Fund
2019-06-10,,,,35.4982,UTI Multi Asset Allocation Fund
2019-06-11,,,,35.5127,UTI Multi Asset Allocation Fund
2019-06-12,,,,35.4485,UTI Multi Asset Allocation Fund
2019-06-13,,,,35.4094,UTI Multi Asset Allocation Fund
2019-06-14,,,,35.3197,UTI Multi Asset Allocation Fund
2019-06-17,,,,35.1261,UTI Multi Asset Allocation Fund
2019-06-18,,,,35.1633,UTI Multi Asset Allocation Fund
2019-06-19,,,,35.115,UTI Multi Asset Allocation Fund
2019-06-20,,,,35.4387,UTI Multi Asset Allocation Fund
2019-06-21,,,,35.3711,UTI Multi Asset Allocation Fund
2019-06-24,,,,35.3945,UTI Multi Asset Allocation Fund
2019-06-25,,,,35.5965,UTI Multi Asset Allocation Fund
2019-06-26,,,,35.6072,UTI Multi Asset Allocation Fund
2019-06-27,,,,35.6212,UTI Multi Asset Allocation Fund
2019-06-28,,,,35.5826,UTI Multi Asset Allocation Fund
2019-07-01,,,,35.6486,UTI Multi Asset Allocation Fund
2019-07-02,,,,35.6648,UTI Multi Asset Allocation Fund
2019-07-03,,,,35.7445,UTI Multi Asset Allocation Fund
2019-07-04,,,,35.7631,UTI Multi Asset Allocation Fund
2019-07-05,,,,35.6566,UTI Multi Asset Allocation Fund
2019-07-08,,,,35.3537,UTI Multi Asset Allocation Fund
2019-07-09,,,,35.3797,UTI Multi Asset Allocation Fund
2019-07-10,,,,35.293,UTI Multi Asset Allocation Fund
2019-07-11,,,,35.454,UTI Multi Asset Allocation Fund
2019-07-12,,,,35.4325,UTI Multi Asset Allocation Fund
2019-07-15,,,,35.443,UTI Multi Asset Allocation Fund
2019-07-16,,,,35.5219,UTI Multi Asset Allocation Fund
2019-07-17,,,,35.5338,UTI Multi Asset Allocation Fund
2019-07-18,,,,35.3883,UTI Multi Asset Allocation Fund
2019-07-19,,,,35.1805,UTI Multi Asset Allocation Fund
2019-07-22,,,,35.0981,UTI Multi Asset Allocation Fund
2019-07-23,,,,35.056,UTI Multi Asset Allocation Fund
2019-07-24,,,,34.9294,UTI Multi Asset Allocation Fund
2019-07-25,,,,34.9068,UTI Multi Asset Allocation Fund
2019-07-26,,,,34.9429,UTI Multi Asset Allocation Fund
2019-07-29,,,,34.8989,UTI Multi Asset Allocation Fund
2019-07-30,,,,34.7375,UTI Multi Asset Allocation Fund
2019-07-31,,,,34.7551,UTI Multi Asset Allocation Fund
2019-08-01,,,,34.5543,UTI Multi Asset Allocation Fund
2019-08-02,,,,34.6597,UTI Multi Asset Allocation Fund
2019-08-05,,,,34.5931,UTI Multi Asset Allocation Fund
2019-08-06,,,,34.8133,UTI Multi Asset Allocation Fund
2019-08-07,,,,34.7298,UTI Multi Asset Allocation Fund
2019-08-08,,,,34.9904,UTI Multi Asset Allocation Fund
2019-08-09,,,,35.1108,UTI Multi Asset Allocation Fund
2019-08-13,,,,34.8071,UTI Multi Asset Allocation Fund
2019-08-14,,,,34.975,UTI Multi Asset Allocation Fund
2019-08-16,,,,35.0195,UTI Multi Asset Allocation Fund
2019-08-19,,,,35.0484,UTI Multi Asset Allocation Fund
2019-08-20,,,,34.9934,UTI Multi Asset Allocation Fund
2019-08-21,,,,34.7872,UTI Multi Asset Allocation Fund
2019-08-22,,,,34.5832,UTI Multi Asset Allocation Fund
2019-08-23,,,,34.6601,UTI Multi Asset Allocation Fund
2019-08-26,,,,35.1758,UTI Multi Asset Allocation Fund
2019-08-27,,,,35.2807,UTI Multi Asset Allocation Fund
2019-08-28,,,,35.1249,UTI Multi Asset Allocation Fund
2019-08-29,,,,34.9753,UTI Multi Asset Allocation Fund
2019-08-30,,,,35.0928,UTI Multi Asset Allocation Fund
2019-09-03,,,,34.7851,UTI Multi Asset Allocation Fund
2019-09-04,,,,34.8817,UTI Multi Asset Allocation Fund
2019-09-05,,,,34.9332,UTI Multi Asset Allocation Fund
2019-09-06,,,,34.9752,UTI Multi Asset Allocation Fund
2019-09-09,,,,35.0623,UTI Multi Asset Allocation Fund
2019-09-11,,,,35.0784,UTI Multi Asset Allocation Fund
2019-09-12,,,,35.2833,UTI Multi Asset Allocation Fund
2019-09-13,,,,35.2389,UTI Multi Asset Allocation Fund
2019-09-16,,,,35.1777,UTI Multi Asset Allocation Fund
2019-09-17,,,,34.8497,UTI Multi Asset Allocation Fund
2019-09-18,,,,34.8831,UTI Multi Asset Allocation Fund
2019-09-19,,,,34.5867,UTI Multi Asset Allocation Fund
2019-09-20,,,,35.4618,UTI Multi Asset Allocation Fund
2019-09-23,,,,36.0483,UTI Multi Asset Allocation Fund
2019-09-24,,,,36.0073,UTI Multi Asset Allocation Fund
2019-09-25,,,,35.7728,UTI Multi Asset Allocation Fund
2019-09-26,,,,35.9887,UTI Multi Asset Allocation Fund
2019-09-27,,,,35.8937,UTI Multi Asset Allocation Fund
2019-09-30,,,,35.7835,UTI Multi Asset Allocation Fund
2019-10-01,,,,35.4408,UTI Multi Asset Allocation Fund
2019-10-03,,,,35.4321,UTI Multi Asset Allocation Fund
2019-10-04,,,,35.2013,UTI Multi Asset Allocation Fund
2019-10-07,,,,35.0622,UTI Multi Asset Allocation Fund
2019-10-09,,,,35.4598,UTI Multi Asset Allocation Fund
2019-10-10,,,,35.2484,UTI Multi Asset Allocation Fund
2019-10-11,,,,35.3101,UTI Multi Asset Allocation Fund
2019-10-14,,,,35.4044,UTI Multi Asset Allocation Fund
2019-10-15,,,,35.5142,UTI Multi Asset Allocation Fund
2019-10-16,,,,35.576,UTI Multi Asset Allocation Fund
2019-10-17,,,,35.7979,UTI Multi Asset Allocation Fund
2019-10-18,,,,35.9606,UTI Multi Asset Allocation Fund
2019-10-22,,,,35.8303,UTI Multi Asset Allocation Fund
2019-10-23,,,,35.8689,UTI Multi Asset Allocation Fund
2019-10-24,,,,35.8031,UTI Multi Asset Allocation Fund
2019-10-25,,,,35.9528,UTI Multi Asset Allocation Fund
2019-10-29,,,,36.2023,UTI Multi Asset Allocation Fund
2019-10-30,,,,36.3323,UTI Multi Asset Allocation Fund
2019-10-31,,,,36.4706,UTI Multi Asset Allocation Fund
2019-11-01,,,,36.5066,UTI Multi Asset Allocation Fund
2019-11-04,,,,36.559,UTI Multi Asset Allocation Fund
2019-11-05,,,,36.4444,UTI Multi Asset Allocation Fund
2019-11-06,,,,36.482,UTI Multi Asset Allocation Fund
2019-11-07,,,,36.5236,UTI Multi Asset Allocation Fund
2019-11-08,,,,36.4273,UTI Multi Asset Allocation Fund
2019-11-11,,,,36.4468,UTI Multi Asset Allocation Fund
2019-11-13,,,,36.339,UTI Multi Asset Allocation Fund
2019-11-14,,,,36.3707,UTI Multi Asset Allocation Fund
2019-11-15,,,,36.4451,UTI Multi Asset Allocation Fund
2019-11-18,,,,36.4265,UTI Multi Asset Allocation Fund
2019-11-19,,,,36.536,UTI Multi Asset Allocation Fund
2019-11-20,,,,36.6585,UTI Multi Asset Allocation Fund
2019-11-21,,,,36.5746,UTI Multi Asset Allocation Fund
2019-11-22,,,,36.4893,UTI Multi Asset Allocation Fund
2019-11-25,,,,36.6516,UTI Multi Asset Allocation Fund
2019-11-26,,,,36.6214,UTI Multi Asset Allocation Fund
2019-11-27,,,,36.7306,UTI Multi Asset Allocation Fund
2019-11-28,,,,36.8474,UTI Multi Asset Allocation Fund
2019-11-29,,,,36.7314,UTI Multi Asset Allocation Fund
2019-12-02,,,,36.6968,UTI Multi Asset Allocation Fund
2019-12-03,,,,36.5721,UTI Multi Asset Allocation Fund
2019-12-04,,,,36.7238,UTI Multi Asset Allocation Fund
2019-12-05,,,,36.6647,UTI Multi Asset Allocation Fund
2019-12-06,,,,36.5047,UTI Multi Asset Allocation Fund
2019-12-09,,,,36.4596,UTI Multi Asset Allocation Fund
2019-12-10,,,,36.3329,UTI Multi Asset Allocation Fund
2019-12-11,,,,36.2522,UTI Multi Asset Allocation Fund
2019-12-12,,,,36.3367,UTI Multi Asset Allocation Fund
2019-12-13,,,,36.4978,UTI Multi Asset Allocation Fund
2019-12-16,,,,36.4493,UTI Multi Asset Allocation Fund
2019-12-17,,,,36.5575,UTI Multi Asset Allocation Fund
2019-12-18,,,,36.5987,UTI Multi Asset Allocation Fund
2019-12-19,,,,36.6122,UTI Multi Asset Allocation Fund
2019-12-20,,,,36.6913,UTI Multi Asset Allocation Fund
2019-12-23,,,,36.6555,UTI Multi Asset Allocation Fund
2019-12-24,,,,36.6105,UTI Multi Asset Allocation Fund
2019-12-26,,,,36.5746,UTI Multi Asset Allocation Fund
2019-12-27,,,,36.7387,UTI Multi Asset Allocation Fund
2019-12-30,,,,36.7619,UTI Multi Asset Allocation Fund
2019-12-31,,,,36.7105,UTI Multi Asset Allocation Fund
2020-01-01,,,,36.748,UTI Multi Asset Allocation Fund
2020-01-02,,,,36.9147,UTI Multi Asset Allocation Fund
2020-01-03,,,,36.9621,UTI Multi Asset Allocation Fund
2020-01-06,,,,36.801,UTI Multi Asset Allocation Fund
2020-01-07,,,,36.8897,UTI Multi Asset Allocation Fund
2020-01-08,,,,36.9827,UTI Multi Asset Allocation Fund
2020-01-09,,,,37.1395,UTI Multi Asset Allocation Fund
2020-01-10,,,,37.1002,UTI Multi Asset Allocation Fund
2020-01-13,,,,37.2254,UTI Multi Asset Allocation Fund
2020-01-14,,,,37.1956,UTI Multi Asset Allocation Fund
2020-01-15,,,,37.1876,UTI Multi Asset Allocation Fund
2020-01-16,,,,37.2273,UTI Multi Asset Allocation Fund
2020-01-17,,,,37.256,UTI Multi Asset Allocation Fund
2020-01-20,,,,37.1365,UTI Multi Asset Allocation Fund
2020-01-21,,,,37.0869,UTI Multi Asset Allocation Fund
2020-01-22,,,,37.1331,UTI Multi Asset Allocation Fund
2020-01-23,,,,37.2802,UTI Multi Asset Allocation Fund
2020-01-24,,,,37.3992,UTI Multi Asset Allocation Fund
2020-01-27,,,,37.3717,UTI Multi Asset Allocation Fund
2020-01-28,,,,37.2589,UTI Multi Asset Allocation Fund
2020-01-29,,,,37.2978,UTI Multi Asset Allocation Fund
2020-01-30,,,,37.198,UTI Multi Asset Allocation Fund
2020-01-31,,,,37.1295,UTI Multi Asset Allocation Fund
2020-02-03,,,,36.8784,UTI Multi Asset Allocation Fund
2020-02-04,,,,37.1386,UTI Multi Asset Allocation Fund
2020-02-05,,,,37.2396,UTI Multi Asset Allocation Fund
2020-02-06,,,,37.4138,UTI Multi Asset Allocation Fund
2020-02-07,,,,37.4307,UTI Multi Asset Allocation Fund
2020-02-10,,,,37.3358,UTI Multi Asset Allocation Fund
2020-02-11,,,,37.3836,UTI Multi Asset Allocation Fund
2020-02-12,,,,37.4602,UTI Multi Asset Allocation Fund
2020-02-13,,,,37.5431,UTI Multi Asset Allocation Fund
2020-02-14,,,,37.4462,UTI Multi Asset Allocation Fund
2020-02-17,,,,37.3966,UTI Multi Asset Allocation Fund
2020-02-18,,,,37.365,UTI Multi Asset Allocation Fund
2020-02-19,,,,37.58,UTI Multi Asset Allocation Fund
2020-02-20,,,,37.5594,UTI Multi Asset Allocation Fund
2020-02-24,,,,37.4953,UTI Multi Asset Allocation Fund
2020-02-25,,,,37.3447,UTI Multi Asset Allocation Fund
2020-02-26,,,,37.2169,UTI Multi Asset Allocation Fund
2020-02-27,,,,37.1773,UTI Multi Asset Allocation Fund
2020-02-28,,,,36.7026,UTI Multi Asset Allocation Fund
2020-03-02,,,,36.5205,UTI Multi Asset Allocation Fund
2020-03-03,,,,36.7862,UTI Multi Asset Allocation Fund
2020-03-04,,,,36.7472,UTI Multi Asset Allocation Fund
2020-03-05,,,,36.803,UTI Multi Asset Allocation Fund
2020-03-06,,,,36.5415,UTI Multi Asset Allocation Fund
2020-03-09,,,,35.6129,UTI Multi Asset Allocation Fund
2020-03-11,,,,35.5052,UTI Multi Asset Allocation Fund
2020-03-12,,,,33.7351,UTI Multi Asset Allocation Fund
2020-03-13,,,,34.2693,UTI Multi Asset Allocation Fund
2020-03-16,,,,32.5469,UTI Multi Asset Allocation Fund
2020-03-17,,,,31.9029,UTI Multi Asset Allocation Fund
2020-03-18,,,,30.8036,UTI Multi Asset Allocation Fund
2020-03-19,,,,30.1689,UTI Multi Asset Allocation Fund
2020-03-20,,,,31.2282,UTI Multi Asset Allocation Fund
2020-03-23,,,,28.179,UTI Multi Asset Allocation Fund
2020-03-24,,,,28.7694,UTI Multi Asset Allocation Fund
2020-03-25,,,,29.978,UTI Multi Asset Allocation Fund
2020-03-26,,,,30.7829,UTI Multi Asset Allocation Fund
2020-03-27,,,,30.8851,UTI Multi Asset Allocation Fund
2020-03-30,,,,30.1619,UTI Multi Asset Allocation Fund
2020-03-31,,,,30.8737,UTI Multi Asset Allocation Fund
2020-04-01,,,,29.9895,UTI Multi Asset Allocation Fund
2020-04-03,,,,29.4901,UTI Multi Asset Allocation Fund
2020-04-07,,,,31.5088,UTI Multi Asset Allocation Fund
2020-04-08,,,,31.4536,UTI Multi Asset Allocation Fund
2020-04-09,,,,32.4421,UTI Multi Asset Allocation Fund
2020-04-13,,,,32.3672,UTI Multi Asset Allocation Fund
2020-04-15,,,,32.4617,UTI Multi Asset Allocation Fund
2020-04-16,,,,32.6605,UTI Multi Asset Allocation Fund
2020-04-17,,,,33.3931,UTI Multi Asset Allocation Fund
2020-04-20,,,,33.2905,UTI Multi Asset Allocation Fund
2020-04-21,,,,32.4712,UTI Multi Asset Allocation Fund
2020-04-22,,,,32.9457,UTI Multi Asset Allocation Fund
2020-04-23,,,,33.2881,UTI Multi Asset Allocation Fund
2020-04-24,,,,32.694,UTI Multi Asset Allocation Fund
2020-04-27,,,,32.9848,UTI Multi Asset Allocation Fund
2020-04-28,,,,33.1469,UTI Multi Asset Allocation Fund
2020-04-29,,,,33.4802,UTI Multi Asset Allocation Fund
2020-04-30,,,,34.1495,UTI Multi Asset Allocation Fund
2020-05-04,,,,32.7491,UTI Multi Asset Allocation Fund
2020-05-05,,,,32.4036,UTI Multi Asset Allocation Fund
2020-05-06,,,,32.6095,UTI Multi Asset Allocation Fund
2020-05-07,,,,32.3649,UTI Multi Asset Allocation Fund
2020-05-08,,,,32.5172,UTI Multi Asset Allocation Fund
2020-05-11,,,,32.4721,UTI Multi Asset Allocation Fund
2020-05-12,,,,32.437,UTI Multi Asset Allocation Fund
2020-05-13,,,,32.9296,UTI Multi Asset Allocation Fund
2020-05-14,,,,32.4844,UTI Multi Asset Allocation Fund
2020-05-15,,,,32.4163,UTI Multi Asset Allocation Fund
2020-05-18,,,,31.5927,UTI Multi Asset Allocation Fund
2020-05-19,,,,31.7464,UTI Multi Asset Allocation Fund
2020-05-20,,,,32.2158,UTI Multi Asset Allocation Fund
2020-05-21,,,,32.3489,UTI Multi Asset Allocation Fund
2020-05-22,,,,32.2206,UTI Multi Asset Allocation Fund
2020-05-26,,,,32.2065,UTI Multi Asset Allocation Fund
2020-05-27,,,,32.7373,UTI Multi Asset Allocation Fund
2020-05-28,,,,33.1731,UTI Multi Asset Allocation Fund
2020-05-29,,,,33.4102,UTI Multi Asset Allocation Fund
2020-06-01,,,,34.0042,UTI Multi Asset Allocation Fund
2020-06-02,,,,34.2855,UTI Multi Asset Allocation Fund
2020-06-03,,,,34.5038,UTI Multi Asset Allocation Fund
2020-06-04,,,,34.5067,UTI Multi Asset Allocation Fund
2020-06-05,,,,34.9789,UTI Multi Asset Allocation Fund
2020-06-08,,,,34.9715,UTI Multi Asset Allocation Fund
2020-06-09,,,,34.6637,UTI Multi Asset Allocation Fund
2020-06-10,,,,34.7978,UTI Multi Asset Allocation Fund
2020-06-11,,,,34.2276,UTI Multi Asset Allocation Fund
2020-06-12,,,,34.434,UTI Multi Asset Allocation Fund
2020-06-15,,,,34.1552,UTI Multi Asset Allocation Fund
2020-06-16,,,,34.3151,UTI Multi Asset Allocation Fund
2020-06-17,,,,34.3027,UTI Multi Asset Allocation Fund
2020-06-18,,,,34.7201,UTI Multi Asset Allocation Fund
2020-06-19,,,,35.0897,UTI Multi Asset Allocation Fund
2020-06-22,,,,35.3238,UTI Multi Asset Allocation Fund
2020-06-23,,,,35.7379,UTI Multi Asset Allocation Fund
2020-06-24,,,,35.2948,UTI Multi Asset Allocation Fund
2020-06-25,,,,35.3617,UTI Multi Asset Allocation Fund
2020-06-26,,,,35.6071,UTI Multi Asset Allocation Fund
2020-06-29,,,,35.4506,UTI Multi Asset Allocation Fund
2020-06-30,,,,35.4727,UTI Multi Asset Allocation Fund
2020-07-01,,,,35.7359,UTI Multi Asset Allocation Fund
2020-07-02,,,,35.9294,UTI Multi Asset Allocation Fund
2020-07-03,,,,36.0992,UTI Multi Asset Allocation Fund
2020-07-06,,,,36.515,UTI Multi Asset Allocation Fund
2020-07-07,,,,36.6822,UTI Multi Asset Allocation Fund
2020-07-08,,,,36.4061,UTI Multi Asset Allocation Fund
2020-07-09,,,,36.6218,UTI Multi Asset Allocation Fund
2020-07-10,,,,36.5972,UTI Multi Asset Allocation Fund
2020-07-13,,,,36.6795,UTI Multi Asset Allocation Fund
2020-07-14,,,,36.2718,UTI Multi Asset Allocation Fund
2020-07-15,,,,36.2554,UTI Multi Asset Allocation Fund
2020-07-16,,,,36.5717,UTI Multi Asset Allocation Fund
2020-07-17,,,,36.9366,UTI Multi Asset Allocation Fund
2020-07-20,,,,37.2099,UTI Multi Asset Allocation Fund
2020-07-21,,,,37.4251,UTI Multi Asset Allocation Fund
2020-07-22,,,,37.3692,UTI Multi Asset Allocation Fund
2020-07-23,,,,37.6034,UTI Multi Asset Allocation Fund
2020-07-24,,,,37.6526,UTI Multi Asset Allocation Fund
2020-07-27,,,,37.5569,UTI Multi Asset Allocation Fund
2020-07-28,,,,37.8709,UTI Multi Asset Allocation Fund
2020-07-29,,,,37.7921,UTI Multi Asset Allocation Fund
2020-07-30,,,,37.7718,UTI Multi Asset Allocation Fund
2020-07-31,,,,37.8946,UTI Multi Asset Allocation Fund
2020-08-03,,,,37.6341,UTI Multi Asset Allocation Fund
2020-08-04,,,,37.9431,UTI Multi Asset Allocation Fund
2020-08-05,,,,38.0419,UTI Multi Asset Allocation Fund
2020-08-06,,,,38.3646,UTI Multi Asset Allocation Fund
2020-08-07,,,,38.4034,UTI Multi Asset Allocation Fund
2020-08-10,,,,38.5341,UTI Multi Asset Allocation Fund
2020-08-11,,,,38.4276,UTI Multi Asset Allocation Fund
2020-08-12,,,,38.2783,UTI Multi Asset Allocation Fund
2020-08-13,,,,38.3473,UTI Multi Asset Allocation Fund
2020-08-14,,,,38.1783,UTI Multi Asset Allocation Fund
2020-08-17,,,,38.243,UTI Multi Asset Allocation Fund
2020-08-18,,,,38.5636,UTI Multi Asset Allocation Fund
2020-08-19,,,,38.5874,UTI Multi Asset Allocation Fund
2020-08-20,,,,38.4319,UTI Multi Asset Allocation Fund
2020-08-21,,,,38.4677,UTI Multi Asset Allocation Fund
2020-08-24,,,,38.6094,UTI Multi Asset Allocation Fund
2020-08-25,,,,38.5793,UTI Multi Asset Allocation Fund
2020-08-26,,,,38.6207,UTI Multi Asset Allocation Fund
2020-08-27,,,,38.6084,UTI Multi Asset Allocation Fund
2020-08-28,,,,38.7245,UTI Multi Asset Allocation Fund
2020-08-31,,,,38.2235,UTI Multi Asset Allocation Fund
2020-09-01,,,,38.3948,UTI Multi Asset Allocation Fund
2020-09-02,,,,38.5434,UTI Multi Asset Allocation Fund
2020-09-03,,,,38.4933,UTI Multi Asset Allocation Fund
2020-09-04,,,,38.1414,UTI Multi Asset Allocation Fund
2020-09-07,,,,38.1095,UTI Multi Asset Allocation Fund
2020-09-08,,,,38.0161,UTI Multi Asset Allocation Fund
2020-09-09,,,,37.9684,UTI Multi Asset Allocation Fund
2020-09-10,,,,38.2447,UTI Multi Asset Allocation Fund
2020-09-11,,,,38.2759,UTI Multi Asset Allocation Fund
2020-09-14,,,,38.3113,UTI Multi Asset Allocation Fund
2020-09-15,,,,38.5485,UTI Multi Asset Allocation Fund
2020-09-16,,,,38.7028,UTI Multi Asset Allocation Fund
2020-09-17,,,,38.5742,UTI Multi Asset Allocation Fund
2020-09-18,,,,38.6513,UTI Multi Asset Allocation Fund
2020-09-21,,,,38.1196,UTI Multi Asset Allocation Fund
2020-09-22,,,,37.926,UTI Multi Asset Allocation Fund
2020-09-23,,,,37.8054,UTI Multi Asset Allocation Fund
2020-09-24,,,,37.1564,UTI Multi Asset Allocation Fund
2020-09-25,,,,37.6168,UTI Multi Asset Allocation Fund
2020-09-28,,,,37.9299,UTI Multi Asset Allocation Fund
2020-09-29,,,,37.9628,UTI Multi Asset Allocation Fund
2020-09-30,,,,38.0331,UTI Multi Asset Allocation Fund
2020-10-01,,,,38.2523,UTI Multi Asset Allocation Fund
2020-10-05,,,,38.4078,UTI Multi Asset Allocation Fund
2020-10-06,,,,38.6136,UTI Multi Asset Allocation Fund
2020-10-07,,,,38.6762,UTI Multi Asset Allocation Fund
2020-10-08,,,,38.8782,UTI Multi Asset Allocation Fund
2020-10-09,,,,38.972,UTI Multi Asset Allocation Fund
2020-10-12,,,,38.978,UTI Multi Asset Allocation Fund
2020-10-13,,,,38.9498,UTI Multi Asset Allocation Fund
2020-10-14,,,,39.0131,UTI Multi Asset Allocation Fund
2020-10-15,,,,38.6218,UTI Multi Asset Allocation Fund
2020-10-16,,,,38.8157,UTI Multi Asset Allocation Fund
2020-10-19,,,,38.903,UTI Multi Asset Allocation Fund
2020-10-20,,,,38.9632,UTI Multi Asset Allocation Fund
2020-10-21,,,,39.0392,UTI Multi Asset Allocation Fund
2020-10-22,,,,39.038,UTI Multi Asset Allocation Fund
2020-10-23,,,,39.1219,UTI Multi Asset Allocation Fund
2020-10-26,,,,38.8782,UTI Multi Asset Allocation Fund
2020-10-27,,,,39.0822,UTI Multi Asset Allocation Fund
2020-10-28,,,,38.9014,UTI Multi Asset Allocation Fund
2020-10-29,,,,38.806,UTI Multi Asset Allocation Fund
2020-10-30,,,,38.7722,UTI Multi Asset Allocation Fund
2020-11-02,,,,38.8324,UTI Multi Asset Allocation Fund
2020-11-03,,,,38.9831,UTI Multi Asset Allocation Fund
2020-11-04,,,,39.1754,UTI Multi Asset Allocation Fund
2020-11-05,,,,39.4325,UTI Multi Asset Allocation Fund
2020-11-06,,,,39.6085,UTI Multi Asset Allocation Fund
2020-11-09,,,,39.9179,UTI Multi Asset Allocation Fund
2020-11-10,,,,39.9538,UTI Multi Asset Allocation Fund
2020-11-11,,,,40.1348,UTI Multi Asset Allocation Fund
2020-11-12,,,,40.1111,UTI Multi Asset Allocation Fund
2020-11-13,,,,40.1689,UTI Multi Asset Allocation Fund
2020-11-17,,,,40.4065,UTI Multi Asset Allocation Fund
2020-11-18,,,,40.4214,UTI Multi Asset Allocation Fund
2020-11-19,,,,40.1554,UTI Multi Asset Allocation Fund
2020-11-20,,,,40.3007,UTI Multi Asset Allocation Fund
2020-11-23,,,,40.3892,UTI Multi Asset Allocation Fund
2020-11-24,,,,40.5057,UTI Multi Asset Allocation Fund
2020-11-25,,,,40.1722,UTI Multi Asset Allocation Fund
2020-11-26,,,,40.3363,UTI Multi Asset Allocation Fund
2020-11-27,,,,40.3033,UTI Multi Asset Allocation Fund
2020-12-01,,,,40.516,UTI Multi Asset Allocation Fund
2020-12-02,,,,40.5747,UTI Multi Asset Allocation Fund
2020-12-03,,,,40.632,UTI Multi Asset Allocation Fund
2020-12-04,,,,40.8682,UTI Multi Asset Allocation Fund
2020-12-07,,,,40.993,UTI Multi Asset Allocation Fund
2020-12-08,,,,41.087,UTI Multi Asset Allocation Fund
2020-12-09,,,,41.2213,UTI Multi Asset Allocation Fund
2020-12-10,,,,41.0793,UTI Multi Asset Allocation Fund
2020-12-11,,,,41.1388,UTI Multi Asset Allocation Fund
2020-12-14,,,,41.2097,UTI Multi Asset Allocation Fund
2020-12-15,,,,41.2028,UTI Multi Asset Allocation Fund
2020-12-16,,,,41.3477,UTI Multi Asset Allocation Fund
2020-12-17,,,,41.3807,UTI Multi Asset Allocation Fund
2020-12-18,,,,41.4672,UTI Multi Asset Allocation Fund
2020-12-21,,,,40.8496,UTI Multi Asset Allocation Fund
2020-12-22,,,,41.0017,UTI Multi Asset Allocation Fund
2020-12-23,,,,41.2975,UTI Multi Asset Allocation Fund
2020-12-24,,,,41.5037,UTI Multi Asset Allocation Fund
2020-12-28,,,,41.6817,UTI Multi Asset Allocation Fund
2020-12-29,,,,41.8276,UTI Multi Asset Allocation Fund
2020-12-30,,,,41.8693,UTI Multi Asset Allocation Fund
2020-12-31,,,,41.8505,UTI Multi Asset Allocation Fund
2021-01-01,,,,41.922,UTI Multi Asset Allocation Fund
2021-01-04,,,,42.1202,UTI Multi Asset Allocation Fund
2021-01-05,,,,42.2263,UTI Multi Asset Allocation Fund
2021-01-06,,,,42.2038,UTI Multi Asset Allocation Fund
2021-01-07,,,,42.2016,UTI Multi Asset Allocation Fund
2021-01-08,,,,42.4558,UTI Multi Asset Allocation Fund
2021-01-11,,,,42.5014,UTI Multi Asset Allocation Fund
2021-01-12,,,,42.5577,UTI Multi Asset Allocation Fund
2021-01-13,,,,42.5357,UTI Multi Asset Allocation Fund
2021-01-14,,,,42.5811,UTI Multi Asset Allocation Fund
2021-01-15,,,,42.4378,UTI Multi Asset Allocation Fund
2021-01-18,,,,42.1707,UTI Multi Asset Allocation Fund
2021-01-19,,,,42.4071,UTI Multi Asset Allocation Fund
2021-01-20,,,,42.5606,UTI Multi Asset Allocation Fund
2021-01-21,,,,42.4919,UTI Multi Asset Allocation Fund
2021-01-22,,,,42.2704,UTI Multi Asset Allocation Fund
2021-01-25,,,,42.1252,UTI Multi Asset Allocation Fund
2021-01-27,,,,41.8478,UTI Multi Asset Allocation Fund
2021-01-28,,,,41.6926,UTI Multi Asset Allocation Fund
2021-01-29,,,,41.4348,UTI Multi Asset Allocation Fund
2021-02-01,,,,42.0381,UTI Multi Asset Allocation Fund
2021-02-02,,,,42.4629,UTI Multi Asset Allocation Fund
2021-02-03,,,,42.6301,UTI Multi Asset Allocation Fund
2021-02-04,,,,42.7756,UTI Multi Asset Allocation Fund
2021-02-05,,,,42.7506,UTI Multi Asset Allocation Fund
2021-02-08,,,,43.028,UTI Multi Asset Allocation Fund
2021-02-09,,,,43.1507,UTI Multi Asset Allocation Fund
2021-02-10,,,,43.1032,UTI Multi Asset Allocation Fund
2021-02-11,,,,43.1843,UTI Multi Asset Allocation Fund
2021-02-12,,,,43.1238,UTI Multi Asset Allocation Fund
2021-02-15,,,,43.2506,UTI Multi Asset Allocation Fund
2021-02-16,,,,43.2495,UTI Multi Asset Allocation Fund
2021-02-17,,,,43.1233,UTI Multi Asset Allocation Fund
2021-02-18,,,,43.1077,UTI Multi Asset Allocation Fund
2021-02-19,,,,42.8849,UTI Multi Asset Allocation Fund
2021-02-22,,,,42.5916,UTI Multi Asset Allocation Fund
2021-02-23,,,,42.6816,UTI Multi Asset Allocation Fund
2021-02-24,,,,42.9505,UTI Multi Asset Allocation Fund
2021-02-25,,,,43.0278,UTI Multi Asset Allocation Fund
2021-02-26,,,,42.462,UTI Multi Asset Allocation Fund
2021-03-01,,,,42.6479,UTI Multi Asset Allocation Fund
2021-03-02,,,,42.8507,UTI Multi Asset Allocation Fund
2021-03-03,,,,43.2329,UTI Multi Asset Allocation Fund
2021-03-04,,,,43.0952,UTI Multi Asset Allocation Fund
2021-03-05,,,,42.8952,UTI Multi Asset Allocation Fund
2021-03-08,,,,42.9408,UTI Multi Asset Allocation Fund
2021-03-09,,,,43.0414,UTI Multi Asset Allocation Fund
2021-03-10,,,,43.1661,UTI Multi Asset Allocation Fund
2021-03-12,,,,42.9577,UTI Multi Asset Allocation Fund
2021-03-15,,,,42.8623,UTI Multi Asset Allocation Fund
2021-03-16,,,,42.8994,UTI Multi Asset Allocation Fund
2021-03-17,,,,42.627,UTI Multi Asset Allocation Fund
2021-03-18,,,,42.4149,UTI Multi Asset Allocation Fund
2021-03-19,,,,42.6399,UTI Multi Asset Allocation Fund
2021-03-22,,,,42.6091,UTI Multi Asset Allocation Fund
2021-03-23,,,,42.7416,UTI Multi Asset Allocation Fund
2021-03-24,,,,42.4514,UTI Multi Asset Allocation Fund
2021-03-25,,,,42.1471,UTI Multi Asset Allocation Fund
2021-03-26,,,,42.3453,UTI Multi Asset Allocation Fund
2021-03-30,,,,42.7067,UTI Multi Asset Allocation Fund
2021-03-31,,,,42.6214,UTI Multi Asset Allocation Fund
2021-04-01,,,,42.8025,UTI Multi Asset Allocation Fund
2021-04-05,,,,42.5511,UTI Multi Asset Allocation Fund
2021-04-06,,,,42.5695,UTI Multi Asset Allocation Fund
2021-04-07,,,,42.8091,UTI Multi Asset Allocation Fund
2021-04-08,,,,42.9451,UTI Multi Asset Allocation Fund
2021-04-09,,,,42.978,UTI Multi Asset Allocation Fund
2021-04-12,,,,42.3539,UTI Multi Asset Allocation Fund
2021-04-13,,,,42.4633,UTI Multi Asset Allocation Fund
2021-04-15,,,,42.5611,UTI Multi Asset Allocation Fund
2021-04-16,,,,42.6618,UTI Multi Asset Allocation Fund
2021-04-19,,,,42.4493,UTI Multi Asset Allocation Fund
2021-04-20,,,,42.4064,UTI Multi Asset Allocation Fund
2021-04-22,,,,42.5081,UTI Multi Asset Allocation Fund
2021-04-23,,,,42.4509,UTI Multi Asset Allocation Fund
2021-04-26,,,,42.5627,UTI Multi Asset Allocation Fund
2021-04-27,,,,42.7628,UTI Multi Asset Allocation Fund
2021-04-28,,,,42.9385,UTI Multi Asset Allocation Fund
2021-04-29,,,,42.9465,UTI Multi Asset Allocation Fund
2021-04-30,,,,42.7183,UTI Multi Asset Allocation Fund
2021-05-03,,,,42.7601,UTI Multi Asset Allocation Fund
2021-05-04,,,,42.6117,UTI Multi Asset Allocation Fund
2021-05-05,,,,42.8182,UTI Multi Asset Allocation Fund
2021-05-06,,,,42.9484,UTI Multi Asset Allocation Fund
2021-05-07,,,,43.0164,UTI Multi Asset Allocation Fund
2021-05-10,,,,43.1713,UTI Multi Asset Allocation Fund
2021-05-11,,,,43.0803,UTI Multi Asset Allocation Fund
2021-05-12,,,,42.9099,UTI Multi Asset Allocation Fund
2021-05-14,,,,42.9064,UTI Multi Asset Allocation Fund
2021-05-17,,,,43.1815,UTI Multi Asset Allocation Fund
2021-05-18,,,,43.3831,UTI Multi Asset Allocation Fund
2021-05-19,,,,43.2939,UTI Multi Asset Allocation Fund
2021-05-20,,,,43.2065,UTI Multi Asset Allocation Fund
2021-05-21,,,,43.4747,UTI Multi Asset Allocation Fund
2021-05-24,,,,43.5416,UTI Multi Asset Allocation Fund
2021-05-25,,,,43.5562,UTI Multi Asset Allocation Fund
2021-05-26,,,,43.6806,UTI Multi Asset Allocation Fund
2021-05-27,,,,43.7368,UTI Multi Asset Allocation Fund
2021-05-28,,,,43.7121,UTI Multi Asset Allocation Fund
2021-05-31,,,,43.9743,UTI Multi Asset Allocation Fund
2021-06-01,,,,43.9672,UTI Multi Asset Allocation Fund
2021-06-02,,,,44.0025,UTI Multi Asset Allocation Fund
2021-06-03,,,,44.1726,UTI Multi Asset Allocation Fund
2021-06-04,,,,44.0879,UTI Multi Asset Allocation Fund
2021-06-07,,,,44.226,UTI Multi Asset Allocation Fund
2021-06-08,,,,44.3074,UTI Multi Asset Allocation Fund
2021-06-09,,,,44.2276,UTI Multi Asset Allocation Fund
2021-06-10,,,,44.5661,UTI Multi Asset Allocation Fund
2021-06-11,,,,44.5976,UTI Multi Asset Allocation Fund
2021-06-14,,,,44.5495,UTI Multi Asset Allocation Fund
2021-06-15,,,,44.723,UTI Multi Asset Allocation Fund
2021-06-16,,,,44.5781,UTI Multi Asset Allocation Fund
2021-06-17,,,,44.4659,UTI Multi Asset Allocation Fund
2021-06-18,,,,44.4251,UTI Multi Asset Allocation Fund
2021-06-21,,,,44.5001,UTI Multi Asset Allocation Fund
2021-06-22,,,,44.5171,UTI Multi Asset Allocation Fund
2021-06-23,,,,44.4276,UTI Multi Asset Allocation Fund
2021-06-24,,,,44.5471,UTI Multi Asset Allocation Fund
2021-06-25,,,,44.6565,UTI Multi Asset Allocation Fund
2021-06-28,,,,44.6569,UTI Multi Asset Allocation Fund
2021-06-29,,,,44.5627,UTI Multi Asset Allocation Fund
2021-06-30,,,,44.5681,UTI Multi Asset Allocation Fund
2021-07-01,,,,44.5857,UTI Multi Asset Allocation Fund
2021-07-02,,,,44.7236,UTI Multi Asset Allocation Fund
2021-07-05,,,,44.8083,UTI Multi Asset Allocation Fund
2021-07-06,,,,44.847,UTI Multi Asset Allocation Fund
2021-07-07,,,,44.9095,UTI Multi Asset Allocation Fund
2021-07-08,,,,44.7491,UTI Multi Asset Allocation Fund
2021-07-09,,,,44.726,UTI Multi Asset Allocation Fund
2021-07-12,,,,44.7575,UTI Multi Asset Allocation Fund
2021-07-13,,,,44.8657,UTI Multi Asset Allocation Fund
2021-07-14,,,,44.9453,UTI Multi Asset Allocation Fund
2021-07-15,,,,45.0586,UTI Multi Asset Allocation Fund
2021-07-16,,,,45.0688,UTI Multi Asset Allocation Fund
2021-07-19,,,,44.9197,UTI Multi Asset Allocation Fund
2021-07-20,,,,44.7733,UTI Multi Asset Allocation Fund
2021-07-22,,,,44.9803,UTI Multi Asset Allocation Fund
2021-07-23,,,,45.0812,UTI Multi Asset Allocation Fund
2021-07-26,,,,45.0557,UTI Multi Asset Allocation Fund
2021-07-27,,,,44.9135,UTI Multi Asset Allocation Fund
2021-07-28,,,,44.9328,UTI Multi Asset Allocation Fund
2021-07-29,,,,45.0406,UTI Multi Asset Allocation Fund
2021-07-30,,,,45.1105,UTI Multi Asset Allocation Fund
2021-08-02,,,,45.3268,UTI Multi Asset Allocation Fund
2021-08-03,,,,45.6244,UTI Multi Asset Allocation Fund
2021-08-04,,,,45.6726,UTI Multi Asset Allocation Fund
2021-08-05,,,,45.703,UTI Multi Asset Allocation Fund
2021-08-06,,,,45.574,UTI Multi Asset Allocation Fund
2021-08-09,,,,45.4342,UTI Multi Asset Allocation Fund
2021-08-10,,,,45.4504,UTI Multi Asset Allocation Fund
2021-08-11,,,,45.3631,UTI Multi Asset Allocation Fund
2021-08-12,,,,45.5887,UTI Multi Asset Allocation Fund
2021-08-13,,,,45.7435,UTI Multi Asset Allocation Fund
2021-08-16,,,,45.7306,UTI Multi Asset Allocation Fund
2021-08-17,,,,45.9364,UTI Multi Asset Allocation Fund
2021-08-18,,,,45.8782,UTI Multi Asset Allocation Fund
2021-08-20,,,,45.5977,UTI Multi Asset Allocation Fund
2021-08-23,,,,45.6451,UTI Multi Asset Allocation Fund
2021-08-24,,,,45.841,UTI Multi Asset Allocation Fund
2021-08-25,,,,45.8339,UTI Multi Asset Allocation Fund
2021-08-26,,,,45.8007,UTI Multi Asset Allocation Fund
2021-08-27,,,,45.9728,UTI Multi Asset Allocation Fund
2021-08-30,,,,46.3016,UTI Multi Asset Allocation Fund
2021-08-31,,,,46.588,UTI Multi Asset Allocation Fund
2021-09-01,,,,46.5805,UTI Multi Asset Allocation Fund
2021-09-02,,,,46.8036,UTI Multi Asset Allocation Fund
2021-09-03,,,,46.9086,UTI Multi Asset Allocation Fund
2021-09-06,,,,47.167,UTI Multi Asset Allocation Fund
2021-09-07,,,,47.0594,UTI Multi Asset Allocation Fund
2021-09-08,,,,47.0472,UTI Multi Asset Allocation Fund
2021-09-09,,,,47.0465,UTI Multi Asset Allocation Fund
2021-09-13,,,,47.0285,UTI Multi Asset Allocation Fund
2021-09-14,,,,47.0495,UTI Multi Asset Allocation Fund
2021-09-15,,,,47.2439,UTI Multi Asset Allocation Fund
2021-09-16,,,,47.3904,UTI Multi Asset Allocation Fund
2021-09-17,,,,47.2564,UTI Multi Asset Allocation Fund
2021-09-20,,,,47.0395,UTI Multi Asset Allocation Fund
2021-09-21,,,,47.1374,UTI Multi Asset Allocation Fund
2021-09-22,,,,47.1825,UTI Multi Asset Allocation Fund
2021-09-23,,,,47.4161,UTI Multi Asset Allocation Fund
2021-09-24,,,,47.3668,UTI Multi Asset Allocation Fund
2021-09-27,,,,47.2893,UTI Multi Asset Allocation Fund
2021-09-28,,,,47.0995,UTI Multi Asset Allocation Fund
2021-09-29,,,,47.1125,UTI Multi Asset Allocation Fund
2021-09-30,,,,47.0035,UTI Multi Asset Allocation Fund
2021-10-01,,,,46.9427,UTI Multi Asset Allocation Fund
2021-10-04,,,,47.0938,UTI Multi Asset Allocation Fund
2021-10-05,,,,47.2472,UTI Multi Asset Allocation Fund
2021-10-06,,,,47.0207,UTI Multi Asset Allocation Fund
2021-10-07,,,,47.3061,UTI Multi Asset Allocation Fund
2021-10-08,,,,47.392,UTI Multi Asset Allocation Fund
2021-10-11,,,,47.3814,UTI Multi Asset Allocation Fund
2021-10-12,,,,47.4541,UTI Multi Asset Allocation Fund
2021-10-13,,,,47.6248,UTI Multi Asset Allocation Fund
2021-10-14,,,,47.7921,UTI Multi Asset Allocation Fund
2021-10-18,,,,47.8872,UTI Multi Asset Allocation Fund
2021-10-19,,,,47.8264,UTI Multi Asset Allocation Fund
2021-10-20,,,,47.6,UTI Multi Asset Allocation Fund
2021-10-21,,,,47.458,UTI Multi Asset Allocation Fund
2021-10-22,,,,47.3649,UTI Multi Asset Allocation Fund
2021-10-25,,,,47.4411,UTI Multi Asset Allocation Fund
2021-10-26,,,,47.6627,UTI Multi Asset Allocation Fund
2021-10-27,,,,47.5947,UTI Multi Asset Allocation Fund
2021-10-28,,,,47.2581,UTI Multi Asset Allocation Fund
2021-10-29,,,,47.1812,UTI Multi Asset Allocation Fund
2021-11-01,,,,47.4546,UTI Multi Asset Allocation Fund
2021-11-02,,,,47.5362,UTI Multi Asset Allocation Fund
2021-11-03,,,,47.3865,UTI Multi Asset Allocation Fund
2021-11-08,,,,47.6051,UTI Multi Asset Allocation Fund
2021-11-09,,,,47.6988,UTI Multi Asset Allocation Fund
2021-11-10,,,,47.712,UTI Multi Asset Allocation Fund
2021-11-11,,,,47.6048,UTI Multi Asset Allocation Fund
2021-11-12,,,,47.8029,UTI Multi Asset Allocation Fund
2021-11-15,,,,47.8307,UTI Multi Asset Allocation Fund
2021-11-16,,,,47.7606,UTI Multi Asset Allocation Fund
2021-11-17,,,,47.6412,UTI Multi Asset Allocation Fund
2021-11-18,,,,47.4848,UTI Multi Asset Allocation Fund
2021-11-22,,,,47.1174,UTI Multi Asset Allocation Fund
2021-11-23,,,,47.1769,UTI Multi Asset Allocation Fund
2021-11-24,,,,47.053,UTI Multi Asset Allocation Fund
2021-11-25,,,,47.1041,UTI Multi Asset Allocation Fund
2021-11-26,,,,46.684,UTI Multi Asset Allocation Fund
2021-11-29,,,,46.6056,UTI Multi Asset Allocation Fund
2021-11-30,,,,46.5668,UTI Multi Asset Allocation Fund
2021-12-01,,,,46.6645,UTI Multi Asset Allocation Fund
2021-12-02,,,,46.8239,UTI Multi Asset Allocation Fund
2021-12-03,,,,46.635,UTI Multi Asset Allocation Fund
2021-12-06,,,,46.22,UTI Multi Asset Allocation Fund
2021-12-07,,,,46.5118,UTI Multi Asset Allocation Fund
2021-12-08,,,,46.9634,UTI Multi Asset Allocation Fund
2021-12-09,,,,46.9828,UTI Multi Asset Allocation Fund
2021-12-10,,,,47.0068,UTI Multi Asset Allocation Fund
2021-12-13,,,,46.9094,UTI Multi Asset Allocation Fund
2021-12-14,,,,46.973,UTI Multi Asset Allocation Fund
2021-12-15,,,,46.838,UTI Multi Asset Allocation Fund
2021-12-16,,,,46.7999,UTI Multi Asset Allocation Fund
2021-12-17,,,,46.4857,UTI Multi Asset Allocation Fund
2021-12-20,,,,46.0238,UTI Multi Asset Allocation Fund
2021-12-21,,,,46.2223,UTI Multi Asset Allocation Fund
2021-12-22,,,,46.5389,UTI Multi Asset Allocation Fund
2021-12-23,,,,46.7086,UTI Multi Asset Allocation Fund
2021-12-24,,,,46.5772,UTI Multi Asset Allocation Fund
2021-12-27,,,,46.7244,UTI Multi Asset Allocation Fund
2021-12-28,,,,46.9406,UTI Multi Asset Allocation Fund
2021-12-29,,,,46.9103,UTI Multi Asset Allocation Fund
2021-12-30,,,,46.8851,UTI Multi Asset Allocation Fund
2021-12-31,,,,47.1622,UTI Multi Asset Allocation Fund
2022-01-03,,,,47.4507,UTI Multi Asset Allocation Fund
2022-01-04,,,,47.5593,UTI Multi Asset Allocation Fund
2022-01-05,,,,47.6294,UTI Multi Asset Allocation Fund
2022-01-06,,,,47.5207,UTI Multi Asset Allocation Fund
2022-01-07,,,,47.4932,UTI Multi Asset Allocation Fund
2022-01-10,,,,47.6943,UTI Multi Asset Allocation Fund
2022-01-11,,,,47.7396,UTI Multi Asset Allocation Fund
2022-01-12,,,,47.9688,UTI Multi Asset Allocation Fund
2022-01-13,,,,48.0793,UTI Multi Asset Allocation Fund
2022-01-14,,,,48.0729,UTI Multi Asset Allocation Fund
2022-01-17,,,,48.1029,UTI Multi Asset Allocation Fund
2022-01-18,,,,47.8193,UTI Multi Asset Allocation Fund
2022-01-19,,,,47.7327,UTI Multi Asset Allocation Fund
2022-01-20,,,,47.5847,UTI Multi Asset Allocation Fund
2022-01-21,,,,47.1846,UTI Multi Asset Allocation Fund
2022-01-24,,,,46.6229,UTI Multi Asset Allocation Fund
2022-01-25,,,,46.9061,UTI Multi Asset Allocation Fund
2022-01-27,,,,46.641,UTI Multi Asset Allocation Fund
2022-01-28,,,,46.5977,UTI Multi Asset Allocation Fund
2022-01-31,,,,47.0215,UTI Multi Asset Allocation Fund
2022-02-01,,,,47.4064,UTI Multi Asset Allocation Fund
2022-02-02,,,,47.6251,UTI Multi Asset Allocation Fund
2022-02-03,,,,47.4,UTI Multi Asset Allocation Fund
2022-02-04,,,,47.3005,UTI Multi Asset Allocation Fund
2022-02-07,,,,46.91,UTI Multi Asset Allocation Fund
2022-02-08,,,,46.9022,UTI Multi Asset Allocation Fund
2022-02-09,,,,47.2377,UTI Multi Asset Allocation Fund
2022-02-10,,,,47.3884,UTI Multi Asset Allocation Fund
2022-02-11,,,,46.9539,UTI Multi Asset Allocation Fund
2022-02-14,,,,46.1937,UTI Multi Asset Allocation Fund
2022-02-15,,,,46.8598,UTI Multi Asset Allocation Fund
2022-02-16,,,,46.799,UTI Multi Asset Allocation Fund
2022-02-17,,,,46.8158,UTI Multi Asset Allocation Fund
2022-02-18,,,,46.6371,UTI Multi Asset Allocation Fund
2022-02-21,,,,46.5561,UTI Multi Asset Allocation Fund
2022-02-22,,,,46.3836,UTI Multi Asset Allocation Fund
2022-02-23,,,,46.4514,UTI Multi Asset Allocation Fund
2022-02-24,,,,45.5195,UTI Multi Asset Allocation Fund
2022-02-25,,,,46.1797,UTI Multi Asset Allocation Fund
2022-02-28,,,,46.3095,UTI Multi Asset Allocation Fund
2022-03-02,,,,46.0384,UTI Multi Asset Allocation Fund
2022-03-03,,,,45.7218,UTI Multi Asset Allocation Fund
2022-03-04,,,,45.3253,UTI Multi Asset Allocation Fund
2022-03-07,,,,44.8746,UTI Multi Asset Allocation Fund
2022-03-08,,,,45.3183,UTI Multi Asset Allocation Fund
2022-03-09,,,,45.7005,UTI Multi Asset Allocation Fund
2022-03-10,,,,46.0555,UTI Multi Asset Allocation Fund
2022-03-11,,,,46.3175,UTI Multi Asset Allocation Fund
2022-03-14,,,,46.519,UTI Multi Asset Allocation Fund
2022-03-15,,,,46.3151,UTI Multi Asset Allocation Fund
2022-03-16,,,,46.7616,UTI Multi Asset Allocation Fund
2022-03-17,,,,47.2173,UTI Multi Asset Allocation Fund
2022-03-21,,,,46.9419,UTI Multi Asset Allocation Fund
2022-03-22,,,,47.1068,UTI Multi Asset Allocation Fund
2022-03-23,,,,47.0444,UTI Multi Asset Allocation Fund
2022-03-24,,,,47.1529,UTI Multi Asset Allocation Fund
2022-03-25,,,,46.9978,UTI Multi Asset Allocation Fund
2022-03-28,,,,47.0283,UTI Multi Asset Allocation Fund
2022-03-29,,,,47.23,UTI Multi Asset Allocation Fund
2022-03-30,,,,47.3264,UTI Multi Asset Allocation Fund
2022-03-31,,,,47.2752,UTI Multi Asset Allocation Fund
2022-04-01,,,,47.5364,UTI Multi Asset Allocation Fund
2022-04-04,,,,47.805,UTI Multi Asset Allocation Fund
2022-04-05,,,,47.8137,UTI Multi Asset Allocation Fund
2022-04-06,,,,47.765,UTI Multi Asset Allocation Fund
2022-04-07,,,,47.5834,UTI Multi Asset Allocation Fund
2022-04-08,,,,47.6015,UTI Multi Asset Allocation Fund
2022-04-11,,,,47.6276,UTI Multi Asset Allocation Fund
2022-04-12,,,,47.1953,UTI Multi Asset Allocation Fund
2022-04-13,,,,47.2732,UTI Multi Asset Allocation Fund
2022-04-18,,,,47.035,UTI Multi Asset Allocation Fund
2022-04-19,,,,46.6818,UTI Multi Asset Allocation Fund
2022-04-20,,,,46.6781,UTI Multi Asset Allocation Fund
2022-04-21,,,,46.8426,UTI Multi Asset Allocation Fund
2022-04-22,,,,46.7943,UTI Multi Asset Allocation Fund
2022-04-25,,,,46.2425,UTI Multi Asset Allocation Fund
2022-04-26,,,,46.5144,UTI Multi Asset Allocation Fund
2022-04-27,,,,46.4403,UTI Multi Asset Allocation Fund
2022-04-28,,,,46.5485,UTI Multi Asset Allocation Fund
2022-04-29,,,,46.4544,UTI Multi Asset Allocation Fund
2022-05-02,,,,46.2588,UTI Multi Asset Allocation Fund
2022-05-04,,,,45.8733,UTI Multi Asset Allocation Fund
2022-05-05,,,,45.9546,UTI Multi Asset Allocation Fund
2022-05-06,,,,45.5272,UTI Multi Asset Allocation Fund
2022-05-09,,,,45.1402,UTI Multi Asset Allocation Fund
2022-05-10,,,,44.6718,UTI Multi Asset Allocation Fund
2022-05-11,,,,44.536,UTI Multi Asset Allocation Fund
2022-05-12,,,,44.1351,UTI Multi Asset Allocation Fund
2022-05-13,,,,44.2577,UTI Multi Asset Allocation Fund
2022-05-16,,,,44.396,UTI Multi Asset Allocation Fund
2022-05-17,,,,45.0496,UTI Multi Asset Allocation Fund
2022-05-18,,,,45.1402,UTI Multi Asset Allocation Fund
2022-05-19,,,,44.463,UTI Multi Asset Allocation Fund
2022-05-20,,,,44.93,UTI Multi Asset Allocation Fund
2022-05-23,,,,44.8129,UTI Multi Asset Allocation Fund
2022-05-24,,,,44.6152,UTI Multi Asset Allocation Fund
2022-05-25,,,,44.0314,UTI Multi Asset Allocation Fund
2022-05-26,,,,44.1587,UTI Multi Asset Allocation Fund
2022-05-27,,,,44.4709,UTI Multi Asset Allocation Fund
2022-05-30,,,,45.1608,UTI Multi Asset Allocation Fund
2022-05-31,,,,45.2373,UTI Multi Asset Allocation Fund
2022-06-01,,,,45.141,UTI Multi Asset Allocation Fund
2022-06-02,,,,45.3121,UTI Multi Asset Allocation Fund
2022-06-03,,,,45.1803,UTI Multi Asset Allocation Fund
2022-06-06,,,,45.1068,UTI Multi Asset Allocation Fund
2022-06-07,,,,44.8684,UTI Multi Asset Allocation Fund
2022-06-08,,,,44.78,UTI Multi Asset Allocation Fund
2022-06-09,,,,44.8495,UTI Multi Asset Allocation Fund
2022-06-10,,,,44.6159,UTI Multi Asset Allocation Fund
2022-06-13,,,,44.0416,UTI Multi Asset Allocation Fund
2022-06-14,,,,43.867,UTI Multi Asset Allocation Fund
2022-06-15,,,,43.9184,UTI Multi Asset Allocation Fund
2022-06-16,,,,43.3163,UTI Multi Asset Allocation Fund
2022-06-17,,,,43.0185,UTI Multi Asset Allocation Fund
2022-06-20,,,,42.5995,UTI Multi Asset Allocation Fund
2022-06-21,,,,43.3034,UTI Multi Asset Allocation Fund
2022-06-22,,,,42.8944,UTI Multi Asset Allocation Fund
2022-06-23,,,,43.3218,UTI Multi Asset Allocation Fund
2022-06-24,,,,43.5836,UTI Multi Asset Allocation Fund
2022-06-27,,,,44.039,UTI Multi Asset Allocation Fund
2022-06-28,,,,44.1891,UTI Multi Asset Allocation Fund
2022-06-29,,,,44.1651,UTI Multi Asset Allocation Fund
2022-06-30,,,,43.9015,UTI Multi Asset Allocation Fund
2022-07-01,,,,43.8596,UTI Multi Asset Allocation Fund
2022-07-04,,,,44.0445,UTI Multi Asset Allocation Fund
2022-07-05,,,,44.1095,UTI Multi Asset Allocation Fund
2022-07-06,,,,44.2659,UTI Multi Asset Allocation Fund
2022-07-07,,,,44.5976,UTI Multi Asset Allocation Fund
2022-07-08,,,,44.8649,UTI Multi Asset Allocation Fund
2022-07-11,,,,44.8344,UTI Multi Asset Allocation Fund
2022-07-12,,,,44.5234,UTI Multi Asset Allocation Fund
2022-07-13,,,,44.4465,UTI Multi Asset Allocation Fund
2022-07-14,,,,44.3763,UTI Multi Asset Allocation Fund
2022-07-15,,,,44.6563,UTI Multi Asset Allocation Fund
2022-07-18,,,,45.2248,UTI Multi Asset Allocation Fund
2022-07-19,,,,45.2867,UTI Multi Asset Allocation Fund
2022-07-20,,,,45.5798,UTI Multi Asset Allocation Fund
2022-07-21,,,,45.9897,UTI Multi Asset Allocation Fund
2022-07-22,,,,46.2143,UTI Multi Asset Allocation Fund
2022-07-25,,,,46.1881,UTI Multi Asset Allocation Fund
2022-07-26,,,,45.7236,UTI Multi Asset Allocation Fund
2022-07-27,,,,45.8794,UTI Multi Asset Allocation Fund
2022-07-28,,,,46.2665,UTI Multi Asset Allocation Fund
2022-07-29,,,,46.7688,UTI Multi Asset Allocation Fund
2022-08-01,,,,47.2037,UTI Multi Asset Allocation Fund
2022-08-02,,,,47.1931,UTI Multi Asset Allocation Fund
2022-08-03,,,,47.2118,UTI Multi Asset Allocation Fund
2022-08-04,,,,47.3785,UTI Multi Asset Allocation Fund
2022-08-05,,,,47.5168,UTI Multi Asset Allocation Fund
2022-08-08,,,,47.569,UTI Multi Asset Allocation Fund
2022-08-10,,,,47.6056,UTI Multi Asset Allocation Fund
2022-08-11,,,,47.8716,UTI Multi Asset Allocation Fund
2022-08-12,,,,48.061,UTI Multi Asset Allocation Fund
2022-08-16,,,,48.227,UTI Multi Asset Allocation Fund
2022-08-17,,,,48.4444,UTI Multi Asset Allocation Fund
2022-08-18,,,,48.5252,UTI Multi Asset Allocation Fund
2022-08-19,,,,48.133,UTI Multi Asset Allocation Fund
2022-08-22,,,,47.5565,UTI Multi Asset Allocation Fund
2022-08-23,,,,47.7766,UTI Multi Asset Allocation Fund
2022-08-24,,,,47.8935,UTI Multi Asset Allocation Fund
2022-08-25,,,,47.9478,UTI Multi Asset Allocation Fund
2022-08-26,,,,48.0164,UTI Multi Asset Allocation Fund
2022-08-29,,,,47.441,UTI Multi Asset Allocation Fund
2022-08-30,,,,48.0007,UTI Multi Asset Allocation Fund
2022-09-01,,,,47.9507,UTI Multi Asset Allocation Fund
2022-09-02,,,,47.7618,UTI Multi Asset Allocation Fund
2022-09-05,,,,48.0499,UTI Multi Asset Allocation Fund
2022-09-06,,,,48.1124,UTI Multi Asset Allocation Fund
2022-09-07,,,,48.1583,UTI Multi Asset Allocation Fund
2022-09-08,,,,48.394,UTI Multi Asset Allocation Fund
2022-09-09,,,,48.5423,UTI Multi Asset Allocation Fund
2022-09-12,,,,48.7823,UTI Multi Asset Allocation Fund
2022-09-13,,,,49.2097,UTI Multi Asset Allocation Fund
2022-09-14,,,,49.04,UTI Multi Asset Allocation Fund
2022-09-15,,,,48.9504,UTI Multi Asset Allocation Fund
2022-09-16,,,,48.1351,UTI Multi Asset Allocation Fund
2022-09-19,,,,48.0586,UTI Multi Asset Allocation Fund
2022-09-20,,,,48.568,UTI Multi Asset Allocation Fund
2022-09-21,,,,48.5111,UTI Multi Asset Allocation Fund
2022-09-22,,,,48.7305,UTI Multi Asset Allocation Fund
2022-09-23,,,,48.034,UTI Multi Asset Allocation Fund
2022-09-26,,,,47.2356,UTI Multi Asset Allocation Fund
2022-09-27,,,,47.2286,UTI Multi Asset Allocation Fund
2022-09-28,,,,47.0916,UTI Multi Asset Allocation Fund
2022-09-29,,,,47.3604,UTI Multi Asset Allocation Fund
2022-09-30,,,,47.8754,UTI Multi Asset Allocation Fund
2022-10-03,,,,47.5965,UTI Multi Asset Allocation Fund
2022-10-04,,,,48.2132,UTI Multi Asset Allocation Fund
2022-10-06,,,,48.5054,UTI Multi Asset Allocation Fund
2022-10-07,,,,48.6397,UTI Multi Asset Allocation Fund
2022-10-10,,,,48.1362,UTI Multi Asset Allocation Fund
2022-10-11,,,,47.6621,UTI Multi Asset Allocation Fund
2022-10-12,,,,47.8912,UTI Multi Asset Allocation Fund
2022-10-13,,,,47.8244,UTI Multi Asset Allocation Fund
2022-10-14,,,,47.639,UTI Multi Asset Allocation Fund
2022-10-17,,,,47.73,UTI Multi Asset Allocation Fund
2022-10-18,,,,48.1112,UTI Multi Asset Allocation Fund
2022-10-19,,,,48.0789,UTI Multi Asset Allocation Fund
2022-10-20,,,,48.1299,UTI Multi Asset Allocation Fund
2022-10-21,,,,47.9658,UTI Multi Asset Allocation Fund
2022-10-25,,,,48.355,UTI Multi Asset Allocation Fund
2022-10-27,,,,48.5949,UTI Multi Asset Allocation Fund
2022-10-28,,,,48.3991,UTI Multi Asset Allocation Fund
2022-10-31,,,,48.7208,UTI Multi Asset Allocation Fund
2022-11-01,,,,48.9928,UTI Multi Asset Allocation Fund
2022-11-02,,,,49.0466,UTI Multi Asset Allocation Fund
2022-11-03,,,,49.0875,UTI Multi Asset Allocation Fund
2022-11-04,,,,49.0009,UTI Multi Asset Allocation Fund
2022-11-07,,,,49.3751,UTI Multi Asset Allocation Fund
2022-11-09,,,,49.3082,UTI Multi Asset Allocation Fund
2022-11-10,,,,49.1351,UTI Multi Asset Allocation Fund
2022-11-11,,,,49.1581,UTI Multi Asset Allocation Fund
2022-11-14,,,,49.12,UTI Multi Asset Allocation Fund
2022-11-15,,,,49.2914,UTI Multi Asset Allocation Fund
2022-11-16,,,,49.3372,UTI Multi Asset Allocation Fund
2022-11-17,,,,49.2656,UTI Multi Asset Allocation Fund
2022-11-18,,,,49.1148,UTI Multi Asset Allocation Fund
2022-11-21,,,,48.8814,UTI Multi Asset Allocation Fund
2022-11-22,,,,49.0671,UTI Multi Asset Allocation Fund
2022-11-23,,,,49.2227,UTI Multi Asset Allocation Fund
2022-11-24,,,,49.2597,UTI Multi Asset Allocation Fund
2022-11-25,,,,49.2816,UTI Multi Asset Allocation Fund
2022-11-28,,,,49.5271,UTI Multi Asset Allocation Fund
2022-11-29,,,,49.3174,UTI Multi Asset Allocation Fund
2022-11-30,,,,49.59,UTI Multi Asset Allocation Fund
2022-12-01,,,,49.8523,UTI Multi Asset Allocation Fund
2022-12-02,,,,50.0808,UTI Multi Asset Allocation Fund
2022-12-05,,,,50.1744,UTI Multi Asset Allocation Fund
2022-12-06,,,,50.1144,UTI Multi Asset Allocation Fund
2022-12-07,,,,49.969,UTI Multi Asset Allocation Fund
2022-12-08,,,,50.2999,UTI Multi Asset Allocation Fund
2022-12-09,,,,50.2451,UTI Multi Asset Allocation Fund
2022-12-12,,,,50.2296,UTI Multi Asset Allocation Fund
2022-12-13,,,,50.3198,UTI Multi Asset Allocation Fund
2022-12-14,,,,50.5507,UTI Multi Asset Allocation Fund
2022-12-15,,,,50.1507,UTI Multi Asset Allocation Fund
2022-12-16,,,,49.9121,UTI Multi Asset Allocation Fund
2022-12-19,,,,50.2333,UTI Multi Asset Allocation Fund
2022-12-20,,,,50.2313,UTI Multi Asset Allocation Fund
2022-12-21,,,,49.6237,UTI Multi Asset Allocation Fund
2022-12-22,,,,49.3778,UTI Multi Asset Allocation Fund
2022-12-23,,,,48.3148,UTI Multi Asset Allocation Fund
2022-12-26,,,,49.1373,UTI Multi Asset Allocation Fund
2022-12-27,,,,49.3451,UTI Multi Asset Allocation Fund
2022-12-28,,,,49.4049,UTI Multi Asset Allocation Fund
2022-12-29,,,,49.5748,UTI Multi Asset Allocation Fund
2022-12-30,,,,49.6816,UTI Multi Asset Allocation Fund
2023-01-02,,,,49.7803,UTI Multi Asset Allocation Fund
2023-01-03,,,,49.8432,UTI Multi Asset Allocation Fund
2023-01-04,,,,49.6373,UTI Multi Asset Allocation Fund
2023-01-05,,,,49.7244,UTI Multi Asset Allocation Fund
2023-01-06,,,,49.5019,UTI Multi Asset Allocation Fund
2023-01-09,,,,49.7895,UTI Multi Asset Allocation Fund
2023-01-10,,,,49.5511,UTI Multi Asset Allocation Fund
2023-01-11,,,,49.3861,UTI Multi Asset Allocation Fund
2023-01-12,,,,49.3,UTI Multi Asset Allocation Fund
2023-01-13,,,,49.332,UTI Multi Asset Allocation Fund
2023-01-16,,,,49.463,UTI Multi Asset Allocation Fund
2023-01-17,,,,49.4905,UTI Multi Asset Allocation Fund
2023-01-18,,,,49.487,UTI Multi Asset Allocation Fund
2023-01-19,,,,49.5064,UTI Multi Asset Allocation Fund
2023-01-20,,,,49.4495,UTI Multi Asset Allocation Fund
2023-01-23,,,,49.4656,UTI Multi Asset Allocation Fund
2023-01-24,,,,49.5057,UTI Multi Asset Allocation Fund
2023-01-25,,,,49.2041,UTI Multi Asset Allocation Fund
2023-01-27,,,,48.6466,UTI Multi Asset Allocation Fund
2023-01-30,,,,48.6381,UTI Multi Asset Allocation Fund
2023-01-31,,,,49.1177,UTI Multi Asset Allocation Fund
2023-02-01,,,,48.9173,UTI Multi Asset Allocation Fund
2023-02-02,,,,49.1791,UTI Multi Asset Allocation Fund
2023-02-03,,,,49.2701,UTI Multi Asset Allocation Fund
2023-02-06,,,,49.4175,UTI Multi Asset Allocation Fund
2023-02-07,,,,49.5429,UTI Multi Asset Allocation Fund
2023-02-08,,,,49.6679,UTI Multi Asset Allocation Fund
2023-02-09,,,,49.4851,UTI Multi Asset Allocation Fund
2023-02-10,,,,49.5221,UTI Multi Asset Allocation Fund
2023-02-13,,,,49.2065,UTI Multi Asset Allocation Fund
2023-02-14,,,,49.1959,UTI Multi Asset Allocation Fund
2023-02-15,,,,49.3195,UTI Multi Asset Allocation Fund
2023-02-16,,,,49.6583,UTI Multi Asset Allocation Fund
2023-02-17,,,,49.4747,UTI Multi Asset Allocation Fund
2023-02-20,,,,49.5423,UTI Multi Asset Allocation Fund
2023-02-21,,,,49.4963,UTI Multi Asset Allocation Fund
2023-02-22,,,,49.0315,UTI Multi Asset Allocation Fund
2023-02-23,,,,49.0693,UTI Multi Asset Allocation Fund
2023-02-24,,,,48.9856,UTI Multi Asset Allocation Fund
2023-02-27,,,,48.7341,UTI Multi Asset Allocation Fund
2023-02-28,,,,48.8516,UTI Multi Asset Allocation Fund
2023-03-01,,,,49.4281,UTI Multi Asset Allocation Fund
2023-03-02,,,,49.413,UTI Multi Asset Allocation Fund
2023-03-03,,,,49.6541,UTI Multi Asset Allocation Fund
2023-03-06,,,,49.8374,UTI Multi Asset Allocation Fund
2023-03-08,,,,49.9562,UTI Multi Asset Allocation Fund
2023-03-09,,,,49.6896,UTI Multi Asset Allocation Fund
2023-03-10,,,,49.5588,UTI Multi Asset Allocation Fund
2023-03-13,,,,49.1176,UTI Multi Asset Allocation Fund
2023-03-14,,,,48.9345,UTI Multi Asset Allocation Fund
2023-03-15,,,,48.9762,UTI Multi Asset Allocation Fund
2023-03-16,,,,49.025,UTI Multi Asset Allocation Fund
2023-03-17,,,,49.202,UTI Multi Asset Allocation Fund
2023-03-20,,,,49.1438,UTI Multi Asset Allocation Fund
2023-03-21,,,,49.3551,UTI Multi Asset Allocation Fund
2023-03-22,,,,49.3923,UTI Multi Asset Allocation Fund
2023-03-23,,,,49.2853,UTI Multi Asset Allocation Fund
2023-03-24,,,,49.1386,UTI Multi Asset Allocation Fund
2023-03-27,,,,49.0135,UTI Multi Asset Allocation Fund
2023-03-28,,,,48.9541,UTI Multi Asset Allocation Fund
2023-03-29,,,,49.611,UTI Multi Asset Allocation Fund
2023-03-31,,,,49.9764,UTI Multi Asset Allocation Fund
2023-04-03,,,,49.958,UTI Multi Asset Allocation Fund
2023-04-05,,,,50.1263,UTI Multi Asset Allocation Fund
2023-04-06,,,,50.1165,UTI Multi Asset Allocation Fund
2023-04-10,,,,50.1264,UTI Multi Asset Allocation Fund
2023-04-11,,,,50.3504,UTI Multi Asset Allocation Fund
2023-04-12,,,,50.4369,UTI Multi Asset Allocation Fund
2023-04-13,,,,50.4854,UTI Multi Asset Allocation Fund
2023-04-17,,,,50.6743,UTI Multi Asset Allocation Fund
2023-04-18,,,,50.5699,UTI Multi Asset Allocation Fund
2023-04-19,,,,50.4795,UTI Multi Asset Allocation Fund
2023-04-20,,,,50.4676,UTI Multi Asset Allocation Fund
2023-04-21,,,,50.3783,UTI Multi Asset Allocation Fund
2023-04-24,,,,50.6301,UTI Multi Asset Allocation Fund
2023-04-25,,,,50.7191,UTI Multi Asset Allocation Fund
2023-04-26,,,,51.0042,UTI Multi Asset Allocation Fund
2023-04-27,,,,51.1724,UTI Multi Asset Allocation Fund
2023-04-28,,,,51.4365,UTI Multi Asset Allocation Fund
2023-05-02,,,,51.6275,UTI Multi Asset Allocation Fund
2023-05-03,,,,51.8079,UTI Multi Asset Allocation Fund
2023-05-04,,,,51.9941,UTI Multi Asset Allocation Fund
2023-05-05,,,,51.9576,UTI Multi Asset Allocation Fund
2023-05-08,,,,52.0549,UTI Multi Asset Allocation Fund
2023-05-09,,,,52.0241,UTI Multi Asset Allocation Fund
2023-05-10,,,,52.2309,UTI Multi Asset Allocation Fund
2023-05-11,,,,52.2301,UTI Multi Asset Allocation Fund
2023-05-12,,,,52.1608,UTI Multi Asset Allocation Fund
2023-05-15,,,,52.4023,UTI Multi Asset Allocation Fund
2023-05-16,,,,52.4207,UTI Multi Asset Allocation Fund
2023-05-17,,,,52.5106,UTI Multi Asset Allocation Fund
2023-05-18,,,,52.2568,UTI Multi Asset Allocation Fund
2023-05-19,,,,52.1912,UTI Multi Asset Allocation Fund
2023-05-22,,,,52.3272,UTI Multi Asset Allocation Fund
2023-05-23,,,,52.2366,UTI Multi Asset Allocation Fund
2023-05-24,,,,52.3996,UTI Multi Asset Allocation Fund
2023-05-25,,,,52.4966,UTI Multi Asset Allocation Fund
2023-05-26,,,,52.7265,UTI Multi Asset Allocation Fund
2023-05-29,,,,52.8224,UTI Multi Asset Allocation Fund
2023-05-30,,,,52.9459,UTI Multi Asset Allocation Fund
2023-05-31,,,,53.0401,UTI Multi Asset Allocation Fund
2023-06-01,,,,52.9598,UTI Multi Asset Allocation Fund
2023-06-02,,,,53.2204,UTI Multi Asset Allocation Fund
2023-06-05,,,,53.2949,UTI Multi Asset Allocation Fund
2023-06-06,,,,53.6027,UTI Multi Asset Allocation Fund
2023-06-07,,,,53.8595,UTI Multi Asset Allocation Fund
2023-06-08,,,,53.6719,UTI Multi Asset Allocation Fund
2023-06-09,,,,53.8145,UTI Multi Asset Allocation Fund
2023-06-12,,,,53.9416,UTI Multi Asset Allocation Fund
2023-06-13,,,,54.202,UTI Multi Asset Allocation Fund
2023-06-14,,,,54.2411,UTI Multi Asset Allocation Fund
2023-06-15,,,,54.2845,UTI Multi Asset Allocation Fund
2023-06-16,,,,54.6449,UTI Multi Asset Allocation Fund
2023-06-19,,,,54.5412,UTI Multi Asset Allocation Fund
2023-06-20,,,,54.598,UTI Multi Asset Allocation Fund
2023-06-21,,,,54.575,UTI Multi Asset Allocation Fund
2023-06-22,,,,54.1885,UTI Multi Asset Allocation Fund
2023-06-23,,,,53.8632,UTI Multi Asset Allocation Fund
2023-06-26,,,,54.1457,UTI Multi Asset Allocation Fund
2023-06-27,,,,54.2594,UTI Multi Asset Allocation Fund
2023-06-28,,,,54.4774,UTI Multi Asset Allocation Fund
2023-06-30,,,,54.7204,UTI Multi Asset Allocation Fund
2023-07-03,,,,54.9282,UTI Multi Asset Allocation Fund
2023-07-04,,,,54.9023,UTI Multi Asset Allocation Fund
2023-07-05,,,,55.2211,UTI Multi Asset Allocation Fund
2023-07-06,,,,55.5582,UTI Multi Asset Allocation Fund
2023-07-07,,,,55.4144,UTI Multi Asset Allocation Fund
2023-07-10,,,,55.1947,UTI Multi Asset Allocation Fund
2023-07-11,,,,55.5979,UTI Multi Asset Allocation Fund
2023-07-12,,,,55.6685,UTI Multi Asset Allocation Fund
2023-07-13,,,,55.4596,UTI Multi Asset Allocation Fund
2023-07-14,,,,55.5541,UTI Multi Asset Allocation Fund
2023-07-17,,,,55.6215,UTI Multi Asset Allocation Fund
2023-07-18,,,,55.6332,UTI Multi Asset Allocation Fund
2023-07-19,,,,55.8788,UTI Multi Asset Allocation Fund
2023-07-20,,,,55.8762,UTI Multi Asset Allocation Fund
2023-07-21,,,,55.7002,UTI Multi Asset Allocation Fund
2023-07-24,,,,55.7995,UTI Multi Asset Allocation Fund
2023-07-25,,,,55.7684,UTI Multi Asset Allocation Fund
2023-07-26,,,,55.9789,UTI Multi Asset Allocation Fund
2023-07-27,,,,55.8081,UTI Multi Asset Allocation Fund
2023-07-28,,,,55.9265,UTI Multi Asset Allocation Fund
2023-07-31,,,,56.1708,UTI Multi Asset Allocation Fund
2023-08-01,,,,56.0936,UTI Multi Asset Allocation Fund
2023-08-02,,,,55.7375,UTI Multi Asset Allocation Fund
2023-08-03,,,,55.5065,UTI Multi Asset Allocation Fund
2023-08-04,,,,55.5294,UTI Multi Asset Allocation Fund
2023-08-07,,,,55.6278,UTI Multi Asset Allocation Fund
2023-08-08,,,,55.607,UTI Multi Asset Allocation Fund
2023-08-09,,,,55.6852,UTI Multi Asset Allocation Fund
2023-08-10,,,,55.514,UTI Multi Asset Allocation Fund
2023-08-11,,,,55.4006,UTI Multi Asset Allocation Fund
2023-08-14,,,,55.3517,UTI Multi Asset Allocation Fund
2023-08-16,,,,55.5042,UTI Multi Asset Allocation Fund
2023-08-17,,,,55.363,UTI Multi Asset Allocation Fund
2023-08-18,,,,55.3408,UTI Multi Asset Allocation Fund
2023-08-21,,,,55.5164,UTI Multi Asset Allocation Fund
2023-08-22,,,,55.7439,UTI Multi Asset Allocation Fund
2023-08-23,,,,55.9204,UTI Multi Asset Allocation Fund
2023-08-24,,,,55.9126,UTI Multi Asset Allocation Fund
2023-08-25,,,,55.5787,UTI Multi Asset Allocation Fund
2023-08-28,,,,55.7497,UTI Multi Asset Allocation Fund
2023-08-29,,,,55.9193,UTI Multi Asset Allocation Fund
2023-08-30,,,,56.1005,UTI Multi Asset Allocation Fund
2023-08-31,,,,56.133,UTI Multi Asset Allocation Fund
2023-09-01,,,,56.4119,UTI Multi Asset Allocation Fund
2023-09-04,,,,56.6184,UTI Multi Asset Allocation Fund
2023-09-05,,,,56.8334,UTI Multi Asset Allocation Fund
2023-09-06,,,,56.8064,UTI Multi Asset Allocation Fund
2023-09-07,,,,57.1068,UTI Multi Asset Allocation Fund
2023-09-08,,,,57.4001,UTI Multi Asset Allocation Fund
2023-09-11,,,,57.7534,UTI Multi Asset Allocation Fund
2023-09-12,,,,57.1467,UTI Multi Asset Allocation Fund
2023-09-13,,,,57.2067,UTI Multi Asset Allocation Fund
2023-09-14,,,,57.357,UTI Multi Asset Allocation Fund
2023-09-15,,,,57.472,UTI Multi Asset Allocation Fund
2023-09-18,,,,57.6515,UTI Multi Asset Allocation Fund
2023-09-20,,,,57.5411,UTI Multi Asset Allocation Fund
2023-09-21,,,,57.0649,UTI Multi Asset Allocation Fund
2023-09-22,,,,57.0354,UTI Multi Asset Allocation Fund
2023-09-25,,,,57.0804,UTI Multi Asset Allocation Fund
2023-09-26,,,,57.1464,UTI Multi Asset Allocation Fund
2023-09-27,,,,57.3028,UTI Multi Asset Allocation Fund
2023-09-29,,,,57.2017,UTI Multi Asset Allocation Fund
2023-10-03,,,,57.0401,UTI Multi Asset Allocation Fund
2023-10-04,,,,56.3557,UTI Multi Asset Allocation Fund
2023-10-05,,,,56.5184,UTI Multi Asset Allocation Fund
2023-10-06,,,,56.6995,UTI Multi Asset Allocation Fund
2023-10-09,,,,56.5056,UTI Multi Asset Allocation Fund
2023-10-10,,,,56.915,UTI Multi Asset Allocation Fund
2023-10-11,,,,57.1635,UTI Multi Asset Allocation Fund
2023-10-12,,,,57.4144,UTI Multi Asset Allocation Fund
2023-10-13,,,,57.5039,UTI Multi Asset Allocation Fund
2023-10-16,,,,57.8229,UTI Multi Asset Allocation Fund
2023-10-17,,,,58.1451,UTI Multi Asset Allocation Fund
2023-10-18,,,,58.0538,UTI Multi Asset Allocation Fund
2023-10-19,,,,58.1294,UTI Multi Asset Allocation Fund
2023-10-20,,,,57.9295,UTI Multi Asset Allocation Fund
2023-10-23,,,,57.2556,UTI Multi Asset Allocation Fund
2023-10-25,,,,56.9678,UTI Multi Asset Allocation Fund
2023-10-26,,,,56.6371,UTI Multi Asset Allocation Fund
2023-10-27,,,,57.2321,UTI Multi Asset Allocation Fund
2023-10-30,,,,57.3131,UTI Multi Asset Allocation Fund
2023-10-31,,,,57.1844,UTI Multi Asset Allocation Fund
2023-11-01,,,,57.099,UTI Multi Asset Allocation Fund
2023-11-02,,,,57.5519,UTI Multi Asset Allocation Fund
2023-11-03,,,,57.9303,UTI Multi Asset Allocation Fund
2023-11-06,,,,58.3952,UTI Multi Asset Allocation Fund
2023-11-07,,,,58.5721,UTI Multi Asset Allocation Fund
2023-11-08,,,,58.7926,UTI Multi Asset Allocation Fund
2023-11-09,,,,58.7361,UTI Multi Asset Allocation Fund
2023-11-10,,,,58.8874,UTI Multi Asset Allocation Fund
2023-11-13,,,,59.1452,UTI Multi Asset Allocation Fund
2023-11-15,,,,59.6875,UTI Multi Asset Allocation Fund
2023-11-16,,,,59.8387,UTI Multi Asset Allocation Fund
2023-11-17,,,,60.0292,UTI Multi Asset Allocation Fund
2023-11-20,,,,59.9319,UTI Multi Asset Allocation Fund
2023-11-21,,,,59.9386,UTI Multi Asset Allocation Fund
2023-11-22,,,,60.1161,UTI Multi Asset Allocation Fund
2023-11-23,,,,60.0975,UTI Multi Asset Allocation Fund
2023-11-24,,,,60.1284,UTI Multi Asset Allocation Fund
2023-11-28,,,,60.4214,UTI Multi Asset Allocation Fund
2023-11-29,,,,60.9768,UTI Multi Asset Allocation Fund
2023-11-30,,,,61.4481,UTI Multi Asset Allocation Fund
2023-12-01,,,,61.7514,UTI Multi Asset Allocation Fund
2023-12-04,,,,62.512,UTI Multi Asset Allocation Fund
2023-12-05,,,,62.5214,UTI Multi Asset Allocation Fund
2023-12-06,,,,62.585,UTI Multi Asset Allocation Fund
2023-12-07,,,,62.6369,UTI Multi Asset Allocation Fund
2023-12-08,,,,62.5446,UTI Multi Asset Allocation Fund
2023-12-11,,,,62.5866,UTI Multi Asset Allocation Fund
2023-12-12,,,,62.3449,UTI Multi Asset Allocation Fund
2023-12-13,,,,62.7183,UTI Multi Asset Allocation Fund
2023-12-14,,,,63.3332,UTI Multi Asset Allocation Fund
2023-12-15,,,,63.5631,UTI Multi Asset Allocation Fund
2023-12-18,,,,63.5841,UTI Multi Asset Allocation Fund
2023-12-19,,,,63.7433,UTI Multi Asset Allocation Fund
2023-12-20,,,,63.06,UTI Multi Asset Allocation Fund
2023-12-21,,,,63.3271,UTI Multi Asset Allocation Fund
2023-12-22,,,,63.7006,UTI Multi Asset Allocation Fund
2023-12-26,,,,64.0218,UTI Multi Asset Allocation Fund
2023-12-27,,,,64.2771,UTI Multi Asset Allocation Fund
2023-12-28,,,,64.6409,UTI Multi Asset Allocation Fund
2023-12-29,,,,64.6897,UTI Multi Asset Allocation Fund
2024-01-01,,,,64.7121,UTI Multi Asset Allocation Fund
2024-01-02,,,,64.6261,UTI Multi Asset Allocation Fund
2024-01-03,,,,64.7127,UTI Multi Asset Allocation Fund
2024-01-04,,,,65.1372,UTI Multi Asset Allocation Fund
2024-01-05,,,,65.2357,UTI Multi Asset Allocation Fund
2024-01-08,,,,65.0615,UTI Multi Asset Allocation Fund
2024-01-09,,,,65.2794,UTI Multi Asset Allocation Fund
2024-01-10,,,,65.244,UTI Multi Asset Allocation Fund
2024-01-11,,,,65.2677,UTI Multi Asset Allocation Fund
2024-01-12,,,,65.5817,UTI Multi Asset Allocation Fund
2024-01-15,,,,65.8223,UTI Multi Asset Allocation Fund
2024-01-16,,,,65.7177,UTI Multi Asset Allocation Fund
2024-01-17,,,,65.2781,UTI Multi Asset Allocation Fund
2024-01-18,,,,65.2624,UTI Multi Asset Allocation Fund
2024-01-19,,,,65.9019,UTI Multi Asset Allocation Fund
2024-01-23,,,,65.0912,UTI Multi Asset Allocation Fund
2024-01-24,,,,65.5117,UTI Multi Asset Allocation Fund
2024-01-25,,,,65.5513,UTI Multi Asset Allocation Fund
2024-01-29,,,,66.3737,UTI Multi Asset Allocation Fund
2024-01-30,,,,66.1477,UTI Multi Asset Allocation Fund
2024-01-31,,,,66.4435,UTI Multi Asset Allocation Fund
2024-02-01,,,,66.5105,UTI Multi Asset Allocation Fund
2024-02-02,,,,66.8942,UTI Multi Asset Allocation Fund
2024-02-05,,,,66.9584,UTI Multi Asset Allocation Fund
2024-02-06,,,,67.3852,UTI Multi Asset Allocation Fund
2024-02-07,,,,67.6905,UTI Multi Asset Allocation Fund
2024-02-08,,,,67.7205,UTI Multi Asset Allocation Fund
2024-02-09,,,,67.4538,UTI Multi Asset Allocation Fund
2024-02-12,,,,66.846,UTI Multi Asset Allocation Fund
2024-02-13,,,,67.1524,UTI Multi Asset Allocation Fund
2024-02-14,,,,67.5314,UTI Multi Asset Allocation Fund
2024-02-15,,,,67.8954,UTI Multi Asset Allocation Fund
2024-02-16,,,,68.3907,UTI Multi Asset Allocation Fund
2024-02-19,,,,68.4604,UTI Multi Asset Allocation Fund
2024-02-20,,,,68.4284,UTI Multi Asset Allocation Fund
2024-02-21,,,,68.1284,UTI Multi Asset Allocation Fund
2024-02-22,,,,68.5943,UTI Multi Asset Allocation Fund
2024-02-23,,,,68.6462,UTI Multi Asset Allocation Fund
2024-02-26,,,,68.6711,UTI Multi Asset Allocation Fund
2024-02-27,,,,68.8442,UTI Multi Asset Allocation Fund
2024-02-28,,,,68.2679,UTI Multi Asset Allocation Fund
2024-02-29,,,,68.5068,UTI Multi Asset Allocation Fund
2024-03-01,,,,69.0806,UTI Multi Asset Allocation Fund
2024-03-04,,,,69.6487,UTI Multi Asset Allocation Fund
2024-03-05,,,,69.7186,UTI Multi Asset Allocation Fund
2024-03-06,,,,69.7976,UTI Multi Asset Allocation Fund
2024-03-07,,,,70.1396,UTI Multi Asset Allocation Fund
2024-03-11,,,,70.1772,UTI Multi Asset Allocation Fund
2024-03-12,,,,69.7172,UTI Multi Asset Allocation Fund
2024-03-13,,,,68.5553,UTI Multi Asset Allocation Fund
2024-03-14,,,,69.1796,UTI Multi Asset Allocation Fund
2024-03-15,,,,68.8286,UTI Multi Asset Allocation Fund
2024-03-18,,,,68.9103,UTI Multi Asset Allocation Fund
2024-03-19,,,,68.4316,UTI Multi Asset Allocation Fund
2024-03-20,,,,68.553,UTI Multi Asset Allocation Fund
2024-03-21,,,,69.3439,UTI Multi Asset Allocation Fund
2024-03-22,,,,69.4282,UTI Multi Asset Allocation Fund
2024-03-26,,,,69.7836,UTI Multi Asset Allocation Fund
2024-03-27,,,,69.9247,UTI Multi Asset Allocation Fund
2024-03-28,,,,70.392,UTI Multi Asset Allocation Fund
2024-03-31,,,,70.3921,UTI Multi Asset Allocation Fund
2024-04-01,,,,71.1681,UTI Multi Asset Allocation Fund
2024-04-02,,,,71.3013,UTI Multi Asset Allocation Fund
2024-04-03,,,,71.4405,UTI Multi Asset Allocation Fund
2024-04-04,,,,71.5573,UTI Multi Asset Allocation Fund
2024-04-05,,,,71.5993,UTI Multi Asset Allocation Fund
2024-04-08,,,,71.9966,UTI Multi Asset Allocation Fund
2024-04-09,,,,71.9412,UTI Multi Asset Allocation Fund
2024-04-10,,,,72.1905,UTI Multi Asset Allocation Fund
2024-04-12,,,,72.0508,UTI Multi Asset Allocation Fund
2024-04-15,,,,71.6268,UTI Multi Asset Allocation Fund
2024-04-16,,,,71.6087,UTI Multi Asset Allocation Fund
2024-04-18,,,,71.5078,UTI Multi Asset Allocation Fund
2024-04-19,,,,71.4791,UTI Multi Asset Allocation Fund
2024-04-22,,,,71.7945,UTI Multi Asset Allocation Fund
2024-04-23,,,,71.7071,UTI Multi Asset Allocation Fund
2024-04-24,,,,71.8275,UTI Multi Asset Allocation Fund
2024-04-25,,,,72.1321,UTI Multi Asset Allocation Fund
2024-04-26,,,,72.3016,UTI Multi Asset Allocation Fund
2024-04-29,,,,72.5397,UTI Multi Asset Allocation Fund
2024-04-30,,,,72.552,UTI Multi Asset Allocation Fund
2024-05-02,,,,72.7897,UTI Multi Asset Allocation Fund
2024-05-03,,,,72.585,UTI Multi Asset Allocation Fund
2024-05-06,,,,72.4436,UTI Multi Asset Allocation Fund
2024-05-07,,,,71.94,UTI Multi Asset Allocation Fund
2024-05-08,,,,72.2234,UTI Multi Asset Allocation Fund
2024-05-09,,,,71.6391,UTI Multi Asset Allocation Fund
2024-05-10,,,,72.148,UTI Multi Asset Allocation Fund
2024-05-13,,,,72.0392,UTI Multi Asset Allocation Fund
2024-05-14,,,,72.3237,UTI Multi Asset Allocation Fund
2024-05-15,,,,72.6255,UTI Multi Asset Allocation Fund
2024-05-16,,,,73.0554,UTI Multi Asset Allocation Fund
2024-05-17,,,,73.2123,UTI Multi Asset Allocation Fund
2024-05-21,,,,73.5341,UTI Multi Asset Allocation Fund
2024-05-22,,,,73.6333,UTI Multi Asset Allocation Fund
2024-05-23,,,,73.9788,UTI Multi Asset Allocation Fund
2024-05-24,,,,73.7748,UTI Multi Asset Allocation Fund
2024-05-27,,,,73.6978,UTI Multi Asset Allocation Fund
2024-05-28,,,,73.4779,UTI Multi Asset Allocation Fund
2024-05-29,,,,73.3535,UTI Multi Asset Allocation Fund
2024-05-30,,,,72.9466,UTI Multi Asset Allocation Fund
2024-05-31,,,,73.0704,UTI Multi Asset Allocation Fund
2024-06-03,,,,74.2516,UTI Multi Asset Allocation Fund
2024-06-04,,,,71.8039,UTI Multi Asset Allocation Fund
2024-06-05,,,,73.0386,UTI Multi Asset Allocation Fund
2024-06-06,,,,73.639,UTI Multi Asset Allocation Fund
2024-06-07,,,,74.2648,UTI Multi Asset Allocation Fund
2024-06-10,,,,74.2446,UTI Multi Asset Allocation Fund
2024-06-11,,,,74.4408,UTI Multi Asset Allocation Fund
2024-06-12,,,,74.7058,UTI Multi Asset Allocation Fund
2024-06-13,,,,74.9816,UTI Multi Asset Allocation Fund
2024-06-14,,,,75.2285,UTI Multi Asset Allocation Fund
2024-06-18,,,,75.3503,UTI Multi Asset Allocation Fund
2024-06-19,,,,75.0253,UTI Multi Asset Allocation Fund
2024-06-20,,,,75.1015,UTI Multi Asset Allocation Fund
2024-06-21,,,,75.0643,UTI Multi Asset Allocation Fund
2024-06-24,,,,75.17,UTI Multi Asset Allocation Fund
2024-06-25,,,,75.1825,UTI Multi Asset Allocation Fund
2024-06-26,,,,75.2518,UTI Multi Asset Allocation Fund
2024-06-27,,,,75.391,UTI Multi Asset Allocation Fund
2024-06-28,,,,75.5743,UTI Multi Asset Allocation Fund
2024-07-01,,,,75.8179,UTI Multi Asset Allocation Fund
2024-07-02,,,,75.7757,UTI Multi Asset Allocation Fund
2024-07-03,,,,76.0497,UTI Multi Asset Allocation Fund
2024-07-04,,,,76.3637,UTI Multi Asset Allocation Fund
2024-07-05,,,,76.6757,UTI Multi Asset Allocation Fund
2024-07-08,,,,76.7103,UTI Multi Asset Allocation Fund
2024-07-09,,,,76.986,UTI Multi Asset Allocation Fund
2024-07-10,,,,76.9879,UTI Multi Asset Allocation Fund
2024-07-11,,,,77.073,UTI Multi Asset Allocation Fund
2024-07-12,,,,77.2277,UTI Multi Asset Allocation Fund
2024-07-15,,,,77.5409,UTI Multi Asset Allocation Fund
2024-07-16,,,,77.5586,UTI Multi Asset Allocation Fund
2024-07-18,,,,77.5455,UTI Multi Asset Allocation Fund
2024-07-19,,,,76.7484,UTI Multi Asset Allocation Fund
2024-07-22,,,,76.9548,UTI Multi Asset Allocation Fund
2024-07-23,,,,76.5755,UTI Multi Asset Allocation Fund
2024-07-24,,,,76.7393,UTI Multi Asset Allocation Fund
2024-07-25,,,,77.1511,UTI Multi Asset Allocation Fund
2024-07-26,,,,77.705,UTI Multi Asset Allocation Fund
2024-07-29,,,,77.9037,UTI Multi Asset Allocation Fund
2024-07-30,,,,77.906,UTI Multi Asset Allocation Fund
2024-07-31,,,,78.2272,UTI Multi Asset Allocation Fund
2024-08-01,,,,78.2368,UTI Multi Asset Allocation Fund
2024-08-02,,,,78.0078,UTI Multi Asset Allocation Fund
2024-08-05,,,,76.7964,UTI Multi Asset Allocation Fund
2024-08-06,,,,76.5943,UTI Multi Asset Allocation Fund
2024-08-07,,,,77.4687,UTI Multi Asset Allocation Fund
2024-08-08,,,,77.2422,UTI Multi Asset Allocation Fund
2024-08-09,,,,77.8699,UTI Multi Asset Allocation Fund
2024-08-12,,,,77.955,UTI Multi Asset Allocation Fund
2024-08-13,,,,77.8054,UTI Multi Asset Allocation Fund
2024-08-14,,,,77.7662,UTI Multi Asset Allocation Fund
2024-08-16,,,,78.4054,UTI Multi Asset Allocation Fund
2024-08-19,,,,78.745,UTI Multi Asset Allocation Fund
2024-08-20,,,,78.9962,UTI Multi Asset Allocation Fund
2024-08-21,,,,79.0902,UTI Multi Asset Allocation Fund
2024-08-22,,,,79.2449,UTI Multi Asset Allocation Fund
2024-08-23,,,,79.3053,UTI Multi Asset Allocation Fund
2024-08-26,,,,79.6036,UTI Multi Asset Allocation Fund
2024-08-27,,,,79.6451,UTI Multi Asset Allocation Fund
2024-08-28,,,,79.769,UTI Multi Asset Allocation Fund
2024-08-29,,,,79.8008,UTI Multi Asset Allocation Fund
2024-08-30,,,,80.075,UTI Multi Asset Allocation Fund
2024-09-02,,,,79.9174,UTI Multi Asset Allocation Fund
2024-09-03,,,,79.9776,UTI Multi Asset Allocation Fund
2024-09-04,,,,79.8534,UTI Multi Asset Allocation Fund
2024-09-05,,,,79.863,UTI Multi Asset Allocation Fund
2024-09-06,,,,79.4513,UTI Multi Asset Allocation Fund
2024-09-09,,,,79.4488,UTI Multi Asset Allocation Fund
2024-09-10,,,,79.6912,UTI Multi Asset Allocation Fund
2024-09-11,,,,79.6765,UTI Multi Asset Allocation Fund
2024-09-12,,,,80.3809,UTI Multi Asset Allocation Fund
2024-09-13,,,,80.5757,UTI Multi Asset Allocation Fund
2024-09-16,,,,80.7421,UTI Multi Asset Allocation Fund
2024-09-17,,,,80.7573,UTI Multi Asset Allocation Fund
2024-09-18,,,,80.529,UTI Multi Asset Allocation Fund
2024-09-19,,,,80.4676,UTI Multi Asset Allocation Fund
2024-09-20,,,,81.1447,UTI Multi Asset Allocation Fund
2024-09-23,,,,81.6089,UTI Multi Asset Allocation Fund
2024-09-24,,,,81.6937,UTI Multi Asset Allocation Fund
2024-09-25,,,,81.7413,UTI Multi Asset Allocation Fund
2024-09-26,,,,82.0558,UTI Multi Asset Allocation Fund
2024-09-27,,,,82.0457,UTI Multi Asset Allocation Fund
2024-09-30,,,,81.5131,UTI Multi Asset Allocation Fund
2024-10-01,,,,81.5413,UTI Multi Asset Allocation Fund
2024-10-03,,,,80.6736,UTI Multi Asset Allocation Fund
2024-10-04,,,,80.3909,UTI Multi Asset Allocation Fund
2024-10-07,,,,79.7998,UTI Multi Asset Allocation Fund
2024-10-08,,,,80.4309,UTI Multi Asset Allocation Fund
2024-10-09,,,,80.6787,UTI Multi Asset Allocation Fund
2024-10-10,,,,80.4483,UTI Multi Asset Allocation Fund
2024-10-11,,,,80.6375,UTI Multi Asset Allocation Fund
2024-10-14,,,,80.8529,UTI Multi Asset Allocation Fund
2024-10-15,,,,80.8527,UTI Multi Asset Allocation Fund
2024-10-16,,,,80.6548,UTI Multi Asset Allocation Fund
2024-10-17,,,,80.0785,UTI Multi Asset Allocation Fund
2024-10-18,,,,80.0847,UTI Multi Asset Allocation Fund
2024-10-21,,,,79.9748,UTI Multi Asset Allocation Fund
2024-10-22,,,,79.3777,UTI Multi Asset Allocation Fund
2024-10-23,,,,79.4708,UTI Multi Asset Allocation Fund
2024-10-24,,,,79.1158,UTI Multi Asset Allocation Fund
2024-10-25,,,,78.7649,UTI Multi Asset Allocation Fund
2024-10-28,,,,79.0073,UTI Multi Asset Allocation Fund
2024-10-29,,,,79.1097,UTI Multi Asset Allocation Fund
2024-10-30,,,,79.0146,UTI Multi Asset Allocation Fund
2024-10-31,,,,78.5411,UTI Multi Asset Allocation Fund
2024-11-04,,,,78.3436,UTI Multi Asset Allocation Fund
2024-11-05,,,,78.4521,UTI Multi Asset Allocation Fund
2024-11-06,,,,79.1907,UTI Multi Asset Allocation Fund
2024-11-07,,,,78.3943,UTI Multi Asset Allocation Fund
2024-11-08,,,,78.3273,UTI Multi Asset Allocation Fund
2024-11-11,,,,78.2447,UTI Multi Asset Allocation Fund
2024-11-12,,,,77.6061,UTI Multi Asset Allocation Fund
2024-11-13,,,,77.0224,UTI Multi Asset Allocation Fund
2024-11-14,,,,76.9165,UTI Multi Asset Allocation Fund
2024-11-18,,,,76.8829,UTI Multi Asset Allocation Fund
2024-11-19,,,,77.1956,UTI Multi Asset Allocation Fund
2024-11-21,,,,77.2188,UTI Multi Asset Allocation Fund
2024-11-22,,,,78.1842,UTI Multi Asset Allocation Fund
2024-11-25,,,,78.5612,UTI Multi Asset Allocation Fund
2024-11-26,,,,78.4281,UTI Multi Asset Allocation Fund
2024-11-27,,,,78.5844,UTI Multi Asset Allocation Fund
2024-11-28,,,,78.0578,UTI Multi Asset Allocation Fund
2024-11-29,,,,78.5214,UTI Multi Asset Allocation Fund
2024-12-02,,,,78.9538,UTI Multi Asset Allocation Fund
2024-12-03,,,,79.2067,UTI Multi Asset Allocation Fund
2024-12-04,,,,79.2083,UTI Multi Asset Allocation Fund
2024-12-05,,,,79.6714,UTI Multi Asset Allocation Fund
2024-12-06,,,,79.748,UTI Multi Asset Allocation Fund
2024-12-09,,,,79.5408,UTI Multi Asset Allocation Fund
2024-12-10,,,,79.6953,UTI Multi Asset Allocation Fund
2024-12-11,,,,79.9461,UTI Multi Asset Allocation Fund
2024-12-12,,,,79.902,UTI Multi Asset Allocation Fund
2024-12-13,,,,80.1072,UTI Multi Asset Allocation Fund
2024-12-16,,,,80.1136,UTI Multi Asset Allocation Fund
2024-12-17,,,,79.661,UTI Multi Asset Allocation Fund
2024-12-18,,,,79.6651,UTI Multi Asset Allocation Fund
2024-12-19,,,,79.2021,UTI Multi Asset Allocation Fund
2024-12-20,,,,78.3546,UTI Multi Asset Allocation Fund
2024-12-23,,,,78.5819,UTI Multi Asset Allocation Fund
2024-12-24,,,,78.5507,UTI Multi Asset Allocation Fund
2024-12-26,,,,78.6522,UTI Multi Asset Allocation Fund
2024-12-27,,,,78.7657,UTI Multi Asset Allocation Fund
2024-12-30,,,,78.8073,UTI Multi Asset Allocation Fund
2024-12-31,,,,78.8537,UTI Multi Asset Allocation Fund
2025-01-01,,,,79.1013,UTI Multi Asset Allocation Fund
2025-01-02,,,,79.9411,UTI Multi Asset Allocation Fund
2025-01-03,,,,79.8256,UTI Multi Asset Allocation Fund
2025-01-06,,,,78.9512,UTI Multi Asset Allocation Fund
2025-01-07,,,,78.9895,UTI Multi Asset Allocation Fund
2025-01-08,,,,78.7575,UTI Multi Asset Allocation Fund
2025-01-09,,,,78.5029,UTI Multi Asset Allocation Fund
2025-01-10,,,,78.3247,UTI Multi Asset Allocation Fund
2025-01-13,,,,77.1975,UTI Multi Asset Allocation Fund
2025-01-14,,,,77.3073,UTI Multi Asset Allocation Fund
2025-01-15,,,,77.5584,UTI Multi Asset Allocation Fund
2025-01-16,,,,77.7093,UTI Multi Asset Allocation Fund
2025-01-17,,,,77.6805,UTI Multi Asset Allocation Fund
2025-01-20,,,,77.6919,UTI Multi Asset Allocation Fund
2025-01-21,,,,76.7777,UTI Multi Asset Allocation Fund
2025-01-22,,,,76.8854,UTI Multi Asset Allocation Fund
2025-01-23,,,,77.3839,UTI Multi Asset Allocation Fund
2025-01-24,,,,77.0823,UTI Multi Asset Allocation Fund
2025-01-27,,,,76.303,UTI Multi Asset Allocation Fund
2025-01-28,,,,76.2353,UTI Multi Asset Allocation Fund
2025-01-29,,,,77.0283,UTI Multi Asset Allocation Fund
2025-01-30,,,,77.0767,UTI Multi Asset Allocation Fund
2025-01-31,,,,77.7102,UTI Multi Asset Allocation Fund
2025-02-03,,,,78.1455,UTI Multi Asset Allocation Fund
2025-02-04,,,,78.6111,UTI Multi Asset Allocation Fund
2025-02-05,,,,78.6992,UTI Multi Asset Allocation Fund
2025-02-06,,,,78.3097,UTI Multi Asset Allocation Fund
2025-02-07,,,,78.4272,UTI Multi Asset Allocation Fund
2025-02-10,,,,77.9355,UTI Multi Asset Allocation Fund
2025-02-11,,,,77.069,UTI Multi Asset Allocation Fund
2025-02-12,,,,76.9068,UTI Multi Asset Allocation Fund
2025-02-13,,,,76.9516,UTI Multi Asset Allocation Fund
2025-02-14,,,,76.4988,UTI Multi Asset Allocation Fund
2025-02-17,,,,76.3587,UTI Multi Asset Allocation Fund
2025-02-18,,,,76.3092,UTI Multi Asset Allocation Fund
2025-02-19,,,,76.4184,UTI Multi Asset Allocation Fund
2025-02-20,,,,76.5863,UTI Multi Asset Allocation Fund
2025-02-21,,,,76.0821,UTI Multi Asset Allocation Fund
2025-02-24,,,,75.5953,UTI Multi Asset Allocation Fund
2025-02-25,,,,75.6214,UTI Multi Asset Allocation Fund
2025-02-27,,,,75.2664,UTI Multi Asset Allocation Fund
2025-02-28,,,,73.9473,UTI Multi Asset Allocation Fund
2025-03-03,,,,74.2172,UTI Multi Asset Allocation Fund
2025-03-04,,,,74.1712,UTI Multi Asset Allocation Fund
2025-03-05,,,,74.9509,UTI Multi Asset Allocation Fund
2025-03-06,,,,75.319,UTI Multi Asset Allocation Fund
2025-03-07,,,,75.2029,UTI Multi Asset Allocation Fund
2025-03-10,,,,74.842,UTI Multi Asset Allocation Fund
2025-03-11,,,,75.028,UTI Multi Asset Allocation Fund
2025-03-12,,,,74.8519,UTI Multi Asset Allocation Fund
2025-03-13,,,,74.7185,UTI Multi Asset Allocation Fund
2025-03-17,,,,75.1261,UTI Multi Asset Allocation Fund
2025-03-18,,,,76.075,UTI Multi Asset Allocation Fund
2025-03-19,,,,76.3436,UTI Multi Asset Allocation Fund
2025-03-20,,,,76.9001,UTI Multi Asset Allocation Fund
2025-03-21,,,,77.0609,UTI Multi Asset Allocation Fund
2025-03-24,,,,77.4147,UTI Multi Asset Allocation Fund
2025-03-25,,,,77.1956,UTI Multi Asset Allocation Fund
2025-03-26,,,,77.0343,UTI Multi Asset Allocation Fund
2025-03-27,,,,77.371,UTI Multi Asset Allocation Fund
2025-03-28,,,,77.2898,UTI Multi Asset Allocation Fund
2025-03-31,,,,77.2942,UTI Multi Asset Allocation Fund
2025-04-01,,,,76.8196,UTI Multi Asset Allocation Fund
2025-04-02,,,,77.455,UTI Multi Asset Allocation Fund
2025-04-03,,,,77.1569,UTI Multi Asset Allocation Fund
2025-04-04,,,,76.0937,UTI Multi Asset Allocation Fund
2025-04-07,,,,74.5056,UTI Multi Asset Allocation Fund
2025-04-08,,,,75.2996,UTI Multi Asset Allocation Fund
2025-04-09,,,,75.2678,UTI Multi Asset Allocation Fund
2025-04-11,,,,76.3778,UTI Multi Asset Allocation Fund
2025-04-15,,,,77.4664,UTI Multi Asset Allocation Fund
2025-04-16,,,,77.8182,UTI Multi Asset Allocation Fund
2025-04-17,,,,78.4463,UTI Multi Asset Allocation Fund
2025-04-21,,,,79.2746,UTI Multi Asset Allocation Fund
2025-04-22,,,,79.6583,UTI Multi Asset Allocation Fund
2025-04-23,,,,80.0449,UTI Multi Asset Allocation Fund
2025-04-24,,,,79.9364,UTI Multi Asset Allocation Fund
2025-04-25,,,,79.3141,UTI Multi Asset Allocation Fund
2025-04-28,,,,79.6057,UTI Multi Asset Allocation Fund
2025-04-29,,,,79.7702,UTI Multi Asset Allocation Fund
2025-04-30,,,,79.4691,UTI Multi Asset Allocation Fund
2025-05-02,,,,79.3706,UTI Multi Asset Allocation Fund
2025-05-05,,,,79.8896,UTI Multi Asset Allocation Fund
2025-05-06,,,,79.8134,UTI Multi Asset Allocation Fund
2025-05-07,,,,79.8974,UTI Multi Asset Allocation Fund
2025-05-08,,,,79.3495,UTI Multi Asset Allocation Fund
2025-05-09,,,,78.9179,UTI Multi Asset Allocation Fund
2025-05-12,,,,80.4772,UTI Multi Asset Allocation Fund
2025-05-13,,,,80.1405,UTI Multi Asset Allocation Fund
2025-05-14,,,,80.3279,UTI Multi Asset Allocation Fund
2025-05-15,,,,80.7568,UTI Multi Asset Allocation Fund
2025-05-16,,,,80.8967,UTI Multi Asset Allocation Fund
2025-05-19,,,,80.992,UTI Multi Asset Allocation Fund
2025-05-20,,,,80.4024,UTI Multi Asset Allocation Fund
2025-05-21,,,,80.7638,UTI Multi Asset Allocation Fund
2025-05-22,,,,80.3709,UTI Multi Asset Allocation Fund
2025-05-23,,,,80.7691,UTI Multi Asset Allocation Fund
2025-05-26,,,,81.1052,UTI Multi Asset Allocation Fund
2025-05-27,,,,80.801,UTI Multi Asset Allocation Fund
2025-05-28,,,,80.7069,UTI Multi Asset Allocation Fund
2025-05-29,,,,80.813,UTI Multi Asset Allocation Fund
2025-05-30,,,,80.7628,UTI Multi Asset Allocation Fund
2025-06-02,,,,80.8922,UTI Multi Asset Allocation Fund
2025-06-03,,,,80.7409,UTI Multi Asset Allocation Fund
2025-06-04,,,,81.0119,UTI Multi Asset Allocation Fund
2025-06-05,,,,81.3537,UTI Multi Asset Allocation Fund
2025-06-06,,,,81.7339,UTI Multi Asset Allocation Fund
2025-06-09,,,,82.0876,UTI Multi Asset Allocation Fund
2025-06-10,,,,82.1015,UTI Multi Asset Allocation Fund
2025-06-11,,,,82.0723,UTI Multi Asset Allocation Fund
2025-06-12,,,,81.5902,UTI Multi Asset Allocation Fund
2025-06-13,,,,81.487,UTI Multi Asset Allocation Fund
2025-06-16,,,,81.9596,UTI Multi Asset Allocation Fund
2025-06-17,,,,81.7612,UTI Multi Asset Allocation Fund
2025-06-18,,,,81.5734,UTI Multi Asset Allocation Fund
2025-06-19,,,,81.2057,UTI Multi Asset Allocation Fund
2025-06-20,,,,81.722,UTI Multi Asset Allocation Fund
2025-06-23,,,,81.7635,UTI Multi Asset Allocation Fund
2025-06-24,,,,81.9293,UTI Multi Asset Allocation Fund
2025-06-25,,,,82.2291,UTI Multi Asset Allocation Fund
2025-06-26,,,,82.7784,UTI Multi Asset Allocation Fund
2025-06-27,,,,82.8604,UTI Multi Asset Allocation Fund
2025-06-30,,,,82.9865,UTI Multi Asset Allocation Fund
2025-07-01,,,,83.0004,UTI Multi Asset Allocation Fund
2025-07-02,,,,82.9913,UTI Multi Asset Allocation Fund
2025-07-03,,,,82.9133,UTI Multi Asset Allocation Fund
2025-07-04,,,,82.9716,UTI Multi Asset Allocation Fund
2025-07-07,,,,83.0186,UTI Multi Asset Allocation Fund
2025-07-08,,,,82.9792,UTI Multi Asset Allocation Fund
2025-07-09,,,,82.9512,UTI Multi Asset Allocation Fund
2025-07-10,,,,82.7521,UTI Multi Asset Allocation Fund
2025-07-11,,,,82.3982,UTI Multi Asset Allocation Fund
2025-07-14,,,,82.5265,UTI Multi Asset Allocation Fund
2025-07-15,,,,82.7929,UTI Multi Asset Allocation Fund
2025-07-16,,,,82.8219,UTI Multi Asset Allocation Fund
2025-07-17,,,,82.5862,UTI Multi Asset Allocation Fund
2025-07-18,,,,82.5116,UTI Multi Asset Allocation Fund
2025-07-21,,,,82.8149,UTI Multi Asset Allocation Fund
2025-07-22,,,,82.7996,UTI Multi Asset Allocation Fund
2025-07-23,,,,83.0949,UTI Multi Asset Allocation Fund
2025-07-24,,,,82.4193,UTI Multi Asset Allocation Fund
2025-07-25,,,,81.9259,UTI Multi Asset Allocation Fund
2025-07-28,,,,81.6254,UTI Multi Asset Allocation Fund
2025-07-29,,,,81.8503,UTI Multi Asset Allocation Fund
2025-07-30,,,,82.0093,UTI Multi Asset Allocation Fund
2025-07-31,,,,81.863,UTI Multi Asset Allocation Fund
2025-08-01,,,,81.3317,UTI Multi Asset Allocation Fund
2025-08-04,,,,82.0192,UTI Multi Asset Allocation Fund
2025-08-05,,,,81.8844,UTI Multi Asset Allocation Fund
2025-08-06,,,,81.5023,UTI Multi Asset Allocation Fund
2025-08-07,,,,81.7109,UTI Multi Asset Allocation Fund
2025-08-08,,,,81.2027,UTI Multi Asset Allocation Fund
2025-08-11,,,,81.4429,UTI Multi Asset Allocation Fund
2025-08-12,,,,81.2378,UTI Multi Asset Allocation Fund
2025-08-13,,,,81.5411,UTI Multi Asset Allocation Fund
2025-08-14,,,,81.6793,UTI Multi Asset Allocation Fund
2025-08-18,,,,82.349,UTI Multi Asset Allocation Fund
2025-08-19,,,,82.4428,UTI Multi Asset Allocation Fund
2025-08-20,,,,82.7737,UTI Multi Asset Allocation Fund
2025-08-21,,,,82.7428,UTI Multi Asset Allocation Fund
2025-08-22,,,,82.4142,UTI Multi Asset Allocation Fund
2025-08-25,,,,82.6867,UTI Multi Asset Allocation Fund
2025-08-26,,,,82.2603,UTI Multi Asset Allocation Fund
2025-08-28,,,,81.7881,UTI Multi Asset Allocation Fund
2025-08-29,,,,81.7872,UTI Multi Asset Allocation Fund
2025-09-01,,,,82.5457,UTI Multi Asset Allocation Fund
2025-09-02,,,,82.572,UTI Multi Asset Allocation Fund
2025-09-03,,,,82.9698,UTI Multi Asset Allocation Fund
2025-09-04,,,,82.9559,UTI Multi Asset Allocation Fund
2025-09-05,,,,82.9355,UTI Multi Asset Allocation Fund
2025-09-08,,,,83.0486,UTI Multi Asset Allocation Fund
2025-09-09,,,,83.6178,UTI Multi Asset Allocation Fund
2025-09-10,,,,83.8625,UTI Multi Asset Allocation Fund
2025-09-11,,,,83.8225,UTI Multi Asset Allocation Fund
2025-09-12,,,,84.092,UTI Multi Asset Allocation Fund
2025-09-15,,,,84.0275,UTI Multi Asset Allocation Fund
2025-09-16,,,,84.5138,UTI Multi Asset Allocation Fund
2025-09-17,,,,84.5178,UTI Multi Asset Allocation Fund
2025-09-18,,,,84.7379,UTI Multi Asset Allocation Fund
2025-09-19,,,,84.4262,UTI Multi Asset Allocation Fund
2025-09-22,,,,84.2282,UTI Multi Asset Allocation Fund
2025-09-23,,,,84.1587,UTI Multi Asset Allocation Fund
2025-09-24,,,,83.8954,UTI Multi Asset Allocation Fund
2025-09-25,,,,83.4881,UTI Multi Asset Allocation Fund
2025-09-26,,,,82.6022,UTI Multi Asset Allocation Fund
2025-09-30,,,,82.6376,UTI Multi Asset Allocation Fund
2025-10-01,,,,83.2865,UTI Multi Asset Allocation Fund
2025-10-03,,,,83.4376,UTI Multi Asset Allocation Fund
2025-10-06,,,,84.1958,UTI Multi Asset Allocation Fund
2025-10-07,,,,84.4413,UTI Multi Asset Allocation Fund
2025-10-08,,,,84.5858,UTI Multi Asset Allocation Fund
2025-10-09,,,,85.0364,UTI Multi Asset Allocation Fund
2025-10-10,,,,85.1632,UTI Multi Asset Allocation Fund
2025-10-13,,,,85.3744,UTI Multi Asset Allocation Fund
2025-10-14,,,,85.4333,UTI Multi Asset Allocation Fund
2025-10-15,,,,86.0947,UTI Multi Asset Allocation Fund
2025-10-16,,,,86.5686,UTI Multi Asset Allocation Fund
2025-10-17,,,,87.0872,UTI Multi Asset Allocation Fund
2025-10-20,,,,87.0574,UTI Multi Asset Allocation Fund
2025-10-23,,,,86.6072,UTI Multi Asset Allocation Fund
2025-10-24,,,,86.2924,UTI Multi Asset Allocation Fund
2025-10-27,,,,86.5824,UTI Multi Asset Allocation Fund
2025-10-28,,,,86.023,UTI Multi Asset Allocation Fund
2025-10-29,,,,86.4979,UTI Multi Asset Allocation Fund
2025-10-30,,,,86.2711,UTI Multi Asset Allocation Fund
2025-10-31,,,,86.0668,UTI Multi Asset Allocation Fund
2025-11-03,,,,86.2045,UTI Multi Asset Allocation Fund
2025-11-04,,,,85.8795,UTI Multi Asset Allocation Fund
2025-11-06,,,,85.8182,UTI Multi Asset Allocation Fund
2025-11-07,,,,85.8984,UTI Multi Asset Allocation Fund
2025-11-10,,,,86.4299,UTI Multi Asset Allocation Fund
2025-11-11,,,,86.7787,UTI Multi Asset Allocation Fund
2025-11-12,,,,87.2472,UTI Multi Asset Allocation Fund
2025-11-13,,,,87.4746,UTI Multi Asset Allocation Fund
2025-11-14,,,,87.3304,UTI Multi Asset Allocation Fund
2025-11-17,,,,87.4948,UTI Multi Asset Allocation Fund
2025-11-18,,,,87.1467,UTI Multi Asset Allocation Fund
2025-11-19,,,,87.5967,UTI Multi Asset Allocation Fund
2025-11-20,,,,87.6437,UTI Multi Asset Allocation Fund
2025-11-21,,,,87.3501,UTI Multi Asset Allocation Fund
2025-11-24,,,,87.1188,UTI Multi Asset Allocation Fund
2025-11-25,,,,87.1812,UTI Multi Asset Allocation Fund
2025-11-26,,,,87.9148,UTI Multi Asset Allocation Fund
2025-11-27,,,,87.8572,UTI Multi Asset Allocation Fund
2025-11-28,,,,87.86,UTI Multi Asset Allocation Fund
2025-12-01,,,,88.1527,UTI Multi Asset Allocation Fund
2025-12-02,,,,87.9759,UTI Multi Asset Allocation Fund
2025-12-03,,,,87.6948,UTI Multi Asset Allocation Fund
2025-12-04,,,,87.8244,UTI Multi Asset Allocation Fund
2025-12-05,,,,88.3289,UTI Multi Asset Allocation Fund
2025-12-08,,,,87.5259,UTI Multi Asset Allocation Fund
2025-12-09,,,,87.2801,UTI Multi Asset Allocation Fund
2025-12-10,,,,86.9368,UTI Multi Asset Allocation Fund
2025-12-11,,,,87.4141,UTI Multi Asset Allocation Fund
2025-12-12,,,,88.0722,UTI Multi Asset Allocation Fund
2025-12-15,,,,88.1707,UTI Multi Asset Allocation Fund
2025-12-16,,,,87.7135,UTI Multi Asset Allocation Fund
2025-12-17,,,,87.6087,UTI Multi Asset Allocation Fund
2025-12-18,,,,87.6702,UTI Multi Asset Allocation Fund
2025-12-19,,,,88.0289,UTI Multi Asset Allocation Fund
2025-12-22,,,,88.6263,UTI Multi Asset Allocation Fund
2025-12-23,,,,88.8415,UTI Multi Asset Allocation Fund
2025-12-24,,,,88.731,UTI Multi Asset Allocation Fund
2025-12-26,,,,88.5959,UTI Multi Asset Allocation Fund
2025-12-29,,,,88.238,UTI Multi Asset Allocation Fund
2025-12-30,,,,87.8785,UTI Multi Asset Allocation Fund
2025-12-31,,,,88.648,UTI Multi Asset Allocation Fund
2026-01-01,,,,88.2364,UTI Multi Asset Allocation Fund
2026-01-02,,,,88.7761,UTI Multi Asset Allocation Fund
2026-01-05,,,,88.959,UTI Multi Asset Allocation Fund
2026-01-06,,,,89.017,UTI Multi Asset Allocation Fund
2026-01-07,,,,89.1498,UTI Multi Asset Allocation Fund
2026-01-08,,,,88.3488,UTI Multi Asset Allocation Fund
2026-01-09,,,,88.0561,UTI Multi Asset Allocation Fund
2026-01-12,,,,88.5524,UTI Multi Asset Allocation Fund
2026-01-13,,,,88.4412,UTI Multi Asset Allocation Fund
2026-01-14,,,,88.5468,UTI Multi Asset Allocation Fund
2026-01-16,,,,88.6948,UTI Multi Asset Allocation Fund
2026-01-19,,,,89.0431,UTI Multi Asset Allocation Fund
2026-01-20,,,,88.4491,UTI Multi Asset Allocation Fund
2026-01-21,,,,88.919,UTI Multi Asset Allocation Fund
2026-01-22,,,,88.5283,UTI Multi Asset Allocation Fund
2026-01-23,,,,88.1271,UTI Multi Asset Allocation Fund
2026-01-27,,,,88.5922,UTI Multi Asset Allocation Fund
2026-01-28,,,,89.3889,UTI Multi Asset Allocation Fund
2026-01-29,,,,90.3018,UTI Multi Asset Allocation Fund
2026-01-30,,,,88.7602,UTI Multi Asset Allocation Fund
2026-02-02,,,,86.8625,UTI Multi Asset Allocation Fund
2026-02-03,,,,88.7361,UTI Multi Asset Allocation Fund
2026-02-04,,,,89.2801,UTI Multi Asset Allocation Fund
2026-02-05,,,,88.6914,UTI Multi Asset Allocation Fund
2026-02-06,,,,88.616,UTI Multi Asset Allocation Fund
2026-02-09,,,,89.5304,UTI Multi Asset Allocation Fund
2026-02-10,,,,89.7461,UTI Multi Asset Allocation Fund
2026-02-11,,,,89.9416,UTI Multi Asset Allocation Fund
2026-02-12,,,,89.6151,UTI Multi Asset Allocation Fund
2026-02-13,,,,88.4921,UTI Multi Asset Allocation Fund
2026-02-16,,,,88.9159,UTI Multi Asset Allocation Fund
2026-02-17,,,,89.0278,UTI Multi Asset Allocation Fund
2026-02-18,,,,89.2437,UTI Multi Asset Allocation Fund
2026-02-19,,,,88.5517,UTI Multi Asset Allocation Fund
2026-02-20,,,,88.9185,UTI Multi Asset Allocation Fund
2026-02-23,,,,89.3458,UTI Multi Asset Allocation Fund
2026-02-24,,,,88.9144,UTI Multi Asset Allocation Fund
2026-02-25,,,,89.2642,UTI Multi Asset Allocation Fund
2026-02-26,,,,89.2615,UTI Multi Asset Allocation Fund
2026-02-27,,,,88.5605,UTI Multi Asset Allocation Fund
2026-03-02,,,,88.443,UTI Multi Asset Allocation Fund
2026-03-04,,,,87.0457,UTI Multi Asset Allocation Fund
2026-03-05,,,,87.5422,UTI Multi Asset Allocation Fund
2026-03-06,,,,86.885,UTI Multi Asset Allocation Fund
2026-03-09,,,,85.8851,UTI Multi Asset Allocation Fund
2026-03-10,,,,86.8556,UTI Multi Asset Allocation Fund
2026-03-11,,,,85.8909,UTI Multi Asset Allocation Fund
2026-03-12,,,,85.391,UTI Multi Asset Allocation Fund
2026-03-13,,,,84.102,UTI Multi Asset Allocation Fund
2026-03-16,,,,83.999,UTI Multi Asset Allocation Fund
2026-03-17,,,,84.4259,UTI Multi Asset Allocation Fund
2026-03-18,,,,85.0949,UTI Multi Asset Allocation Fund
2026-03-19,,,,82.6512,UTI Multi Asset Allocation Fund
2026-03-20,,,,83.0422,UTI Multi Asset Allocation Fund
2026-03-23,,,,80.3374,UTI Multi Asset Allocation Fund
2026-03-24,,,,81.7918,UTI Multi Asset Allocation Fund
2026-03-25,,,,83.2585,UTI Multi Asset Allocation Fund
2026-03-27,,,,81.8758,UTI Multi Asset Allocation Fund
2026-03-30,,,,80.7675,UTI Multi Asset Allocation Fund
2026-03-31,,,,80.7688,UTI Multi Asset Allocation Fund
2026-04-01,,,,82.2107,UTI Multi Asset Allocation Fund
2026-04-02,,,,82.0037,UTI Multi Asset Allocation Fund
2026-04-06,,,,82.9566,UTI Multi Asset Allocation Fund
2026-04-07,,,,83.2188,UTI Multi Asset Allocation Fund
2026-04-08,,,,85.6474,UTI Multi Asset Allocation Fund
2026-04-09,,,,85.402,UTI Multi Asset Allocation Fund
2026-04-10,,,,86.1554,UTI Multi Asset Allocation Fund
2026-04-13,,,,85.4135,UTI Multi Asset Allocation Fund
2026-04-15,,,,86.6256,UTI Multi Asset Allocation Fund
2026-04-16,,,,86.6851,UTI Multi Asset Allocation Fund
2026-04-17,,,,87.2977,UTI Multi Asset Allocation Fund
2026-04-20,,,,87.3158,UTI Multi Asset Allocation Fund
2026-04-21,,,,87.8581,UTI Multi Asset Allocation Fund
2026-04-22,,,,87.3104,UTI Multi Asset Allocation Fund
2026-04-23,,,,86.8176,UTI Multi Asset Allocation Fund
2026-04-24,,,,86.2121,UTI Multi Asset Allocation Fund
2026-04-27,,,,86.6875,UTI Multi Asset Allocation Fund
2026-04-28,,,,86.3545,UTI Multi Asset Allocation Fund
2026-04-29,,,,86.6101,UTI Multi Asset Allocation Fund
2026-04-30,,,,86.4204,UTI Multi Asset Allocation Fund
2026-05-04,,,,86.4698,UTI Multi Asset Allocation Fund
2026-05-05,,,,86.4953,UTI Multi Asset Allocation Fund
2026-05-06,,,,87.4346,UTI Multi Asset Allocation Fund
2026-05-07,,,,87.6512,UTI Multi Asset Allocation Fund
2026-05-08,,,,87.5009,UTI Multi Asset Allocation Fund
2026-05-11,,,,86.7554,UTI Multi Asset Allocation Fund
2026-05-12,,,,85.6666,UTI Multi Asset Allocation Fund
2026-05-13,,,,86.576,UTI Multi Asset Allocation Fund
2026-05-14,,,,87.1001,UTI Multi Asset Allocation Fund
2026-05-15,,,,86.9347,UTI Multi Asset Allocation Fund
2026-05-18,,,,86.9512,UTI Multi Asset Allocation Fund
2026-05-19,,,,87.2088,UTI Multi Asset Allocation Fund
2026-05-20,,,,87.1844,UTI Multi Asset Allocation Fund
2026-05-21,,,,87.2273,UTI Multi Asset Allocation Fund
2026-05-22,,,,87.3478,UTI Multi Asset Allocation Fund
2026-05-25,,,,87.9389,UTI Multi Asset Allocation Fund
2026-05-26,,,,87.7775,UTI Multi Asset Allocation Fund
2026-05-27,,,,87.9081,UTI Multi Asset Allocation Fund
2026-05-29,,,,87.0879,UTI Multi Asset Allocation Fund
2026-06-01,,,,86.4289,UTI Multi Asset Allocation Fund
2026-06-02,,,,86.9129,UTI Multi Asset Allocation Fund
2026-06-03,,,,86.4027,UTI Multi Asset Allocation Fund
2026-06-04,,,,86.7114,UTI Multi Asset Allocation Fund
2026-06-05,,,,86.4948,UTI Multi Asset Allocation Fund
2026-06-08,,,,85.6674,UTI Multi Asset Allocation Fund
2026-06-09,,,,86.2793,UTI Multi Asset Allocation Fund
2026-06-10,,,,85.7438,UTI Multi Asset Allocation Fund
2026-06-11,,,,85.2282,UTI Multi Asset Allocation Fund
2026-06-12,,,,86.5069,UTI Multi Asset Allocation Fund
2026-06-15,,,,87.3883,UTI Multi Asset Allocation Fund
2026-06-16,,,,87.7059,UTI Multi Asset Allocation Fund
2026-06-17,,,,88.0131,UTI Multi Asset Allocation Fund
2026-06-18,,,,88.0225,UTI Multi Asset Allocation Fund
2026-06-19,,,,87.599,UTI Multi Asset Allocation Fund
2026-06-22,,,,87.8707,UTI Multi Asset Allocation Fund
2026-06-23,,,,87.0413,UTI Multi Asset Allocation Fund
2026-06-24,,,,87.1699,UTI Multi Asset Allocation Fund
2026-06-25,,,,86.9282,UTI Multi Asset Allocation Fund
2026-06-29,,,,86.8289,UTI Multi Asset Allocation Fund
2026-06-30,,,,86.7251,UTI Multi Asset Allocation Fund
2026-07-01,,,,87.1353,UTI Multi Asset Allocation Fund
2026-07-02,,,,87.8477,UTI Multi Asset Allocation Fund
2026-07-03,,,,88.1583,UTI Multi Asset Allocation Fund
2026-07-06,,,,88.3592,UTI Multi Asset Allocation Fund
2026-07-07,,,,88.1549,UTI Multi Asset Allocation Fund
2026-07-08,,,,86.7712,UTI Multi Asset Allocation Fund
2026-07-09,,,,87.3634,UTI Multi Asset Allocation Fund
2026-07-10,,,,87.9643,UTI Multi Asset Allocation Fund
2026-07-13,,,,87.9065,UTI Multi Asset Allocation Fund
2026-07-14,,,,87.2804,UTI Multi Asset Allocation Fund
2026-07-15,,,,87.5552,UTI Multi Asset Allocation Fund
2026-07-16,,,,87.5039,UTI Multi Asset Allocation Fund
2026-07-17,,,,87.8246,UTI Multi Asset Allocation Fund
2026-07-20,,,,88.008,UTI Multi Asset Allocation Fund
2026-07-21,,,,88.2204,UTI Multi Asset Allocation Fund
2026-07-22,,,,87.9311,UTI Multi Asset Allocation Fund
2026-07-23,,,,87.4827,UTI Multi Asset Allocation Fund
2026-07-24,,,,87.3323,UTI Multi Asset Allocation Fund
2026-07-27,,,,88.1814,UTI Multi Asset Allocation Fund
2026-07-28,,,,87.9721,UTI Multi Asset Allocation Fund
2026-07-29,,,,88.4315,UTI Multi Asset Allocation Fund
2026-07-30,,,,88.5221,UTI Multi Asset Allocation Fund
2026-07-31,,,,88.6822,UTI Multi Asset Allocation Fund
2026-08-03,,,,89.6562,UTI Multi Asset Allocation Fund
2026-08-04,,,,89.4614,UTI Multi Asset Allocation Fund
2026-08-05,,,,89.7018,UTI Multi Asset Allocation Fund
2026-08-06,,,,90.0159,UTI Multi Asset Allocation Fund
2026-08-07,,,,90.2344,UTI Multi Asset Allocation Fund
2026-08-10,,,,90.4215,UTI Multi Asset Allocation Fund
2026-08-11,,,,90.3353,UTI Multi Asset Allocation Fund
2026-08-12,,,,90.4386,UTI Multi Asset Allocation Fund
2026-08-13,,,,90.3613,UTI Multi Asset Allocation Fund
2026-08-14,,,,90.0457,UTI Multi Asset Allocation Fund
2026-08-17,,,,89.9136,UTI Multi Asset Allocation Fund
2026-08-18,,,,89.4386,UTI Multi Asset Allocation Fund
2026-08-19,,,,89.1201,UTI Multi Asset Allocation Fund
2026-08-20,,,,89.8769,UTI Multi Asset Allocation Fund
2026-08-21,,,,90.189,UTI Multi Asset Allocation Fund
2026-08-24,,,,90.3504,UTI Multi Asset Allocation Fund
2026-08-25,,,,90.6155,UTI Multi Asset Allocation Fund
2026-08-26,,,,90.4857,UTI Multi Asset Allocation Fund
2026-08-27,,,,90.0868,UTI Multi Asset Allocation Fund
2026-08-28,,,,90.4025,UTI Multi Asset Allocation Fund
2026-08-31,,,,89.999,UTI Multi Asset Allocation Fund
2026-09-01,,,,89.3002,UTI Multi Asset Allocation Fund
2026-09-02,,,,88.6866,UTI Multi Asset Allocation Fund
2026-09-03,,,,88.8949,UTI Multi Asset Allocation Fund
2026-09-04,,,,88.8823,UTI Multi Asset Allocation Fund
2026-09-07,,,,88.4809,UTI Multi Asset Allocation Fund
2026-09-08,,,,88.5402,UTI Multi Asset Allocation Fund
2026-09-09,,,,88.0059,UTI Multi Asset Allocation Fund
2026-09-10,,,,87.9114,UTI Multi Asset Allocation Fund
2026-09-11,,,,87.6101,UTI Multi Asset Allocation Fund
2026-09-15,,,,86.4384,UTI Multi Asset Allocation Fund
2026-09-16,,,,86.8131,UTI Multi Asset Allocation Fund
2026-09-17,,,,87.0329,UTI Multi Asset Allocation Fund
2026-09-18,,,,87.4396,UTI Multi Asset Allocation Fund
