Date,Open,High,Low,Close,Index
2002-11-08,,,,1360.04,NIFTY NEXT 50 TRI
2002-11-11,,,,1358.22,NIFTY NEXT 50 TRI
2002-11-12,,,,1355.11,NIFTY NEXT 50 TRI
2002-11-13,,,,1355.13,NIFTY NEXT 50 TRI
2002-11-14,,,,1353.22,NIFTY NEXT 50 TRI
2002-11-15,,,,1357.7,NIFTY NEXT 50 TRI
2002-11-18,,,,1364.16,NIFTY NEXT 50 TRI
2002-11-20,,,,1369.62,NIFTY NEXT 50 TRI
2002-11-21,,,,1380.63,NIFTY NEXT 50 TRI
2002-11-22,,,,1398.38,NIFTY NEXT 50 TRI
2002-11-25,,,,1410.11,NIFTY NEXT 50 TRI
2002-11-26,,,,1415.85,NIFTY NEXT 50 TRI
2002-11-27,,,,1416.21,NIFTY NEXT 50 TRI
2002-11-28,,,,1427.25,NIFTY NEXT 50 TRI
2002-11-29,,,,1452.86,NIFTY NEXT 50 TRI
2002-12-02,,,,1494.78,NIFTY NEXT 50 TRI
2002-12-03,,,,1473.96,NIFTY NEXT 50 TRI
2002-12-04,,,,1455.59,NIFTY NEXT 50 TRI
2002-12-05,,,,1474.67,NIFTY NEXT 50 TRI
2002-12-06,,,,1501.88,NIFTY NEXT 50 TRI
2002-12-09,,,,1487.81,NIFTY NEXT 50 TRI
2002-12-10,,,,1491.01,NIFTY NEXT 50 TRI
2002-12-11,,,,1502.81,NIFTY NEXT 50 TRI
2002-12-12,,,,1512.31,NIFTY NEXT 50 TRI
2002-12-13,,,,1540.39,NIFTY NEXT 50 TRI
2002-12-16,,,,1523.53,NIFTY NEXT 50 TRI
2002-12-17,,,,1512.27,NIFTY NEXT 50 TRI
2002-12-18,,,,1512.14,NIFTY NEXT 50 TRI
2002-12-19,,,,1510.07,NIFTY NEXT 50 TRI
2002-12-20,,,,1516.55,NIFTY NEXT 50 TRI
2002-12-23,,,,1500.36,NIFTY NEXT 50 TRI
2002-12-24,,,,1513.92,NIFTY NEXT 50 TRI
2002-12-26,,,,1524.88,NIFTY NEXT 50 TRI
2002-12-27,,,,1528.91,NIFTY NEXT 50 TRI
2002-12-30,,,,1526.86,NIFTY NEXT 50 TRI
2002-12-31,,,,1535.73,NIFTY NEXT 50 TRI
2003-01-01,,,,1539.31,NIFTY NEXT 50 TRI
2003-01-02,,,,1522.47,NIFTY NEXT 50 TRI
2003-01-03,,,,1512.04,NIFTY NEXT 50 TRI
2003-01-06,,,,1507.5,NIFTY NEXT 50 TRI
2003-01-07,,,,1509.42,NIFTY NEXT 50 TRI
2003-01-08,,,,1528.75,NIFTY NEXT 50 TRI
2003-01-09,,,,1550.8,NIFTY NEXT 50 TRI
2003-01-10,,,,1544.24,NIFTY NEXT 50 TRI
2003-01-13,,,,1545.92,NIFTY NEXT 50 TRI
2003-01-14,,,,1551.2,NIFTY NEXT 50 TRI
2003-01-15,,,,1561.75,NIFTY NEXT 50 TRI
2003-01-16,,,,1566.62,NIFTY NEXT 50 TRI
2003-01-17,,,,1569.23,NIFTY NEXT 50 TRI
2003-01-20,,,,1565.82,NIFTY NEXT 50 TRI
2003-01-21,,,,1582.08,NIFTY NEXT 50 TRI
2003-01-22,,,,1569.5,NIFTY NEXT 50 TRI
2003-01-23,,,,1559.27,NIFTY NEXT 50 TRI
2003-01-24,,,,1523.97,NIFTY NEXT 50 TRI
2003-01-27,,,,1480.0,NIFTY NEXT 50 TRI
2003-01-28,,,,1501.4,NIFTY NEXT 50 TRI
2003-01-29,,,,1507.09,NIFTY NEXT 50 TRI
2003-01-30,,,,1502.18,NIFTY NEXT 50 TRI
2003-01-31,,,,1496.54,NIFTY NEXT 50 TRI
2003-02-03,,,,1516.75,NIFTY NEXT 50 TRI
2003-02-04,,,,1515.06,NIFTY NEXT 50 TRI
2003-02-05,,,,1508.61,NIFTY NEXT 50 TRI
2003-02-06,,,,1521.09,NIFTY NEXT 50 TRI
2003-02-07,,,,1515.39,NIFTY NEXT 50 TRI
2003-02-10,,,,1487.84,NIFTY NEXT 50 TRI
2003-02-11,,,,1483.34,NIFTY NEXT 50 TRI
2003-02-12,,,,1476.19,NIFTY NEXT 50 TRI
2003-02-14,,,,1452.35,NIFTY NEXT 50 TRI
2003-02-17,,,,1496.14,NIFTY NEXT 50 TRI
2003-02-18,,,,1502.86,NIFTY NEXT 50 TRI
2003-02-19,,,,1526.16,NIFTY NEXT 50 TRI
2003-02-20,,,,1527.97,NIFTY NEXT 50 TRI
2003-02-21,,,,1521.4,NIFTY NEXT 50 TRI
2003-02-24,,,,1527.46,NIFTY NEXT 50 TRI
2003-02-25,,,,1505.03,NIFTY NEXT 50 TRI
2003-02-26,,,,1491.71,NIFTY NEXT 50 TRI
2003-02-27,,,,1513.2,NIFTY NEXT 50 TRI
2003-02-28,,,,1510.08,NIFTY NEXT 50 TRI
2003-03-03,,,,1512.41,NIFTY NEXT 50 TRI
2003-03-04,,,,1500.67,NIFTY NEXT 50 TRI
2003-03-05,,,,1492.35,NIFTY NEXT 50 TRI
2003-03-06,,,,1482.65,NIFTY NEXT 50 TRI
2003-03-07,,,,1455.25,NIFTY NEXT 50 TRI
2003-03-10,,,,1424.57,NIFTY NEXT 50 TRI
2003-03-11,,,,1434.58,NIFTY NEXT 50 TRI
2003-03-12,,,,1426.98,NIFTY NEXT 50 TRI
2003-03-13,,,,1421.77,NIFTY NEXT 50 TRI
2003-03-17,,,,1412.45,NIFTY NEXT 50 TRI
2003-03-19,,,,1416.2,NIFTY NEXT 50 TRI
2003-03-20,,,,1436.5,NIFTY NEXT 50 TRI
2003-03-21,,,,1447.92,NIFTY NEXT 50 TRI
2003-03-22,,,,1464.91,NIFTY NEXT 50 TRI
2003-03-24,,,,1432.59,NIFTY NEXT 50 TRI
2003-03-25,,,,1429.85,NIFTY NEXT 50 TRI
2003-03-26,,,,1428.36,NIFTY NEXT 50 TRI
2003-03-27,,,,1424.53,NIFTY NEXT 50 TRI
2003-03-28,,,,1414.33,NIFTY NEXT 50 TRI
2003-03-31,,,,1371.19,NIFTY NEXT 50 TRI
2003-04-01,,,,1383.04,NIFTY NEXT 50 TRI
2003-04-02,,,,1412.96,NIFTY NEXT 50 TRI
2003-04-03,,,,1433.72,NIFTY NEXT 50 TRI
2003-04-04,,,,1462.02,NIFTY NEXT 50 TRI
2003-04-07,,,,1485.22,NIFTY NEXT 50 TRI
2003-04-08,,,,1483.13,NIFTY NEXT 50 TRI
2003-04-09,,,,1465.58,NIFTY NEXT 50 TRI
2003-04-10,,,,1433.14,NIFTY NEXT 50 TRI
2003-04-11,,,,1433.52,NIFTY NEXT 50 TRI
2003-04-15,,,,1434.92,NIFTY NEXT 50 TRI
2003-04-16,,,,1440.04,NIFTY NEXT 50 TRI
2003-04-17,,,,1432.69,NIFTY NEXT 50 TRI
2003-04-21,,,,1448.64,NIFTY NEXT 50 TRI
2003-04-22,,,,1447.25,NIFTY NEXT 50 TRI
2003-04-23,,,,1431.29,NIFTY NEXT 50 TRI
2003-04-24,,,,1433.62,NIFTY NEXT 50 TRI
2003-04-25,,,,1438.08,NIFTY NEXT 50 TRI
2003-04-28,,,,1462.69,NIFTY NEXT 50 TRI
2003-04-29,,,,1448.95,NIFTY NEXT 50 TRI
2003-04-30,,,,1458.5,NIFTY NEXT 50 TRI
2003-05-02,,,,1486.04,NIFTY NEXT 50 TRI
2003-05-05,,,,1520.09,NIFTY NEXT 50 TRI
2003-05-06,,,,1531.63,NIFTY NEXT 50 TRI
2003-05-07,,,,1521.57,NIFTY NEXT 50 TRI
2003-05-08,,,,1513.05,NIFTY NEXT 50 TRI
2003-05-09,,,,1527.59,NIFTY NEXT 50 TRI
2003-05-12,,,,1570.08,NIFTY NEXT 50 TRI
2003-05-13,,,,1581.99,NIFTY NEXT 50 TRI
2003-05-14,,,,1618.0,NIFTY NEXT 50 TRI
2003-05-15,,,,1637.74,NIFTY NEXT 50 TRI
2003-05-16,,,,1631.05,NIFTY NEXT 50 TRI
2003-05-19,,,,1618.57,NIFTY NEXT 50 TRI
2003-05-20,,,,1641.32,NIFTY NEXT 50 TRI
2003-05-21,,,,1679.75,NIFTY NEXT 50 TRI
2003-05-22,,,,1702.91,NIFTY NEXT 50 TRI
2003-05-23,,,,1722.61,NIFTY NEXT 50 TRI
2003-05-26,,,,1755.51,NIFTY NEXT 50 TRI
2003-05-27,,,,1736.17,NIFTY NEXT 50 TRI
2003-05-28,,,,1782.73,NIFTY NEXT 50 TRI
2003-05-29,,,,1819.13,NIFTY NEXT 50 TRI
2003-05-30,,,,1817.89,NIFTY NEXT 50 TRI
2003-06-02,,,,1761.76,NIFTY NEXT 50 TRI
2003-06-03,,,,1790.96,NIFTY NEXT 50 TRI
2003-06-04,,,,1808.26,NIFTY NEXT 50 TRI
2003-06-05,,,,1796.85,NIFTY NEXT 50 TRI
2003-06-06,,,,1791.33,NIFTY NEXT 50 TRI
2003-06-09,,,,1830.76,NIFTY NEXT 50 TRI
2003-06-10,,,,1775.18,NIFTY NEXT 50 TRI
2003-06-11,,,,1806.55,NIFTY NEXT 50 TRI
2003-06-12,,,,1820.28,NIFTY NEXT 50 TRI
2003-06-13,,,,1812.83,NIFTY NEXT 50 TRI
2003-06-16,,,,1794.68,NIFTY NEXT 50 TRI
2003-06-17,,,,1833.67,NIFTY NEXT 50 TRI
2003-06-18,,,,1832.54,NIFTY NEXT 50 TRI
2003-06-19,,,,1870.31,NIFTY NEXT 50 TRI
2003-06-20,,,,1889.98,NIFTY NEXT 50 TRI
2003-06-23,,,,1897.59,NIFTY NEXT 50 TRI
2003-06-24,,,,1905.65,NIFTY NEXT 50 TRI
2003-06-25,,,,1926.79,NIFTY NEXT 50 TRI
2003-06-26,,,,1924.76,NIFTY NEXT 50 TRI
2003-06-27,,,,1939.69,NIFTY NEXT 50 TRI
2003-06-30,,,,1958.27,NIFTY NEXT 50 TRI
2003-07-01,,,,1983.92,NIFTY NEXT 50 TRI
2003-07-02,,,,2016.35,NIFTY NEXT 50 TRI
2003-07-03,,,,2053.73,NIFTY NEXT 50 TRI
2003-07-04,,,,2054.75,NIFTY NEXT 50 TRI
2003-07-07,,,,2090.19,NIFTY NEXT 50 TRI
2003-07-08,,,,2077.52,NIFTY NEXT 50 TRI
2003-07-09,,,,2048.12,NIFTY NEXT 50 TRI
2003-07-10,,,,2081.4,NIFTY NEXT 50 TRI
2003-07-11,,,,2097.13,NIFTY NEXT 50 TRI
2003-07-14,,,,2137.39,NIFTY NEXT 50 TRI
2003-07-15,,,,2123.45,NIFTY NEXT 50 TRI
2003-07-16,,,,2184.23,NIFTY NEXT 50 TRI
2003-07-17,,,,2140.82,NIFTY NEXT 50 TRI
2003-07-18,,,,2122.52,NIFTY NEXT 50 TRI
2003-07-21,,,,2103.14,NIFTY NEXT 50 TRI
2003-07-22,,,,2066.29,NIFTY NEXT 50 TRI
2003-07-23,,,,2085.9,NIFTY NEXT 50 TRI
2003-07-24,,,,2117.35,NIFTY NEXT 50 TRI
2003-07-25,,,,2171.85,NIFTY NEXT 50 TRI
2003-07-28,,,,2195.55,NIFTY NEXT 50 TRI
2003-07-29,,,,2207.52,NIFTY NEXT 50 TRI
2003-07-30,,,,2257.03,NIFTY NEXT 50 TRI
2003-07-31,,,,2228.97,NIFTY NEXT 50 TRI
2003-08-01,,,,2238.0,NIFTY NEXT 50 TRI
2003-08-04,,,,2246.81,NIFTY NEXT 50 TRI
2003-08-05,,,,2207.37,NIFTY NEXT 50 TRI
2003-08-06,,,,2181.87,NIFTY NEXT 50 TRI
2003-08-07,,,,2225.3,NIFTY NEXT 50 TRI
2003-08-08,,,,2249.63,NIFTY NEXT 50 TRI
2003-08-11,,,,2262.95,NIFTY NEXT 50 TRI
2003-08-12,,,,2253.86,NIFTY NEXT 50 TRI
2003-08-13,,,,2261.6,NIFTY NEXT 50 TRI
2003-08-14,,,,2278.31,NIFTY NEXT 50 TRI
2003-08-18,,,,2345.26,NIFTY NEXT 50 TRI
2003-08-19,,,,2347.46,NIFTY NEXT 50 TRI
2003-08-20,,,,2366.11,NIFTY NEXT 50 TRI
2003-08-21,,,,2388.87,NIFTY NEXT 50 TRI
2003-08-22,,,,2388.59,NIFTY NEXT 50 TRI
2003-08-25,,,,2315.17,NIFTY NEXT 50 TRI
2003-08-26,,,,2418.02,NIFTY NEXT 50 TRI
2003-08-27,,,,2495.86,NIFTY NEXT 50 TRI
2003-08-28,,,,2513.91,NIFTY NEXT 50 TRI
2003-08-29,,,,2525.45,NIFTY NEXT 50 TRI
2003-09-01,,,,2539.08,NIFTY NEXT 50 TRI
2003-09-02,,,,2544.06,NIFTY NEXT 50 TRI
2003-09-03,,,,2488.03,NIFTY NEXT 50 TRI
2003-09-04,,,,2487.76,NIFTY NEXT 50 TRI
2003-09-05,,,,2511.25,NIFTY NEXT 50 TRI
2003-09-08,,,,2568.81,NIFTY NEXT 50 TRI
2003-09-09,,,,2557.19,NIFTY NEXT 50 TRI
2003-09-10,,,,2575.37,NIFTY NEXT 50 TRI
2003-09-11,,,,2585.84,NIFTY NEXT 50 TRI
2003-09-12,,,,2538.25,NIFTY NEXT 50 TRI
2003-09-15,,,,2477.18,NIFTY NEXT 50 TRI
2003-09-16,,,,2540.22,NIFTY NEXT 50 TRI
2003-09-17,,,,2537.37,NIFTY NEXT 50 TRI
2003-09-18,,,,2475.72,NIFTY NEXT 50 TRI
2003-09-19,,,,2484.06,NIFTY NEXT 50 TRI
2003-09-22,,,,2472.36,NIFTY NEXT 50 TRI
2003-09-23,,,,2489.61,NIFTY NEXT 50 TRI
2003-09-24,,,,2546.75,NIFTY NEXT 50 TRI
2003-09-25,,,,2545.49,NIFTY NEXT 50 TRI
2003-09-26,,,,2644.43,NIFTY NEXT 50 TRI
2003-09-29,,,,2685.01,NIFTY NEXT 50 TRI
2003-09-30,,,,2731.36,NIFTY NEXT 50 TRI
2003-10-01,,,,2728.59,NIFTY NEXT 50 TRI
2003-10-03,,,,2749.45,NIFTY NEXT 50 TRI
2003-10-06,,,,2798.01,NIFTY NEXT 50 TRI
2003-10-07,,,,2799.55,NIFTY NEXT 50 TRI
2003-10-08,,,,2826.77,NIFTY NEXT 50 TRI
2003-10-09,,,,2843.88,NIFTY NEXT 50 TRI
2003-10-10,,,,2864.34,NIFTY NEXT 50 TRI
2003-10-13,,,,2923.94,NIFTY NEXT 50 TRI
2003-10-14,,,,2837.81,NIFTY NEXT 50 TRI
2003-10-15,,,,2900.65,NIFTY NEXT 50 TRI
2003-10-16,,,,2943.71,NIFTY NEXT 50 TRI
2003-10-17,,,,2945.46,NIFTY NEXT 50 TRI
2003-10-20,,,,2874.88,NIFTY NEXT 50 TRI
2003-10-21,,,,2790.95,NIFTY NEXT 50 TRI
2003-10-22,,,,2762.27,NIFTY NEXT 50 TRI
2003-10-23,,,,2762.78,NIFTY NEXT 50 TRI
2003-10-24,,,,2821.71,NIFTY NEXT 50 TRI
2003-10-25,,,,2871.41,NIFTY NEXT 50 TRI
2003-10-27,,,,2805.65,NIFTY NEXT 50 TRI
2003-10-28,,,,2818.05,NIFTY NEXT 50 TRI
2003-10-29,,,,2845.61,NIFTY NEXT 50 TRI
2003-10-30,,,,2884.2,NIFTY NEXT 50 TRI
2003-10-31,,,,2954.37,NIFTY NEXT 50 TRI
2003-11-03,,,,2948.2,NIFTY NEXT 50 TRI
2003-11-04,,,,2981.41,NIFTY NEXT 50 TRI
2003-11-05,,,,2968.92,NIFTY NEXT 50 TRI
2003-11-06,,,,3003.43,NIFTY NEXT 50 TRI
2003-11-07,,,,2980.09,NIFTY NEXT 50 TRI
2003-11-10,,,,2972.18,NIFTY NEXT 50 TRI
2003-11-11,,,,3033.36,NIFTY NEXT 50 TRI
2003-11-12,,,,3062.04,NIFTY NEXT 50 TRI
2003-11-13,,,,3011.59,NIFTY NEXT 50 TRI
2003-11-14,,,,2975.08,NIFTY NEXT 50 TRI
2003-11-15,,,,2995.0,NIFTY NEXT 50 TRI
2003-11-17,,,,3033.08,NIFTY NEXT 50 TRI
2003-11-18,,,,3032.57,NIFTY NEXT 50 TRI
2003-11-19,,,,2998.61,NIFTY NEXT 50 TRI
2003-11-20,,,,2958.18,NIFTY NEXT 50 TRI
2003-11-21,,,,2958.1,NIFTY NEXT 50 TRI
2003-11-24,,,,2979.91,NIFTY NEXT 50 TRI
2003-11-25,,,,3030.71,NIFTY NEXT 50 TRI
2003-11-27,,,,3063.26,NIFTY NEXT 50 TRI
2003-11-28,,,,3117.1,NIFTY NEXT 50 TRI
2003-12-01,,,,3164.4,NIFTY NEXT 50 TRI
2003-12-02,,,,3183.6,NIFTY NEXT 50 TRI
2003-12-03,,,,3229.54,NIFTY NEXT 50 TRI
2003-12-04,,,,3270.6,NIFTY NEXT 50 TRI
2003-12-05,,,,3245.95,NIFTY NEXT 50 TRI
2003-12-08,,,,3308.61,NIFTY NEXT 50 TRI
2003-12-09,,,,3367.88,NIFTY NEXT 50 TRI
2003-12-10,,,,3317.95,NIFTY NEXT 50 TRI
2003-12-11,,,,3333.95,NIFTY NEXT 50 TRI
2003-12-12,,,,3364.97,NIFTY NEXT 50 TRI
2003-12-15,,,,3419.28,NIFTY NEXT 50 TRI
2003-12-16,,,,3403.88,NIFTY NEXT 50 TRI
2003-12-17,,,,3410.9,NIFTY NEXT 50 TRI
2003-12-18,,,,3462.5,NIFTY NEXT 50 TRI
2003-12-19,,,,3483.32,NIFTY NEXT 50 TRI
2003-12-22,,,,3563.58,NIFTY NEXT 50 TRI
2003-12-23,,,,3586.98,NIFTY NEXT 50 TRI
2003-12-24,,,,3663.27,NIFTY NEXT 50 TRI
2003-12-26,,,,3724.17,NIFTY NEXT 50 TRI
2003-12-29,,,,3793.84,NIFTY NEXT 50 TRI
2003-12-30,,,,3770.14,NIFTY NEXT 50 TRI
2003-12-31,,,,3797.37,NIFTY NEXT 50 TRI
2004-01-01,,,,3879.38,NIFTY NEXT 50 TRI
2004-01-02,,,,3910.97,NIFTY NEXT 50 TRI
2004-01-05,,,,3873.35,NIFTY NEXT 50 TRI
2004-01-06,,,,3849.5,NIFTY NEXT 50 TRI
2004-01-07,,,,3804.51,NIFTY NEXT 50 TRI
2004-01-08,,,,3967.47,NIFTY NEXT 50 TRI
2004-01-09,,,,4004.66,NIFTY NEXT 50 TRI
2004-01-12,,,,3991.08,NIFTY NEXT 50 TRI
2004-01-13,,,,4014.04,NIFTY NEXT 50 TRI
2004-01-14,,,,4056.55,NIFTY NEXT 50 TRI
2004-01-15,,,,4014.18,NIFTY NEXT 50 TRI
2004-01-16,,,,3877.09,NIFTY NEXT 50 TRI
2004-01-19,,,,3889.2,NIFTY NEXT 50 TRI
2004-01-20,,,,3882.79,NIFTY NEXT 50 TRI
2004-01-21,,,,3708.38,NIFTY NEXT 50 TRI
2004-01-22,,,,3624.61,NIFTY NEXT 50 TRI
2004-01-23,,,,3783.07,NIFTY NEXT 50 TRI
2004-01-27,,,,3993.4,NIFTY NEXT 50 TRI
2004-01-28,,,,3913.22,NIFTY NEXT 50 TRI
2004-01-29,,,,3879.34,NIFTY NEXT 50 TRI
2004-01-30,,,,3758.54,NIFTY NEXT 50 TRI
2004-02-03,,,,3589.49,NIFTY NEXT 50 TRI
2004-02-04,,,,3664.62,NIFTY NEXT 50 TRI
2004-02-05,,,,3677.94,NIFTY NEXT 50 TRI
2004-02-06,,,,3787.78,NIFTY NEXT 50 TRI
2004-02-09,,,,3853.19,NIFTY NEXT 50 TRI
2004-02-10,,,,3842.47,NIFTY NEXT 50 TRI
2004-02-11,,,,3882.75,NIFTY NEXT 50 TRI
2004-02-12,,,,3918.79,NIFTY NEXT 50 TRI
2004-02-13,,,,3980.05,NIFTY NEXT 50 TRI
2004-02-16,,,,4016.17,NIFTY NEXT 50 TRI
2004-02-17,,,,4030.91,NIFTY NEXT 50 TRI
2004-02-18,,,,4006.3,NIFTY NEXT 50 TRI
2004-02-19,,,,3924.76,NIFTY NEXT 50 TRI
2004-02-20,,,,3885.89,NIFTY NEXT 50 TRI
2004-02-23,,,,3791.23,NIFTY NEXT 50 TRI
2004-02-24,,,,3801.01,NIFTY NEXT 50 TRI
2004-02-25,,,,3758.3,NIFTY NEXT 50 TRI
2004-02-26,,,,3701.28,NIFTY NEXT 50 TRI
2004-02-27,,,,3721.3,NIFTY NEXT 50 TRI
2004-03-01,,,,3786.97,NIFTY NEXT 50 TRI
2004-03-03,,,,3806.2,NIFTY NEXT 50 TRI
2004-03-04,,,,3786.05,NIFTY NEXT 50 TRI
2004-03-05,,,,3818.43,NIFTY NEXT 50 TRI
2004-03-08,,,,3885.41,NIFTY NEXT 50 TRI
2004-03-09,,,,3860.81,NIFTY NEXT 50 TRI
2004-03-10,,,,3828.24,NIFTY NEXT 50 TRI
2004-03-11,,,,3771.4,NIFTY NEXT 50 TRI
2004-03-12,,,,3772.33,NIFTY NEXT 50 TRI
2004-03-15,,,,3665.67,NIFTY NEXT 50 TRI
2004-03-16,,,,3616.89,NIFTY NEXT 50 TRI
2004-03-17,,,,3655.75,NIFTY NEXT 50 TRI
2004-03-18,,,,3604.4,NIFTY NEXT 50 TRI
2004-03-19,,,,3631.77,NIFTY NEXT 50 TRI
2004-03-22,,,,3527.66,NIFTY NEXT 50 TRI
2004-03-23,,,,3491.12,NIFTY NEXT 50 TRI
2004-03-24,,,,3505.17,NIFTY NEXT 50 TRI
2004-03-25,,,,3559.57,NIFTY NEXT 50 TRI
2004-03-26,,,,3679.06,NIFTY NEXT 50 TRI
2004-03-29,,,,3735.42,NIFTY NEXT 50 TRI
2004-03-30,,,,3765.11,NIFTY NEXT 50 TRI
2004-03-31,,,,3789.96,NIFTY NEXT 50 TRI
2004-04-01,,,,3882.77,NIFTY NEXT 50 TRI
2004-04-02,,,,3934.55,NIFTY NEXT 50 TRI
2004-04-05,,,,3975.88,NIFTY NEXT 50 TRI
2004-04-06,,,,3956.65,NIFTY NEXT 50 TRI
2004-04-07,,,,3955.38,NIFTY NEXT 50 TRI
2004-04-08,,,,4002.43,NIFTY NEXT 50 TRI
2004-04-12,,,,4006.48,NIFTY NEXT 50 TRI
2004-04-13,,,,4079.69,NIFTY NEXT 50 TRI
2004-04-15,,,,4127.38,NIFTY NEXT 50 TRI
2004-04-16,,,,4167.61,NIFTY NEXT 50 TRI
2004-04-17,,,,4194.36,NIFTY NEXT 50 TRI
2004-04-19,,,,4147.44,NIFTY NEXT 50 TRI
2004-04-20,,,,4124.2,NIFTY NEXT 50 TRI
2004-04-21,,,,4190.37,NIFTY NEXT 50 TRI
2004-04-22,,,,4251.73,NIFTY NEXT 50 TRI
2004-04-23,,,,4291.69,NIFTY NEXT 50 TRI
2004-04-27,,,,4081.96,NIFTY NEXT 50 TRI
2004-04-28,,,,4083.76,NIFTY NEXT 50 TRI
2004-04-29,,,,4108.35,NIFTY NEXT 50 TRI
2004-04-30,,,,4068.47,NIFTY NEXT 50 TRI
2004-05-03,,,,3966.84,NIFTY NEXT 50 TRI
2004-05-04,,,,4092.17,NIFTY NEXT 50 TRI
2004-05-05,,,,4084.22,NIFTY NEXT 50 TRI
2004-05-06,,,,4177.37,NIFTY NEXT 50 TRI
2004-05-07,,,,4145.79,NIFTY NEXT 50 TRI
2004-05-10,,,,4065.13,NIFTY NEXT 50 TRI
2004-05-11,,,,3856.77,NIFTY NEXT 50 TRI
2004-05-12,,,,3890.74,NIFTY NEXT 50 TRI
2004-05-13,,,,3859.55,NIFTY NEXT 50 TRI
2004-05-14,,,,3422.17,NIFTY NEXT 50 TRI
2004-05-17,,,,3004.47,NIFTY NEXT 50 TRI
2004-05-18,,,,3261.57,NIFTY NEXT 50 TRI
2004-05-19,,,,3482.74,NIFTY NEXT 50 TRI
2004-05-20,,,,3512.5,NIFTY NEXT 50 TRI
2004-05-21,,,,3468.12,NIFTY NEXT 50 TRI
2004-05-24,,,,3539.69,NIFTY NEXT 50 TRI
2004-05-25,,,,3516.83,NIFTY NEXT 50 TRI
2004-05-26,,,,3552.11,NIFTY NEXT 50 TRI
2004-05-27,,,,3512.16,NIFTY NEXT 50 TRI
2004-05-28,,,,3346.89,NIFTY NEXT 50 TRI
2004-05-31,,,,3188.17,NIFTY NEXT 50 TRI
2004-06-01,,,,3240.09,NIFTY NEXT 50 TRI
2004-06-02,,,,3307.47,NIFTY NEXT 50 TRI
2004-06-03,,,,3285.06,NIFTY NEXT 50 TRI
2004-06-04,,,,3310.59,NIFTY NEXT 50 TRI
2004-06-07,,,,3347.6,NIFTY NEXT 50 TRI
2004-06-08,,,,3344.72,NIFTY NEXT 50 TRI
2004-06-09,,,,3372.7,NIFTY NEXT 50 TRI
2004-06-10,,,,3367.93,NIFTY NEXT 50 TRI
2004-06-11,,,,3303.46,NIFTY NEXT 50 TRI
2004-06-14,,,,3214.35,NIFTY NEXT 50 TRI
2004-06-15,,,,3246.4,NIFTY NEXT 50 TRI
2004-06-16,,,,3256.47,NIFTY NEXT 50 TRI
2004-06-17,,,,3268.17,NIFTY NEXT 50 TRI
2004-06-18,,,,3250.78,NIFTY NEXT 50 TRI
2004-06-21,,,,3198.33,NIFTY NEXT 50 TRI
2004-06-22,,,,3166.19,NIFTY NEXT 50 TRI
2004-06-23,,,,3087.0,NIFTY NEXT 50 TRI
2004-06-24,,,,3105.03,NIFTY NEXT 50 TRI
2004-06-25,,,,3153.17,NIFTY NEXT 50 TRI
2004-06-28,,,,3227.03,NIFTY NEXT 50 TRI
2004-06-29,,,,3261.67,NIFTY NEXT 50 TRI
2004-06-30,,,,3270.71,NIFTY NEXT 50 TRI
2004-07-01,,,,3317.0,NIFTY NEXT 50 TRI
2004-07-02,,,,3327.26,NIFTY NEXT 50 TRI
2004-07-05,,,,3282.39,NIFTY NEXT 50 TRI
2004-07-06,,,,3302.23,NIFTY NEXT 50 TRI
2004-07-07,,,,3305.29,NIFTY NEXT 50 TRI
2004-07-08,,,,3227.14,NIFTY NEXT 50 TRI
2004-07-09,,,,3298.87,NIFTY NEXT 50 TRI
2004-07-12,,,,3352.12,NIFTY NEXT 50 TRI
2004-07-13,,,,3348.23,NIFTY NEXT 50 TRI
2004-07-14,,,,3352.9,NIFTY NEXT 50 TRI
2004-07-15,,,,3375.39,NIFTY NEXT 50 TRI
2004-07-16,,,,3432.31,NIFTY NEXT 50 TRI
2004-07-19,,,,3461.73,NIFTY NEXT 50 TRI
2004-07-20,,,,3441.42,NIFTY NEXT 50 TRI
2004-07-21,,,,3452.87,NIFTY NEXT 50 TRI
2004-07-22,,,,3516.32,NIFTY NEXT 50 TRI
2004-07-23,,,,3534.9,NIFTY NEXT 50 TRI
2004-07-26,,,,3545.57,NIFTY NEXT 50 TRI
2004-07-27,,,,3476.15,NIFTY NEXT 50 TRI
2004-07-28,,,,3450.83,NIFTY NEXT 50 TRI
2004-07-29,,,,3482.69,NIFTY NEXT 50 TRI
2004-07-30,,,,3485.53,NIFTY NEXT 50 TRI
2004-08-02,,,,3490.44,NIFTY NEXT 50 TRI
2004-08-03,,,,3507.07,NIFTY NEXT 50 TRI
2004-08-04,,,,3510.25,NIFTY NEXT 50 TRI
2004-08-05,,,,3575.24,NIFTY NEXT 50 TRI
2004-08-06,,,,3552.23,NIFTY NEXT 50 TRI
2004-08-09,,,,3556.69,NIFTY NEXT 50 TRI
2004-08-10,,,,3556.35,NIFTY NEXT 50 TRI
2004-08-11,,,,3488.3,NIFTY NEXT 50 TRI
2004-08-12,,,,3468.84,NIFTY NEXT 50 TRI
2004-08-13,,,,3465.04,NIFTY NEXT 50 TRI
2004-08-16,,,,3448.77,NIFTY NEXT 50 TRI
2004-08-17,,,,3472.1,NIFTY NEXT 50 TRI
2004-08-18,,,,3464.55,NIFTY NEXT 50 TRI
2004-08-19,,,,3475.19,NIFTY NEXT 50 TRI
2004-08-20,,,,3447.32,NIFTY NEXT 50 TRI
2004-08-23,,,,3409.61,NIFTY NEXT 50 TRI
2004-08-24,,,,3430.68,NIFTY NEXT 50 TRI
2004-08-25,,,,3449.14,NIFTY NEXT 50 TRI
2004-08-26,,,,3488.49,NIFTY NEXT 50 TRI
2004-08-27,,,,3530.62,NIFTY NEXT 50 TRI
2004-08-30,,,,3609.15,NIFTY NEXT 50 TRI
2004-08-31,,,,3622.8,NIFTY NEXT 50 TRI
2004-09-01,,,,3663.29,NIFTY NEXT 50 TRI
2004-09-02,,,,3666.4,NIFTY NEXT 50 TRI
2004-09-03,,,,3711.64,NIFTY NEXT 50 TRI
2004-09-06,,,,3759.49,NIFTY NEXT 50 TRI
2004-09-07,,,,3785.67,NIFTY NEXT 50 TRI
2004-09-08,,,,3788.27,NIFTY NEXT 50 TRI
2004-09-09,,,,3746.26,NIFTY NEXT 50 TRI
2004-09-10,,,,3768.71,NIFTY NEXT 50 TRI
2004-09-13,,,,3767.4,NIFTY NEXT 50 TRI
2004-09-14,,,,3775.12,NIFTY NEXT 50 TRI
2004-09-15,,,,3785.33,NIFTY NEXT 50 TRI
2004-09-16,,,,3841.37,NIFTY NEXT 50 TRI
2004-09-17,,,,3874.15,NIFTY NEXT 50 TRI
2004-09-20,,,,3879.88,NIFTY NEXT 50 TRI
2004-09-21,,,,3918.96,NIFTY NEXT 50 TRI
2004-09-22,,,,3987.98,NIFTY NEXT 50 TRI
2004-09-23,,,,3939.49,NIFTY NEXT 50 TRI
2004-09-24,,,,3949.81,NIFTY NEXT 50 TRI
2004-09-27,,,,3956.84,NIFTY NEXT 50 TRI
2004-09-28,,,,3935.86,NIFTY NEXT 50 TRI
2004-09-29,,,,3962.8,NIFTY NEXT 50 TRI
2004-09-30,,,,3974.99,NIFTY NEXT 50 TRI
2004-10-01,,,,3996.66,NIFTY NEXT 50 TRI
2004-10-04,,,,4021.73,NIFTY NEXT 50 TRI
2004-10-05,,,,4082.3,NIFTY NEXT 50 TRI
2004-10-06,,,,4072.21,NIFTY NEXT 50 TRI
2004-10-07,,,,4076.97,NIFTY NEXT 50 TRI
2004-10-08,,,,4081.8,NIFTY NEXT 50 TRI
2004-10-09,,,,4095.36,NIFTY NEXT 50 TRI
2004-10-11,,,,4052.99,NIFTY NEXT 50 TRI
2004-10-12,,,,3976.02,NIFTY NEXT 50 TRI
2004-10-14,,,,3958.78,NIFTY NEXT 50 TRI
2004-10-15,,,,3953.51,NIFTY NEXT 50 TRI
2004-10-18,,,,3954.87,NIFTY NEXT 50 TRI
2004-10-19,,,,3989.24,NIFTY NEXT 50 TRI
2004-10-20,,,,3965.76,NIFTY NEXT 50 TRI
2004-10-21,,,,3947.27,NIFTY NEXT 50 TRI
2004-10-25,,,,3876.71,NIFTY NEXT 50 TRI
2004-10-26,,,,3902.29,NIFTY NEXT 50 TRI
2004-10-27,,,,3958.22,NIFTY NEXT 50 TRI
2004-10-28,,,,3956.12,NIFTY NEXT 50 TRI
2004-10-29,,,,3949.7,NIFTY NEXT 50 TRI
2004-11-01,,,,3979.79,NIFTY NEXT 50 TRI
2004-11-02,,,,4017.38,NIFTY NEXT 50 TRI
2004-11-03,,,,4078.95,NIFTY NEXT 50 TRI
2004-11-04,,,,4095.64,NIFTY NEXT 50 TRI
2004-11-05,,,,4094.22,NIFTY NEXT 50 TRI
2004-11-08,,,,4082.19,NIFTY NEXT 50 TRI
2004-11-09,,,,4049.6,NIFTY NEXT 50 TRI
2004-11-10,,,,4074.52,NIFTY NEXT 50 TRI
2004-11-11,,,,4077.59,NIFTY NEXT 50 TRI
2004-11-12,,,,4100.5,NIFTY NEXT 50 TRI
2004-11-16,,,,4148.41,NIFTY NEXT 50 TRI
2004-11-17,,,,4229.7,NIFTY NEXT 50 TRI
2004-11-18,,,,4288.7,NIFTY NEXT 50 TRI
2004-11-19,,,,4238.68,NIFTY NEXT 50 TRI
2004-11-22,,,,4227.08,NIFTY NEXT 50 TRI
2004-11-23,,,,4300.92,NIFTY NEXT 50 TRI
2004-11-24,,,,4330.19,NIFTY NEXT 50 TRI
2004-11-25,,,,4333.2,NIFTY NEXT 50 TRI
2004-11-29,,,,4406.3,NIFTY NEXT 50 TRI
2004-11-30,,,,4416.02,NIFTY NEXT 50 TRI
2004-12-01,,,,4486.28,NIFTY NEXT 50 TRI
2004-12-02,,,,4612.12,NIFTY NEXT 50 TRI
2004-12-03,,,,4611.72,NIFTY NEXT 50 TRI
2004-12-06,,,,4593.25,NIFTY NEXT 50 TRI
2004-12-07,,,,4587.29,NIFTY NEXT 50 TRI
2004-12-08,,,,4573.08,NIFTY NEXT 50 TRI
2004-12-09,,,,4593.83,NIFTY NEXT 50 TRI
2004-12-10,,,,4565.44,NIFTY NEXT 50 TRI
2004-12-13,,,,4581.52,NIFTY NEXT 50 TRI
2004-12-14,,,,4634.06,NIFTY NEXT 50 TRI
2004-12-15,,,,4668.51,NIFTY NEXT 50 TRI
2004-12-16,,,,4723.31,NIFTY NEXT 50 TRI
2004-12-17,,,,4734.68,NIFTY NEXT 50 TRI
2004-12-20,,,,4775.62,NIFTY NEXT 50 TRI
2004-12-21,,,,4825.76,NIFTY NEXT 50 TRI
2004-12-22,,,,4825.65,NIFTY NEXT 50 TRI
2004-12-23,,,,4931.62,NIFTY NEXT 50 TRI
2004-12-24,,,,4935.88,NIFTY NEXT 50 TRI
2004-12-27,,,,4985.17,NIFTY NEXT 50 TRI
2004-12-28,,,,5047.26,NIFTY NEXT 50 TRI
2004-12-29,,,,5003.02,NIFTY NEXT 50 TRI
2004-12-30,,,,4972.1,NIFTY NEXT 50 TRI
2004-12-31,,,,5063.57,NIFTY NEXT 50 TRI
2005-01-03,,,,5126.62,NIFTY NEXT 50 TRI
2005-01-04,,,,5153.45,NIFTY NEXT 50 TRI
2005-01-05,,,,4973.58,NIFTY NEXT 50 TRI
2005-01-06,,,,4865.61,NIFTY NEXT 50 TRI
2005-01-07,,,,4921.15,NIFTY NEXT 50 TRI
2005-01-10,,,,4879.48,NIFTY NEXT 50 TRI
2005-01-11,,,,4742.05,NIFTY NEXT 50 TRI
2005-01-12,,,,4570.91,NIFTY NEXT 50 TRI
2005-01-13,,,,4741.77,NIFTY NEXT 50 TRI
2005-01-14,,,,4714.19,NIFTY NEXT 50 TRI
2005-01-17,,,,4740.29,NIFTY NEXT 50 TRI
2005-01-18,,,,4768.21,NIFTY NEXT 50 TRI
2005-01-19,,,,4723.35,NIFTY NEXT 50 TRI
2005-01-20,,,,4661.94,NIFTY NEXT 50 TRI
2005-01-24,,,,4597.3,NIFTY NEXT 50 TRI
2005-01-25,,,,4643.18,NIFTY NEXT 50 TRI
2005-01-27,,,,4701.0,NIFTY NEXT 50 TRI
2005-01-28,,,,4776.79,NIFTY NEXT 50 TRI
2005-01-31,,,,4830.35,NIFTY NEXT 50 TRI
2005-02-01,,,,4831.72,NIFTY NEXT 50 TRI
2005-02-02,,,,4896.14,NIFTY NEXT 50 TRI
2005-02-03,,,,4968.17,NIFTY NEXT 50 TRI
2005-02-04,,,,4968.66,NIFTY NEXT 50 TRI
2005-02-07,,,,4947.96,NIFTY NEXT 50 TRI
2005-02-08,,,,4925.78,NIFTY NEXT 50 TRI
2005-02-09,,,,4962.43,NIFTY NEXT 50 TRI
2005-02-10,,,,4982.23,NIFTY NEXT 50 TRI
2005-02-11,,,,4990.26,NIFTY NEXT 50 TRI
2005-02-14,,,,4999.66,NIFTY NEXT 50 TRI
2005-02-15,,,,4972.45,NIFTY NEXT 50 TRI
2005-02-16,,,,4956.3,NIFTY NEXT 50 TRI
2005-02-17,,,,4921.83,NIFTY NEXT 50 TRI
2005-02-18,,,,4921.95,NIFTY NEXT 50 TRI
2005-02-21,,,,4862.81,NIFTY NEXT 50 TRI
2005-02-22,,,,4935.66,NIFTY NEXT 50 TRI
2005-02-23,,,,4958.36,NIFTY NEXT 50 TRI
2005-02-24,,,,4948.09,NIFTY NEXT 50 TRI
2005-02-25,,,,4912.44,NIFTY NEXT 50 TRI
2005-02-28,,,,5008.23,NIFTY NEXT 50 TRI
2005-03-01,,,,5001.44,NIFTY NEXT 50 TRI
2005-03-02,,,,5102.34,NIFTY NEXT 50 TRI
2005-03-03,,,,5154.62,NIFTY NEXT 50 TRI
2005-03-04,,,,5193.14,NIFTY NEXT 50 TRI
2005-03-07,,,,5271.33,NIFTY NEXT 50 TRI
2005-03-08,,,,5326.86,NIFTY NEXT 50 TRI
2005-03-09,,,,5277.95,NIFTY NEXT 50 TRI
2005-03-10,,,,5305.58,NIFTY NEXT 50 TRI
2005-03-11,,,,5275.33,NIFTY NEXT 50 TRI
2005-03-14,,,,5229.1,NIFTY NEXT 50 TRI
2005-03-15,,,,5199.08,NIFTY NEXT 50 TRI
2005-03-16,,,,5188.86,NIFTY NEXT 50 TRI
2005-03-17,,,,5120.77,NIFTY NEXT 50 TRI
2005-03-18,,,,5085.04,NIFTY NEXT 50 TRI
2005-03-21,,,,5084.13,NIFTY NEXT 50 TRI
2005-03-22,,,,4940.82,NIFTY NEXT 50 TRI
2005-03-23,,,,4804.19,NIFTY NEXT 50 TRI
2005-03-24,,,,4796.48,NIFTY NEXT 50 TRI
2005-03-28,,,,4832.21,NIFTY NEXT 50 TRI
2005-03-29,,,,4733.25,NIFTY NEXT 50 TRI
2005-03-30,,,,4785.01,NIFTY NEXT 50 TRI
2005-03-31,,,,4879.92,NIFTY NEXT 50 TRI
2005-04-01,,,,4957.2,NIFTY NEXT 50 TRI
2005-04-04,,,,4977.01,NIFTY NEXT 50 TRI
2005-04-05,,,,4913.65,NIFTY NEXT 50 TRI
2005-04-06,,,,4931.12,NIFTY NEXT 50 TRI
2005-04-07,,,,4918.16,NIFTY NEXT 50 TRI
2005-04-08,,,,4873.93,NIFTY NEXT 50 TRI
2005-04-11,,,,4811.32,NIFTY NEXT 50 TRI
2005-04-12,,,,4848.18,NIFTY NEXT 50 TRI
2005-04-13,,,,4852.75,NIFTY NEXT 50 TRI
2005-04-15,,,,4734.72,NIFTY NEXT 50 TRI
2005-04-18,,,,4694.13,NIFTY NEXT 50 TRI
2005-04-19,,,,4643.14,NIFTY NEXT 50 TRI
2005-04-20,,,,4659.13,NIFTY NEXT 50 TRI
2005-04-21,,,,4746.37,NIFTY NEXT 50 TRI
2005-04-22,,,,4779.95,NIFTY NEXT 50 TRI
2005-04-25,,,,4814.14,NIFTY NEXT 50 TRI
2005-04-26,,,,4806.48,NIFTY NEXT 50 TRI
2005-04-27,,,,4779.07,NIFTY NEXT 50 TRI
2005-04-28,,,,4693.28,NIFTY NEXT 50 TRI
2005-04-29,,,,4596.99,NIFTY NEXT 50 TRI
2005-05-02,,,,4607.67,NIFTY NEXT 50 TRI
2005-05-03,,,,4625.43,NIFTY NEXT 50 TRI
2005-05-04,,,,4694.3,NIFTY NEXT 50 TRI
2005-05-05,,,,4810.44,NIFTY NEXT 50 TRI
2005-05-06,,,,4825.93,NIFTY NEXT 50 TRI
2005-05-09,,,,4883.61,NIFTY NEXT 50 TRI
2005-05-10,,,,4884.87,NIFTY NEXT 50 TRI
2005-05-11,,,,4843.04,NIFTY NEXT 50 TRI
2005-05-12,,,,4856.79,NIFTY NEXT 50 TRI
2005-05-13,,,,4861.9,NIFTY NEXT 50 TRI
2005-05-16,,,,4901.18,NIFTY NEXT 50 TRI
2005-05-17,,,,4852.35,NIFTY NEXT 50 TRI
2005-05-18,,,,4832.62,NIFTY NEXT 50 TRI
2005-05-19,,,,4857.32,NIFTY NEXT 50 TRI
2005-05-20,,,,4846.37,NIFTY NEXT 50 TRI
2005-05-23,,,,4883.05,NIFTY NEXT 50 TRI
2005-05-24,,,,4902.8,NIFTY NEXT 50 TRI
2005-05-25,,,,4920.54,NIFTY NEXT 50 TRI
2005-05-26,,,,4896.44,NIFTY NEXT 50 TRI
2005-05-27,,,,4937.82,NIFTY NEXT 50 TRI
2005-05-30,,,,4917.01,NIFTY NEXT 50 TRI
2005-05-31,,,,4999.54,NIFTY NEXT 50 TRI
2005-06-01,,,,5030.3,NIFTY NEXT 50 TRI
2005-06-02,,,,5006.87,NIFTY NEXT 50 TRI
2005-06-03,,,,5055.46,NIFTY NEXT 50 TRI
2005-06-04,,,,5077.34,NIFTY NEXT 50 TRI
2005-06-06,,,,5102.8,NIFTY NEXT 50 TRI
2005-06-07,,,,5172.84,NIFTY NEXT 50 TRI
2005-06-08,,,,5211.19,NIFTY NEXT 50 TRI
2005-06-09,,,,5191.18,NIFTY NEXT 50 TRI
2005-06-10,,,,5143.74,NIFTY NEXT 50 TRI
2005-06-13,,,,5162.6,NIFTY NEXT 50 TRI
2005-06-14,,,,5163.06,NIFTY NEXT 50 TRI
2005-06-15,,,,5154.01,NIFTY NEXT 50 TRI
2005-06-16,,,,5096.39,NIFTY NEXT 50 TRI
2005-06-17,,,,5047.3,NIFTY NEXT 50 TRI
2005-06-20,,,,4997.88,NIFTY NEXT 50 TRI
2005-06-21,,,,5029.41,NIFTY NEXT 50 TRI
2005-06-22,,,,5062.2,NIFTY NEXT 50 TRI
2005-06-23,,,,5105.44,NIFTY NEXT 50 TRI
2005-06-24,,,,5104.29,NIFTY NEXT 50 TRI
2005-06-27,,,,5103.54,NIFTY NEXT 50 TRI
2005-06-28,,,,5026.2,NIFTY NEXT 50 TRI
2005-06-29,,,,5064.17,NIFTY NEXT 50 TRI
2005-06-30,,,,5043.25,NIFTY NEXT 50 TRI
2005-07-01,,,,5156.38,NIFTY NEXT 50 TRI
2005-07-04,,,,5238.92,NIFTY NEXT 50 TRI
2005-07-05,,,,5194.04,NIFTY NEXT 50 TRI
2005-07-06,,,,5284.32,NIFTY NEXT 50 TRI
2005-07-07,,,,5213.44,NIFTY NEXT 50 TRI
2005-07-08,,,,5321.0,NIFTY NEXT 50 TRI
2005-07-11,,,,5377.97,NIFTY NEXT 50 TRI
2005-07-12,,,,5418.64,NIFTY NEXT 50 TRI
2005-07-13,,,,5427.2,NIFTY NEXT 50 TRI
2005-07-14,,,,5415.98,NIFTY NEXT 50 TRI
2005-07-15,,,,5442.76,NIFTY NEXT 50 TRI
2005-07-18,,,,5521.09,NIFTY NEXT 50 TRI
2005-07-19,,,,5554.07,NIFTY NEXT 50 TRI
2005-07-20,,,,5577.23,NIFTY NEXT 50 TRI
2005-07-21,,,,5536.88,NIFTY NEXT 50 TRI
2005-07-22,,,,5621.32,NIFTY NEXT 50 TRI
2005-07-25,,,,5655.35,NIFTY NEXT 50 TRI
2005-07-26,,,,5671.42,NIFTY NEXT 50 TRI
2005-07-27,,,,5696.04,NIFTY NEXT 50 TRI
2005-07-29,,,,5659.68,NIFTY NEXT 50 TRI
2005-08-01,,,,5694.26,NIFTY NEXT 50 TRI
2005-08-02,,,,5758.17,NIFTY NEXT 50 TRI
2005-08-03,,,,5766.54,NIFTY NEXT 50 TRI
2005-08-04,,,,5810.82,NIFTY NEXT 50 TRI
2005-08-05,,,,5846.84,NIFTY NEXT 50 TRI
2005-08-08,,,,5724.52,NIFTY NEXT 50 TRI
2005-08-09,,,,5716.12,NIFTY NEXT 50 TRI
2005-08-10,,,,5832.11,NIFTY NEXT 50 TRI
2005-08-11,,,,5852.85,NIFTY NEXT 50 TRI
2005-08-12,,,,5861.94,NIFTY NEXT 50 TRI
2005-08-16,,,,5856.64,NIFTY NEXT 50 TRI
2005-08-17,,,,5904.01,NIFTY NEXT 50 TRI
2005-08-18,,,,5866.44,NIFTY NEXT 50 TRI
2005-08-19,,,,5842.46,NIFTY NEXT 50 TRI
2005-08-22,,,,5767.37,NIFTY NEXT 50 TRI
2005-08-23,,,,5646.01,NIFTY NEXT 50 TRI
2005-08-24,,,,5577.19,NIFTY NEXT 50 TRI
2005-08-25,,,,5612.52,NIFTY NEXT 50 TRI
2005-08-26,,,,5731.78,NIFTY NEXT 50 TRI
2005-08-29,,,,5697.25,NIFTY NEXT 50 TRI
2005-08-30,,,,5785.62,NIFTY NEXT 50 TRI
2005-08-31,,,,5826.57,NIFTY NEXT 50 TRI
2005-09-01,,,,5838.91,NIFTY NEXT 50 TRI
2005-09-02,,,,5858.81,NIFTY NEXT 50 TRI
2005-09-05,,,,5884.24,NIFTY NEXT 50 TRI
2005-09-06,,,,5886.84,NIFTY NEXT 50 TRI
2005-09-08,,,,5920.39,NIFTY NEXT 50 TRI
2005-09-09,,,,5946.2,NIFTY NEXT 50 TRI
2005-09-12,,,,6044.11,NIFTY NEXT 50 TRI
2005-09-13,,,,6111.92,NIFTY NEXT 50 TRI
2005-09-14,,,,6069.23,NIFTY NEXT 50 TRI
2005-09-15,,,,6120.32,NIFTY NEXT 50 TRI
2005-09-16,,,,6160.17,NIFTY NEXT 50 TRI
2005-09-19,,,,6240.49,NIFTY NEXT 50 TRI
2005-09-20,,,,6216.11,NIFTY NEXT 50 TRI
2005-09-21,,,,6105.32,NIFTY NEXT 50 TRI
2005-09-22,,,,5801.63,NIFTY NEXT 50 TRI
2005-09-23,,,,5828.1,NIFTY NEXT 50 TRI
2005-09-26,,,,6010.88,NIFTY NEXT 50 TRI
2005-09-27,,,,6051.54,NIFTY NEXT 50 TRI
2005-09-28,,,,6081.07,NIFTY NEXT 50 TRI
2005-09-29,,,,6025.76,NIFTY NEXT 50 TRI
2005-09-30,,,,6117.63,NIFTY NEXT 50 TRI
2005-10-03,,,,6195.84,NIFTY NEXT 50 TRI
2005-10-04,,,,6270.01,NIFTY NEXT 50 TRI
2005-10-05,,,,6197.74,NIFTY NEXT 50 TRI
2005-10-06,,,,6101.95,NIFTY NEXT 50 TRI
2005-10-07,,,,6060.25,NIFTY NEXT 50 TRI
2005-10-10,,,,6012.09,NIFTY NEXT 50 TRI
2005-10-11,,,,6050.61,NIFTY NEXT 50 TRI
2005-10-13,,,,5975.75,NIFTY NEXT 50 TRI
2005-10-14,,,,5847.83,NIFTY NEXT 50 TRI
2005-10-17,,,,5789.23,NIFTY NEXT 50 TRI
2005-10-18,,,,5751.74,NIFTY NEXT 50 TRI
2005-10-19,,,,5605.53,NIFTY NEXT 50 TRI
2005-10-20,,,,5471.32,NIFTY NEXT 50 TRI
2005-10-21,,,,5538.34,NIFTY NEXT 50 TRI
2005-10-24,,,,5491.85,NIFTY NEXT 50 TRI
2005-10-25,,,,5518.79,NIFTY NEXT 50 TRI
2005-10-26,,,,5518.79,NIFTY NEXT 50 TRI
2005-10-27,,,,5376.27,NIFTY NEXT 50 TRI
2005-10-28,,,,5326.79,NIFTY NEXT 50 TRI
2005-10-31,,,,5443.22,NIFTY NEXT 50 TRI
2005-11-01,,,,5485.71,NIFTY NEXT 50 TRI
2005-11-02,,,,5518.85,NIFTY NEXT 50 TRI
2005-11-07,,,,5591.53,NIFTY NEXT 50 TRI
2005-11-08,,,,5678.35,NIFTY NEXT 50 TRI
2005-11-09,,,,5666.23,NIFTY NEXT 50 TRI
2005-11-10,,,,5678.18,NIFTY NEXT 50 TRI
2005-11-11,,,,5759.59,NIFTY NEXT 50 TRI
2005-11-14,,,,5792.44,NIFTY NEXT 50 TRI
2005-11-16,,,,5871.36,NIFTY NEXT 50 TRI
2005-11-17,,,,5901.09,NIFTY NEXT 50 TRI
2005-11-18,,,,5907.56,NIFTY NEXT 50 TRI
2005-11-21,,,,5849.36,NIFTY NEXT 50 TRI
2005-11-22,,,,5808.26,NIFTY NEXT 50 TRI
2005-11-23,,,,5827.48,NIFTY NEXT 50 TRI
2005-11-24,,,,5888.04,NIFTY NEXT 50 TRI
2005-11-25,,,,6016.15,NIFTY NEXT 50 TRI
2005-11-26,,,,6098.36,NIFTY NEXT 50 TRI
2005-11-28,,,,6134.44,NIFTY NEXT 50 TRI
2005-11-29,,,,6117.7,NIFTY NEXT 50 TRI
2005-11-30,,,,6052.58,NIFTY NEXT 50 TRI
2005-12-01,,,,6138.83,NIFTY NEXT 50 TRI
2005-12-02,,,,6194.37,NIFTY NEXT 50 TRI
2005-12-05,,,,6177.74,NIFTY NEXT 50 TRI
2005-12-06,,,,6135.14,NIFTY NEXT 50 TRI
2005-12-07,,,,6164.93,NIFTY NEXT 50 TRI
2005-12-08,,,,6194.54,NIFTY NEXT 50 TRI
2005-12-09,,,,6228.6,NIFTY NEXT 50 TRI
2005-12-12,,,,6234.84,NIFTY NEXT 50 TRI
2005-12-13,,,,6298.69,NIFTY NEXT 50 TRI
2005-12-14,,,,6355.56,NIFTY NEXT 50 TRI
2005-12-15,,,,6236.15,NIFTY NEXT 50 TRI
2005-12-16,,,,6318.89,NIFTY NEXT 50 TRI
2005-12-19,,,,6425.83,NIFTY NEXT 50 TRI
2005-12-20,,,,6403.95,NIFTY NEXT 50 TRI
2005-12-21,,,,6397.13,NIFTY NEXT 50 TRI
2005-12-22,,,,6408.8,NIFTY NEXT 50 TRI
2005-12-23,,,,6338.47,NIFTY NEXT 50 TRI
2005-12-26,,,,6157.5,NIFTY NEXT 50 TRI
2005-12-27,,,,6316.93,NIFTY NEXT 50 TRI
2005-12-28,,,,6297.18,NIFTY NEXT 50 TRI
2005-12-29,,,,6290.65,NIFTY NEXT 50 TRI
2005-12-30,,,,6399.62,NIFTY NEXT 50 TRI
2006-01-02,,,,6413.24,NIFTY NEXT 50 TRI
2006-01-03,,,,6513.89,NIFTY NEXT 50 TRI
2006-01-04,,,,6615.23,NIFTY NEXT 50 TRI
2006-01-05,,,,6723.09,NIFTY NEXT 50 TRI
2006-01-06,,,,6767.19,NIFTY NEXT 50 TRI
2006-01-09,,,,6770.83,NIFTY NEXT 50 TRI
2006-01-10,,,,6687.72,NIFTY NEXT 50 TRI
2006-01-12,,,,6698.23,NIFTY NEXT 50 TRI
2006-01-13,,,,6710.94,NIFTY NEXT 50 TRI
2006-01-16,,,,6651.51,NIFTY NEXT 50 TRI
2006-01-17,,,,6581.46,NIFTY NEXT 50 TRI
2006-01-18,,,,6523.02,NIFTY NEXT 50 TRI
2006-01-19,,,,6633.9,NIFTY NEXT 50 TRI
2006-01-20,,,,6716.83,NIFTY NEXT 50 TRI
2006-01-23,,,,6734.73,NIFTY NEXT 50 TRI
2006-01-24,,,,6695.4,NIFTY NEXT 50 TRI
2006-01-25,,,,6647.7,NIFTY NEXT 50 TRI
2006-01-27,,,,6844.46,NIFTY NEXT 50 TRI
2006-01-30,,,,6761.18,NIFTY NEXT 50 TRI
2006-01-31,,,,6794.79,NIFTY NEXT 50 TRI
2006-02-01,,,,6701.24,NIFTY NEXT 50 TRI
2006-02-02,,,,6716.51,NIFTY NEXT 50 TRI
2006-02-03,,,,6729.56,NIFTY NEXT 50 TRI
2006-02-06,,,,6778.26,NIFTY NEXT 50 TRI
2006-02-07,,,,6874.98,NIFTY NEXT 50 TRI
2006-02-08,,,,6887.17,NIFTY NEXT 50 TRI
2006-02-10,,,,6976.73,NIFTY NEXT 50 TRI
2006-02-13,,,,7033.0,NIFTY NEXT 50 TRI
2006-02-14,,,,6989.66,NIFTY NEXT 50 TRI
2006-02-15,,,,6954.64,NIFTY NEXT 50 TRI
2006-02-16,,,,6958.34,NIFTY NEXT 50 TRI
2006-02-17,,,,6818.67,NIFTY NEXT 50 TRI
2006-02-20,,,,6749.39,NIFTY NEXT 50 TRI
2006-02-21,,,,6794.52,NIFTY NEXT 50 TRI
2006-02-22,,,,6779.84,NIFTY NEXT 50 TRI
2006-02-23,,,,6698.3,NIFTY NEXT 50 TRI
2006-02-24,,,,6833.81,NIFTY NEXT 50 TRI
2006-02-27,,,,6878.19,NIFTY NEXT 50 TRI
2006-02-28,,,,6895.76,NIFTY NEXT 50 TRI
2006-03-01,,,,6980.59,NIFTY NEXT 50 TRI
2006-03-02,,,,7096.18,NIFTY NEXT 50 TRI
2006-03-03,,,,7146.66,NIFTY NEXT 50 TRI
2006-03-06,,,,7198.68,NIFTY NEXT 50 TRI
2006-03-07,,,,7255.38,NIFTY NEXT 50 TRI
2006-03-08,,,,7125.05,NIFTY NEXT 50 TRI
2006-03-09,,,,7161.87,NIFTY NEXT 50 TRI
2006-03-10,,,,7234.23,NIFTY NEXT 50 TRI
2006-03-13,,,,7225.38,NIFTY NEXT 50 TRI
2006-03-14,,,,7206.48,NIFTY NEXT 50 TRI
2006-03-16,,,,7272.14,NIFTY NEXT 50 TRI
2006-03-17,,,,7262.23,NIFTY NEXT 50 TRI
2006-03-20,,,,7310.03,NIFTY NEXT 50 TRI
2006-03-21,,,,7293.85,NIFTY NEXT 50 TRI
2006-03-22,,,,7220.67,NIFTY NEXT 50 TRI
2006-03-23,,,,7234.02,NIFTY NEXT 50 TRI
2006-03-24,,,,7314.95,NIFTY NEXT 50 TRI
2006-03-27,,,,7322.63,NIFTY NEXT 50 TRI
2006-03-28,,,,7238.36,NIFTY NEXT 50 TRI
2006-03-29,,,,7275.81,NIFTY NEXT 50 TRI
2006-03-30,,,,7244.54,NIFTY NEXT 50 TRI
2006-03-31,,,,7412.75,NIFTY NEXT 50 TRI
2006-04-03,,,,7565.75,NIFTY NEXT 50 TRI
2006-04-04,,,,7686.04,NIFTY NEXT 50 TRI
2006-04-05,,,,7806.38,NIFTY NEXT 50 TRI
2006-04-07,,,,7689.97,NIFTY NEXT 50 TRI
2006-04-10,,,,7739.51,NIFTY NEXT 50 TRI
2006-04-12,,,,7631.88,NIFTY NEXT 50 TRI
2006-04-13,,,,7380.24,NIFTY NEXT 50 TRI
2006-04-17,,,,7529.15,NIFTY NEXT 50 TRI
2006-04-18,,,,7641.88,NIFTY NEXT 50 TRI
2006-04-19,,,,7628.35,NIFTY NEXT 50 TRI
2006-04-20,,,,7673.44,NIFTY NEXT 50 TRI
2006-04-21,,,,7630.37,NIFTY NEXT 50 TRI
2006-04-24,,,,7636.33,NIFTY NEXT 50 TRI
2006-04-25,,,,7536.32,NIFTY NEXT 50 TRI
2006-04-26,,,,7659.33,NIFTY NEXT 50 TRI
2006-04-27,,,,7611.41,NIFTY NEXT 50 TRI
2006-04-28,,,,7714.37,NIFTY NEXT 50 TRI
2006-04-29,,,,7926.64,NIFTY NEXT 50 TRI
2006-05-02,,,,8040.17,NIFTY NEXT 50 TRI
2006-05-03,,,,8138.22,NIFTY NEXT 50 TRI
2006-05-04,,,,8208.51,NIFTY NEXT 50 TRI
2006-05-05,,,,8232.84,NIFTY NEXT 50 TRI
2006-05-08,,,,8239.72,NIFTY NEXT 50 TRI
2006-05-09,,,,8249.84,NIFTY NEXT 50 TRI
2006-05-10,,,,8342.01,NIFTY NEXT 50 TRI
2006-05-11,,,,8293.96,NIFTY NEXT 50 TRI
2006-05-12,,,,8177.01,NIFTY NEXT 50 TRI
2006-05-15,,,,7749.43,NIFTY NEXT 50 TRI
2006-05-16,,,,7704.63,NIFTY NEXT 50 TRI
2006-05-17,,,,7910.81,NIFTY NEXT 50 TRI
2006-05-18,,,,7265.5,NIFTY NEXT 50 TRI
2006-05-19,,,,6915.83,NIFTY NEXT 50 TRI
2006-05-22,,,,6439.2,NIFTY NEXT 50 TRI
2006-05-23,,,,6768.05,NIFTY NEXT 50 TRI
2006-05-24,,,,6665.31,NIFTY NEXT 50 TRI
2006-05-25,,,,6584.8,NIFTY NEXT 50 TRI
2006-05-26,,,,6811.68,NIFTY NEXT 50 TRI
2006-05-29,,,,6968.23,NIFTY NEXT 50 TRI
2006-05-30,,,,6910.95,NIFTY NEXT 50 TRI
2006-05-31,,,,6750.45,NIFTY NEXT 50 TRI
2006-06-01,,,,6543.74,NIFTY NEXT 50 TRI
2006-06-02,,,,6625.52,NIFTY NEXT 50 TRI
2006-06-05,,,,6490.57,NIFTY NEXT 50 TRI
2006-06-06,,,,6337.77,NIFTY NEXT 50 TRI
2006-06-07,,,,5926.88,NIFTY NEXT 50 TRI
2006-06-08,,,,5414.95,NIFTY NEXT 50 TRI
2006-06-09,,,,5863.68,NIFTY NEXT 50 TRI
2006-06-12,,,,5733.37,NIFTY NEXT 50 TRI
2006-06-13,,,,5374.25,NIFTY NEXT 50 TRI
2006-06-14,,,,5245.48,NIFTY NEXT 50 TRI
2006-06-15,,,,5566.12,NIFTY NEXT 50 TRI
2006-06-16,,,,5852.33,NIFTY NEXT 50 TRI
2006-06-19,,,,5972.99,NIFTY NEXT 50 TRI
2006-06-20,,,,5933.89,NIFTY NEXT 50 TRI
2006-06-21,,,,6038.95,NIFTY NEXT 50 TRI
2006-06-22,,,,6193.65,NIFTY NEXT 50 TRI
2006-06-23,,,,6193.07,NIFTY NEXT 50 TRI
2006-06-25,,,,6232.41,NIFTY NEXT 50 TRI
2006-06-26,,,,5907.5,NIFTY NEXT 50 TRI
2006-06-27,,,,5901.22,NIFTY NEXT 50 TRI
2006-06-28,,,,5853.4,NIFTY NEXT 50 TRI
2006-06-29,,,,5877.25,NIFTY NEXT 50 TRI
2006-06-30,,,,6123.8,NIFTY NEXT 50 TRI
2006-07-03,,,,6134.97,NIFTY NEXT 50 TRI
2006-07-04,,,,6126.08,NIFTY NEXT 50 TRI
2006-07-05,,,,6208.73,NIFTY NEXT 50 TRI
2006-07-06,,,,6181.72,NIFTY NEXT 50 TRI
2006-07-07,,,,6032.81,NIFTY NEXT 50 TRI
2006-07-10,,,,6092.53,NIFTY NEXT 50 TRI
2006-07-11,,,,6093.46,NIFTY NEXT 50 TRI
2006-07-12,,,,6149.72,NIFTY NEXT 50 TRI
2006-07-13,,,,6145.52,NIFTY NEXT 50 TRI
2006-07-14,,,,6081.29,NIFTY NEXT 50 TRI
2006-07-17,,,,5902.53,NIFTY NEXT 50 TRI
2006-07-18,,,,5785.83,NIFTY NEXT 50 TRI
2006-07-19,,,,5617.03,NIFTY NEXT 50 TRI
2006-07-20,,,,5776.64,NIFTY NEXT 50 TRI
2006-07-21,,,,5647.23,NIFTY NEXT 50 TRI
2006-07-24,,,,5737.49,NIFTY NEXT 50 TRI
2006-07-25,,,,5901.97,NIFTY NEXT 50 TRI
2006-07-26,,,,5993.11,NIFTY NEXT 50 TRI
2006-07-27,,,,6047.14,NIFTY NEXT 50 TRI
2006-07-28,,,,6144.06,NIFTY NEXT 50 TRI
2006-07-31,,,,6225.8,NIFTY NEXT 50 TRI
2006-08-01,,,,6189.92,NIFTY NEXT 50 TRI
2006-08-02,,,,6279.54,NIFTY NEXT 50 TRI
2006-08-03,,,,6285.44,NIFTY NEXT 50 TRI
2006-08-04,,,,6236.01,NIFTY NEXT 50 TRI
2006-08-07,,,,6267.06,NIFTY NEXT 50 TRI
2006-08-08,,,,6353.61,NIFTY NEXT 50 TRI
2006-08-09,,,,6460.12,NIFTY NEXT 50 TRI
2006-08-10,,,,6557.05,NIFTY NEXT 50 TRI
2006-08-11,,,,6602.75,NIFTY NEXT 50 TRI
2006-08-14,,,,6695.02,NIFTY NEXT 50 TRI
2006-08-16,,,,6815.47,NIFTY NEXT 50 TRI
2006-08-17,,,,6784.11,NIFTY NEXT 50 TRI
2006-08-18,,,,6789.06,NIFTY NEXT 50 TRI
2006-08-21,,,,6909.11,NIFTY NEXT 50 TRI
2006-08-22,,,,6923.08,NIFTY NEXT 50 TRI
2006-08-23,,,,6788.72,NIFTY NEXT 50 TRI
2006-08-24,,,,6837.03,NIFTY NEXT 50 TRI
2006-08-25,,,,6931.09,NIFTY NEXT 50 TRI
2006-08-28,,,,6978.59,NIFTY NEXT 50 TRI
2006-08-29,,,,7011.9,NIFTY NEXT 50 TRI
2006-08-30,,,,7010.49,NIFTY NEXT 50 TRI
2006-08-31,,,,6941.49,NIFTY NEXT 50 TRI
2006-09-01,,,,7027.51,NIFTY NEXT 50 TRI
2006-09-04,,,,7137.2,NIFTY NEXT 50 TRI
2006-09-05,,,,7215.34,NIFTY NEXT 50 TRI
2006-09-06,,,,7275.48,NIFTY NEXT 50 TRI
2006-09-07,,,,7252.74,NIFTY NEXT 50 TRI
2006-09-08,,,,7290.67,NIFTY NEXT 50 TRI
2006-09-11,,,,7006.51,NIFTY NEXT 50 TRI
2006-09-12,,,,7110.97,NIFTY NEXT 50 TRI
2006-09-13,,,,7277.98,NIFTY NEXT 50 TRI
2006-09-14,,,,7341.48,NIFTY NEXT 50 TRI
2006-09-15,,,,7344.35,NIFTY NEXT 50 TRI
2006-09-18,,,,7368.96,NIFTY NEXT 50 TRI
2006-09-19,,,,7275.47,NIFTY NEXT 50 TRI
2006-09-20,,,,7312.54,NIFTY NEXT 50 TRI
2006-09-21,,,,7399.77,NIFTY NEXT 50 TRI
2006-09-22,,,,7386.56,NIFTY NEXT 50 TRI
2006-09-25,,,,7333.0,NIFTY NEXT 50 TRI
2006-09-26,,,,7383.87,NIFTY NEXT 50 TRI
2006-09-27,,,,7483.5,NIFTY NEXT 50 TRI
2006-09-28,,,,7598.74,NIFTY NEXT 50 TRI
2006-09-29,,,,7613.13,NIFTY NEXT 50 TRI
2006-10-03,,,,7607.75,NIFTY NEXT 50 TRI
2006-10-04,,,,7561.38,NIFTY NEXT 50 TRI
2006-10-05,,,,7689.84,NIFTY NEXT 50 TRI
2006-10-06,,,,7713.69,NIFTY NEXT 50 TRI
2006-10-09,,,,7744.57,NIFTY NEXT 50 TRI
2006-10-10,,,,7737.78,NIFTY NEXT 50 TRI
2006-10-11,,,,7632.71,NIFTY NEXT 50 TRI
2006-10-12,,,,7743.69,NIFTY NEXT 50 TRI
2006-10-13,,,,7782.8,NIFTY NEXT 50 TRI
2006-10-16,,,,7809.6,NIFTY NEXT 50 TRI
2006-10-17,,,,7785.27,NIFTY NEXT 50 TRI
2006-10-18,,,,7789.77,NIFTY NEXT 50 TRI
2006-10-19,,,,7677.86,NIFTY NEXT 50 TRI
2006-10-20,,,,7695.98,NIFTY NEXT 50 TRI
2006-10-21,,,,7743.76,NIFTY NEXT 50 TRI
2006-10-23,,,,7669.79,NIFTY NEXT 50 TRI
2006-10-26,,,,7762.17,NIFTY NEXT 50 TRI
2006-10-27,,,,7873.87,NIFTY NEXT 50 TRI
2006-10-30,,,,7949.13,NIFTY NEXT 50 TRI
2006-10-31,,,,7979.65,NIFTY NEXT 50 TRI
2006-11-01,,,,7976.84,NIFTY NEXT 50 TRI
2006-11-02,,,,8024.56,NIFTY NEXT 50 TRI
2006-11-03,,,,8050.46,NIFTY NEXT 50 TRI
2006-11-06,,,,8100.05,NIFTY NEXT 50 TRI
2006-11-07,,,,8099.88,NIFTY NEXT 50 TRI
2006-11-08,,,,8047.64,NIFTY NEXT 50 TRI
2006-11-09,,,,8055.66,NIFTY NEXT 50 TRI
2006-11-10,,,,8131.87,NIFTY NEXT 50 TRI
2006-11-13,,,,8186.44,NIFTY NEXT 50 TRI
2006-11-14,,,,8184.22,NIFTY NEXT 50 TRI
2006-11-15,,,,8262.6,NIFTY NEXT 50 TRI
2006-11-16,,,,8301.79,NIFTY NEXT 50 TRI
2006-11-17,,,,8121.4,NIFTY NEXT 50 TRI
2006-11-20,,,,8024.42,NIFTY NEXT 50 TRI
2006-11-21,,,,8173.52,NIFTY NEXT 50 TRI
2006-11-22,,,,8224.87,NIFTY NEXT 50 TRI
2006-11-23,,,,8234.82,NIFTY NEXT 50 TRI
2006-11-24,,,,8272.31,NIFTY NEXT 50 TRI
2006-11-27,,,,8308.05,NIFTY NEXT 50 TRI
2006-11-28,,,,8209.37,NIFTY NEXT 50 TRI
2006-11-29,,,,8208.9,NIFTY NEXT 50 TRI
2006-11-30,,,,8150.47,NIFTY NEXT 50 TRI
2006-12-01,,,,8334.6,NIFTY NEXT 50 TRI
2006-12-04,,,,8409.24,NIFTY NEXT 50 TRI
2006-12-05,,,,8395.9,NIFTY NEXT 50 TRI
2006-12-06,,,,8342.45,NIFTY NEXT 50 TRI
2006-12-07,,,,8355.5,NIFTY NEXT 50 TRI
2006-12-08,,,,8344.44,NIFTY NEXT 50 TRI
2006-12-11,,,,8032.15,NIFTY NEXT 50 TRI
2006-12-12,,,,7643.7,NIFTY NEXT 50 TRI
2006-12-13,,,,7847.35,NIFTY NEXT 50 TRI
2006-12-14,,,,8046.78,NIFTY NEXT 50 TRI
2006-12-15,,,,8175.33,NIFTY NEXT 50 TRI
2006-12-18,,,,8142.84,NIFTY NEXT 50 TRI
2006-12-19,,,,8008.9,NIFTY NEXT 50 TRI
2006-12-20,,,,7957.73,NIFTY NEXT 50 TRI
2006-12-21,,,,7955.74,NIFTY NEXT 50 TRI
2006-12-22,,,,8004.98,NIFTY NEXT 50 TRI
2006-12-26,,,,8176.71,NIFTY NEXT 50 TRI
2006-12-27,,,,8244.86,NIFTY NEXT 50 TRI
2006-12-28,,,,8258.68,NIFTY NEXT 50 TRI
2006-12-29,,,,8321.68,NIFTY NEXT 50 TRI
2007-01-02,,,,8394.63,NIFTY NEXT 50 TRI
2007-01-03,,,,8442.88,NIFTY NEXT 50 TRI
2007-01-04,,,,8416.06,NIFTY NEXT 50 TRI
2007-01-05,,,,8383.8,NIFTY NEXT 50 TRI
2007-01-08,,,,8275.25,NIFTY NEXT 50 TRI
2007-01-09,,,,8163.42,NIFTY NEXT 50 TRI
2007-01-10,,,,8116.63,NIFTY NEXT 50 TRI
2007-01-11,,,,8260.38,NIFTY NEXT 50 TRI
2007-01-12,,,,8456.74,NIFTY NEXT 50 TRI
2007-01-15,,,,8519.81,NIFTY NEXT 50 TRI
2007-01-16,,,,8560.28,NIFTY NEXT 50 TRI
2007-01-17,,,,8626.57,NIFTY NEXT 50 TRI
2007-01-18,,,,8625.93,NIFTY NEXT 50 TRI
2007-01-19,,,,8605.02,NIFTY NEXT 50 TRI
2007-01-22,,,,8598.99,NIFTY NEXT 50 TRI
2007-01-23,,,,8444.03,NIFTY NEXT 50 TRI
2007-01-24,,,,8530.12,NIFTY NEXT 50 TRI
2007-01-25,,,,8619.07,NIFTY NEXT 50 TRI
2007-01-29,,,,8599.45,NIFTY NEXT 50 TRI
2007-01-31,,,,8515.85,NIFTY NEXT 50 TRI
2007-02-01,,,,8584.34,NIFTY NEXT 50 TRI
2007-02-02,,,,8667.06,NIFTY NEXT 50 TRI
2007-02-05,,,,8732.91,NIFTY NEXT 50 TRI
2007-02-06,,,,8757.43,NIFTY NEXT 50 TRI
2007-02-07,,,,8799.26,NIFTY NEXT 50 TRI
2007-02-08,,,,8797.29,NIFTY NEXT 50 TRI
2007-02-09,,,,8608.39,NIFTY NEXT 50 TRI
2007-02-12,,,,8282.39,NIFTY NEXT 50 TRI
2007-02-13,,,,8225.56,NIFTY NEXT 50 TRI
2007-02-14,,,,8266.86,NIFTY NEXT 50 TRI
2007-02-15,,,,8536.32,NIFTY NEXT 50 TRI
2007-02-19,,,,8515.11,NIFTY NEXT 50 TRI
2007-02-20,,,,8423.24,NIFTY NEXT 50 TRI
2007-02-21,,,,8380.18,NIFTY NEXT 50 TRI
2007-02-22,,,,8254.44,NIFTY NEXT 50 TRI
2007-02-23,,,,8070.0,NIFTY NEXT 50 TRI
2007-02-26,,,,8140.13,NIFTY NEXT 50 TRI
2007-02-27,,,,8153.84,NIFTY NEXT 50 TRI
2007-02-28,,,,7877.11,NIFTY NEXT 50 TRI
2007-03-01,,,,7922.76,NIFTY NEXT 50 TRI
2007-03-02,,,,7797.02,NIFTY NEXT 50 TRI
2007-03-05,,,,7463.87,NIFTY NEXT 50 TRI
2007-03-06,,,,7539.39,NIFTY NEXT 50 TRI
2007-03-07,,,,7377.1,NIFTY NEXT 50 TRI
2007-03-08,,,,7709.72,NIFTY NEXT 50 TRI
2007-03-09,,,,7649.46,NIFTY NEXT 50 TRI
2007-03-12,,,,7708.7,NIFTY NEXT 50 TRI
2007-03-13,,,,7775.67,NIFTY NEXT 50 TRI
2007-03-14,,,,7570.38,NIFTY NEXT 50 TRI
2007-03-15,,,,7581.57,NIFTY NEXT 50 TRI
2007-03-16,,,,7524.49,NIFTY NEXT 50 TRI
2007-03-19,,,,7662.45,NIFTY NEXT 50 TRI
2007-03-20,,,,7763.6,NIFTY NEXT 50 TRI
2007-03-21,,,,7853.17,NIFTY NEXT 50 TRI
2007-03-22,,,,8046.04,NIFTY NEXT 50 TRI
2007-03-23,,,,8146.17,NIFTY NEXT 50 TRI
2007-03-26,,,,8095.58,NIFTY NEXT 50 TRI
2007-03-28,,,,7994.7,NIFTY NEXT 50 TRI
2007-03-29,,,,7960.52,NIFTY NEXT 50 TRI
2007-03-30,,,,8077.25,NIFTY NEXT 50 TRI
2007-04-02,,,,7729.7,NIFTY NEXT 50 TRI
2007-04-03,,,,7750.84,NIFTY NEXT 50 TRI
2007-04-04,,,,7807.38,NIFTY NEXT 50 TRI
2007-04-05,,,,7908.68,NIFTY NEXT 50 TRI
2007-04-09,,,,8144.82,NIFTY NEXT 50 TRI
2007-04-10,,,,8185.05,NIFTY NEXT 50 TRI
2007-04-11,,,,8152.34,NIFTY NEXT 50 TRI
2007-04-12,,,,8153.69,NIFTY NEXT 50 TRI
2007-04-13,,,,8364.94,NIFTY NEXT 50 TRI
2007-04-16,,,,8524.98,NIFTY NEXT 50 TRI
2007-04-17,,,,8498.55,NIFTY NEXT 50 TRI
2007-04-18,,,,8558.87,NIFTY NEXT 50 TRI
2007-04-19,,,,8584.18,NIFTY NEXT 50 TRI
2007-04-20,,,,8651.78,NIFTY NEXT 50 TRI
2007-04-23,,,,8578.72,NIFTY NEXT 50 TRI
2007-04-24,,,,8721.61,NIFTY NEXT 50 TRI
2007-04-25,,,,8782.04,NIFTY NEXT 50 TRI
2007-04-26,,,,8773.23,NIFTY NEXT 50 TRI
2007-04-27,,,,8701.46,NIFTY NEXT 50 TRI
2007-04-30,,,,8841.53,NIFTY NEXT 50 TRI
2007-05-03,,,,9000.93,NIFTY NEXT 50 TRI
2007-05-04,,,,8981.19,NIFTY NEXT 50 TRI
2007-05-07,,,,8938.13,NIFTY NEXT 50 TRI
2007-05-08,,,,8822.5,NIFTY NEXT 50 TRI
2007-05-09,,,,8887.84,NIFTY NEXT 50 TRI
2007-05-10,,,,8885.31,NIFTY NEXT 50 TRI
2007-05-11,,,,8937.31,NIFTY NEXT 50 TRI
2007-05-14,,,,9089.72,NIFTY NEXT 50 TRI
2007-05-15,,,,9119.45,NIFTY NEXT 50 TRI
2007-05-16,,,,9174.62,NIFTY NEXT 50 TRI
2007-05-17,,,,9298.91,NIFTY NEXT 50 TRI
2007-05-18,,,,9306.02,NIFTY NEXT 50 TRI
2007-05-21,,,,9435.02,NIFTY NEXT 50 TRI
2007-05-22,,,,9531.77,NIFTY NEXT 50 TRI
2007-05-23,,,,9400.7,NIFTY NEXT 50 TRI
2007-05-24,,,,9330.94,NIFTY NEXT 50 TRI
2007-05-25,,,,9373.08,NIFTY NEXT 50 TRI
2007-05-28,,,,9439.1,NIFTY NEXT 50 TRI
2007-05-29,,,,9528.08,NIFTY NEXT 50 TRI
2007-05-30,,,,9402.18,NIFTY NEXT 50 TRI
2007-05-31,,,,9433.35,NIFTY NEXT 50 TRI
2007-06-01,,,,9563.87,NIFTY NEXT 50 TRI
2007-06-04,,,,9488.85,NIFTY NEXT 50 TRI
2007-06-05,,,,9651.35,NIFTY NEXT 50 TRI
2007-06-06,,,,9465.98,NIFTY NEXT 50 TRI
2007-06-07,,,,9423.7,NIFTY NEXT 50 TRI
2007-06-08,,,,9364.26,NIFTY NEXT 50 TRI
2007-06-11,,,,9323.48,NIFTY NEXT 50 TRI
2007-06-12,,,,9279.41,NIFTY NEXT 50 TRI
2007-06-13,,,,9247.03,NIFTY NEXT 50 TRI
2007-06-14,,,,9445.13,NIFTY NEXT 50 TRI
2007-06-15,,,,9527.91,NIFTY NEXT 50 TRI
2007-06-18,,,,9526.7,NIFTY NEXT 50 TRI
2007-06-19,,,,9698.78,NIFTY NEXT 50 TRI
2007-06-20,,,,9868.6,NIFTY NEXT 50 TRI
2007-06-21,,,,9907.86,NIFTY NEXT 50 TRI
2007-06-22,,,,9929.64,NIFTY NEXT 50 TRI
2007-06-25,,,,9992.9,NIFTY NEXT 50 TRI
2007-06-26,,,,10044.71,NIFTY NEXT 50 TRI
2007-06-27,,,,10023.67,NIFTY NEXT 50 TRI
2007-06-28,,,,10038.58,NIFTY NEXT 50 TRI
2007-06-29,,,,10257.6,NIFTY NEXT 50 TRI
2007-07-02,,,,10317.62,NIFTY NEXT 50 TRI
2007-07-03,,,,10400.57,NIFTY NEXT 50 TRI
2007-07-04,,,,10318.48,NIFTY NEXT 50 TRI
2007-07-05,,,,10258.99,NIFTY NEXT 50 TRI
2007-07-06,,,,10293.71,NIFTY NEXT 50 TRI
2007-07-09,,,,10427.91,NIFTY NEXT 50 TRI
2007-07-10,,,,10418.73,NIFTY NEXT 50 TRI
2007-07-11,,,,10502.23,NIFTY NEXT 50 TRI
2007-07-12,,,,10703.97,NIFTY NEXT 50 TRI
2007-07-13,,,,10720.42,NIFTY NEXT 50 TRI
2007-07-16,,,,10786.94,NIFTY NEXT 50 TRI
2007-07-17,,,,10711.76,NIFTY NEXT 50 TRI
2007-07-18,,,,10668.62,NIFTY NEXT 50 TRI
2007-07-19,,,,10702.51,NIFTY NEXT 50 TRI
2007-07-20,,,,10659.74,NIFTY NEXT 50 TRI
2007-07-23,,,,10791.34,NIFTY NEXT 50 TRI
2007-07-24,,,,10720.72,NIFTY NEXT 50 TRI
2007-07-25,,,,10614.75,NIFTY NEXT 50 TRI
2007-07-26,,,,10658.83,NIFTY NEXT 50 TRI
2007-07-27,,,,10292.36,NIFTY NEXT 50 TRI
2007-07-30,,,,10276.79,NIFTY NEXT 50 TRI
2007-07-31,,,,10442.94,NIFTY NEXT 50 TRI
2007-08-01,,,,9944.31,NIFTY NEXT 50 TRI
2007-08-02,,,,10010.15,NIFTY NEXT 50 TRI
2007-08-03,,,,10229.29,NIFTY NEXT 50 TRI
2007-08-06,,,,10109.51,NIFTY NEXT 50 TRI
2007-08-07,,,,10220.44,NIFTY NEXT 50 TRI
2007-08-08,,,,10437.95,NIFTY NEXT 50 TRI
2007-08-09,,,,10172.28,NIFTY NEXT 50 TRI
2007-08-10,,,,10066.5,NIFTY NEXT 50 TRI
2007-08-13,,,,10147.34,NIFTY NEXT 50 TRI
2007-08-14,,,,10098.48,NIFTY NEXT 50 TRI
2007-08-16,,,,9590.68,NIFTY NEXT 50 TRI
2007-08-17,,,,9468.27,NIFTY NEXT 50 TRI
2007-08-20,,,,9668.06,NIFTY NEXT 50 TRI
2007-08-21,,,,9318.26,NIFTY NEXT 50 TRI
2007-08-22,,,,9363.18,NIFTY NEXT 50 TRI
2007-08-23,,,,9294.08,NIFTY NEXT 50 TRI
2007-08-24,,,,9427.59,NIFTY NEXT 50 TRI
2007-08-27,,,,9750.96,NIFTY NEXT 50 TRI
2007-08-28,,,,9919.77,NIFTY NEXT 50 TRI
2007-08-29,,,,9985.33,NIFTY NEXT 50 TRI
2007-08-30,,,,9967.26,NIFTY NEXT 50 TRI
2007-08-31,,,,10195.41,NIFTY NEXT 50 TRI
2007-09-03,,,,10378.67,NIFTY NEXT 50 TRI
2007-09-04,,,,10441.26,NIFTY NEXT 50 TRI
2007-09-05,,,,10408.76,NIFTY NEXT 50 TRI
2007-09-06,,,,10535.38,NIFTY NEXT 50 TRI
2007-09-07,,,,10413.63,NIFTY NEXT 50 TRI
2007-09-10,,,,10487.09,NIFTY NEXT 50 TRI
2007-09-11,,,,10453.48,NIFTY NEXT 50 TRI
2007-09-12,,,,10543.74,NIFTY NEXT 50 TRI
2007-09-13,,,,10703.69,NIFTY NEXT 50 TRI
2007-09-14,,,,10549.03,NIFTY NEXT 50 TRI
2007-09-17,,,,10581.58,NIFTY NEXT 50 TRI
2007-09-18,,,,10715.89,NIFTY NEXT 50 TRI
2007-09-19,,,,10961.1,NIFTY NEXT 50 TRI
2007-09-20,,,,10995.58,NIFTY NEXT 50 TRI
2007-09-21,,,,11072.57,NIFTY NEXT 50 TRI
2007-09-24,,,,11350.68,NIFTY NEXT 50 TRI
2007-09-25,,,,11326.72,NIFTY NEXT 50 TRI
2007-09-26,,,,11396.09,NIFTY NEXT 50 TRI
2007-09-27,,,,11346.57,NIFTY NEXT 50 TRI
2007-09-28,,,,11603.18,NIFTY NEXT 50 TRI
2007-10-01,,,,11835.91,NIFTY NEXT 50 TRI
2007-10-03,,,,11936.07,NIFTY NEXT 50 TRI
2007-10-04,,,,11841.56,NIFTY NEXT 50 TRI
2007-10-05,,,,11540.28,NIFTY NEXT 50 TRI
2007-10-08,,,,11112.88,NIFTY NEXT 50 TRI
2007-10-09,,,,11581.05,NIFTY NEXT 50 TRI
2007-10-10,,,,11859.4,NIFTY NEXT 50 TRI
2007-10-11,,,,12065.47,NIFTY NEXT 50 TRI
2007-10-12,,,,11838.58,NIFTY NEXT 50 TRI
2007-10-15,,,,12111.21,NIFTY NEXT 50 TRI
2007-10-16,,,,12161.04,NIFTY NEXT 50 TRI
2007-10-17,,,,11723.82,NIFTY NEXT 50 TRI
2007-10-18,,,,11262.77,NIFTY NEXT 50 TRI
2007-10-19,,,,10770.34,NIFTY NEXT 50 TRI
2007-10-22,,,,10829.32,NIFTY NEXT 50 TRI
2007-10-23,,,,11574.82,NIFTY NEXT 50 TRI
2007-10-24,,,,11682.96,NIFTY NEXT 50 TRI
2007-10-25,,,,11745.86,NIFTY NEXT 50 TRI
2007-10-26,,,,12135.76,NIFTY NEXT 50 TRI
2007-10-29,,,,12282.75,NIFTY NEXT 50 TRI
2007-10-30,,,,12509.61,NIFTY NEXT 50 TRI
2007-10-31,,,,12578.53,NIFTY NEXT 50 TRI
2007-11-01,,,,12370.49,NIFTY NEXT 50 TRI
2007-11-02,,,,12524.62,NIFTY NEXT 50 TRI
2007-11-05,,,,12528.56,NIFTY NEXT 50 TRI
2007-11-06,,,,12369.49,NIFTY NEXT 50 TRI
2007-11-07,,,,12328.15,NIFTY NEXT 50 TRI
2007-11-08,,,,12362.97,NIFTY NEXT 50 TRI
2007-11-09,,,,12312.75,NIFTY NEXT 50 TRI
2007-11-12,,,,12178.72,NIFTY NEXT 50 TRI
2007-11-13,,,,12476.93,NIFTY NEXT 50 TRI
2007-11-14,,,,12823.53,NIFTY NEXT 50 TRI
2007-11-15,,,,13018.17,NIFTY NEXT 50 TRI
2007-11-16,,,,13155.37,NIFTY NEXT 50 TRI
2007-11-19,,,,13709.8,NIFTY NEXT 50 TRI
2007-11-20,,,,13479.6,NIFTY NEXT 50 TRI
2007-11-21,,,,12766.59,NIFTY NEXT 50 TRI
2007-11-22,,,,12799.66,NIFTY NEXT 50 TRI
2007-11-23,,,,12940.15,NIFTY NEXT 50 TRI
2007-11-26,,,,13125.97,NIFTY NEXT 50 TRI
2007-11-27,,,,13240.61,NIFTY NEXT 50 TRI
2007-11-28,,,,13163.49,NIFTY NEXT 50 TRI
2007-11-29,,,,13050.14,NIFTY NEXT 50 TRI
2007-11-30,,,,13510.43,NIFTY NEXT 50 TRI
2007-12-03,,,,13867.26,NIFTY NEXT 50 TRI
2007-12-04,,,,13993.79,NIFTY NEXT 50 TRI
2007-12-05,,,,14200.84,NIFTY NEXT 50 TRI
2007-12-06,,,,14087.1,NIFTY NEXT 50 TRI
2007-12-07,,,,14117.12,NIFTY NEXT 50 TRI
2007-12-10,,,,14185.81,NIFTY NEXT 50 TRI
2007-12-11,,,,14252.41,NIFTY NEXT 50 TRI
2007-12-12,,,,14406.64,NIFTY NEXT 50 TRI
2007-12-13,,,,14463.23,NIFTY NEXT 50 TRI
2007-12-14,,,,14524.23,NIFTY NEXT 50 TRI
2007-12-17,,,,13828.7,NIFTY NEXT 50 TRI
2007-12-18,,,,13804.37,NIFTY NEXT 50 TRI
2007-12-19,,,,13791.82,NIFTY NEXT 50 TRI
2007-12-20,,,,13766.94,NIFTY NEXT 50 TRI
2007-12-24,,,,14086.83,NIFTY NEXT 50 TRI
2007-12-26,,,,14465.05,NIFTY NEXT 50 TRI
2007-12-27,,,,14279.37,NIFTY NEXT 50 TRI
2007-12-28,,,,14614.03,NIFTY NEXT 50 TRI
2007-12-31,,,,14759.18,NIFTY NEXT 50 TRI
2008-01-01,,,,14937.12,NIFTY NEXT 50 TRI
2008-01-02,,,,15259.65,NIFTY NEXT 50 TRI
2008-01-03,,,,15341.5,NIFTY NEXT 50 TRI
2008-01-04,,,,15446.11,NIFTY NEXT 50 TRI
2008-01-07,,,,15388.13,NIFTY NEXT 50 TRI
2008-01-08,,,,15066.1,NIFTY NEXT 50 TRI
2008-01-09,,,,15200.05,NIFTY NEXT 50 TRI
2008-01-10,,,,14645.2,NIFTY NEXT 50 TRI
2008-01-11,,,,14733.12,NIFTY NEXT 50 TRI
2008-01-14,,,,15115.66,NIFTY NEXT 50 TRI
2008-01-15,,,,14819.86,NIFTY NEXT 50 TRI
2008-01-16,,,,14546.79,NIFTY NEXT 50 TRI
2008-01-17,,,,14479.1,NIFTY NEXT 50 TRI
2008-01-18,,,,13587.35,NIFTY NEXT 50 TRI
2008-01-21,,,,11915.07,NIFTY NEXT 50 TRI
2008-01-22,,,,11116.87,NIFTY NEXT 50 TRI
2008-01-23,,,,12078.0,NIFTY NEXT 50 TRI
2008-01-24,,,,11676.03,NIFTY NEXT 50 TRI
2008-01-25,,,,12641.82,NIFTY NEXT 50 TRI
2008-01-28,,,,12633.84,NIFTY NEXT 50 TRI
2008-01-29,,,,12484.24,NIFTY NEXT 50 TRI
2008-01-30,,,,12097.87,NIFTY NEXT 50 TRI
2008-01-31,,,,11973.66,NIFTY NEXT 50 TRI
2008-02-01,,,,12079.25,NIFTY NEXT 50 TRI
2008-02-04,,,,12452.22,NIFTY NEXT 50 TRI
2008-02-05,,,,12514.33,NIFTY NEXT 50 TRI
2008-02-06,,,,12225.53,NIFTY NEXT 50 TRI
2008-02-07,,,,11782.33,NIFTY NEXT 50 TRI
2008-02-08,,,,11513.38,NIFTY NEXT 50 TRI
2008-02-11,,,,10894.11,NIFTY NEXT 50 TRI
2008-02-12,,,,10847.72,NIFTY NEXT 50 TRI
2008-02-13,,,,10890.82,NIFTY NEXT 50 TRI
2008-02-14,,,,11524.06,NIFTY NEXT 50 TRI
2008-02-15,,,,11741.89,NIFTY NEXT 50 TRI
2008-02-18,,,,11773.86,NIFTY NEXT 50 TRI
2008-02-19,,,,11799.02,NIFTY NEXT 50 TRI
2008-02-20,,,,11459.62,NIFTY NEXT 50 TRI
2008-02-21,,,,11503.82,NIFTY NEXT 50 TRI
2008-02-22,,,,11306.5,NIFTY NEXT 50 TRI
2008-02-25,,,,11374.06,NIFTY NEXT 50 TRI
2008-02-26,,,,11562.7,NIFTY NEXT 50 TRI
2008-02-27,,,,11585.58,NIFTY NEXT 50 TRI
2008-02-28,,,,11423.96,NIFTY NEXT 50 TRI
2008-02-29,,,,11398.04,NIFTY NEXT 50 TRI
2008-03-03,,,,10721.71,NIFTY NEXT 50 TRI
2008-03-04,,,,10364.31,NIFTY NEXT 50 TRI
2008-03-05,,,,10248.34,NIFTY NEXT 50 TRI
2008-03-07,,,,9750.34,NIFTY NEXT 50 TRI
2008-03-10,,,,9748.76,NIFTY NEXT 50 TRI
2008-03-11,,,,10190.14,NIFTY NEXT 50 TRI
2008-03-12,,,,10157.27,NIFTY NEXT 50 TRI
2008-03-13,,,,9464.42,NIFTY NEXT 50 TRI
2008-03-14,,,,9712.6,NIFTY NEXT 50 TRI
2008-03-17,,,,8964.34,NIFTY NEXT 50 TRI
2008-03-18,,,,8841.17,NIFTY NEXT 50 TRI
2008-03-19,,,,8791.47,NIFTY NEXT 50 TRI
2008-03-24,,,,8682.57,NIFTY NEXT 50 TRI
2008-03-25,,,,9411.23,NIFTY NEXT 50 TRI
2008-03-26,,,,9505.64,NIFTY NEXT 50 TRI
2008-03-27,,,,9440.58,NIFTY NEXT 50 TRI
2008-03-28,,,,9817.27,NIFTY NEXT 50 TRI
2008-03-31,,,,9437.14,NIFTY NEXT 50 TRI
2008-04-01,,,,9341.23,NIFTY NEXT 50 TRI
2008-04-02,,,,9430.33,NIFTY NEXT 50 TRI
2008-04-03,,,,9425.05,NIFTY NEXT 50 TRI
2008-04-04,,,,9200.67,NIFTY NEXT 50 TRI
2008-04-07,,,,9447.43,NIFTY NEXT 50 TRI
2008-04-08,,,,9440.94,NIFTY NEXT 50 TRI
2008-04-09,,,,9602.93,NIFTY NEXT 50 TRI
2008-04-10,,,,9543.86,NIFTY NEXT 50 TRI
2008-04-11,,,,9587.32,NIFTY NEXT 50 TRI
2008-04-15,,,,9763.25,NIFTY NEXT 50 TRI
2008-04-16,,,,9872.79,NIFTY NEXT 50 TRI
2008-04-17,,,,10148.02,NIFTY NEXT 50 TRI
2008-04-21,,,,10384.07,NIFTY NEXT 50 TRI
2008-04-22,,,,10606.24,NIFTY NEXT 50 TRI
2008-04-23,,,,10530.9,NIFTY NEXT 50 TRI
2008-04-24,,,,10461.87,NIFTY NEXT 50 TRI
2008-04-25,,,,10612.65,NIFTY NEXT 50 TRI
2008-04-28,,,,10651.46,NIFTY NEXT 50 TRI
2008-04-29,,,,10868.78,NIFTY NEXT 50 TRI
2008-04-30,,,,10857.92,NIFTY NEXT 50 TRI
2008-05-02,,,,11086.27,NIFTY NEXT 50 TRI
2008-05-05,,,,11174.78,NIFTY NEXT 50 TRI
2008-05-06,,,,10963.16,NIFTY NEXT 50 TRI
2008-05-07,,,,10847.98,NIFTY NEXT 50 TRI
2008-05-08,,,,10616.62,NIFTY NEXT 50 TRI
2008-05-09,,,,10257.02,NIFTY NEXT 50 TRI
2008-05-12,,,,10248.51,NIFTY NEXT 50 TRI
2008-05-13,,,,10260.92,NIFTY NEXT 50 TRI
2008-05-14,,,,10362.73,NIFTY NEXT 50 TRI
2008-05-15,,,,10552.57,NIFTY NEXT 50 TRI
2008-05-16,,,,10676.14,NIFTY NEXT 50 TRI
2008-05-20,,,,10525.51,NIFTY NEXT 50 TRI
2008-05-21,,,,10534.5,NIFTY NEXT 50 TRI
2008-05-22,,,,10312.9,NIFTY NEXT 50 TRI
2008-05-23,,,,10118.54,NIFTY NEXT 50 TRI
2008-05-26,,,,9767.67,NIFTY NEXT 50 TRI
2008-05-27,,,,9610.86,NIFTY NEXT 50 TRI
2008-05-28,,,,9807.97,NIFTY NEXT 50 TRI
2008-05-29,,,,9728.5,NIFTY NEXT 50 TRI
2008-05-30,,,,9741.66,NIFTY NEXT 50 TRI
2008-06-02,,,,9407.8,NIFTY NEXT 50 TRI
2008-06-03,,,,9358.16,NIFTY NEXT 50 TRI
2008-06-04,,,,9000.65,NIFTY NEXT 50 TRI
2008-06-05,,,,9183.07,NIFTY NEXT 50 TRI
2008-06-06,,,,9062.45,NIFTY NEXT 50 TRI
2008-06-09,,,,8718.12,NIFTY NEXT 50 TRI
2008-06-10,,,,8569.31,NIFTY NEXT 50 TRI
2008-06-11,,,,8748.63,NIFTY NEXT 50 TRI
2008-06-12,,,,8796.95,NIFTY NEXT 50 TRI
2008-06-13,,,,8787.57,NIFTY NEXT 50 TRI
2008-06-16,,,,8881.75,NIFTY NEXT 50 TRI
2008-06-17,,,,9206.58,NIFTY NEXT 50 TRI
2008-06-18,,,,9032.06,NIFTY NEXT 50 TRI
2008-06-19,,,,8802.73,NIFTY NEXT 50 TRI
2008-06-20,,,,8440.65,NIFTY NEXT 50 TRI
2008-06-23,,,,8074.3,NIFTY NEXT 50 TRI
2008-06-24,,,,7958.37,NIFTY NEXT 50 TRI
2008-06-25,,,,8066.58,NIFTY NEXT 50 TRI
2008-06-26,,,,8032.02,NIFTY NEXT 50 TRI
2008-06-27,,,,7707.18,NIFTY NEXT 50 TRI
2008-06-30,,,,7404.31,NIFTY NEXT 50 TRI
2008-07-01,,,,7028.44,NIFTY NEXT 50 TRI
2008-07-02,,,,7455.71,NIFTY NEXT 50 TRI
2008-07-03,,,,7111.45,NIFTY NEXT 50 TRI
2008-07-04,,,,7392.68,NIFTY NEXT 50 TRI
2008-07-07,,,,7561.2,NIFTY NEXT 50 TRI
2008-07-08,,,,7574.14,NIFTY NEXT 50 TRI
2008-07-09,,,,7965.1,NIFTY NEXT 50 TRI
2008-07-10,,,,7959.74,NIFTY NEXT 50 TRI
2008-07-11,,,,7670.02,NIFTY NEXT 50 TRI
2008-07-14,,,,7595.89,NIFTY NEXT 50 TRI
2008-07-15,,,,7282.17,NIFTY NEXT 50 TRI
2008-07-16,,,,7161.87,NIFTY NEXT 50 TRI
2008-07-17,,,,7399.14,NIFTY NEXT 50 TRI
2008-07-18,,,,7625.46,NIFTY NEXT 50 TRI
2008-07-21,,,,7671.92,NIFTY NEXT 50 TRI
2008-07-22,,,,7927.48,NIFTY NEXT 50 TRI
2008-07-23,,,,8542.19,NIFTY NEXT 50 TRI
2008-07-24,,,,8486.2,NIFTY NEXT 50 TRI
2008-07-25,,,,8328.97,NIFTY NEXT 50 TRI
2008-07-28,,,,8375.98,NIFTY NEXT 50 TRI
2008-07-29,,,,7930.23,NIFTY NEXT 50 TRI
2008-07-30,,,,8257.47,NIFTY NEXT 50 TRI
2008-07-31,,,,8272.74,NIFTY NEXT 50 TRI
2008-08-01,,,,8546.28,NIFTY NEXT 50 TRI
2008-08-04,,,,8654.62,NIFTY NEXT 50 TRI
2008-08-05,,,,8963.36,NIFTY NEXT 50 TRI
2008-08-06,,,,8849.45,NIFTY NEXT 50 TRI
2008-08-07,,,,8876.47,NIFTY NEXT 50 TRI
2008-08-08,,,,8903.13,NIFTY NEXT 50 TRI
2008-08-11,,,,9129.58,NIFTY NEXT 50 TRI
2008-08-12,,,,8961.92,NIFTY NEXT 50 TRI
2008-08-13,,,,8874.42,NIFTY NEXT 50 TRI
2008-08-14,,,,8556.92,NIFTY NEXT 50 TRI
2008-08-18,,,,8446.71,NIFTY NEXT 50 TRI
2008-08-19,,,,8385.15,NIFTY NEXT 50 TRI
2008-08-20,,,,8470.45,NIFTY NEXT 50 TRI
2008-08-21,,,,8227.4,NIFTY NEXT 50 TRI
2008-08-22,,,,8301.67,NIFTY NEXT 50 TRI
2008-08-25,,,,8338.85,NIFTY NEXT 50 TRI
2008-08-26,,,,8363.15,NIFTY NEXT 50 TRI
2008-08-27,,,,8282.68,NIFTY NEXT 50 TRI
2008-08-28,,,,8212.43,NIFTY NEXT 50 TRI
2008-08-29,,,,8518.6,NIFTY NEXT 50 TRI
2008-09-01,,,,8484.86,NIFTY NEXT 50 TRI
2008-09-02,,,,8797.51,NIFTY NEXT 50 TRI
2008-09-04,,,,8738.72,NIFTY NEXT 50 TRI
2008-09-05,,,,8477.28,NIFTY NEXT 50 TRI
2008-09-08,,,,8637.23,NIFTY NEXT 50 TRI
2008-09-09,,,,8555.3,NIFTY NEXT 50 TRI
2008-09-10,,,,8466.31,NIFTY NEXT 50 TRI
2008-09-11,,,,8360.88,NIFTY NEXT 50 TRI
2008-09-12,,,,8169.31,NIFTY NEXT 50 TRI
2008-09-15,,,,7776.64,NIFTY NEXT 50 TRI
2008-09-16,,,,7772.9,NIFTY NEXT 50 TRI
2008-09-17,,,,7544.6,NIFTY NEXT 50 TRI
2008-09-18,,,,7530.71,NIFTY NEXT 50 TRI
2008-09-19,,,,7870.39,NIFTY NEXT 50 TRI
2008-09-22,,,,7817.35,NIFTY NEXT 50 TRI
2008-09-23,,,,7615.06,NIFTY NEXT 50 TRI
2008-09-24,,,,7669.49,NIFTY NEXT 50 TRI
2008-09-25,,,,7602.26,NIFTY NEXT 50 TRI
2008-09-26,,,,7358.33,NIFTY NEXT 50 TRI
2008-09-29,,,,7026.79,NIFTY NEXT 50 TRI
2008-09-30,,,,7215.55,NIFTY NEXT 50 TRI
2008-10-01,,,,7290.27,NIFTY NEXT 50 TRI
2008-10-03,,,,7029.59,NIFTY NEXT 50 TRI
2008-10-06,,,,6583.67,NIFTY NEXT 50 TRI
2008-10-07,,,,6489.14,NIFTY NEXT 50 TRI
2008-10-08,,,,6167.52,NIFTY NEXT 50 TRI
2008-10-10,,,,5630.2,NIFTY NEXT 50 TRI
2008-10-13,,,,5991.0,NIFTY NEXT 50 TRI
2008-10-14,,,,6114.39,NIFTY NEXT 50 TRI
2008-10-15,,,,5792.41,NIFTY NEXT 50 TRI
2008-10-16,,,,5773.56,NIFTY NEXT 50 TRI
2008-10-17,,,,5576.53,NIFTY NEXT 50 TRI
2008-10-20,,,,5623.58,NIFTY NEXT 50 TRI
2008-10-21,,,,5846.06,NIFTY NEXT 50 TRI
2008-10-22,,,,5635.36,NIFTY NEXT 50 TRI
2008-10-23,,,,5435.76,NIFTY NEXT 50 TRI
2008-10-24,,,,4900.76,NIFTY NEXT 50 TRI
2008-10-27,,,,4631.54,NIFTY NEXT 50 TRI
2008-10-28,,,,4923.5,NIFTY NEXT 50 TRI
2008-10-29,,,,4860.45,NIFTY NEXT 50 TRI
2008-10-31,,,,5126.25,NIFTY NEXT 50 TRI
2008-11-03,,,,5385.28,NIFTY NEXT 50 TRI
2008-11-04,,,,5682.46,NIFTY NEXT 50 TRI
2008-11-05,,,,5537.18,NIFTY NEXT 50 TRI
2008-11-06,,,,5394.78,NIFTY NEXT 50 TRI
2008-11-07,,,,5501.39,NIFTY NEXT 50 TRI
2008-11-10,,,,5765.56,NIFTY NEXT 50 TRI
2008-11-11,,,,5480.47,NIFTY NEXT 50 TRI
2008-11-12,,,,5338.45,NIFTY NEXT 50 TRI
2008-11-14,,,,5234.33,NIFTY NEXT 50 TRI
2008-11-17,,,,5054.65,NIFTY NEXT 50 TRI
2008-11-18,,,,4898.58,NIFTY NEXT 50 TRI
2008-11-19,,,,4745.08,NIFTY NEXT 50 TRI
2008-11-20,,,,4566.34,NIFTY NEXT 50 TRI
2008-11-21,,,,4589.28,NIFTY NEXT 50 TRI
2008-11-24,,,,4555.38,NIFTY NEXT 50 TRI
2008-11-25,,,,4517.95,NIFTY NEXT 50 TRI
2008-11-26,,,,4576.02,NIFTY NEXT 50 TRI
2008-11-28,,,,4597.68,NIFTY NEXT 50 TRI
2008-12-01,,,,4549.25,NIFTY NEXT 50 TRI
2008-12-02,,,,4556.68,NIFTY NEXT 50 TRI
2008-12-03,,,,4667.57,NIFTY NEXT 50 TRI
2008-12-04,,,,4896.83,NIFTY NEXT 50 TRI
2008-12-05,,,,4821.28,NIFTY NEXT 50 TRI
2008-12-08,,,,4857.19,NIFTY NEXT 50 TRI
2008-12-10,,,,5021.06,NIFTY NEXT 50 TRI
2008-12-11,,,,5123.01,NIFTY NEXT 50 TRI
2008-12-12,,,,5165.11,NIFTY NEXT 50 TRI
2008-12-15,,,,5257.86,NIFTY NEXT 50 TRI
2008-12-16,,,,5382.77,NIFTY NEXT 50 TRI
2008-12-17,,,,5201.99,NIFTY NEXT 50 TRI
2008-12-18,,,,5405.56,NIFTY NEXT 50 TRI
2008-12-19,,,,5499.73,NIFTY NEXT 50 TRI
2008-12-22,,,,5468.2,NIFTY NEXT 50 TRI
2008-12-23,,,,5261.63,NIFTY NEXT 50 TRI
2008-12-24,,,,5261.73,NIFTY NEXT 50 TRI
2008-12-26,,,,5167.77,NIFTY NEXT 50 TRI
2008-12-29,,,,5319.21,NIFTY NEXT 50 TRI
2008-12-30,,,,5445.84,NIFTY NEXT 50 TRI
2008-12-31,,,,5443.11,NIFTY NEXT 50 TRI
2009-01-01,,,,5579.79,NIFTY NEXT 50 TRI
2009-01-02,,,,5698.85,NIFTY NEXT 50 TRI
2009-01-05,,,,5888.44,NIFTY NEXT 50 TRI
2009-01-06,,,,5907.97,NIFTY NEXT 50 TRI
2009-01-07,,,,5426.82,NIFTY NEXT 50 TRI
2009-01-09,,,,5267.56,NIFTY NEXT 50 TRI
2009-01-12,,,,5171.43,NIFTY NEXT 50 TRI
2009-01-13,,,,5074.75,NIFTY NEXT 50 TRI
2009-01-14,,,,5251.15,NIFTY NEXT 50 TRI
2009-01-15,,,,5086.04,NIFTY NEXT 50 TRI
2009-01-16,,,,5150.62,NIFTY NEXT 50 TRI
2009-01-19,,,,5170.52,NIFTY NEXT 50 TRI
2009-01-20,,,,5122.16,NIFTY NEXT 50 TRI
2009-01-21,,,,4999.87,NIFTY NEXT 50 TRI
2009-01-22,,,,4946.42,NIFTY NEXT 50 TRI
2009-01-23,,,,4767.13,NIFTY NEXT 50 TRI
2009-01-27,,,,4841.66,NIFTY NEXT 50 TRI
2009-01-28,,,,4959.84,NIFTY NEXT 50 TRI
2009-01-29,,,,4952.39,NIFTY NEXT 50 TRI
2009-01-30,,,,5055.57,NIFTY NEXT 50 TRI
2009-02-02,,,,4908.82,NIFTY NEXT 50 TRI
2009-02-03,,,,4855.02,NIFTY NEXT 50 TRI
2009-02-04,,,,4866.08,NIFTY NEXT 50 TRI
2009-02-05,,,,4839.96,NIFTY NEXT 50 TRI
2009-02-06,,,,4946.87,NIFTY NEXT 50 TRI
2009-02-09,,,,5091.25,NIFTY NEXT 50 TRI
2009-02-10,,,,5117.95,NIFTY NEXT 50 TRI
2009-02-11,,,,5105.07,NIFTY NEXT 50 TRI
2009-02-12,,,,5059.54,NIFTY NEXT 50 TRI
2009-02-13,,,,5150.42,NIFTY NEXT 50 TRI
2009-02-16,,,,4981.65,NIFTY NEXT 50 TRI
2009-02-17,,,,4844.0,NIFTY NEXT 50 TRI
2009-02-18,,,,4824.85,NIFTY NEXT 50 TRI
2009-02-19,,,,4849.02,NIFTY NEXT 50 TRI
2009-02-20,,,,4762.41,NIFTY NEXT 50 TRI
2009-02-24,,,,4690.26,NIFTY NEXT 50 TRI
2009-02-25,,,,4739.99,NIFTY NEXT 50 TRI
2009-02-26,,,,4741.8,NIFTY NEXT 50 TRI
2009-02-27,,,,4765.67,NIFTY NEXT 50 TRI
2009-03-02,,,,4609.27,NIFTY NEXT 50 TRI
2009-03-03,,,,4536.2,NIFTY NEXT 50 TRI
2009-03-04,,,,4533.49,NIFTY NEXT 50 TRI
2009-03-05,,,,4405.09,NIFTY NEXT 50 TRI
2009-03-06,,,,4416.37,NIFTY NEXT 50 TRI
2009-03-09,,,,4304.2,NIFTY NEXT 50 TRI
2009-03-12,,,,4361.06,NIFTY NEXT 50 TRI
2009-03-13,,,,4556.08,NIFTY NEXT 50 TRI
2009-03-16,,,,4695.87,NIFTY NEXT 50 TRI
2009-03-17,,,,4673.48,NIFTY NEXT 50 TRI
2009-03-18,,,,4762.36,NIFTY NEXT 50 TRI
2009-03-19,,,,4793.37,NIFTY NEXT 50 TRI
2009-03-20,,,,4756.56,NIFTY NEXT 50 TRI
2009-03-23,,,,4944.3,NIFTY NEXT 50 TRI
2009-03-24,,,,4896.76,NIFTY NEXT 50 TRI
2009-03-25,,,,5020.38,NIFTY NEXT 50 TRI
2009-03-26,,,,5128.14,NIFTY NEXT 50 TRI
2009-03-27,,,,5260.79,NIFTY NEXT 50 TRI
2009-03-30,,,,5089.28,NIFTY NEXT 50 TRI
2009-03-31,,,,5195.93,NIFTY NEXT 50 TRI
2009-04-01,,,,5257.9,NIFTY NEXT 50 TRI
2009-04-02,,,,5486.76,NIFTY NEXT 50 TRI
2009-04-06,,,,5656.29,NIFTY NEXT 50 TRI
2009-04-08,,,,5751.22,NIFTY NEXT 50 TRI
2009-04-09,,,,5866.72,NIFTY NEXT 50 TRI
2009-04-13,,,,6029.81,NIFTY NEXT 50 TRI
2009-04-15,,,,6287.19,NIFTY NEXT 50 TRI
2009-04-16,,,,6005.39,NIFTY NEXT 50 TRI
2009-04-17,,,,6132.41,NIFTY NEXT 50 TRI
2009-04-20,,,,6263.52,NIFTY NEXT 50 TRI
2009-04-21,,,,6212.54,NIFTY NEXT 50 TRI
2009-04-22,,,,6161.56,NIFTY NEXT 50 TRI
2009-04-23,,,,6317.48,NIFTY NEXT 50 TRI
2009-04-24,,,,6455.27,NIFTY NEXT 50 TRI
2009-04-27,,,,6400.9,NIFTY NEXT 50 TRI
2009-04-28,,,,6153.53,NIFTY NEXT 50 TRI
2009-04-29,,,,6329.9,NIFTY NEXT 50 TRI
2009-05-04,,,,6601.89,NIFTY NEXT 50 TRI
2009-05-05,,,,6720.71,NIFTY NEXT 50 TRI
2009-05-06,,,,6565.64,NIFTY NEXT 50 TRI
2009-05-07,,,,6707.02,NIFTY NEXT 50 TRI
2009-05-08,,,,6624.2,NIFTY NEXT 50 TRI
2009-05-11,,,,6555.04,NIFTY NEXT 50 TRI
2009-05-12,,,,6711.87,NIFTY NEXT 50 TRI
2009-05-13,,,,6710.32,NIFTY NEXT 50 TRI
2009-05-14,,,,6789.36,NIFTY NEXT 50 TRI
2009-05-15,,,,6882.61,NIFTY NEXT 50 TRI
2009-05-18,,,,7903.07,NIFTY NEXT 50 TRI
2009-05-19,,,,8178.62,NIFTY NEXT 50 TRI
2009-05-20,,,,8483.9,NIFTY NEXT 50 TRI
2009-05-21,,,,8449.96,NIFTY NEXT 50 TRI
2009-05-22,,,,8540.91,NIFTY NEXT 50 TRI
2009-05-25,,,,8719.58,NIFTY NEXT 50 TRI
2009-05-26,,,,8451.4,NIFTY NEXT 50 TRI
2009-05-27,,,,8803.51,NIFTY NEXT 50 TRI
2009-05-28,,,,8804.17,NIFTY NEXT 50 TRI
2009-05-29,,,,8962.27,NIFTY NEXT 50 TRI
2009-06-01,,,,9228.29,NIFTY NEXT 50 TRI
2009-06-02,,,,9168.63,NIFTY NEXT 50 TRI
2009-06-03,,,,9291.6,NIFTY NEXT 50 TRI
2009-06-04,,,,9469.36,NIFTY NEXT 50 TRI
2009-06-05,,,,9473.56,NIFTY NEXT 50 TRI
2009-06-08,,,,8973.3,NIFTY NEXT 50 TRI
2009-06-09,,,,9386.2,NIFTY NEXT 50 TRI
2009-06-10,,,,9607.01,NIFTY NEXT 50 TRI
2009-06-11,,,,9616.37,NIFTY NEXT 50 TRI
2009-06-12,,,,9512.88,NIFTY NEXT 50 TRI
2009-06-15,,,,9458.96,NIFTY NEXT 50 TRI
2009-06-16,,,,9676.79,NIFTY NEXT 50 TRI
2009-06-17,,,,9244.77,NIFTY NEXT 50 TRI
2009-06-18,,,,9051.91,NIFTY NEXT 50 TRI
2009-06-19,,,,9213.86,NIFTY NEXT 50 TRI
2009-06-22,,,,9133.24,NIFTY NEXT 50 TRI
2009-06-23,,,,9137.03,NIFTY NEXT 50 TRI
2009-06-24,,,,9361.75,NIFTY NEXT 50 TRI
2009-06-25,,,,9355.98,NIFTY NEXT 50 TRI
2009-06-26,,,,9577.82,NIFTY NEXT 50 TRI
2009-06-29,,,,9726.26,NIFTY NEXT 50 TRI
2009-06-30,,,,9367.99,NIFTY NEXT 50 TRI
2009-07-01,,,,9431.15,NIFTY NEXT 50 TRI
2009-07-02,,,,9429.52,NIFTY NEXT 50 TRI
2009-07-03,,,,9616.26,NIFTY NEXT 50 TRI
2009-07-06,,,,9042.53,NIFTY NEXT 50 TRI
2009-07-07,,,,9141.75,NIFTY NEXT 50 TRI
2009-07-08,,,,8859.7,NIFTY NEXT 50 TRI
2009-07-09,,,,8907.95,NIFTY NEXT 50 TRI
2009-07-10,,,,8684.81,NIFTY NEXT 50 TRI
2009-07-13,,,,8480.22,NIFTY NEXT 50 TRI
2009-07-14,,,,8936.15,NIFTY NEXT 50 TRI
2009-07-15,,,,9290.15,NIFTY NEXT 50 TRI
2009-07-16,,,,9242.79,NIFTY NEXT 50 TRI
2009-07-17,,,,9477.82,NIFTY NEXT 50 TRI
2009-07-20,,,,9791.63,NIFTY NEXT 50 TRI
2009-07-21,,,,9778.12,NIFTY NEXT 50 TRI
2009-07-22,,,,9600.61,NIFTY NEXT 50 TRI
2009-07-23,,,,9787.09,NIFTY NEXT 50 TRI
2009-07-24,,,,9920.6,NIFTY NEXT 50 TRI
2009-07-27,,,,10011.66,NIFTY NEXT 50 TRI
2009-07-28,,,,10095.84,NIFTY NEXT 50 TRI
2009-07-29,,,,9938.03,NIFTY NEXT 50 TRI
2009-07-30,,,,10082.64,NIFTY NEXT 50 TRI
2009-07-31,,,,10223.26,NIFTY NEXT 50 TRI
2009-08-03,,,,10431.62,NIFTY NEXT 50 TRI
2009-08-04,,,,10373.83,NIFTY NEXT 50 TRI
2009-08-05,,,,10451.58,NIFTY NEXT 50 TRI
2009-08-06,,,,10169.64,NIFTY NEXT 50 TRI
2009-08-07,,,,9921.69,NIFTY NEXT 50 TRI
2009-08-10,,,,9801.99,NIFTY NEXT 50 TRI
2009-08-11,,,,9874.63,NIFTY NEXT 50 TRI
2009-08-12,,,,9864.49,NIFTY NEXT 50 TRI
2009-08-13,,,,10241.21,NIFTY NEXT 50 TRI
2009-08-14,,,,10180.98,NIFTY NEXT 50 TRI
2009-08-17,,,,9757.54,NIFTY NEXT 50 TRI
2009-08-18,,,,9982.69,NIFTY NEXT 50 TRI
2009-08-19,,,,9784.82,NIFTY NEXT 50 TRI
2009-08-20,,,,9866.43,NIFTY NEXT 50 TRI
2009-08-21,,,,9945.05,NIFTY NEXT 50 TRI
2009-08-24,,,,10157.4,NIFTY NEXT 50 TRI
2009-08-25,,,,10165.21,NIFTY NEXT 50 TRI
2009-08-26,,,,10261.05,NIFTY NEXT 50 TRI
2009-08-27,,,,10230.57,NIFTY NEXT 50 TRI
2009-08-28,,,,10321.91,NIFTY NEXT 50 TRI
2009-08-31,,,,10311.25,NIFTY NEXT 50 TRI
2009-09-01,,,,10185.84,NIFTY NEXT 50 TRI
2009-09-02,,,,10117.36,NIFTY NEXT 50 TRI
2009-09-03,,,,10146.12,NIFTY NEXT 50 TRI
2009-09-04,,,,10267.1,NIFTY NEXT 50 TRI
2009-09-07,,,,10533.18,NIFTY NEXT 50 TRI
2009-09-08,,,,10493.84,NIFTY NEXT 50 TRI
2009-09-09,,,,10511.9,NIFTY NEXT 50 TRI
2009-09-10,,,,10507.7,NIFTY NEXT 50 TRI
2009-09-11,,,,10443.98,NIFTY NEXT 50 TRI
2009-09-14,,,,10525.89,NIFTY NEXT 50 TRI
2009-09-15,,,,10804.44,NIFTY NEXT 50 TRI
2009-09-16,,,,10928.54,NIFTY NEXT 50 TRI
2009-09-17,,,,10975.37,NIFTY NEXT 50 TRI
2009-09-18,,,,11095.37,NIFTY NEXT 50 TRI
2009-09-22,,,,11141.62,NIFTY NEXT 50 TRI
2009-09-23,,,,11014.38,NIFTY NEXT 50 TRI
2009-09-24,,,,11068.54,NIFTY NEXT 50 TRI
2009-09-25,,,,11125.95,NIFTY NEXT 50 TRI
2009-09-29,,,,11181.08,NIFTY NEXT 50 TRI
2009-09-30,,,,11306.8,NIFTY NEXT 50 TRI
2009-10-01,,,,11343.56,NIFTY NEXT 50 TRI
2009-10-05,,,,11116.45,NIFTY NEXT 50 TRI
2009-10-06,,,,11193.62,NIFTY NEXT 50 TRI
2009-10-07,,,,11304.82,NIFTY NEXT 50 TRI
2009-10-08,,,,11390.71,NIFTY NEXT 50 TRI
2009-10-09,,,,11344.35,NIFTY NEXT 50 TRI
2009-10-12,,,,11566.16,NIFTY NEXT 50 TRI
2009-10-14,,,,11812.7,NIFTY NEXT 50 TRI
2009-10-15,,,,11942.57,NIFTY NEXT 50 TRI
2009-10-16,,,,12069.0,NIFTY NEXT 50 TRI
2009-10-17,,,,12083.75,NIFTY NEXT 50 TRI
2009-10-20,,,,12068.8,NIFTY NEXT 50 TRI
2009-10-21,,,,11859.69,NIFTY NEXT 50 TRI
2009-10-22,,,,11669.69,NIFTY NEXT 50 TRI
2009-10-23,,,,11764.97,NIFTY NEXT 50 TRI
2009-10-26,,,,11647.25,NIFTY NEXT 50 TRI
2009-10-27,,,,11268.54,NIFTY NEXT 50 TRI
2009-10-28,,,,11276.42,NIFTY NEXT 50 TRI
2009-10-29,,,,11043.38,NIFTY NEXT 50 TRI
2009-10-30,,,,11069.43,NIFTY NEXT 50 TRI
2009-11-03,,,,10746.54,NIFTY NEXT 50 TRI
2009-11-04,,,,11100.41,NIFTY NEXT 50 TRI
2009-11-05,,,,11345.34,NIFTY NEXT 50 TRI
2009-11-06,,,,11541.12,NIFTY NEXT 50 TRI
2009-11-09,,,,11846.1,NIFTY NEXT 50 TRI
2009-11-10,,,,11815.2,NIFTY NEXT 50 TRI
2009-11-11,,,,12069.23,NIFTY NEXT 50 TRI
2009-11-12,,,,11843.74,NIFTY NEXT 50 TRI
2009-11-13,,,,11937.29,NIFTY NEXT 50 TRI
2009-11-16,,,,12074.69,NIFTY NEXT 50 TRI
2009-11-17,,,,12101.75,NIFTY NEXT 50 TRI
2009-11-18,,,,12100.12,NIFTY NEXT 50 TRI
2009-11-19,,,,11915.41,NIFTY NEXT 50 TRI
2009-11-20,,,,11987.98,NIFTY NEXT 50 TRI
2009-11-23,,,,12016.61,NIFTY NEXT 50 TRI
2009-11-24,,,,12073.1,NIFTY NEXT 50 TRI
2009-11-25,,,,12071.12,NIFTY NEXT 50 TRI
2009-11-26,,,,11940.87,NIFTY NEXT 50 TRI
2009-11-27,,,,11791.96,NIFTY NEXT 50 TRI
2009-11-30,,,,12000.64,NIFTY NEXT 50 TRI
2009-12-01,,,,12253.34,NIFTY NEXT 50 TRI
2009-12-02,,,,12320.1,NIFTY NEXT 50 TRI
2009-12-03,,,,12410.28,NIFTY NEXT 50 TRI
2009-12-04,,,,12411.47,NIFTY NEXT 50 TRI
2009-12-07,,,,12259.36,NIFTY NEXT 50 TRI
2009-12-08,,,,12480.86,NIFTY NEXT 50 TRI
2009-12-09,,,,12355.51,NIFTY NEXT 50 TRI
2009-12-10,,,,12408.9,NIFTY NEXT 50 TRI
2009-12-11,,,,12352.55,NIFTY NEXT 50 TRI
2009-12-14,,,,12324.37,NIFTY NEXT 50 TRI
2009-12-15,,,,12122.68,NIFTY NEXT 50 TRI
2009-12-16,,,,12161.9,NIFTY NEXT 50 TRI
2009-12-17,,,,12253.33,NIFTY NEXT 50 TRI
2009-12-18,,,,12169.65,NIFTY NEXT 50 TRI
2009-12-21,,,,12120.48,NIFTY NEXT 50 TRI
2009-12-22,,,,12239.09,NIFTY NEXT 50 TRI
2009-12-23,,,,12426.24,NIFTY NEXT 50 TRI
2009-12-24,,,,12517.75,NIFTY NEXT 50 TRI
2009-12-29,,,,12482.18,NIFTY NEXT 50 TRI
2009-12-30,,,,12514.63,NIFTY NEXT 50 TRI
2009-12-31,,,,12547.61,NIFTY NEXT 50 TRI
2010-01-04,,,,12699.08,NIFTY NEXT 50 TRI
2010-01-05,,,,12891.37,NIFTY NEXT 50 TRI
2010-01-06,,,,13001.01,NIFTY NEXT 50 TRI
2010-01-07,,,,12894.56,NIFTY NEXT 50 TRI
2010-01-08,,,,12883.32,NIFTY NEXT 50 TRI
2010-01-11,,,,12983.16,NIFTY NEXT 50 TRI
2010-01-12,,,,12849.79,NIFTY NEXT 50 TRI
2010-01-13,,,,12919.32,NIFTY NEXT 50 TRI
2010-01-14,,,,13036.3,NIFTY NEXT 50 TRI
2010-01-15,,,,13003.59,NIFTY NEXT 50 TRI
2010-01-18,,,,13065.48,NIFTY NEXT 50 TRI
2010-01-19,,,,12942.16,NIFTY NEXT 50 TRI
2010-01-20,,,,12933.43,NIFTY NEXT 50 TRI
2010-01-21,,,,12610.71,NIFTY NEXT 50 TRI
2010-01-22,,,,12509.01,NIFTY NEXT 50 TRI
2010-01-25,,,,12287.96,NIFTY NEXT 50 TRI
2010-01-27,,,,11845.45,NIFTY NEXT 50 TRI
2010-01-28,,,,11971.12,NIFTY NEXT 50 TRI
2010-01-29,,,,12067.83,NIFTY NEXT 50 TRI
2010-02-01,,,,12269.47,NIFTY NEXT 50 TRI
2010-02-02,,,,12137.03,NIFTY NEXT 50 TRI
2010-02-03,,,,12394.6,NIFTY NEXT 50 TRI
2010-02-04,,,,12161.46,NIFTY NEXT 50 TRI
2010-02-05,,,,11882.09,NIFTY NEXT 50 TRI
2010-02-06,,,,12043.08,NIFTY NEXT 50 TRI
2010-02-08,,,,12056.12,NIFTY NEXT 50 TRI
2010-02-09,,,,12102.88,NIFTY NEXT 50 TRI
2010-02-10,,,,12077.75,NIFTY NEXT 50 TRI
2010-02-11,,,,12165.48,NIFTY NEXT 50 TRI
2010-02-15,,,,12122.13,NIFTY NEXT 50 TRI
2010-02-16,,,,12215.93,NIFTY NEXT 50 TRI
2010-02-17,,,,12344.28,NIFTY NEXT 50 TRI
2010-02-18,,,,12247.37,NIFTY NEXT 50 TRI
2010-02-19,,,,12108.61,NIFTY NEXT 50 TRI
2010-02-22,,,,12028.52,NIFTY NEXT 50 TRI
2010-02-23,,,,12004.02,NIFTY NEXT 50 TRI
2010-02-24,,,,12014.09,NIFTY NEXT 50 TRI
2010-02-25,,,,11992.07,NIFTY NEXT 50 TRI
2010-02-26,,,,12211.6,NIFTY NEXT 50 TRI
2010-03-02,,,,12460.23,NIFTY NEXT 50 TRI
2010-03-03,,,,12696.41,NIFTY NEXT 50 TRI
2010-03-04,,,,12824.0,NIFTY NEXT 50 TRI
2010-03-05,,,,12895.04,NIFTY NEXT 50 TRI
2010-03-08,,,,12941.06,NIFTY NEXT 50 TRI
2010-03-09,,,,12815.16,NIFTY NEXT 50 TRI
2010-03-10,,,,12763.05,NIFTY NEXT 50 TRI
2010-03-11,,,,12706.24,NIFTY NEXT 50 TRI
2010-03-12,,,,12710.59,NIFTY NEXT 50 TRI
2010-03-15,,,,12634.77,NIFTY NEXT 50 TRI
2010-03-16,,,,12709.79,NIFTY NEXT 50 TRI
2010-03-17,,,,12751.16,NIFTY NEXT 50 TRI
2010-03-18,,,,12773.92,NIFTY NEXT 50 TRI
2010-03-19,,,,12829.31,NIFTY NEXT 50 TRI
2010-03-22,,,,12714.55,NIFTY NEXT 50 TRI
2010-03-23,,,,12760.23,NIFTY NEXT 50 TRI
2010-03-25,,,,12788.64,NIFTY NEXT 50 TRI
2010-03-26,,,,12931.46,NIFTY NEXT 50 TRI
2010-03-29,,,,12982.41,NIFTY NEXT 50 TRI
2010-03-30,,,,13010.66,NIFTY NEXT 50 TRI
2010-03-31,,,,13031.01,NIFTY NEXT 50 TRI
2010-04-01,,,,13098.26,NIFTY NEXT 50 TRI
2010-04-05,,,,13302.59,NIFTY NEXT 50 TRI
2010-04-06,,,,13329.29,NIFTY NEXT 50 TRI
2010-04-07,,,,13375.28,NIFTY NEXT 50 TRI
2010-04-08,,,,13322.09,NIFTY NEXT 50 TRI
2010-04-09,,,,13335.22,NIFTY NEXT 50 TRI
2010-04-12,,,,13242.71,NIFTY NEXT 50 TRI
2010-04-13,,,,13243.1,NIFTY NEXT 50 TRI
2010-04-15,,,,13186.96,NIFTY NEXT 50 TRI
2010-04-16,,,,13139.48,NIFTY NEXT 50 TRI
2010-04-19,,,,12996.33,NIFTY NEXT 50 TRI
2010-04-20,,,,13142.4,NIFTY NEXT 50 TRI
2010-04-21,,,,13246.05,NIFTY NEXT 50 TRI
2010-04-22,,,,13276.21,NIFTY NEXT 50 TRI
2010-04-23,,,,13290.05,NIFTY NEXT 50 TRI
2010-04-26,,,,13323.84,NIFTY NEXT 50 TRI
2010-04-27,,,,13276.68,NIFTY NEXT 50 TRI
2010-04-28,,,,13127.23,NIFTY NEXT 50 TRI
2010-04-29,,,,13209.52,NIFTY NEXT 50 TRI
2010-04-30,,,,13407.13,NIFTY NEXT 50 TRI
2010-05-03,,,,13382.68,NIFTY NEXT 50 TRI
2010-05-04,,,,13135.81,NIFTY NEXT 50 TRI
2010-05-05,,,,13278.64,NIFTY NEXT 50 TRI
2010-05-06,,,,13205.67,NIFTY NEXT 50 TRI
2010-05-07,,,,12868.97,NIFTY NEXT 50 TRI
2010-05-10,,,,13179.99,NIFTY NEXT 50 TRI
2010-05-11,,,,13035.85,NIFTY NEXT 50 TRI
2010-05-12,,,,13178.16,NIFTY NEXT 50 TRI
2010-05-13,,,,13354.31,NIFTY NEXT 50 TRI
2010-05-14,,,,13181.1,NIFTY NEXT 50 TRI
2010-05-17,,,,13189.34,NIFTY NEXT 50 TRI
2010-05-18,,,,13165.72,NIFTY NEXT 50 TRI
2010-05-19,,,,12825.0,NIFTY NEXT 50 TRI
2010-05-20,,,,12853.24,NIFTY NEXT 50 TRI
2010-05-21,,,,12711.51,NIFTY NEXT 50 TRI
2010-05-24,,,,12700.12,NIFTY NEXT 50 TRI
2010-05-25,,,,12316.05,NIFTY NEXT 50 TRI
2010-05-26,,,,12530.57,NIFTY NEXT 50 TRI
2010-05-27,,,,12657.08,NIFTY NEXT 50 TRI
2010-05-28,,,,12925.19,NIFTY NEXT 50 TRI
2010-05-31,,,,13095.1,NIFTY NEXT 50 TRI
2010-06-01,,,,12865.14,NIFTY NEXT 50 TRI
2010-06-02,,,,12983.63,NIFTY NEXT 50 TRI
2010-06-03,,,,13189.54,NIFTY NEXT 50 TRI
2010-06-04,,,,13220.7,NIFTY NEXT 50 TRI
2010-06-07,,,,13024.44,NIFTY NEXT 50 TRI
2010-06-08,,,,12931.52,NIFTY NEXT 50 TRI
2010-06-09,,,,13059.95,NIFTY NEXT 50 TRI
2010-06-10,,,,13230.83,NIFTY NEXT 50 TRI
2010-06-11,,,,13211.28,NIFTY NEXT 50 TRI
2010-06-14,,,,13287.36,NIFTY NEXT 50 TRI
2010-06-15,,,,13358.77,NIFTY NEXT 50 TRI
2010-06-16,,,,13402.14,NIFTY NEXT 50 TRI
2010-06-17,,,,13429.35,NIFTY NEXT 50 TRI
2010-06-18,,,,13353.11,NIFTY NEXT 50 TRI
2010-06-21,,,,13573.1,NIFTY NEXT 50 TRI
2010-06-22,,,,13497.01,NIFTY NEXT 50 TRI
2010-06-23,,,,13573.06,NIFTY NEXT 50 TRI
2010-06-24,,,,13612.36,NIFTY NEXT 50 TRI
2010-06-25,,,,13563.52,NIFTY NEXT 50 TRI
2010-06-28,,,,13752.16,NIFTY NEXT 50 TRI
2010-06-29,,,,13657.32,NIFTY NEXT 50 TRI
2010-06-30,,,,13720.92,NIFTY NEXT 50 TRI
2010-07-01,,,,13679.6,NIFTY NEXT 50 TRI
2010-07-02,,,,13652.47,NIFTY NEXT 50 TRI
2010-07-05,,,,13643.62,NIFTY NEXT 50 TRI
2010-07-06,,,,13736.04,NIFTY NEXT 50 TRI
2010-07-07,,,,13685.2,NIFTY NEXT 50 TRI
2010-07-08,,,,13805.75,NIFTY NEXT 50 TRI
2010-07-09,,,,13864.6,NIFTY NEXT 50 TRI
2010-07-12,,,,13898.46,NIFTY NEXT 50 TRI
2010-07-13,,,,13961.59,NIFTY NEXT 50 TRI
2010-07-14,,,,13943.5,NIFTY NEXT 50 TRI
2010-07-15,,,,13948.59,NIFTY NEXT 50 TRI
2010-07-16,,,,14037.26,NIFTY NEXT 50 TRI
2010-07-19,,,,14102.45,NIFTY NEXT 50 TRI
2010-07-20,,,,14044.18,NIFTY NEXT 50 TRI
2010-07-21,,,,14116.64,NIFTY NEXT 50 TRI
2010-07-22,,,,14164.12,NIFTY NEXT 50 TRI
2010-07-23,,,,14093.58,NIFTY NEXT 50 TRI
2010-07-26,,,,14030.76,NIFTY NEXT 50 TRI
2010-07-27,,,,14058.54,NIFTY NEXT 50 TRI
2010-07-28,,,,14099.99,NIFTY NEXT 50 TRI
2010-07-29,,,,14129.28,NIFTY NEXT 50 TRI
2010-07-30,,,,14078.17,NIFTY NEXT 50 TRI
2010-08-02,,,,14241.9,NIFTY NEXT 50 TRI
2010-08-03,,,,14302.83,NIFTY NEXT 50 TRI
2010-08-04,,,,14290.08,NIFTY NEXT 50 TRI
2010-08-05,,,,14266.5,NIFTY NEXT 50 TRI
2010-08-06,,,,14230.59,NIFTY NEXT 50 TRI
2010-08-09,,,,14393.98,NIFTY NEXT 50 TRI
2010-08-10,,,,14352.5,NIFTY NEXT 50 TRI
2010-08-11,,,,14235.76,NIFTY NEXT 50 TRI
2010-08-12,,,,14319.19,NIFTY NEXT 50 TRI
2010-08-13,,,,14470.53,NIFTY NEXT 50 TRI
2010-08-16,,,,14438.09,NIFTY NEXT 50 TRI
2010-08-17,,,,14492.4,NIFTY NEXT 50 TRI
2010-08-18,,,,14617.75,NIFTY NEXT 50 TRI
2010-08-19,,,,14751.3,NIFTY NEXT 50 TRI
2010-08-20,,,,14743.3,NIFTY NEXT 50 TRI
2010-08-23,,,,14791.12,NIFTY NEXT 50 TRI
2010-08-24,,,,14690.72,NIFTY NEXT 50 TRI
2010-08-25,,,,14528.61,NIFTY NEXT 50 TRI
2010-08-26,,,,14550.85,NIFTY NEXT 50 TRI
2010-08-27,,,,14404.22,NIFTY NEXT 50 TRI
2010-08-30,,,,14408.06,NIFTY NEXT 50 TRI
2010-08-31,,,,14370.36,NIFTY NEXT 50 TRI
2010-09-01,,,,14596.47,NIFTY NEXT 50 TRI
2010-09-02,,,,14667.4,NIFTY NEXT 50 TRI
2010-09-03,,,,14725.41,NIFTY NEXT 50 TRI
2010-09-06,,,,14924.11,NIFTY NEXT 50 TRI
2010-09-07,,,,14914.67,NIFTY NEXT 50 TRI
2010-09-08,,,,14912.08,NIFTY NEXT 50 TRI
2010-09-09,,,,14992.05,NIFTY NEXT 50 TRI
2010-09-13,,,,15253.98,NIFTY NEXT 50 TRI
2010-09-14,,,,15222.3,NIFTY NEXT 50 TRI
2010-09-15,,,,15290.73,NIFTY NEXT 50 TRI
2010-09-16,,,,15118.73,NIFTY NEXT 50 TRI
2010-09-17,,,,15344.34,NIFTY NEXT 50 TRI
2010-09-20,,,,15483.17,NIFTY NEXT 50 TRI
2010-09-21,,,,15419.84,NIFTY NEXT 50 TRI
2010-09-22,,,,15376.98,NIFTY NEXT 50 TRI
2010-09-23,,,,15354.0,NIFTY NEXT 50 TRI
2010-09-24,,,,15476.85,NIFTY NEXT 50 TRI
2010-09-27,,,,15518.88,NIFTY NEXT 50 TRI
2010-09-28,,,,15542.87,NIFTY NEXT 50 TRI
2010-09-29,,,,15497.0,NIFTY NEXT 50 TRI
2010-09-30,,,,15347.54,NIFTY NEXT 50 TRI
2010-10-01,,,,15665.91,NIFTY NEXT 50 TRI
2010-10-04,,,,15849.6,NIFTY NEXT 50 TRI
2010-10-05,,,,15899.81,NIFTY NEXT 50 TRI
2010-10-06,,,,16081.73,NIFTY NEXT 50 TRI
2010-10-07,,,,16006.87,NIFTY NEXT 50 TRI
2010-10-08,,,,15934.28,NIFTY NEXT 50 TRI
2010-10-11,,,,16109.38,NIFTY NEXT 50 TRI
2010-10-12,,,,15940.53,NIFTY NEXT 50 TRI
2010-10-13,,,,16097.89,NIFTY NEXT 50 TRI
2010-10-14,,,,16076.8,NIFTY NEXT 50 TRI
2010-10-15,,,,15796.8,NIFTY NEXT 50 TRI
2010-10-18,,,,15799.38,NIFTY NEXT 50 TRI
2010-10-19,,,,15782.96,NIFTY NEXT 50 TRI
2010-10-20,,,,15764.28,NIFTY NEXT 50 TRI
2010-10-21,,,,16057.61,NIFTY NEXT 50 TRI
2010-10-22,,,,16077.28,NIFTY NEXT 50 TRI
2010-10-25,,,,16060.59,NIFTY NEXT 50 TRI
2010-10-26,,,,16037.29,NIFTY NEXT 50 TRI
2010-10-27,,,,15985.8,NIFTY NEXT 50 TRI
2010-10-28,,,,15900.3,NIFTY NEXT 50 TRI
2010-10-29,,,,15893.9,NIFTY NEXT 50 TRI
2010-11-01,,,,16110.86,NIFTY NEXT 50 TRI
2010-11-02,,,,16232.93,NIFTY NEXT 50 TRI
2010-11-03,,,,16287.56,NIFTY NEXT 50 TRI
2010-11-04,,,,16414.16,NIFTY NEXT 50 TRI
2010-11-05,,,,16471.93,NIFTY NEXT 50 TRI
2010-11-08,,,,16439.74,NIFTY NEXT 50 TRI
2010-11-09,,,,16535.68,NIFTY NEXT 50 TRI
2010-11-10,,,,16498.38,NIFTY NEXT 50 TRI
2010-11-11,,,,16245.72,NIFTY NEXT 50 TRI
2010-11-12,,,,15878.22,NIFTY NEXT 50 TRI
2010-11-15,,,,15974.97,NIFTY NEXT 50 TRI
2010-11-16,,,,15686.32,NIFTY NEXT 50 TRI
2010-11-18,,,,15744.71,NIFTY NEXT 50 TRI
2010-11-19,,,,15457.73,NIFTY NEXT 50 TRI
2010-11-22,,,,15700.51,NIFTY NEXT 50 TRI
2010-11-23,,,,15545.84,NIFTY NEXT 50 TRI
2010-11-24,,,,15255.23,NIFTY NEXT 50 TRI
2010-11-25,,,,14796.96,NIFTY NEXT 50 TRI
2010-11-26,,,,14451.72,NIFTY NEXT 50 TRI
2010-11-29,,,,14708.89,NIFTY NEXT 50 TRI
2010-11-30,,,,15051.89,NIFTY NEXT 50 TRI
2010-12-01,,,,15416.06,NIFTY NEXT 50 TRI
2010-12-02,,,,15472.87,NIFTY NEXT 50 TRI
2010-12-03,,,,15248.7,NIFTY NEXT 50 TRI
2010-12-06,,,,15132.63,NIFTY NEXT 50 TRI
2010-12-07,,,,14941.47,NIFTY NEXT 50 TRI
2010-12-08,,,,14674.54,NIFTY NEXT 50 TRI
2010-12-09,,,,14175.9,NIFTY NEXT 50 TRI
2010-12-10,,,,14349.61,NIFTY NEXT 50 TRI
2010-12-13,,,,14599.76,NIFTY NEXT 50 TRI
2010-12-14,,,,14813.11,NIFTY NEXT 50 TRI
2010-12-15,,,,14590.47,NIFTY NEXT 50 TRI
2010-12-16,,,,14629.31,NIFTY NEXT 50 TRI
2010-12-20,,,,14600.37,NIFTY NEXT 50 TRI
2010-12-21,,,,14755.98,NIFTY NEXT 50 TRI
2010-12-22,,,,14753.29,NIFTY NEXT 50 TRI
2010-12-23,,,,14657.45,NIFTY NEXT 50 TRI
2010-12-24,,,,14621.3,NIFTY NEXT 50 TRI
2010-12-27,,,,14549.44,NIFTY NEXT 50 TRI
2010-12-28,,,,14535.05,NIFTY NEXT 50 TRI
2010-12-29,,,,14659.74,NIFTY NEXT 50 TRI
2010-12-30,,,,14748.88,NIFTY NEXT 50 TRI
2010-12-31,,,,14922.88,NIFTY NEXT 50 TRI
2011-01-03,,,,14958.23,NIFTY NEXT 50 TRI
2011-01-04,,,,14890.02,NIFTY NEXT 50 TRI
2011-01-05,,,,14717.28,NIFTY NEXT 50 TRI
2011-01-06,,,,14486.1,NIFTY NEXT 50 TRI
2011-01-07,,,,14203.08,NIFTY NEXT 50 TRI
2011-01-10,,,,13823.83,NIFTY NEXT 50 TRI
2011-01-11,,,,13812.4,NIFTY NEXT 50 TRI
2011-01-12,,,,14031.52,NIFTY NEXT 50 TRI
2011-01-13,,,,13982.1,NIFTY NEXT 50 TRI
2011-01-14,,,,13778.41,NIFTY NEXT 50 TRI
2011-01-17,,,,13675.41,NIFTY NEXT 50 TRI
2011-01-18,,,,13731.52,NIFTY NEXT 50 TRI
2011-01-19,,,,13817.79,NIFTY NEXT 50 TRI
2011-01-20,,,,13849.67,NIFTY NEXT 50 TRI
2011-01-21,,,,13913.76,NIFTY NEXT 50 TRI
2011-01-24,,,,14012.5,NIFTY NEXT 50 TRI
2011-01-25,,,,13889.42,NIFTY NEXT 50 TRI
2011-01-27,,,,13568.09,NIFTY NEXT 50 TRI
2011-01-28,,,,13245.41,NIFTY NEXT 50 TRI
2011-01-31,,,,13319.66,NIFTY NEXT 50 TRI
2011-02-01,,,,13101.69,NIFTY NEXT 50 TRI
2011-02-02,,,,13107.85,NIFTY NEXT 50 TRI
2011-02-03,,,,13265.88,NIFTY NEXT 50 TRI
2011-02-04,,,,13091.99,NIFTY NEXT 50 TRI
2011-02-07,,,,13043.5,NIFTY NEXT 50 TRI
2011-02-08,,,,12756.07,NIFTY NEXT 50 TRI
2011-02-09,,,,12400.85,NIFTY NEXT 50 TRI
2011-02-10,,,,12448.73,NIFTY NEXT 50 TRI
2011-02-11,,,,12707.35,NIFTY NEXT 50 TRI
2011-02-14,,,,13188.75,NIFTY NEXT 50 TRI
2011-02-15,,,,13263.06,NIFTY NEXT 50 TRI
2011-02-16,,,,13277.97,NIFTY NEXT 50 TRI
2011-02-17,,,,13439.01,NIFTY NEXT 50 TRI
2011-02-18,,,,13197.72,NIFTY NEXT 50 TRI
2011-02-21,,,,13287.0,NIFTY NEXT 50 TRI
2011-02-22,,,,13147.68,NIFTY NEXT 50 TRI
2011-02-23,,,,13052.24,NIFTY NEXT 50 TRI
2011-02-24,,,,12626.77,NIFTY NEXT 50 TRI
2011-02-25,,,,12709.56,NIFTY NEXT 50 TRI
2011-02-28,,,,12760.2,NIFTY NEXT 50 TRI
2011-03-01,,,,13192.94,NIFTY NEXT 50 TRI
2011-03-03,,,,13192.2,NIFTY NEXT 50 TRI
2011-03-04,,,,13197.83,NIFTY NEXT 50 TRI
2011-03-07,,,,13049.29,NIFTY NEXT 50 TRI
2011-03-08,,,,13163.68,NIFTY NEXT 50 TRI
2011-03-09,,,,13228.76,NIFTY NEXT 50 TRI
2011-03-10,,,,13177.34,NIFTY NEXT 50 TRI
2011-03-11,,,,13058.46,NIFTY NEXT 50 TRI
2011-03-14,,,,13161.93,NIFTY NEXT 50 TRI
2011-03-15,,,,12947.02,NIFTY NEXT 50 TRI
2011-03-16,,,,13121.72,NIFTY NEXT 50 TRI
2011-03-17,,,,13095.18,NIFTY NEXT 50 TRI
2011-03-18,,,,12971.08,NIFTY NEXT 50 TRI
2011-03-21,,,,12923.67,NIFTY NEXT 50 TRI
2011-03-22,,,,13023.35,NIFTY NEXT 50 TRI
2011-03-23,,,,13117.03,NIFTY NEXT 50 TRI
2011-03-24,,,,13205.22,NIFTY NEXT 50 TRI
2011-03-25,,,,13370.0,NIFTY NEXT 50 TRI
2011-03-28,,,,13473.94,NIFTY NEXT 50 TRI
2011-03-29,,,,13540.13,NIFTY NEXT 50 TRI
2011-03-30,,,,13775.36,NIFTY NEXT 50 TRI
2011-03-31,,,,13783.59,NIFTY NEXT 50 TRI
2011-04-01,,,,13883.06,NIFTY NEXT 50 TRI
2011-04-04,,,,14047.63,NIFTY NEXT 50 TRI
2011-04-05,,,,14205.47,NIFTY NEXT 50 TRI
2011-04-06,,,,14221.67,NIFTY NEXT 50 TRI
2011-04-07,,,,14315.12,NIFTY NEXT 50 TRI
2011-04-08,,,,14107.17,NIFTY NEXT 50 TRI
2011-04-11,,,,13976.62,NIFTY NEXT 50 TRI
2011-04-13,,,,14197.95,NIFTY NEXT 50 TRI
2011-04-15,,,,14182.79,NIFTY NEXT 50 TRI
2011-04-18,,,,14022.74,NIFTY NEXT 50 TRI
2011-04-19,,,,14038.16,NIFTY NEXT 50 TRI
2011-04-20,,,,14178.5,NIFTY NEXT 50 TRI
2011-04-21,,,,14093.13,NIFTY NEXT 50 TRI
2011-04-25,,,,14140.54,NIFTY NEXT 50 TRI
2011-04-26,,,,14125.04,NIFTY NEXT 50 TRI
2011-04-27,,,,14173.39,NIFTY NEXT 50 TRI
2011-04-28,,,,14079.06,NIFTY NEXT 50 TRI
2011-04-29,,,,13902.32,NIFTY NEXT 50 TRI
2011-05-02,,,,13725.12,NIFTY NEXT 50 TRI
2011-05-03,,,,13428.81,NIFTY NEXT 50 TRI
2011-05-04,,,,13323.06,NIFTY NEXT 50 TRI
2011-05-05,,,,13167.98,NIFTY NEXT 50 TRI
2011-05-06,,,,13435.27,NIFTY NEXT 50 TRI
2011-05-09,,,,13517.39,NIFTY NEXT 50 TRI
2011-05-10,,,,13501.89,NIFTY NEXT 50 TRI
2011-05-11,,,,13582.31,NIFTY NEXT 50 TRI
2011-05-12,,,,13520.67,NIFTY NEXT 50 TRI
2011-05-13,,,,13669.52,NIFTY NEXT 50 TRI
2011-05-16,,,,13620.93,NIFTY NEXT 50 TRI
2011-05-17,,,,13579.42,NIFTY NEXT 50 TRI
2011-05-18,,,,13428.29,NIFTY NEXT 50 TRI
2011-05-19,,,,13372.19,NIFTY NEXT 50 TRI
2011-05-20,,,,13444.34,NIFTY NEXT 50 TRI
2011-05-23,,,,13306.24,NIFTY NEXT 50 TRI
2011-05-24,,,,13420.11,NIFTY NEXT 50 TRI
2011-05-25,,,,13415.44,NIFTY NEXT 50 TRI
2011-05-26,,,,13464.36,NIFTY NEXT 50 TRI
2011-05-27,,,,13625.15,NIFTY NEXT 50 TRI
2011-05-30,,,,13737.72,NIFTY NEXT 50 TRI
2011-05-31,,,,13985.75,NIFTY NEXT 50 TRI
2011-06-01,,,,14049.38,NIFTY NEXT 50 TRI
2011-06-02,,,,13909.39,NIFTY NEXT 50 TRI
2011-06-03,,,,13819.54,NIFTY NEXT 50 TRI
2011-06-06,,,,13810.82,NIFTY NEXT 50 TRI
2011-06-07,,,,13911.4,NIFTY NEXT 50 TRI
2011-06-08,,,,13895.9,NIFTY NEXT 50 TRI
2011-06-09,,,,13863.93,NIFTY NEXT 50 TRI
2011-06-10,,,,13788.57,NIFTY NEXT 50 TRI
2011-06-13,,,,13806.5,NIFTY NEXT 50 TRI
2011-06-14,,,,13861.08,NIFTY NEXT 50 TRI
2011-06-15,,,,13737.17,NIFTY NEXT 50 TRI
2011-06-16,,,,13621.36,NIFTY NEXT 50 TRI
2011-06-17,,,,13529.8,NIFTY NEXT 50 TRI
2011-06-20,,,,13288.26,NIFTY NEXT 50 TRI
2011-06-21,,,,13252.86,NIFTY NEXT 50 TRI
2011-06-22,,,,13159.54,NIFTY NEXT 50 TRI
2011-06-23,,,,13191.73,NIFTY NEXT 50 TRI
2011-06-24,,,,13470.61,NIFTY NEXT 50 TRI
2011-06-27,,,,13717.15,NIFTY NEXT 50 TRI
2011-06-28,,,,13693.64,NIFTY NEXT 50 TRI
2011-06-29,,,,13726.11,NIFTY NEXT 50 TRI
2011-06-30,,,,13771.07,NIFTY NEXT 50 TRI
2011-07-01,,,,13840.75,NIFTY NEXT 50 TRI
2011-07-04,,,,14001.07,NIFTY NEXT 50 TRI
2011-07-05,,,,13977.05,NIFTY NEXT 50 TRI
2011-07-06,,,,14005.09,NIFTY NEXT 50 TRI
2011-07-07,,,,14166.94,NIFTY NEXT 50 TRI
2011-07-08,,,,13937.78,NIFTY NEXT 50 TRI
2011-07-11,,,,13846.79,NIFTY NEXT 50 TRI
2011-07-12,,,,13699.73,NIFTY NEXT 50 TRI
2011-07-13,,,,13850.73,NIFTY NEXT 50 TRI
2011-07-14,,,,13986.66,NIFTY NEXT 50 TRI
2011-07-15,,,,13986.31,NIFTY NEXT 50 TRI
2011-07-18,,,,14018.4,NIFTY NEXT 50 TRI
2011-07-19,,,,14020.47,NIFTY NEXT 50 TRI
2011-07-20,,,,13822.14,NIFTY NEXT 50 TRI
2011-07-21,,,,13683.37,NIFTY NEXT 50 TRI
2011-07-22,,,,13854.91,NIFTY NEXT 50 TRI
2011-07-25,,,,13928.47,NIFTY NEXT 50 TRI
2011-07-26,,,,13793.51,NIFTY NEXT 50 TRI
2011-07-27,,,,13799.58,NIFTY NEXT 50 TRI
2011-07-28,,,,13669.69,NIFTY NEXT 50 TRI
2011-07-29,,,,13414.52,NIFTY NEXT 50 TRI
2011-08-01,,,,13381.26,NIFTY NEXT 50 TRI
2011-08-02,,,,13274.31,NIFTY NEXT 50 TRI
2011-08-03,,,,13206.58,NIFTY NEXT 50 TRI
2011-08-04,,,,13158.44,NIFTY NEXT 50 TRI
2011-08-05,,,,12964.77,NIFTY NEXT 50 TRI
2011-08-08,,,,12808.95,NIFTY NEXT 50 TRI
2011-08-09,,,,12641.86,NIFTY NEXT 50 TRI
2011-08-10,,,,12896.11,NIFTY NEXT 50 TRI
2011-08-11,,,,12831.91,NIFTY NEXT 50 TRI
2011-08-12,,,,12720.1,NIFTY NEXT 50 TRI
2011-08-16,,,,12583.5,NIFTY NEXT 50 TRI
2011-08-17,,,,12494.53,NIFTY NEXT 50 TRI
2011-08-18,,,,12225.32,NIFTY NEXT 50 TRI
2011-08-19,,,,12130.92,NIFTY NEXT 50 TRI
2011-08-22,,,,12254.26,NIFTY NEXT 50 TRI
2011-08-23,,,,12337.3,NIFTY NEXT 50 TRI
2011-08-24,,,,12226.65,NIFTY NEXT 50 TRI
2011-08-25,,,,12075.95,NIFTY NEXT 50 TRI
2011-08-26,,,,11808.27,NIFTY NEXT 50 TRI
2011-08-29,,,,12145.68,NIFTY NEXT 50 TRI
2011-08-30,,,,12296.26,NIFTY NEXT 50 TRI
2011-09-02,,,,12453.43,NIFTY NEXT 50 TRI
2011-09-05,,,,12497.53,NIFTY NEXT 50 TRI
2011-09-06,,,,12502.56,NIFTY NEXT 50 TRI
2011-09-07,,,,12725.29,NIFTY NEXT 50 TRI
2011-09-08,,,,12738.28,NIFTY NEXT 50 TRI
2011-09-09,,,,12569.22,NIFTY NEXT 50 TRI
2011-09-12,,,,12261.22,NIFTY NEXT 50 TRI
2011-09-13,,,,12242.13,NIFTY NEXT 50 TRI
2011-09-14,,,,12319.94,NIFTY NEXT 50 TRI
2011-09-15,,,,12509.08,NIFTY NEXT 50 TRI
2011-09-16,,,,12533.24,NIFTY NEXT 50 TRI
2011-09-19,,,,12466.55,NIFTY NEXT 50 TRI
2011-09-20,,,,12593.85,NIFTY NEXT 50 TRI
2011-09-21,,,,12711.32,NIFTY NEXT 50 TRI
2011-09-22,,,,12286.68,NIFTY NEXT 50 TRI
2011-09-23,,,,12199.55,NIFTY NEXT 50 TRI
2011-09-26,,,,12017.59,NIFTY NEXT 50 TRI
2011-09-27,,,,12248.34,NIFTY NEXT 50 TRI
2011-09-28,,,,12186.3,NIFTY NEXT 50 TRI
2011-09-29,,,,12224.68,NIFTY NEXT 50 TRI
2011-09-30,,,,12108.59,NIFTY NEXT 50 TRI
2011-10-03,,,,11851.73,NIFTY NEXT 50 TRI
2011-10-04,,,,11631.59,NIFTY NEXT 50 TRI
2011-10-05,,,,11553.48,NIFTY NEXT 50 TRI
2011-10-07,,,,11734.7,NIFTY NEXT 50 TRI
2011-10-10,,,,11873.23,NIFTY NEXT 50 TRI
2011-10-11,,,,11961.66,NIFTY NEXT 50 TRI
2011-10-12,,,,12166.53,NIFTY NEXT 50 TRI
2011-10-13,,,,12196.72,NIFTY NEXT 50 TRI
2011-10-14,,,,12198.35,NIFTY NEXT 50 TRI
2011-10-17,,,,12209.15,NIFTY NEXT 50 TRI
2011-10-18,,,,12057.41,NIFTY NEXT 50 TRI
2011-10-19,,,,12167.79,NIFTY NEXT 50 TRI
2011-10-20,,,,12059.6,NIFTY NEXT 50 TRI
2011-10-21,,,,11936.59,NIFTY NEXT 50 TRI
2011-10-24,,,,11910.22,NIFTY NEXT 50 TRI
2011-10-25,,,,11959.64,NIFTY NEXT 50 TRI
2011-10-26,,,,12045.28,NIFTY NEXT 50 TRI
2011-10-28,,,,12327.64,NIFTY NEXT 50 TRI
2011-10-31,,,,12388.47,NIFTY NEXT 50 TRI
2011-11-01,,,,12322.58,NIFTY NEXT 50 TRI
2011-11-02,,,,12336.45,NIFTY NEXT 50 TRI
2011-11-03,,,,12426.71,NIFTY NEXT 50 TRI
2011-11-04,,,,12553.06,NIFTY NEXT 50 TRI
2011-11-08,,,,12503.09,NIFTY NEXT 50 TRI
2011-11-09,,,,12327.53,NIFTY NEXT 50 TRI
2011-11-11,,,,12179.69,NIFTY NEXT 50 TRI
2011-11-14,,,,12088.56,NIFTY NEXT 50 TRI
2011-11-15,,,,11721.86,NIFTY NEXT 50 TRI
2011-11-16,,,,11663.5,NIFTY NEXT 50 TRI
2011-11-17,,,,11485.99,NIFTY NEXT 50 TRI
2011-11-18,,,,11430.21,NIFTY NEXT 50 TRI
2011-11-21,,,,11208.42,NIFTY NEXT 50 TRI
2011-11-22,,,,11232.31,NIFTY NEXT 50 TRI
2011-11-23,,,,11006.83,NIFTY NEXT 50 TRI
2011-11-24,,,,11171.39,NIFTY NEXT 50 TRI
2011-11-25,,,,11202.92,NIFTY NEXT 50 TRI
2011-11-28,,,,11425.52,NIFTY NEXT 50 TRI
2011-11-29,,,,11274.34,NIFTY NEXT 50 TRI
2011-11-30,,,,11211.47,NIFTY NEXT 50 TRI
2011-12-01,,,,11314.76,NIFTY NEXT 50 TRI
2011-12-02,,,,11608.62,NIFTY NEXT 50 TRI
2011-12-05,,,,11630.37,NIFTY NEXT 50 TRI
2011-12-07,,,,11611.45,NIFTY NEXT 50 TRI
2011-12-08,,,,11412.98,NIFTY NEXT 50 TRI
2011-12-09,,,,11283.53,NIFTY NEXT 50 TRI
2011-12-12,,,,11045.14,NIFTY NEXT 50 TRI
2011-12-13,,,,11024.21,NIFTY NEXT 50 TRI
2011-12-14,,,,10933.49,NIFTY NEXT 50 TRI
2011-12-15,,,,10917.14,NIFTY NEXT 50 TRI
2011-12-16,,,,10708.96,NIFTY NEXT 50 TRI
2011-12-19,,,,10483.66,NIFTY NEXT 50 TRI
2011-12-20,,,,10234.03,NIFTY NEXT 50 TRI
2011-12-21,,,,10419.78,NIFTY NEXT 50 TRI
2011-12-22,,,,10538.31,NIFTY NEXT 50 TRI
2011-12-23,,,,10445.69,NIFTY NEXT 50 TRI
2011-12-26,,,,10513.08,NIFTY NEXT 50 TRI
2011-12-27,,,,10422.64,NIFTY NEXT 50 TRI
2011-12-28,,,,10320.97,NIFTY NEXT 50 TRI
2011-12-29,,,,10281.74,NIFTY NEXT 50 TRI
2011-12-30,,,,10279.96,NIFTY NEXT 50 TRI
2012-01-02,,,,10254.05,NIFTY NEXT 50 TRI
2012-01-03,,,,10565.48,NIFTY NEXT 50 TRI
2012-01-04,,,,10595.88,NIFTY NEXT 50 TRI
2012-01-05,,,,10618.88,NIFTY NEXT 50 TRI
2012-01-06,,,,10560.49,NIFTY NEXT 50 TRI
2012-01-07,,,,10601.16,NIFTY NEXT 50 TRI
2012-01-09,,,,10642.38,NIFTY NEXT 50 TRI
2012-01-10,,,,10915.36,NIFTY NEXT 50 TRI
2012-01-11,,,,11038.0,NIFTY NEXT 50 TRI
2012-01-12,,,,11140.38,NIFTY NEXT 50 TRI
2012-01-13,,,,11227.88,NIFTY NEXT 50 TRI
2012-01-16,,,,11273.16,NIFTY NEXT 50 TRI
2012-01-17,,,,11425.99,NIFTY NEXT 50 TRI
2012-01-18,,,,11339.93,NIFTY NEXT 50 TRI
2012-01-19,,,,11525.45,NIFTY NEXT 50 TRI
2012-01-20,,,,11613.83,NIFTY NEXT 50 TRI
2012-01-23,,,,11605.63,NIFTY NEXT 50 TRI
2012-01-24,,,,11855.89,NIFTY NEXT 50 TRI
2012-01-25,,,,12030.89,NIFTY NEXT 50 TRI
2012-01-27,,,,12105.05,NIFTY NEXT 50 TRI
2012-01-30,,,,11839.8,NIFTY NEXT 50 TRI
2012-01-31,,,,12112.35,NIFTY NEXT 50 TRI
2012-02-01,,,,12244.18,NIFTY NEXT 50 TRI
2012-02-02,,,,12338.94,NIFTY NEXT 50 TRI
2012-02-03,,,,12388.96,NIFTY NEXT 50 TRI
2012-02-06,,,,12636.76,NIFTY NEXT 50 TRI
2012-02-07,,,,12460.34,NIFTY NEXT 50 TRI
2012-02-08,,,,12624.3,NIFTY NEXT 50 TRI
2012-02-09,,,,12761.71,NIFTY NEXT 50 TRI
2012-02-10,,,,12794.14,NIFTY NEXT 50 TRI
2012-02-13,,,,12818.16,NIFTY NEXT 50 TRI
2012-02-14,,,,12907.17,NIFTY NEXT 50 TRI
2012-02-15,,,,13207.82,NIFTY NEXT 50 TRI
2012-02-16,,,,13326.87,NIFTY NEXT 50 TRI
2012-02-17,,,,13378.98,NIFTY NEXT 50 TRI
2012-02-21,,,,13449.19,NIFTY NEXT 50 TRI
2012-02-22,,,,12884.29,NIFTY NEXT 50 TRI
2012-02-23,,,,12866.53,NIFTY NEXT 50 TRI
2012-02-24,,,,12768.4,NIFTY NEXT 50 TRI
2012-02-27,,,,12401.91,NIFTY NEXT 50 TRI
2012-02-28,,,,12844.51,NIFTY NEXT 50 TRI
2012-02-29,,,,12899.23,NIFTY NEXT 50 TRI
2012-03-01,,,,12810.27,NIFTY NEXT 50 TRI
2012-03-02,,,,12821.49,NIFTY NEXT 50 TRI
2012-03-03,,,,12826.75,NIFTY NEXT 50 TRI
2012-03-05,,,,12646.57,NIFTY NEXT 50 TRI
2012-03-06,,,,12555.21,NIFTY NEXT 50 TRI
2012-03-07,,,,12483.45,NIFTY NEXT 50 TRI
2012-03-09,,,,12809.18,NIFTY NEXT 50 TRI
2012-03-12,,,,12940.17,NIFTY NEXT 50 TRI
2012-03-13,,,,13053.03,NIFTY NEXT 50 TRI
2012-03-14,,,,13182.93,NIFTY NEXT 50 TRI
2012-03-15,,,,12924.05,NIFTY NEXT 50 TRI
2012-03-16,,,,12759.62,NIFTY NEXT 50 TRI
2012-03-19,,,,12571.79,NIFTY NEXT 50 TRI
2012-03-20,,,,12683.42,NIFTY NEXT 50 TRI
2012-03-21,,,,12956.57,NIFTY NEXT 50 TRI
2012-03-22,,,,12601.89,NIFTY NEXT 50 TRI
2012-03-23,,,,12728.48,NIFTY NEXT 50 TRI
2012-03-26,,,,12540.28,NIFTY NEXT 50 TRI
2012-03-27,,,,12624.47,NIFTY NEXT 50 TRI
2012-03-28,,,,12484.12,NIFTY NEXT 50 TRI
2012-03-29,,,,12571.91,NIFTY NEXT 50 TRI
2012-03-30,,,,12923.81,NIFTY NEXT 50 TRI
2012-04-02,,,,13028.02,NIFTY NEXT 50 TRI
2012-04-03,,,,13197.65,NIFTY NEXT 50 TRI
2012-04-04,,,,13174.05,NIFTY NEXT 50 TRI
2012-04-09,,,,12962.89,NIFTY NEXT 50 TRI
2012-04-10,,,,12978.28,NIFTY NEXT 50 TRI
2012-04-11,,,,12889.96,NIFTY NEXT 50 TRI
2012-04-12,,,,12968.78,NIFTY NEXT 50 TRI
2012-04-13,,,,12886.56,NIFTY NEXT 50 TRI
2012-04-16,,,,12958.95,NIFTY NEXT 50 TRI
2012-04-17,,,,13069.1,NIFTY NEXT 50 TRI
2012-04-18,,,,13048.54,NIFTY NEXT 50 TRI
2012-04-19,,,,13010.76,NIFTY NEXT 50 TRI
2012-04-20,,,,12936.83,NIFTY NEXT 50 TRI
2012-04-23,,,,12731.74,NIFTY NEXT 50 TRI
2012-04-24,,,,12672.64,NIFTY NEXT 50 TRI
2012-04-25,,,,12634.85,NIFTY NEXT 50 TRI
2012-04-26,,,,12554.59,NIFTY NEXT 50 TRI
2012-04-27,,,,12497.02,NIFTY NEXT 50 TRI
2012-04-28,,,,12548.84,NIFTY NEXT 50 TRI
2012-04-30,,,,12649.07,NIFTY NEXT 50 TRI
2012-05-02,,,,12636.17,NIFTY NEXT 50 TRI
2012-05-03,,,,12470.01,NIFTY NEXT 50 TRI
2012-05-04,,,,12304.92,NIFTY NEXT 50 TRI
2012-05-07,,,,12444.96,NIFTY NEXT 50 TRI
2012-05-08,,,,12224.98,NIFTY NEXT 50 TRI
2012-05-09,,,,12041.94,NIFTY NEXT 50 TRI
2012-05-10,,,,12065.5,NIFTY NEXT 50 TRI
2012-05-11,,,,11954.89,NIFTY NEXT 50 TRI
2012-05-14,,,,11904.13,NIFTY NEXT 50 TRI
2012-05-15,,,,11949.74,NIFTY NEXT 50 TRI
2012-05-16,,,,11746.68,NIFTY NEXT 50 TRI
2012-05-17,,,,11748.29,NIFTY NEXT 50 TRI
2012-05-18,,,,11724.52,NIFTY NEXT 50 TRI
2012-05-21,,,,11821.05,NIFTY NEXT 50 TRI
2012-05-22,,,,11707.39,NIFTY NEXT 50 TRI
2012-05-23,,,,11614.26,NIFTY NEXT 50 TRI
2012-05-24,,,,11705.45,NIFTY NEXT 50 TRI
2012-05-25,,,,11775.96,NIFTY NEXT 50 TRI
2012-05-28,,,,11936.46,NIFTY NEXT 50 TRI
2012-05-29,,,,11915.53,NIFTY NEXT 50 TRI
2012-05-30,,,,11761.97,NIFTY NEXT 50 TRI
2012-05-31,,,,11830.43,NIFTY NEXT 50 TRI
2012-06-01,,,,11678.49,NIFTY NEXT 50 TRI
2012-06-04,,,,11616.02,NIFTY NEXT 50 TRI
2012-06-05,,,,11638.01,NIFTY NEXT 50 TRI
2012-06-06,,,,11883.06,NIFTY NEXT 50 TRI
2012-06-07,,,,11988.68,NIFTY NEXT 50 TRI
2012-06-08,,,,12039.9,NIFTY NEXT 50 TRI
2012-06-11,,,,11960.46,NIFTY NEXT 50 TRI
2012-06-12,,,,12068.28,NIFTY NEXT 50 TRI
2012-06-13,,,,12092.55,NIFTY NEXT 50 TRI
2012-06-14,,,,11926.58,NIFTY NEXT 50 TRI
2012-06-15,,,,12033.99,NIFTY NEXT 50 TRI
2012-06-18,,,,11854.0,NIFTY NEXT 50 TRI
2012-06-19,,,,11888.88,NIFTY NEXT 50 TRI
2012-06-20,,,,12004.16,NIFTY NEXT 50 TRI
2012-06-21,,,,12145.77,NIFTY NEXT 50 TRI
2012-06-22,,,,12122.22,NIFTY NEXT 50 TRI
2012-06-25,,,,12081.32,NIFTY NEXT 50 TRI
2012-06-26,,,,12176.81,NIFTY NEXT 50 TRI
2012-06-27,,,,12229.08,NIFTY NEXT 50 TRI
2012-06-28,,,,12257.56,NIFTY NEXT 50 TRI
2012-06-29,,,,12523.47,NIFTY NEXT 50 TRI
2012-07-02,,,,12600.99,NIFTY NEXT 50 TRI
2012-07-03,,,,12753.55,NIFTY NEXT 50 TRI
2012-07-04,,,,12815.58,NIFTY NEXT 50 TRI
2012-07-05,,,,12900.47,NIFTY NEXT 50 TRI
2012-07-06,,,,12829.7,NIFTY NEXT 50 TRI
2012-07-09,,,,12686.07,NIFTY NEXT 50 TRI
2012-07-10,,,,12812.0,NIFTY NEXT 50 TRI
2012-07-11,,,,12765.99,NIFTY NEXT 50 TRI
2012-07-12,,,,12702.59,NIFTY NEXT 50 TRI
2012-07-13,,,,12657.99,NIFTY NEXT 50 TRI
2012-07-16,,,,12626.8,NIFTY NEXT 50 TRI
2012-07-17,,,,12562.35,NIFTY NEXT 50 TRI
2012-07-18,,,,12559.88,NIFTY NEXT 50 TRI
2012-07-19,,,,12586.63,NIFTY NEXT 50 TRI
2012-07-20,,,,12589.69,NIFTY NEXT 50 TRI
2012-07-23,,,,12410.87,NIFTY NEXT 50 TRI
2012-07-24,,,,12480.68,NIFTY NEXT 50 TRI
2012-07-25,,,,12405.25,NIFTY NEXT 50 TRI
2012-07-26,,,,12210.13,NIFTY NEXT 50 TRI
2012-07-27,,,,12173.24,NIFTY NEXT 50 TRI
2012-07-30,,,,12416.49,NIFTY NEXT 50 TRI
2012-07-31,,,,12478.89,NIFTY NEXT 50 TRI
2012-08-01,,,,12543.64,NIFTY NEXT 50 TRI
2012-08-02,,,,12614.35,NIFTY NEXT 50 TRI
2012-08-03,,,,12562.65,NIFTY NEXT 50 TRI
2012-08-06,,,,12636.11,NIFTY NEXT 50 TRI
2012-08-07,,,,12688.33,NIFTY NEXT 50 TRI
2012-08-08,,,,12624.88,NIFTY NEXT 50 TRI
2012-08-09,,,,12579.61,NIFTY NEXT 50 TRI
2012-08-10,,,,12547.65,NIFTY NEXT 50 TRI
2012-08-13,,,,12704.26,NIFTY NEXT 50 TRI
2012-08-14,,,,12744.14,NIFTY NEXT 50 TRI
2012-08-16,,,,12709.64,NIFTY NEXT 50 TRI
2012-08-17,,,,12691.7,NIFTY NEXT 50 TRI
2012-08-21,,,,12725.33,NIFTY NEXT 50 TRI
2012-08-22,,,,12662.59,NIFTY NEXT 50 TRI
2012-08-23,,,,12621.9,NIFTY NEXT 50 TRI
2012-08-24,,,,12584.56,NIFTY NEXT 50 TRI
2012-08-27,,,,12454.33,NIFTY NEXT 50 TRI
2012-08-28,,,,12352.38,NIFTY NEXT 50 TRI
2012-08-29,,,,12304.33,NIFTY NEXT 50 TRI
2012-08-30,,,,12336.14,NIFTY NEXT 50 TRI
2012-08-31,,,,12330.15,NIFTY NEXT 50 TRI
2012-09-03,,,,12308.84,NIFTY NEXT 50 TRI
2012-09-04,,,,12438.25,NIFTY NEXT 50 TRI
2012-09-05,,,,12363.08,NIFTY NEXT 50 TRI
2012-09-06,,,,12421.1,NIFTY NEXT 50 TRI
2012-09-07,,,,12543.1,NIFTY NEXT 50 TRI
2012-09-08,,,,12605.39,NIFTY NEXT 50 TRI
2012-09-10,,,,12660.59,NIFTY NEXT 50 TRI
2012-09-11,,,,12670.94,NIFTY NEXT 50 TRI
2012-09-12,,,,12679.54,NIFTY NEXT 50 TRI
2012-09-13,,,,12617.04,NIFTY NEXT 50 TRI
2012-09-14,,,,12733.65,NIFTY NEXT 50 TRI
2012-09-17,,,,12924.57,NIFTY NEXT 50 TRI
2012-09-18,,,,13098.24,NIFTY NEXT 50 TRI
2012-09-20,,,,13080.92,NIFTY NEXT 50 TRI
2012-09-21,,,,13310.5,NIFTY NEXT 50 TRI
2012-09-24,,,,13392.72,NIFTY NEXT 50 TRI
2012-09-25,,,,13463.57,NIFTY NEXT 50 TRI
2012-09-26,,,,13469.14,NIFTY NEXT 50 TRI
2012-09-27,,,,13575.08,NIFTY NEXT 50 TRI
2012-09-28,,,,13772.16,NIFTY NEXT 50 TRI
2012-10-01,,,,13865.4,NIFTY NEXT 50 TRI
2012-10-03,,,,13959.12,NIFTY NEXT 50 TRI
2012-10-04,,,,14072.86,NIFTY NEXT 50 TRI
2012-10-05,,,,13999.67,NIFTY NEXT 50 TRI
2012-10-08,,,,13894.37,NIFTY NEXT 50 TRI
2012-10-09,,,,13978.73,NIFTY NEXT 50 TRI
2012-10-10,,,,13825.12,NIFTY NEXT 50 TRI
2012-10-11,,,,13984.03,NIFTY NEXT 50 TRI
2012-10-12,,,,13986.23,NIFTY NEXT 50 TRI
2012-10-15,,,,13925.15,NIFTY NEXT 50 TRI
2012-10-16,,,,13800.01,NIFTY NEXT 50 TRI
2012-10-17,,,,13815.03,NIFTY NEXT 50 TRI
2012-10-18,,,,13942.13,NIFTY NEXT 50 TRI
2012-10-19,,,,13859.78,NIFTY NEXT 50 TRI
2012-10-22,,,,13879.49,NIFTY NEXT 50 TRI
2012-10-23,,,,13822.28,NIFTY NEXT 50 TRI
2012-10-25,,,,13818.3,NIFTY NEXT 50 TRI
2012-10-26,,,,13641.81,NIFTY NEXT 50 TRI
2012-10-29,,,,13556.6,NIFTY NEXT 50 TRI
2012-10-30,,,,13447.78,NIFTY NEXT 50 TRI
2012-10-31,,,,13600.24,NIFTY NEXT 50 TRI
2012-11-01,,,,13723.62,NIFTY NEXT 50 TRI
2012-11-02,,,,13827.33,NIFTY NEXT 50 TRI
2012-11-05,,,,13807.36,NIFTY NEXT 50 TRI
2012-11-06,,,,13846.16,NIFTY NEXT 50 TRI
2012-11-07,,,,14013.85,NIFTY NEXT 50 TRI
2012-11-08,,,,14027.34,NIFTY NEXT 50 TRI
2012-11-09,,,,13926.27,NIFTY NEXT 50 TRI
2012-11-12,,,,14155.54,NIFTY NEXT 50 TRI
2012-11-13,,,,14161.98,NIFTY NEXT 50 TRI
2012-11-15,,,,14185.58,NIFTY NEXT 50 TRI
2012-11-16,,,,14030.74,NIFTY NEXT 50 TRI
2012-11-19,,,,13887.68,NIFTY NEXT 50 TRI
2012-11-20,,,,13823.41,NIFTY NEXT 50 TRI
2012-11-21,,,,13889.21,NIFTY NEXT 50 TRI
2012-11-22,,,,13985.68,NIFTY NEXT 50 TRI
2012-11-23,,,,14045.9,NIFTY NEXT 50 TRI
2012-11-26,,,,14245.44,NIFTY NEXT 50 TRI
2012-11-27,,,,14474.24,NIFTY NEXT 50 TRI
2012-11-29,,,,14619.49,NIFTY NEXT 50 TRI
2012-11-30,,,,14715.95,NIFTY NEXT 50 TRI
2012-12-03,,,,14835.22,NIFTY NEXT 50 TRI
2012-12-04,,,,14907.43,NIFTY NEXT 50 TRI
2012-12-05,,,,14935.45,NIFTY NEXT 50 TRI
2012-12-06,,,,15053.71,NIFTY NEXT 50 TRI
2012-12-07,,,,14976.48,NIFTY NEXT 50 TRI
2012-12-10,,,,15035.38,NIFTY NEXT 50 TRI
2012-12-11,,,,14962.71,NIFTY NEXT 50 TRI
2012-12-12,,,,14976.28,NIFTY NEXT 50 TRI
2012-12-13,,,,14837.34,NIFTY NEXT 50 TRI
2012-12-14,,,,14950.29,NIFTY NEXT 50 TRI
2012-12-17,,,,15032.29,NIFTY NEXT 50 TRI
2012-12-18,,,,15239.04,NIFTY NEXT 50 TRI
2012-12-19,,,,15348.56,NIFTY NEXT 50 TRI
2012-12-20,,,,15366.18,NIFTY NEXT 50 TRI
2012-12-21,,,,15161.67,NIFTY NEXT 50 TRI
2012-12-24,,,,15182.48,NIFTY NEXT 50 TRI
2012-12-26,,,,15263.85,NIFTY NEXT 50 TRI
2012-12-27,,,,15209.72,NIFTY NEXT 50 TRI
2012-12-28,,,,15326.28,NIFTY NEXT 50 TRI
2012-12-31,,,,15403.21,NIFTY NEXT 50 TRI
2013-01-01,,,,15591.93,NIFTY NEXT 50 TRI
2013-01-02,,,,15691.17,NIFTY NEXT 50 TRI
2013-01-03,,,,15771.85,NIFTY NEXT 50 TRI
2013-01-04,,,,15757.64,NIFTY NEXT 50 TRI
2013-01-07,,,,15778.2,NIFTY NEXT 50 TRI
2013-01-08,,,,15769.4,NIFTY NEXT 50 TRI
2013-01-09,,,,15739.46,NIFTY NEXT 50 TRI
2013-01-10,,,,15711.69,NIFTY NEXT 50 TRI
2013-01-11,,,,15514.4,NIFTY NEXT 50 TRI
2013-01-14,,,,15740.5,NIFTY NEXT 50 TRI
2013-01-15,,,,15786.37,NIFTY NEXT 50 TRI
2013-01-16,,,,15572.11,NIFTY NEXT 50 TRI
2013-01-17,,,,15592.86,NIFTY NEXT 50 TRI
2013-01-18,,,,15529.19,NIFTY NEXT 50 TRI
2013-01-21,,,,15565.75,NIFTY NEXT 50 TRI
2013-01-22,,,,15407.15,NIFTY NEXT 50 TRI
2013-01-23,,,,15339.83,NIFTY NEXT 50 TRI
2013-01-24,,,,15076.58,NIFTY NEXT 50 TRI
2013-01-25,,,,15315.82,NIFTY NEXT 50 TRI
2013-01-28,,,,15337.3,NIFTY NEXT 50 TRI
2013-01-29,,,,15220.67,NIFTY NEXT 50 TRI
2013-01-30,,,,15201.51,NIFTY NEXT 50 TRI
2013-01-31,,,,15320.9,NIFTY NEXT 50 TRI
2013-02-01,,,,15363.34,NIFTY NEXT 50 TRI
2013-02-04,,,,15302.19,NIFTY NEXT 50 TRI
2013-02-05,,,,15230.91,NIFTY NEXT 50 TRI
2013-02-06,,,,15296.26,NIFTY NEXT 50 TRI
2013-02-07,,,,15180.2,NIFTY NEXT 50 TRI
2013-02-08,,,,15084.06,NIFTY NEXT 50 TRI
2013-02-11,,,,15078.87,NIFTY NEXT 50 TRI
2013-02-12,,,,15120.68,NIFTY NEXT 50 TRI
2013-02-13,,,,15016.03,NIFTY NEXT 50 TRI
2013-02-14,,,,14807.82,NIFTY NEXT 50 TRI
2013-02-15,,,,14844.81,NIFTY NEXT 50 TRI
2013-02-18,,,,14909.28,NIFTY NEXT 50 TRI
2013-02-19,,,,15047.9,NIFTY NEXT 50 TRI
2013-02-20,,,,15025.73,NIFTY NEXT 50 TRI
2013-02-21,,,,14712.81,NIFTY NEXT 50 TRI
2013-02-22,,,,14764.72,NIFTY NEXT 50 TRI
2013-02-25,,,,14685.16,NIFTY NEXT 50 TRI
2013-02-26,,,,14499.83,NIFTY NEXT 50 TRI
2013-02-27,,,,14667.12,NIFTY NEXT 50 TRI
2013-02-28,,,,14327.61,NIFTY NEXT 50 TRI
2013-03-01,,,,14456.63,NIFTY NEXT 50 TRI
2013-03-04,,,,14332.03,NIFTY NEXT 50 TRI
2013-03-05,,,,14540.41,NIFTY NEXT 50 TRI
2013-03-06,,,,14616.0,NIFTY NEXT 50 TRI
2013-03-07,,,,14670.31,NIFTY NEXT 50 TRI
2013-03-08,,,,14830.3,NIFTY NEXT 50 TRI
2013-03-11,,,,14852.1,NIFTY NEXT 50 TRI
2013-03-12,,,,14717.33,NIFTY NEXT 50 TRI
2013-03-13,,,,14487.84,NIFTY NEXT 50 TRI
2013-03-14,,,,14626.7,NIFTY NEXT 50 TRI
2013-03-15,,,,14558.03,NIFTY NEXT 50 TRI
2013-03-18,,,,14550.5,NIFTY NEXT 50 TRI
2013-03-19,,,,14258.01,NIFTY NEXT 50 TRI
2013-03-20,,,,13978.61,NIFTY NEXT 50 TRI
2013-03-21,,,,13877.78,NIFTY NEXT 50 TRI
2013-03-22,,,,13873.23,NIFTY NEXT 50 TRI
2013-03-25,,,,13787.78,NIFTY NEXT 50 TRI
2013-03-26,,,,13811.18,NIFTY NEXT 50 TRI
2013-03-28,,,,14037.93,NIFTY NEXT 50 TRI
2013-04-01,,,,14170.03,NIFTY NEXT 50 TRI
2013-04-02,,,,14372.05,NIFTY NEXT 50 TRI
2013-04-03,,,,14205.65,NIFTY NEXT 50 TRI
2013-04-04,,,,13985.08,NIFTY NEXT 50 TRI
2013-04-05,,,,13978.89,NIFTY NEXT 50 TRI
2013-04-08,,,,14025.96,NIFTY NEXT 50 TRI
2013-04-09,,,,13913.36,NIFTY NEXT 50 TRI
2013-04-10,,,,14046.63,NIFTY NEXT 50 TRI
2013-04-11,,,,14084.14,NIFTY NEXT 50 TRI
2013-04-12,,,,14173.21,NIFTY NEXT 50 TRI
2013-04-15,,,,14137.31,NIFTY NEXT 50 TRI
2013-04-16,,,,14337.9,NIFTY NEXT 50 TRI
2013-04-17,,,,14384.69,NIFTY NEXT 50 TRI
2013-04-18,,,,14569.09,NIFTY NEXT 50 TRI
2013-04-22,,,,14792.47,NIFTY NEXT 50 TRI
2013-04-23,,,,14726.69,NIFTY NEXT 50 TRI
2013-04-25,,,,14833.45,NIFTY NEXT 50 TRI
2013-04-26,,,,14772.96,NIFTY NEXT 50 TRI
2013-04-29,,,,14936.45,NIFTY NEXT 50 TRI
2013-04-30,,,,15073.24,NIFTY NEXT 50 TRI
2013-05-02,,,,15299.69,NIFTY NEXT 50 TRI
2013-05-03,,,,15262.27,NIFTY NEXT 50 TRI
2013-05-06,,,,15364.8,NIFTY NEXT 50 TRI
2013-05-07,,,,15519.65,NIFTY NEXT 50 TRI
2013-05-08,,,,15485.91,NIFTY NEXT 50 TRI
2013-05-09,,,,15438.66,NIFTY NEXT 50 TRI
2013-05-10,,,,15562.19,NIFTY NEXT 50 TRI
2013-05-11,,,,15601.09,NIFTY NEXT 50 TRI
2013-05-13,,,,15381.59,NIFTY NEXT 50 TRI
2013-05-14,,,,15431.34,NIFTY NEXT 50 TRI
2013-05-15,,,,15717.37,NIFTY NEXT 50 TRI
2013-05-16,,,,15827.7,NIFTY NEXT 50 TRI
2013-05-17,,,,15946.14,NIFTY NEXT 50 TRI
2013-05-20,,,,15771.81,NIFTY NEXT 50 TRI
2013-05-21,,,,15659.85,NIFTY NEXT 50 TRI
2013-05-22,,,,15577.87,NIFTY NEXT 50 TRI
2013-05-23,,,,15316.67,NIFTY NEXT 50 TRI
2013-05-24,,,,15436.33,NIFTY NEXT 50 TRI
2013-05-27,,,,15623.11,NIFTY NEXT 50 TRI
2013-05-28,,,,15643.27,NIFTY NEXT 50 TRI
2013-05-29,,,,15558.47,NIFTY NEXT 50 TRI
2013-05-30,,,,15543.08,NIFTY NEXT 50 TRI
2013-05-31,,,,15419.12,NIFTY NEXT 50 TRI
2013-06-03,,,,15492.75,NIFTY NEXT 50 TRI
2013-06-04,,,,15591.28,NIFTY NEXT 50 TRI
2013-06-05,,,,15615.08,NIFTY NEXT 50 TRI
2013-06-06,,,,15556.61,NIFTY NEXT 50 TRI
2013-06-07,,,,15375.15,NIFTY NEXT 50 TRI
2013-06-10,,,,15175.24,NIFTY NEXT 50 TRI
2013-06-11,,,,14890.55,NIFTY NEXT 50 TRI
2013-06-12,,,,14675.87,NIFTY NEXT 50 TRI
2013-06-13,,,,14445.09,NIFTY NEXT 50 TRI
2013-06-14,,,,14659.3,NIFTY NEXT 50 TRI
2013-06-17,,,,14833.99,NIFTY NEXT 50 TRI
2013-06-18,,,,14898.9,NIFTY NEXT 50 TRI
2013-06-19,,,,15003.49,NIFTY NEXT 50 TRI
2013-06-20,,,,14627.78,NIFTY NEXT 50 TRI
2013-06-21,,,,14454.31,NIFTY NEXT 50 TRI
2013-06-24,,,,14115.8,NIFTY NEXT 50 TRI
2013-06-25,,,,14093.86,NIFTY NEXT 50 TRI
2013-06-26,,,,14071.6,NIFTY NEXT 50 TRI
2013-06-27,,,,14168.0,NIFTY NEXT 50 TRI
2013-06-28,,,,14485.47,NIFTY NEXT 50 TRI
2013-07-01,,,,14918.53,NIFTY NEXT 50 TRI
2013-07-02,,,,14813.38,NIFTY NEXT 50 TRI
2013-07-03,,,,14569.07,NIFTY NEXT 50 TRI
2013-07-04,,,,14661.68,NIFTY NEXT 50 TRI
2013-07-05,,,,14674.35,NIFTY NEXT 50 TRI
2013-07-08,,,,14676.35,NIFTY NEXT 50 TRI
2013-07-09,,,,14881.03,NIFTY NEXT 50 TRI
2013-07-10,,,,14810.8,NIFTY NEXT 50 TRI
2013-07-11,,,,14927.48,NIFTY NEXT 50 TRI
2013-07-12,,,,15015.33,NIFTY NEXT 50 TRI
2013-07-15,,,,15149.26,NIFTY NEXT 50 TRI
2013-07-16,,,,14957.03,NIFTY NEXT 50 TRI
2013-07-17,,,,14853.58,NIFTY NEXT 50 TRI
2013-07-18,,,,15088.28,NIFTY NEXT 50 TRI
2013-07-19,,,,14982.8,NIFTY NEXT 50 TRI
2013-07-22,,,,14948.28,NIFTY NEXT 50 TRI
2013-07-23,,,,15031.89,NIFTY NEXT 50 TRI
2013-07-24,,,,14745.38,NIFTY NEXT 50 TRI
2013-07-25,,,,14642.53,NIFTY NEXT 50 TRI
2013-07-26,,,,14510.53,NIFTY NEXT 50 TRI
2013-07-29,,,,14332.4,NIFTY NEXT 50 TRI
2013-07-30,,,,14038.2,NIFTY NEXT 50 TRI
2013-07-31,,,,14053.29,NIFTY NEXT 50 TRI
2013-08-01,,,,13830.89,NIFTY NEXT 50 TRI
2013-08-02,,,,13648.51,NIFTY NEXT 50 TRI
2013-08-05,,,,13749.51,NIFTY NEXT 50 TRI
2013-08-06,,,,13416.87,NIFTY NEXT 50 TRI
2013-08-07,,,,13600.43,NIFTY NEXT 50 TRI
2013-08-08,,,,13699.86,NIFTY NEXT 50 TRI
2013-08-12,,,,13871.78,NIFTY NEXT 50 TRI
2013-08-13,,,,14148.13,NIFTY NEXT 50 TRI
2013-08-14,,,,14261.79,NIFTY NEXT 50 TRI
2013-08-16,,,,13698.68,NIFTY NEXT 50 TRI
2013-08-19,,,,13366.89,NIFTY NEXT 50 TRI
2013-08-20,,,,13235.72,NIFTY NEXT 50 TRI
2013-08-21,,,,13049.46,NIFTY NEXT 50 TRI
2013-08-22,,,,13192.94,NIFTY NEXT 50 TRI
2013-08-23,,,,13380.25,NIFTY NEXT 50 TRI
2013-08-26,,,,13449.33,NIFTY NEXT 50 TRI
2013-08-27,,,,13022.82,NIFTY NEXT 50 TRI
2013-08-28,,,,12865.06,NIFTY NEXT 50 TRI
2013-08-29,,,,13107.29,NIFTY NEXT 50 TRI
2013-08-30,,,,13238.31,NIFTY NEXT 50 TRI
2013-09-02,,,,13435.4,NIFTY NEXT 50 TRI
2013-09-03,,,,13034.76,NIFTY NEXT 50 TRI
2013-09-04,,,,13227.92,NIFTY NEXT 50 TRI
2013-09-05,,,,13509.7,NIFTY NEXT 50 TRI
2013-09-06,,,,13595.52,NIFTY NEXT 50 TRI
2013-09-10,,,,13965.23,NIFTY NEXT 50 TRI
2013-09-11,,,,14135.2,NIFTY NEXT 50 TRI
2013-09-12,,,,13935.26,NIFTY NEXT 50 TRI
2013-09-13,,,,13989.95,NIFTY NEXT 50 TRI
2013-09-16,,,,13971.5,NIFTY NEXT 50 TRI
2013-09-17,,,,13928.54,NIFTY NEXT 50 TRI
2013-09-18,,,,14007.15,NIFTY NEXT 50 TRI
2013-09-19,,,,14507.2,NIFTY NEXT 50 TRI
2013-09-20,,,,14418.82,NIFTY NEXT 50 TRI
2013-09-23,,,,14230.19,NIFTY NEXT 50 TRI
2013-09-24,,,,14240.07,NIFTY NEXT 50 TRI
2013-09-25,,,,14301.39,NIFTY NEXT 50 TRI
2013-09-26,,,,14307.95,NIFTY NEXT 50 TRI
2013-09-27,,,,14333.23,NIFTY NEXT 50 TRI
2013-09-30,,,,14144.12,NIFTY NEXT 50 TRI
2013-10-01,,,,14247.51,NIFTY NEXT 50 TRI
2013-10-03,,,,14497.42,NIFTY NEXT 50 TRI
2013-10-04,,,,14556.92,NIFTY NEXT 50 TRI
2013-10-07,,,,14639.11,NIFTY NEXT 50 TRI
2013-10-08,,,,14631.79,NIFTY NEXT 50 TRI
2013-10-09,,,,14795.64,NIFTY NEXT 50 TRI
2013-10-10,,,,14902.41,NIFTY NEXT 50 TRI
2013-10-11,,,,14926.23,NIFTY NEXT 50 TRI
2013-10-14,,,,14961.84,NIFTY NEXT 50 TRI
2013-10-15,,,,14825.56,NIFTY NEXT 50 TRI
2013-10-17,,,,14749.76,NIFTY NEXT 50 TRI
2013-10-18,,,,14975.14,NIFTY NEXT 50 TRI
2013-10-21,,,,15211.11,NIFTY NEXT 50 TRI
2013-10-22,,,,15269.98,NIFTY NEXT 50 TRI
2013-10-23,,,,15257.63,NIFTY NEXT 50 TRI
2013-10-24,,,,15219.74,NIFTY NEXT 50 TRI
2013-10-25,,,,15088.64,NIFTY NEXT 50 TRI
2013-10-28,,,,14907.68,NIFTY NEXT 50 TRI
2013-10-29,,,,15163.27,NIFTY NEXT 50 TRI
2013-10-30,,,,15252.47,NIFTY NEXT 50 TRI
2013-10-31,,,,15407.86,NIFTY NEXT 50 TRI
2013-11-01,,,,15511.83,NIFTY NEXT 50 TRI
2013-11-03,,,,15606.61,NIFTY NEXT 50 TRI
2013-11-05,,,,15539.93,NIFTY NEXT 50 TRI
2013-11-06,,,,15467.15,NIFTY NEXT 50 TRI
2013-11-07,,,,15223.61,NIFTY NEXT 50 TRI
2013-11-08,,,,15249.37,NIFTY NEXT 50 TRI
2013-11-11,,,,15131.76,NIFTY NEXT 50 TRI
2013-11-12,,,,15059.34,NIFTY NEXT 50 TRI
2013-11-13,,,,14988.85,NIFTY NEXT 50 TRI
2013-11-14,,,,15277.63,NIFTY NEXT 50 TRI
2013-11-18,,,,15529.35,NIFTY NEXT 50 TRI
2013-11-19,,,,15522.82,NIFTY NEXT 50 TRI
2013-11-20,,,,15363.7,NIFTY NEXT 50 TRI
2013-11-21,,,,15099.24,NIFTY NEXT 50 TRI
2013-11-22,,,,15141.55,NIFTY NEXT 50 TRI
2013-11-25,,,,15372.79,NIFTY NEXT 50 TRI
2013-11-26,,,,15319.88,NIFTY NEXT 50 TRI
2013-11-27,,,,15322.43,NIFTY NEXT 50 TRI
2013-11-28,,,,15417.19,NIFTY NEXT 50 TRI
2013-11-29,,,,15610.0,NIFTY NEXT 50 TRI
2013-12-02,,,,15723.92,NIFTY NEXT 50 TRI
2013-12-03,,,,15668.29,NIFTY NEXT 50 TRI
2013-12-04,,,,15558.5,NIFTY NEXT 50 TRI
2013-12-05,,,,15668.71,NIFTY NEXT 50 TRI
2013-12-06,,,,15706.92,NIFTY NEXT 50 TRI
2013-12-09,,,,15879.64,NIFTY NEXT 50 TRI
2013-12-10,,,,15771.58,NIFTY NEXT 50 TRI
2013-12-11,,,,15669.86,NIFTY NEXT 50 TRI
2013-12-12,,,,15543.54,NIFTY NEXT 50 TRI
2013-12-13,,,,15352.93,NIFTY NEXT 50 TRI
2013-12-16,,,,15508.19,NIFTY NEXT 50 TRI
2013-12-17,,,,15550.1,NIFTY NEXT 50 TRI
2013-12-18,,,,15773.69,NIFTY NEXT 50 TRI
2013-12-19,,,,15777.1,NIFTY NEXT 50 TRI
2013-12-20,,,,16009.51,NIFTY NEXT 50 TRI
2013-12-23,,,,16098.09,NIFTY NEXT 50 TRI
2013-12-24,,,,16123.59,NIFTY NEXT 50 TRI
2013-12-26,,,,16161.78,NIFTY NEXT 50 TRI
2013-12-27,,,,16293.44,NIFTY NEXT 50 TRI
2013-12-30,,,,16264.49,NIFTY NEXT 50 TRI
2013-12-31,,,,16331.54,NIFTY NEXT 50 TRI
2014-01-01,,,,16399.48,NIFTY NEXT 50 TRI
2014-01-02,,,,16059.54,NIFTY NEXT 50 TRI
2014-01-03,,,,16141.98,NIFTY NEXT 50 TRI
2014-01-06,,,,16168.95,NIFTY NEXT 50 TRI
2014-01-07,,,,16005.33,NIFTY NEXT 50 TRI
2014-01-08,,,,16050.42,NIFTY NEXT 50 TRI
2014-01-09,,,,15916.77,NIFTY NEXT 50 TRI
2014-01-10,,,,15873.42,NIFTY NEXT 50 TRI
2014-01-13,,,,15858.06,NIFTY NEXT 50 TRI
2014-01-14,,,,15861.2,NIFTY NEXT 50 TRI
2014-01-15,,,,15926.58,NIFTY NEXT 50 TRI
2014-01-16,,,,15773.82,NIFTY NEXT 50 TRI
2014-01-17,,,,15580.39,NIFTY NEXT 50 TRI
2014-01-20,,,,15751.98,NIFTY NEXT 50 TRI
2014-01-21,,,,15768.09,NIFTY NEXT 50 TRI
2014-01-22,,,,15803.91,NIFTY NEXT 50 TRI
2014-01-23,,,,15771.07,NIFTY NEXT 50 TRI
2014-01-24,,,,15509.99,NIFTY NEXT 50 TRI
2014-01-27,,,,15055.85,NIFTY NEXT 50 TRI
2014-01-28,,,,15033.3,NIFTY NEXT 50 TRI
2014-01-29,,,,15118.74,NIFTY NEXT 50 TRI
2014-01-30,,,,14826.59,NIFTY NEXT 50 TRI
2014-01-31,,,,15159.52,NIFTY NEXT 50 TRI
2014-02-03,,,,15006.27,NIFTY NEXT 50 TRI
2014-02-04,,,,15066.74,NIFTY NEXT 50 TRI
2014-02-05,,,,15149.66,NIFTY NEXT 50 TRI
2014-02-06,,,,15209.28,NIFTY NEXT 50 TRI
2014-02-07,,,,15245.58,NIFTY NEXT 50 TRI
2014-02-10,,,,15163.16,NIFTY NEXT 50 TRI
2014-02-11,,,,15168.26,NIFTY NEXT 50 TRI
2014-02-12,,,,15143.49,NIFTY NEXT 50 TRI
2014-02-13,,,,14929.13,NIFTY NEXT 50 TRI
2014-02-14,,,,14954.63,NIFTY NEXT 50 TRI
2014-02-17,,,,14960.72,NIFTY NEXT 50 TRI
2014-02-18,,,,15104.61,NIFTY NEXT 50 TRI
2014-02-19,,,,15166.21,NIFTY NEXT 50 TRI
2014-02-20,,,,15133.38,NIFTY NEXT 50 TRI
2014-02-21,,,,15245.84,NIFTY NEXT 50 TRI
2014-02-24,,,,15237.42,NIFTY NEXT 50 TRI
2014-02-25,,,,15264.33,NIFTY NEXT 50 TRI
2014-02-26,,,,15248.77,NIFTY NEXT 50 TRI
2014-02-28,,,,15431.81,NIFTY NEXT 50 TRI
2014-03-03,,,,15454.05,NIFTY NEXT 50 TRI
2014-03-04,,,,15602.75,NIFTY NEXT 50 TRI
2014-03-05,,,,15692.86,NIFTY NEXT 50 TRI
2014-03-06,,,,15877.45,NIFTY NEXT 50 TRI
2014-03-07,,,,16040.11,NIFTY NEXT 50 TRI
2014-03-10,,,,16126.07,NIFTY NEXT 50 TRI
2014-03-11,,,,15987.57,NIFTY NEXT 50 TRI
2014-03-12,,,,15998.43,NIFTY NEXT 50 TRI
2014-03-13,,,,15893.06,NIFTY NEXT 50 TRI
2014-03-14,,,,15920.44,NIFTY NEXT 50 TRI
2014-03-18,,,,16167.35,NIFTY NEXT 50 TRI
2014-03-19,,,,16241.42,NIFTY NEXT 50 TRI
2014-03-20,,,,16115.93,NIFTY NEXT 50 TRI
2014-03-21,,,,16206.01,NIFTY NEXT 50 TRI
2014-03-22,,,,16286.67,NIFTY NEXT 50 TRI
2014-03-24,,,,16348.32,NIFTY NEXT 50 TRI
2014-03-25,,,,16428.28,NIFTY NEXT 50 TRI
2014-03-26,,,,16451.92,NIFTY NEXT 50 TRI
2014-03-27,,,,16541.13,NIFTY NEXT 50 TRI
2014-03-28,,,,16895.45,NIFTY NEXT 50 TRI
2014-03-31,,,,17112.8,NIFTY NEXT 50 TRI
2014-04-01,,,,17056.76,NIFTY NEXT 50 TRI
2014-04-02,,,,17270.38,NIFTY NEXT 50 TRI
2014-04-03,,,,17141.72,NIFTY NEXT 50 TRI
2014-04-04,,,,17145.64,NIFTY NEXT 50 TRI
2014-04-07,,,,17155.67,NIFTY NEXT 50 TRI
2014-04-09,,,,17437.6,NIFTY NEXT 50 TRI
2014-04-10,,,,17648.89,NIFTY NEXT 50 TRI
2014-04-11,,,,17563.74,NIFTY NEXT 50 TRI
2014-04-15,,,,17256.95,NIFTY NEXT 50 TRI
2014-04-16,,,,17126.51,NIFTY NEXT 50 TRI
2014-04-17,,,,17362.73,NIFTY NEXT 50 TRI
2014-04-21,,,,17549.76,NIFTY NEXT 50 TRI
2014-04-22,,,,17581.81,NIFTY NEXT 50 TRI
2014-04-23,,,,17577.9,NIFTY NEXT 50 TRI
2014-04-25,,,,17643.28,NIFTY NEXT 50 TRI
2014-04-28,,,,17670.89,NIFTY NEXT 50 TRI
2014-04-29,,,,17500.27,NIFTY NEXT 50 TRI
2014-04-30,,,,17272.96,NIFTY NEXT 50 TRI
2014-05-02,,,,17362.48,NIFTY NEXT 50 TRI
2014-05-05,,,,17351.95,NIFTY NEXT 50 TRI
2014-05-06,,,,17396.73,NIFTY NEXT 50 TRI
2014-05-07,,,,17283.35,NIFTY NEXT 50 TRI
2014-05-08,,,,17252.93,NIFTY NEXT 50 TRI
2014-05-09,,,,17646.15,NIFTY NEXT 50 TRI
2014-05-12,,,,17850.85,NIFTY NEXT 50 TRI
2014-05-13,,,,18237.95,NIFTY NEXT 50 TRI
2014-05-14,,,,18570.73,NIFTY NEXT 50 TRI
2014-05-15,,,,18471.17,NIFTY NEXT 50 TRI
2014-05-16,,,,18914.93,NIFTY NEXT 50 TRI
2014-05-19,,,,19694.06,NIFTY NEXT 50 TRI
2014-05-20,,,,19743.26,NIFTY NEXT 50 TRI
2014-05-21,,,,19745.45,NIFTY NEXT 50 TRI
2014-05-22,,,,20071.69,NIFTY NEXT 50 TRI
2014-05-23,,,,20422.78,NIFTY NEXT 50 TRI
2014-05-26,,,,20060.57,NIFTY NEXT 50 TRI
2014-05-27,,,,19794.76,NIFTY NEXT 50 TRI
2014-05-28,,,,19898.58,NIFTY NEXT 50 TRI
2014-05-29,,,,19670.05,NIFTY NEXT 50 TRI
2014-05-30,,,,19730.87,NIFTY NEXT 50 TRI
2014-06-02,,,,20062.08,NIFTY NEXT 50 TRI
2014-06-03,,,,20235.74,NIFTY NEXT 50 TRI
2014-06-04,,,,20408.31,NIFTY NEXT 50 TRI
2014-06-05,,,,20707.35,NIFTY NEXT 50 TRI
2014-06-06,,,,21116.3,NIFTY NEXT 50 TRI
2014-06-09,,,,21260.45,NIFTY NEXT 50 TRI
2014-06-10,,,,21158.28,NIFTY NEXT 50 TRI
2014-06-11,,,,20862.6,NIFTY NEXT 50 TRI
2014-06-12,,,,20842.47,NIFTY NEXT 50 TRI
2014-06-13,,,,20266.49,NIFTY NEXT 50 TRI
2014-06-16,,,,20306.29,NIFTY NEXT 50 TRI
2014-06-17,,,,20599.21,NIFTY NEXT 50 TRI
2014-06-18,,,,20448.13,NIFTY NEXT 50 TRI
2014-06-19,,,,20297.22,NIFTY NEXT 50 TRI
2014-06-20,,,,20236.82,NIFTY NEXT 50 TRI
2014-06-23,,,,20316.82,NIFTY NEXT 50 TRI
2014-06-24,,,,20579.07,NIFTY NEXT 50 TRI
2014-06-25,,,,20569.73,NIFTY NEXT 50 TRI
2014-06-26,,,,20472.96,NIFTY NEXT 50 TRI
2014-06-27,,,,20558.82,NIFTY NEXT 50 TRI
2014-06-30,,,,20978.29,NIFTY NEXT 50 TRI
2014-07-01,,,,21136.72,NIFTY NEXT 50 TRI
2014-07-02,,,,21567.24,NIFTY NEXT 50 TRI
2014-07-03,,,,21507.77,NIFTY NEXT 50 TRI
2014-07-04,,,,21565.88,NIFTY NEXT 50 TRI
2014-07-07,,,,21573.63,NIFTY NEXT 50 TRI
2014-07-08,,,,20685.01,NIFTY NEXT 50 TRI
2014-07-09,,,,20428.05,NIFTY NEXT 50 TRI
2014-07-10,,,,20563.04,NIFTY NEXT 50 TRI
2014-07-11,,,,19951.93,NIFTY NEXT 50 TRI
2014-07-14,,,,20084.01,NIFTY NEXT 50 TRI
2014-07-15,,,,20535.96,NIFTY NEXT 50 TRI
2014-07-16,,,,20750.66,NIFTY NEXT 50 TRI
2014-07-17,,,,20977.94,NIFTY NEXT 50 TRI
2014-07-18,,,,20884.53,NIFTY NEXT 50 TRI
2014-07-21,,,,20879.41,NIFTY NEXT 50 TRI
2014-07-22,,,,20981.69,NIFTY NEXT 50 TRI
2014-07-23,,,,20895.41,NIFTY NEXT 50 TRI
2014-07-24,,,,20942.63,NIFTY NEXT 50 TRI
2014-07-25,,,,20644.92,NIFTY NEXT 50 TRI
2014-07-28,,,,20633.46,NIFTY NEXT 50 TRI
2014-07-30,,,,20806.4,NIFTY NEXT 50 TRI
2014-07-31,,,,20783.22,NIFTY NEXT 50 TRI
2014-08-01,,,,20642.72,NIFTY NEXT 50 TRI
2014-08-04,,,,20900.4,NIFTY NEXT 50 TRI
2014-08-05,,,,20994.44,NIFTY NEXT 50 TRI
2014-08-06,,,,20887.0,NIFTY NEXT 50 TRI
2014-08-07,,,,20851.63,NIFTY NEXT 50 TRI
2014-08-08,,,,20485.33,NIFTY NEXT 50 TRI
2014-08-11,,,,20681.65,NIFTY NEXT 50 TRI
2014-08-12,,,,20852.8,NIFTY NEXT 50 TRI
2014-08-13,,,,20684.9,NIFTY NEXT 50 TRI
2014-08-14,,,,20909.0,NIFTY NEXT 50 TRI
2014-08-18,,,,21243.83,NIFTY NEXT 50 TRI
2014-08-19,,,,21477.54,NIFTY NEXT 50 TRI
2014-08-20,,,,21523.58,NIFTY NEXT 50 TRI
2014-08-21,,,,21676.96,NIFTY NEXT 50 TRI
2014-08-22,,,,21712.1,NIFTY NEXT 50 TRI
2014-08-25,,,,21466.51,NIFTY NEXT 50 TRI
2014-08-26,,,,21453.43,NIFTY NEXT 50 TRI
2014-08-27,,,,21494.45,NIFTY NEXT 50 TRI
2014-08-28,,,,21432.14,NIFTY NEXT 50 TRI
2014-09-01,,,,21907.06,NIFTY NEXT 50 TRI
2014-09-02,,,,22065.0,NIFTY NEXT 50 TRI
2014-09-03,,,,22228.87,NIFTY NEXT 50 TRI
2014-09-04,,,,22195.63,NIFTY NEXT 50 TRI
2014-09-05,,,,22207.03,NIFTY NEXT 50 TRI
2014-09-08,,,,22481.33,NIFTY NEXT 50 TRI
2014-09-09,,,,22587.08,NIFTY NEXT 50 TRI
2014-09-10,,,,22362.98,NIFTY NEXT 50 TRI
2014-09-11,,,,22471.01,NIFTY NEXT 50 TRI
2014-09-12,,,,22517.15,NIFTY NEXT 50 TRI
2014-09-15,,,,22443.63,NIFTY NEXT 50 TRI
2014-09-16,,,,21760.77,NIFTY NEXT 50 TRI
2014-09-17,,,,21903.77,NIFTY NEXT 50 TRI
2014-09-18,,,,22364.71,NIFTY NEXT 50 TRI
2014-09-19,,,,22210.4,NIFTY NEXT 50 TRI
2014-09-22,,,,22210.97,NIFTY NEXT 50 TRI
2014-09-23,,,,21741.44,NIFTY NEXT 50 TRI
2014-09-24,,,,21649.38,NIFTY NEXT 50 TRI
2014-09-25,,,,21287.85,NIFTY NEXT 50 TRI
2014-09-26,,,,21624.27,NIFTY NEXT 50 TRI
2014-09-29,,,,21752.71,NIFTY NEXT 50 TRI
2014-09-30,,,,21754.63,NIFTY NEXT 50 TRI
2014-10-01,,,,21659.7,NIFTY NEXT 50 TRI
2014-10-07,,,,21358.72,NIFTY NEXT 50 TRI
2014-10-08,,,,21348.19,NIFTY NEXT 50 TRI
2014-10-09,,,,21761.45,NIFTY NEXT 50 TRI
2014-10-10,,,,21367.48,NIFTY NEXT 50 TRI
2014-10-13,,,,21472.97,NIFTY NEXT 50 TRI
2014-10-14,,,,21541.23,NIFTY NEXT 50 TRI
2014-10-16,,,,20937.47,NIFTY NEXT 50 TRI
2014-10-17,,,,21210.71,NIFTY NEXT 50 TRI
2014-10-20,,,,21546.76,NIFTY NEXT 50 TRI
2014-10-21,,,,21722.52,NIFTY NEXT 50 TRI
2014-10-22,,,,21958.22,NIFTY NEXT 50 TRI
2014-10-23,,,,22070.58,NIFTY NEXT 50 TRI
2014-10-27,,,,21954.59,NIFTY NEXT 50 TRI
2014-10-28,,,,22021.2,NIFTY NEXT 50 TRI
2014-10-29,,,,22142.15,NIFTY NEXT 50 TRI
2014-10-30,,,,22305.83,NIFTY NEXT 50 TRI
2014-10-31,,,,22668.35,NIFTY NEXT 50 TRI
2014-11-03,,,,22803.93,NIFTY NEXT 50 TRI
2014-11-05,,,,22742.7,NIFTY NEXT 50 TRI
2014-11-07,,,,22896.93,NIFTY NEXT 50 TRI
2014-11-10,,,,22935.04,NIFTY NEXT 50 TRI
2014-11-11,,,,23072.86,NIFTY NEXT 50 TRI
2014-11-12,,,,23325.04,NIFTY NEXT 50 TRI
2014-11-13,,,,23243.2,NIFTY NEXT 50 TRI
2014-11-14,,,,23366.44,NIFTY NEXT 50 TRI
2014-11-17,,,,23539.9,NIFTY NEXT 50 TRI
2014-11-18,,,,23791.56,NIFTY NEXT 50 TRI
2014-11-19,,,,23600.37,NIFTY NEXT 50 TRI
2014-11-20,,,,23683.23,NIFTY NEXT 50 TRI
2014-11-21,,,,23684.78,NIFTY NEXT 50 TRI
2014-11-24,,,,23762.97,NIFTY NEXT 50 TRI
2014-11-25,,,,23405.01,NIFTY NEXT 50 TRI
2014-11-26,,,,23395.79,NIFTY NEXT 50 TRI
2014-11-27,,,,23518.26,NIFTY NEXT 50 TRI
2014-11-28,,,,23759.41,NIFTY NEXT 50 TRI
2014-12-01,,,,23753.63,NIFTY NEXT 50 TRI
2014-12-02,,,,23886.36,NIFTY NEXT 50 TRI
2014-12-03,,,,24216.1,NIFTY NEXT 50 TRI
2014-12-04,,,,24274.17,NIFTY NEXT 50 TRI
2014-12-05,,,,24103.34,NIFTY NEXT 50 TRI
2014-12-08,,,,23830.02,NIFTY NEXT 50 TRI
2014-12-09,,,,23429.87,NIFTY NEXT 50 TRI
2014-12-10,,,,23689.18,NIFTY NEXT 50 TRI
2014-12-11,,,,23485.33,NIFTY NEXT 50 TRI
2014-12-12,,,,23196.32,NIFTY NEXT 50 TRI
2014-12-15,,,,23105.68,NIFTY NEXT 50 TRI
2014-12-16,,,,22471.91,NIFTY NEXT 50 TRI
2014-12-17,,,,22410.97,NIFTY NEXT 50 TRI
2014-12-18,,,,23158.39,NIFTY NEXT 50 TRI
2014-12-19,,,,23205.27,NIFTY NEXT 50 TRI
2014-12-22,,,,23417.62,NIFTY NEXT 50 TRI
2014-12-23,,,,23225.41,NIFTY NEXT 50 TRI
2014-12-24,,,,23183.77,NIFTY NEXT 50 TRI
2014-12-26,,,,23299.79,NIFTY NEXT 50 TRI
2014-12-29,,,,23496.32,NIFTY NEXT 50 TRI
2014-12-30,,,,23713.14,NIFTY NEXT 50 TRI
2014-12-31,,,,23901.74,NIFTY NEXT 50 TRI
2015-01-01,,,,23974.93,NIFTY NEXT 50 TRI
2015-01-02,,,,24164.67,NIFTY NEXT 50 TRI
2015-01-05,,,,24124.96,NIFTY NEXT 50 TRI
2015-01-06,,,,23434.26,NIFTY NEXT 50 TRI
2015-01-07,,,,23429.73,NIFTY NEXT 50 TRI
2015-01-08,,,,23881.81,NIFTY NEXT 50 TRI
2015-01-09,,,,23845.79,NIFTY NEXT 50 TRI
2015-01-12,,,,23948.98,NIFTY NEXT 50 TRI
2015-01-13,,,,23915.58,NIFTY NEXT 50 TRI
2015-01-14,,,,23910.72,NIFTY NEXT 50 TRI
2015-01-15,,,,24222.21,NIFTY NEXT 50 TRI
2015-01-16,,,,24391.08,NIFTY NEXT 50 TRI
2015-01-19,,,,24485.56,NIFTY NEXT 50 TRI
2015-01-20,,,,24533.33,NIFTY NEXT 50 TRI
2015-01-21,,,,24593.18,NIFTY NEXT 50 TRI
2015-01-22,,,,24642.91,NIFTY NEXT 50 TRI
2015-01-23,,,,24907.73,NIFTY NEXT 50 TRI
2015-01-27,,,,25021.42,NIFTY NEXT 50 TRI
2015-01-28,,,,25188.49,NIFTY NEXT 50 TRI
2015-01-29,,,,25168.02,NIFTY NEXT 50 TRI
2015-01-30,,,,25015.48,NIFTY NEXT 50 TRI
2015-02-02,,,,25250.35,NIFTY NEXT 50 TRI
2015-02-03,,,,25023.14,NIFTY NEXT 50 TRI
2015-02-04,,,,24846.43,NIFTY NEXT 50 TRI
2015-02-05,,,,24567.21,NIFTY NEXT 50 TRI
2015-02-06,,,,24421.08,NIFTY NEXT 50 TRI
2015-02-09,,,,23986.91,NIFTY NEXT 50 TRI
2015-02-10,,,,24246.9,NIFTY NEXT 50 TRI
2015-02-11,,,,24684.93,NIFTY NEXT 50 TRI
2015-02-12,,,,25050.46,NIFTY NEXT 50 TRI
2015-02-13,,,,25164.84,NIFTY NEXT 50 TRI
2015-02-16,,,,25035.46,NIFTY NEXT 50 TRI
2015-02-18,,,,25189.93,NIFTY NEXT 50 TRI
2015-02-19,,,,25161.34,NIFTY NEXT 50 TRI
2015-02-20,,,,25226.81,NIFTY NEXT 50 TRI
2015-02-23,,,,25028.32,NIFTY NEXT 50 TRI
2015-02-24,,,,25012.21,NIFTY NEXT 50 TRI
2015-02-25,,,,24964.86,NIFTY NEXT 50 TRI
2015-02-26,,,,24695.56,NIFTY NEXT 50 TRI
2015-02-27,,,,25241.89,NIFTY NEXT 50 TRI
2015-02-28,,,,25239.13,NIFTY NEXT 50 TRI
2015-03-02,,,,25564.15,NIFTY NEXT 50 TRI
2015-03-03,,,,25739.96,NIFTY NEXT 50 TRI
2015-03-04,,,,25450.7,NIFTY NEXT 50 TRI
2015-03-05,,,,25596.2,NIFTY NEXT 50 TRI
2015-03-09,,,,25272.63,NIFTY NEXT 50 TRI
2015-03-10,,,,25309.82,NIFTY NEXT 50 TRI
2015-03-11,,,,25245.29,NIFTY NEXT 50 TRI
2015-03-12,,,,25702.08,NIFTY NEXT 50 TRI
2015-03-13,,,,25322.08,NIFTY NEXT 50 TRI
2015-03-16,,,,25128.94,NIFTY NEXT 50 TRI
2015-03-17,,,,25514.13,NIFTY NEXT 50 TRI
2015-03-18,,,,25573.58,NIFTY NEXT 50 TRI
2015-03-19,,,,25477.69,NIFTY NEXT 50 TRI
2015-03-20,,,,25088.04,NIFTY NEXT 50 TRI
2015-03-23,,,,24867.6,NIFTY NEXT 50 TRI
2015-03-24,,,,24784.93,NIFTY NEXT 50 TRI
2015-03-25,,,,24794.66,NIFTY NEXT 50 TRI
2015-03-26,,,,24497.32,NIFTY NEXT 50 TRI
2015-03-27,,,,24493.66,NIFTY NEXT 50 TRI
2015-03-30,,,,24876.32,NIFTY NEXT 50 TRI
2015-03-31,,,,24919.87,NIFTY NEXT 50 TRI
2015-04-01,,,,25166.74,NIFTY NEXT 50 TRI
2015-04-06,,,,25404.44,NIFTY NEXT 50 TRI
2015-04-07,,,,25671.04,NIFTY NEXT 50 TRI
2015-04-08,,,,25868.98,NIFTY NEXT 50 TRI
2015-04-09,,,,25902.91,NIFTY NEXT 50 TRI
2015-04-10,,,,26076.91,NIFTY NEXT 50 TRI
2015-04-13,,,,26283.11,NIFTY NEXT 50 TRI
2015-04-15,,,,26068.14,NIFTY NEXT 50 TRI
2015-04-16,,,,25896.9,NIFTY NEXT 50 TRI
2015-04-17,,,,25507.79,NIFTY NEXT 50 TRI
2015-04-20,,,,24996.51,NIFTY NEXT 50 TRI
2015-04-21,,,,24833.51,NIFTY NEXT 50 TRI
2015-04-22,,,,24848.21,NIFTY NEXT 50 TRI
2015-04-23,,,,24928.31,NIFTY NEXT 50 TRI
2015-04-24,,,,24562.13,NIFTY NEXT 50 TRI
2015-04-27,,,,24105.97,NIFTY NEXT 50 TRI
2015-04-28,,,,24509.66,NIFTY NEXT 50 TRI
2015-04-29,,,,24565.57,NIFTY NEXT 50 TRI
2015-04-30,,,,24597.76,NIFTY NEXT 50 TRI
2015-05-04,,,,25027.03,NIFTY NEXT 50 TRI
2015-05-05,,,,25214.7,NIFTY NEXT 50 TRI
2015-05-06,,,,24396.55,NIFTY NEXT 50 TRI
2015-05-07,,,,23752.7,NIFTY NEXT 50 TRI
2015-05-08,,,,24262.54,NIFTY NEXT 50 TRI
2015-05-11,,,,24804.26,NIFTY NEXT 50 TRI
2015-05-12,,,,24339.05,NIFTY NEXT 50 TRI
2015-05-13,,,,24857.46,NIFTY NEXT 50 TRI
2015-05-14,,,,25168.56,NIFTY NEXT 50 TRI
2015-05-15,,,,25257.52,NIFTY NEXT 50 TRI
2015-05-18,,,,25557.65,NIFTY NEXT 50 TRI
2015-05-19,,,,25548.06,NIFTY NEXT 50 TRI
2015-05-20,,,,25581.07,NIFTY NEXT 50 TRI
2015-05-21,,,,25494.98,NIFTY NEXT 50 TRI
2015-05-22,,,,25522.96,NIFTY NEXT 50 TRI
2015-05-25,,,,25520.48,NIFTY NEXT 50 TRI
2015-05-26,,,,25487.28,NIFTY NEXT 50 TRI
2015-05-27,,,,25313.61,NIFTY NEXT 50 TRI
2015-05-28,,,,25132.72,NIFTY NEXT 50 TRI
2015-05-29,,,,25496.06,NIFTY NEXT 50 TRI
2015-06-01,,,,25415.64,NIFTY NEXT 50 TRI
2015-06-02,,,,24895.74,NIFTY NEXT 50 TRI
2015-06-03,,,,24572.38,NIFTY NEXT 50 TRI
2015-06-04,,,,24620.9,NIFTY NEXT 50 TRI
2015-06-05,,,,24685.97,NIFTY NEXT 50 TRI
2015-06-08,,,,24353.1,NIFTY NEXT 50 TRI
2015-06-09,,,,24298.6,NIFTY NEXT 50 TRI
2015-06-10,,,,24541.02,NIFTY NEXT 50 TRI
2015-06-11,,,,24169.16,NIFTY NEXT 50 TRI
2015-06-12,,,,24219.98,NIFTY NEXT 50 TRI
2015-06-15,,,,24256.29,NIFTY NEXT 50 TRI
2015-06-16,,,,24408.34,NIFTY NEXT 50 TRI
2015-06-17,,,,24798.46,NIFTY NEXT 50 TRI
2015-06-18,,,,24912.62,NIFTY NEXT 50 TRI
2015-06-19,,,,25052.26,NIFTY NEXT 50 TRI
2015-06-22,,,,25431.06,NIFTY NEXT 50 TRI
2015-06-23,,,,25463.79,NIFTY NEXT 50 TRI
2015-06-24,,,,25323.88,NIFTY NEXT 50 TRI
2015-06-25,,,,25465.33,NIFTY NEXT 50 TRI
2015-06-26,,,,25429.28,NIFTY NEXT 50 TRI
2015-06-29,,,,25140.87,NIFTY NEXT 50 TRI
2015-06-30,,,,25445.37,NIFTY NEXT 50 TRI
2015-07-01,,,,25754.05,NIFTY NEXT 50 TRI
2015-07-02,,,,26039.79,NIFTY NEXT 50 TRI
2015-07-03,,,,26012.02,NIFTY NEXT 50 TRI
2015-07-06,,,,26191.73,NIFTY NEXT 50 TRI
2015-07-07,,,,26311.74,NIFTY NEXT 50 TRI
2015-07-08,,,,26017.15,NIFTY NEXT 50 TRI
2015-07-09,,,,25988.16,NIFTY NEXT 50 TRI
2015-07-10,,,,25976.62,NIFTY NEXT 50 TRI
2015-07-13,,,,26284.31,NIFTY NEXT 50 TRI
2015-07-14,,,,26339.12,NIFTY NEXT 50 TRI
2015-07-15,,,,26339.7,NIFTY NEXT 50 TRI
2015-07-16,,,,26673.45,NIFTY NEXT 50 TRI
2015-07-17,,,,26829.08,NIFTY NEXT 50 TRI
2015-07-20,,,,26842.41,NIFTY NEXT 50 TRI
2015-07-21,,,,26415.16,NIFTY NEXT 50 TRI
2015-07-22,,,,26699.16,NIFTY NEXT 50 TRI
2015-07-23,,,,26727.99,NIFTY NEXT 50 TRI
2015-07-24,,,,26531.29,NIFTY NEXT 50 TRI
2015-07-27,,,,26204.53,NIFTY NEXT 50 TRI
2015-07-28,,,,26137.47,NIFTY NEXT 50 TRI
2015-07-29,,,,26260.53,NIFTY NEXT 50 TRI
2015-07-30,,,,26471.67,NIFTY NEXT 50 TRI
2015-07-31,,,,26790.81,NIFTY NEXT 50 TRI
2015-08-03,,,,27029.46,NIFTY NEXT 50 TRI
2015-08-04,,,,27437.34,NIFTY NEXT 50 TRI
2015-08-05,,,,27687.78,NIFTY NEXT 50 TRI
2015-08-06,,,,27813.74,NIFTY NEXT 50 TRI
2015-08-07,,,,27724.28,NIFTY NEXT 50 TRI
2015-08-10,,,,27729.71,NIFTY NEXT 50 TRI
2015-08-11,,,,27561.96,NIFTY NEXT 50 TRI
2015-08-12,,,,26896.69,NIFTY NEXT 50 TRI
2015-08-13,,,,26805.67,NIFTY NEXT 50 TRI
2015-08-14,,,,27378.04,NIFTY NEXT 50 TRI
2015-08-17,,,,27524.47,NIFTY NEXT 50 TRI
2015-08-18,,,,27654.75,NIFTY NEXT 50 TRI
2015-08-19,,,,27679.78,NIFTY NEXT 50 TRI
2015-08-20,,,,27321.95,NIFTY NEXT 50 TRI
2015-08-21,,,,27114.86,NIFTY NEXT 50 TRI
2015-08-24,,,,24883.5,NIFTY NEXT 50 TRI
2015-08-25,,,,25435.4,NIFTY NEXT 50 TRI
2015-08-26,,,,25233.47,NIFTY NEXT 50 TRI
2015-08-27,,,,25924.1,NIFTY NEXT 50 TRI
2015-08-28,,,,26045.98,NIFTY NEXT 50 TRI
2015-08-31,,,,25891.86,NIFTY NEXT 50 TRI
2015-09-01,,,,25449.82,NIFTY NEXT 50 TRI
2015-09-02,,,,25254.24,NIFTY NEXT 50 TRI
2015-09-03,,,,25535.51,NIFTY NEXT 50 TRI
2015-09-04,,,,25034.8,NIFTY NEXT 50 TRI
2015-09-07,,,,24440.42,NIFTY NEXT 50 TRI
2015-09-08,,,,24533.21,NIFTY NEXT 50 TRI
2015-09-09,,,,25032.05,NIFTY NEXT 50 TRI
2015-09-10,,,,25161.14,NIFTY NEXT 50 TRI
2015-09-11,,,,25164.82,NIFTY NEXT 50 TRI
2015-09-14,,,,25559.71,NIFTY NEXT 50 TRI
2015-09-15,,,,25340.63,NIFTY NEXT 50 TRI
2015-09-16,,,,25155.46,NIFTY NEXT 50 TRI
2015-09-18,,,,25358.61,NIFTY NEXT 50 TRI
2015-09-21,,,,25393.58,NIFTY NEXT 50 TRI
2015-09-22,,,,25044.03,NIFTY NEXT 50 TRI
2015-09-23,,,,24989.21,NIFTY NEXT 50 TRI
2015-09-24,,,,24992.56,NIFTY NEXT 50 TRI
2015-09-28,,,,24795.55,NIFTY NEXT 50 TRI
2015-09-29,,,,24832.73,NIFTY NEXT 50 TRI
2015-09-30,,,,25316.36,NIFTY NEXT 50 TRI
2015-10-01,,,,25500.55,NIFTY NEXT 50 TRI
2015-10-05,,,,26010.76,NIFTY NEXT 50 TRI
2015-10-06,,,,26076.43,NIFTY NEXT 50 TRI
2015-10-07,,,,26081.45,NIFTY NEXT 50 TRI
2015-10-08,,,,25763.05,NIFTY NEXT 50 TRI
2015-10-09,,,,25748.25,NIFTY NEXT 50 TRI
2015-10-12,,,,25741.22,NIFTY NEXT 50 TRI
2015-10-13,,,,25690.71,NIFTY NEXT 50 TRI
2015-10-14,,,,25714.91,NIFTY NEXT 50 TRI
2015-10-15,,,,25770.3,NIFTY NEXT 50 TRI
2015-10-16,,,,25819.91,NIFTY NEXT 50 TRI
2015-10-19,,,,25991.91,NIFTY NEXT 50 TRI
2015-10-20,,,,26000.31,NIFTY NEXT 50 TRI
2015-10-21,,,,25876.01,NIFTY NEXT 50 TRI
2015-10-23,,,,25746.64,NIFTY NEXT 50 TRI
2015-10-26,,,,25638.71,NIFTY NEXT 50 TRI
2015-10-27,,,,25710.47,NIFTY NEXT 50 TRI
2015-10-28,,,,25638.51,NIFTY NEXT 50 TRI
2015-10-29,,,,25490.41,NIFTY NEXT 50 TRI
2015-10-30,,,,25476.68,NIFTY NEXT 50 TRI
2015-11-02,,,,25530.83,NIFTY NEXT 50 TRI
2015-11-03,,,,25675.04,NIFTY NEXT 50 TRI
2015-11-04,,,,25692.67,NIFTY NEXT 50 TRI
2015-11-05,,,,25360.6,NIFTY NEXT 50 TRI
2015-11-06,,,,25273.3,NIFTY NEXT 50 TRI
2015-11-09,,,,25427.63,NIFTY NEXT 50 TRI
2015-11-10,,,,24951.33,NIFTY NEXT 50 TRI
2015-11-11,,,,25207.93,NIFTY NEXT 50 TRI
2015-11-13,,,,24896.58,NIFTY NEXT 50 TRI
2015-11-16,,,,24760.22,NIFTY NEXT 50 TRI
2015-11-17,,,,24905.57,NIFTY NEXT 50 TRI
2015-11-18,,,,24785.26,NIFTY NEXT 50 TRI
2015-11-19,,,,25063.9,NIFTY NEXT 50 TRI
2015-11-20,,,,25240.63,NIFTY NEXT 50 TRI
2015-11-23,,,,25295.45,NIFTY NEXT 50 TRI
2015-11-24,,,,25335.15,NIFTY NEXT 50 TRI
2015-11-26,,,,25360.78,NIFTY NEXT 50 TRI
2015-11-27,,,,25430.81,NIFTY NEXT 50 TRI
2015-11-30,,,,25346.54,NIFTY NEXT 50 TRI
2015-12-01,,,,25608.1,NIFTY NEXT 50 TRI
2015-12-02,,,,25637.81,NIFTY NEXT 50 TRI
2015-12-03,,,,25451.62,NIFTY NEXT 50 TRI
2015-12-04,,,,25247.39,NIFTY NEXT 50 TRI
2015-12-07,,,,25263.25,NIFTY NEXT 50 TRI
2015-12-08,,,,25021.53,NIFTY NEXT 50 TRI
2015-12-09,,,,24561.57,NIFTY NEXT 50 TRI
2015-12-10,,,,24757.49,NIFTY NEXT 50 TRI
2015-12-11,,,,24555.44,NIFTY NEXT 50 TRI
2015-12-14,,,,24678.22,NIFTY NEXT 50 TRI
2015-12-15,,,,24844.75,NIFTY NEXT 50 TRI
2015-12-16,,,,24942.51,NIFTY NEXT 50 TRI
2015-12-17,,,,25311.83,NIFTY NEXT 50 TRI
2015-12-18,,,,25318.47,NIFTY NEXT 50 TRI
2015-12-21,,,,25487.62,NIFTY NEXT 50 TRI
2015-12-22,,,,25414.62,NIFTY NEXT 50 TRI
2015-12-23,,,,25558.71,NIFTY NEXT 50 TRI
2015-12-24,,,,25578.89,NIFTY NEXT 50 TRI
2015-12-28,,,,25662.9,NIFTY NEXT 50 TRI
2015-12-29,,,,25743.59,NIFTY NEXT 50 TRI
2015-12-30,,,,25662.77,NIFTY NEXT 50 TRI
2015-12-31,,,,25827.0,NIFTY NEXT 50 TRI
2016-01-01,,,,26075.78,NIFTY NEXT 50 TRI
2016-01-04,,,,25800.91,NIFTY NEXT 50 TRI
2016-01-05,,,,25945.56,NIFTY NEXT 50 TRI
2016-01-06,,,,25867.93,NIFTY NEXT 50 TRI
2016-01-07,,,,25091.52,NIFTY NEXT 50 TRI
2016-01-08,,,,25337.92,NIFTY NEXT 50 TRI
2016-01-11,,,,25054.88,NIFTY NEXT 50 TRI
2016-01-12,,,,24904.94,NIFTY NEXT 50 TRI
2016-01-13,,,,24818.78,NIFTY NEXT 50 TRI
2016-01-14,,,,24604.08,NIFTY NEXT 50 TRI
2016-01-15,,,,23963.25,NIFTY NEXT 50 TRI
2016-01-18,,,,23337.34,NIFTY NEXT 50 TRI
2016-01-19,,,,23638.51,NIFTY NEXT 50 TRI
2016-01-20,,,,23194.85,NIFTY NEXT 50 TRI
2016-01-21,,,,22910.26,NIFTY NEXT 50 TRI
2016-01-22,,,,23416.94,NIFTY NEXT 50 TRI
2016-01-25,,,,23439.09,NIFTY NEXT 50 TRI
2016-01-27,,,,23454.17,NIFTY NEXT 50 TRI
2016-01-28,,,,23356.26,NIFTY NEXT 50 TRI
2016-01-29,,,,23794.13,NIFTY NEXT 50 TRI
2016-02-01,,,,23890.72,NIFTY NEXT 50 TRI
2016-02-02,,,,23415.23,NIFTY NEXT 50 TRI
2016-02-03,,,,23106.4,NIFTY NEXT 50 TRI
2016-02-04,,,,23104.58,NIFTY NEXT 50 TRI
2016-02-05,,,,23641.8,NIFTY NEXT 50 TRI
2016-02-08,,,,23576.6,NIFTY NEXT 50 TRI
2016-02-09,,,,23067.56,NIFTY NEXT 50 TRI
2016-02-10,,,,22757.51,NIFTY NEXT 50 TRI
2016-02-11,,,,22045.58,NIFTY NEXT 50 TRI
2016-02-12,,,,22050.13,NIFTY NEXT 50 TRI
2016-02-15,,,,22794.72,NIFTY NEXT 50 TRI
2016-02-16,,,,22223.52,NIFTY NEXT 50 TRI
2016-02-17,,,,22327.88,NIFTY NEXT 50 TRI
2016-02-18,,,,22453.42,NIFTY NEXT 50 TRI
2016-02-19,,,,22467.39,NIFTY NEXT 50 TRI
2016-02-22,,,,22629.88,NIFTY NEXT 50 TRI
2016-02-23,,,,22378.31,NIFTY NEXT 50 TRI
2016-02-24,,,,22089.85,NIFTY NEXT 50 TRI
2016-02-25,,,,21980.83,NIFTY NEXT 50 TRI
2016-02-26,,,,22139.65,NIFTY NEXT 50 TRI
2016-02-29,,,,22196.03,NIFTY NEXT 50 TRI
2016-03-01,,,,22910.58,NIFTY NEXT 50 TRI
2016-03-02,,,,23211.84,NIFTY NEXT 50 TRI
2016-03-03,,,,23379.43,NIFTY NEXT 50 TRI
2016-03-04,,,,23574.4,NIFTY NEXT 50 TRI
2016-03-08,,,,23609.99,NIFTY NEXT 50 TRI
2016-03-09,,,,23667.91,NIFTY NEXT 50 TRI
2016-03-10,,,,23570.52,NIFTY NEXT 50 TRI
2016-03-11,,,,23640.39,NIFTY NEXT 50 TRI
2016-03-14,,,,23711.05,NIFTY NEXT 50 TRI
2016-03-15,,,,23483.45,NIFTY NEXT 50 TRI
2016-03-16,,,,23395.71,NIFTY NEXT 50 TRI
2016-03-17,,,,23593.57,NIFTY NEXT 50 TRI
2016-03-18,,,,23738.07,NIFTY NEXT 50 TRI
2016-03-21,,,,24081.7,NIFTY NEXT 50 TRI
2016-03-22,,,,24187.96,NIFTY NEXT 50 TRI
2016-03-23,,,,24223.19,NIFTY NEXT 50 TRI
2016-03-28,,,,23869.92,NIFTY NEXT 50 TRI
2016-03-29,,,,23861.02,NIFTY NEXT 50 TRI
2016-03-30,,,,24241.36,NIFTY NEXT 50 TRI
2016-03-31,,,,24368.02,NIFTY NEXT 50 TRI
2016-04-01,,,,24374.11,NIFTY NEXT 50 TRI
2016-04-04,,,,24437.9,NIFTY NEXT 50 TRI
2016-04-05,,,,24073.6,NIFTY NEXT 50 TRI
2016-04-06,,,,24222.82,NIFTY NEXT 50 TRI
2016-04-07,,,,24119.54,NIFTY NEXT 50 TRI
2016-04-08,,,,24239.69,NIFTY NEXT 50 TRI
2016-04-11,,,,24452.37,NIFTY NEXT 50 TRI
2016-04-12,,,,24628.21,NIFTY NEXT 50 TRI
2016-04-13,,,,24908.82,NIFTY NEXT 50 TRI
2016-04-18,,,,25166.78,NIFTY NEXT 50 TRI
2016-04-20,,,,25200.51,NIFTY NEXT 50 TRI
2016-04-21,,,,25191.61,NIFTY NEXT 50 TRI
2016-04-22,,,,25229.92,NIFTY NEXT 50 TRI
2016-04-25,,,,25071.01,NIFTY NEXT 50 TRI
2016-04-26,,,,25223.49,NIFTY NEXT 50 TRI
2016-04-27,,,,25302.4,NIFTY NEXT 50 TRI
2016-04-28,,,,25002.94,NIFTY NEXT 50 TRI
2016-04-29,,,,25110.49,NIFTY NEXT 50 TRI
2016-05-02,,,,25509.46,NIFTY NEXT 50 TRI
2016-05-03,,,,25253.86,NIFTY NEXT 50 TRI
2016-05-04,,,,24854.94,NIFTY NEXT 50 TRI
2016-05-05,,,,24890.85,NIFTY NEXT 50 TRI
2016-05-06,,,,25023.64,NIFTY NEXT 50 TRI
2016-05-09,,,,25217.95,NIFTY NEXT 50 TRI
2016-05-10,,,,25229.15,NIFTY NEXT 50 TRI
2016-05-11,,,,25251.13,NIFTY NEXT 50 TRI
2016-05-12,,,,25509.85,NIFTY NEXT 50 TRI
2016-05-13,,,,25274.34,NIFTY NEXT 50 TRI
2016-05-16,,,,25255.83,NIFTY NEXT 50 TRI
2016-05-17,,,,25271.27,NIFTY NEXT 50 TRI
2016-05-18,,,,25277.04,NIFTY NEXT 50 TRI
2016-05-19,,,,24981.78,NIFTY NEXT 50 TRI
2016-05-20,,,,24819.81,NIFTY NEXT 50 TRI
2016-05-23,,,,24762.86,NIFTY NEXT 50 TRI
2016-05-24,,,,24703.55,NIFTY NEXT 50 TRI
2016-05-25,,,,24973.42,NIFTY NEXT 50 TRI
2016-05-26,,,,25249.88,NIFTY NEXT 50 TRI
2016-05-27,,,,25622.86,NIFTY NEXT 50 TRI
2016-05-30,,,,25734.17,NIFTY NEXT 50 TRI
2016-05-31,,,,25621.81,NIFTY NEXT 50 TRI
2016-06-01,,,,25636.73,NIFTY NEXT 50 TRI
2016-06-02,,,,25807.4,NIFTY NEXT 50 TRI
2016-06-03,,,,25815.47,NIFTY NEXT 50 TRI
2016-06-06,,,,25672.79,NIFTY NEXT 50 TRI
2016-06-07,,,,25787.49,NIFTY NEXT 50 TRI
2016-06-08,,,,25919.08,NIFTY NEXT 50 TRI
2016-06-09,,,,25842.02,NIFTY NEXT 50 TRI
2016-06-10,,,,25705.22,NIFTY NEXT 50 TRI
2016-06-13,,,,25522.55,NIFTY NEXT 50 TRI
2016-06-14,,,,25578.66,NIFTY NEXT 50 TRI
2016-06-15,,,,25759.9,NIFTY NEXT 50 TRI
2016-06-16,,,,25740.88,NIFTY NEXT 50 TRI
2016-06-17,,,,25740.22,NIFTY NEXT 50 TRI
2016-06-20,,,,25878.44,NIFTY NEXT 50 TRI
2016-06-21,,,,25936.29,NIFTY NEXT 50 TRI
2016-06-22,,,,25941.4,NIFTY NEXT 50 TRI
2016-06-23,,,,25974.03,NIFTY NEXT 50 TRI
2016-06-24,,,,25617.77,NIFTY NEXT 50 TRI
2016-06-27,,,,25867.71,NIFTY NEXT 50 TRI
2016-06-28,,,,26068.38,NIFTY NEXT 50 TRI
2016-06-29,,,,26334.77,NIFTY NEXT 50 TRI
2016-06-30,,,,26695.58,NIFTY NEXT 50 TRI
2016-07-01,,,,27082.42,NIFTY NEXT 50 TRI
2016-07-04,,,,27299.67,NIFTY NEXT 50 TRI
2016-07-05,,,,27273.8,NIFTY NEXT 50 TRI
2016-07-07,,,,27241.13,NIFTY NEXT 50 TRI
2016-07-08,,,,27312.83,NIFTY NEXT 50 TRI
2016-07-11,,,,27762.91,NIFTY NEXT 50 TRI
2016-07-12,,,,27985.35,NIFTY NEXT 50 TRI
2016-07-13,,,,27875.9,NIFTY NEXT 50 TRI
2016-07-14,,,,27998.25,NIFTY NEXT 50 TRI
2016-07-15,,,,28079.81,NIFTY NEXT 50 TRI
2016-07-18,,,,27888.83,NIFTY NEXT 50 TRI
2016-07-19,,,,27985.76,NIFTY NEXT 50 TRI
2016-07-20,,,,28206.88,NIFTY NEXT 50 TRI
2016-07-21,,,,28241.18,NIFTY NEXT 50 TRI
2016-07-22,,,,28605.86,NIFTY NEXT 50 TRI
2016-07-25,,,,28917.49,NIFTY NEXT 50 TRI
2016-07-26,,,,28895.1,NIFTY NEXT 50 TRI
2016-07-27,,,,29072.59,NIFTY NEXT 50 TRI
2016-07-28,,,,29202.29,NIFTY NEXT 50 TRI
2016-07-29,,,,29257.6,NIFTY NEXT 50 TRI
2016-08-01,,,,29341.63,NIFTY NEXT 50 TRI
2016-08-02,,,,29140.97,NIFTY NEXT 50 TRI
2016-08-03,,,,28627.42,NIFTY NEXT 50 TRI
2016-08-04,,,,28803.24,NIFTY NEXT 50 TRI
2016-08-05,,,,29369.84,NIFTY NEXT 50 TRI
2016-08-08,,,,29675.93,NIFTY NEXT 50 TRI
2016-08-09,,,,29500.3,NIFTY NEXT 50 TRI
2016-08-10,,,,29008.76,NIFTY NEXT 50 TRI
2016-08-11,,,,29088.83,NIFTY NEXT 50 TRI
2016-08-12,,,,29370.7,NIFTY NEXT 50 TRI
2016-08-16,,,,29514.59,NIFTY NEXT 50 TRI
2016-08-17,,,,29714.4,NIFTY NEXT 50 TRI
2016-08-18,,,,29837.74,NIFTY NEXT 50 TRI
2016-08-19,,,,29911.49,NIFTY NEXT 50 TRI
2016-08-22,,,,29744.48,NIFTY NEXT 50 TRI
2016-08-23,,,,29570.49,NIFTY NEXT 50 TRI
2016-08-24,,,,29835.81,NIFTY NEXT 50 TRI
2016-08-25,,,,29670.98,NIFTY NEXT 50 TRI
2016-08-26,,,,29755.35,NIFTY NEXT 50 TRI
2016-08-29,,,,29782.25,NIFTY NEXT 50 TRI
2016-08-30,,,,29996.62,NIFTY NEXT 50 TRI
2016-08-31,,,,30038.13,NIFTY NEXT 50 TRI
2016-09-01,,,,29979.57,NIFTY NEXT 50 TRI
2016-09-02,,,,30094.4,NIFTY NEXT 50 TRI
2016-09-06,,,,30583.54,NIFTY NEXT 50 TRI
2016-09-07,,,,30657.15,NIFTY NEXT 50 TRI
2016-09-08,,,,30781.49,NIFTY NEXT 50 TRI
2016-09-09,,,,30503.42,NIFTY NEXT 50 TRI
2016-09-12,,,,29634.94,NIFTY NEXT 50 TRI
2016-09-14,,,,29947.9,NIFTY NEXT 50 TRI
2016-09-15,,,,29816.33,NIFTY NEXT 50 TRI
2016-09-16,,,,29891.31,NIFTY NEXT 50 TRI
2016-09-19,,,,29978.62,NIFTY NEXT 50 TRI
2016-09-20,,,,29982.19,NIFTY NEXT 50 TRI
2016-09-21,,,,29963.34,NIFTY NEXT 50 TRI
2016-09-22,,,,30354.11,NIFTY NEXT 50 TRI
2016-09-23,,,,30388.39,NIFTY NEXT 50 TRI
2016-09-26,,,,30281.55,NIFTY NEXT 50 TRI
2016-09-27,,,,30248.39,NIFTY NEXT 50 TRI
2016-09-28,,,,30455.7,NIFTY NEXT 50 TRI
2016-09-29,,,,29387.18,NIFTY NEXT 50 TRI
2016-09-30,,,,29945.33,NIFTY NEXT 50 TRI
2016-10-03,,,,30756.08,NIFTY NEXT 50 TRI
2016-10-04,,,,30960.04,NIFTY NEXT 50 TRI
2016-10-05,,,,31009.71,NIFTY NEXT 50 TRI
2016-10-06,,,,30984.13,NIFTY NEXT 50 TRI
2016-10-07,,,,30908.55,NIFTY NEXT 50 TRI
2016-10-10,,,,30848.14,NIFTY NEXT 50 TRI
2016-10-13,,,,30365.69,NIFTY NEXT 50 TRI
2016-10-14,,,,30496.83,NIFTY NEXT 50 TRI
2016-10-17,,,,30315.51,NIFTY NEXT 50 TRI
2016-10-18,,,,30850.63,NIFTY NEXT 50 TRI
2016-10-19,,,,30942.0,NIFTY NEXT 50 TRI
2016-10-20,,,,30979.69,NIFTY NEXT 50 TRI
2016-10-21,,,,31034.72,NIFTY NEXT 50 TRI
2016-10-24,,,,30951.29,NIFTY NEXT 50 TRI
2016-10-25,,,,30982.17,NIFTY NEXT 50 TRI
2016-10-26,,,,30672.06,NIFTY NEXT 50 TRI
2016-10-27,,,,30324.31,NIFTY NEXT 50 TRI
2016-10-28,,,,30741.2,NIFTY NEXT 50 TRI
2016-10-30,,,,30844.64,NIFTY NEXT 50 TRI
2016-11-01,,,,30913.88,NIFTY NEXT 50 TRI
2016-11-02,,,,30373.32,NIFTY NEXT 50 TRI
2016-11-03,,,,29968.07,NIFTY NEXT 50 TRI
2016-11-04,,,,29591.99,NIFTY NEXT 50 TRI
2016-11-07,,,,29803.96,NIFTY NEXT 50 TRI
2016-11-08,,,,29910.86,NIFTY NEXT 50 TRI
2016-11-09,,,,29354.06,NIFTY NEXT 50 TRI
2016-11-10,,,,29826.54,NIFTY NEXT 50 TRI
2016-11-11,,,,28834.05,NIFTY NEXT 50 TRI
2016-11-15,,,,27569.48,NIFTY NEXT 50 TRI
2016-11-16,,,,27785.69,NIFTY NEXT 50 TRI
2016-11-17,,,,27788.99,NIFTY NEXT 50 TRI
2016-11-18,,,,27920.53,NIFTY NEXT 50 TRI
2016-11-21,,,,27213.45,NIFTY NEXT 50 TRI
2016-11-22,,,,27645.04,NIFTY NEXT 50 TRI
2016-11-23,,,,28032.57,NIFTY NEXT 50 TRI
2016-11-24,,,,28017.01,NIFTY NEXT 50 TRI
2016-11-25,,,,28466.34,NIFTY NEXT 50 TRI
2016-11-28,,,,28675.84,NIFTY NEXT 50 TRI
2016-11-29,,,,28704.15,NIFTY NEXT 50 TRI
2016-11-30,,,,29038.17,NIFTY NEXT 50 TRI
2016-12-01,,,,28762.64,NIFTY NEXT 50 TRI
2016-12-02,,,,28381.8,NIFTY NEXT 50 TRI
2016-12-05,,,,28640.87,NIFTY NEXT 50 TRI
2016-12-06,,,,28714.46,NIFTY NEXT 50 TRI
2016-12-07,,,,28686.73,NIFTY NEXT 50 TRI
2016-12-08,,,,29198.82,NIFTY NEXT 50 TRI
2016-12-09,,,,29107.67,NIFTY NEXT 50 TRI
2016-12-12,,,,28751.27,NIFTY NEXT 50 TRI
2016-12-13,,,,28619.76,NIFTY NEXT 50 TRI
2016-12-14,,,,28360.16,NIFTY NEXT 50 TRI
2016-12-15,,,,28314.79,NIFTY NEXT 50 TRI
2016-12-16,,,,28266.2,NIFTY NEXT 50 TRI
2016-12-19,,,,28079.01,NIFTY NEXT 50 TRI
2016-12-20,,,,27847.01,NIFTY NEXT 50 TRI
2016-12-21,,,,27831.02,NIFTY NEXT 50 TRI
2016-12-22,,,,27348.62,NIFTY NEXT 50 TRI
2016-12-23,,,,27225.46,NIFTY NEXT 50 TRI
2016-12-26,,,,26738.29,NIFTY NEXT 50 TRI
2016-12-27,,,,27242.99,NIFTY NEXT 50 TRI
2016-12-28,,,,27361.42,NIFTY NEXT 50 TRI
2016-12-29,,,,27688.02,NIFTY NEXT 50 TRI
2016-12-30,,,,27999.51,NIFTY NEXT 50 TRI
2017-01-02,,,,28248.96,NIFTY NEXT 50 TRI
2017-01-03,,,,28475.71,NIFTY NEXT 50 TRI
2017-01-04,,,,28438.26,NIFTY NEXT 50 TRI
2017-01-05,,,,28896.1,NIFTY NEXT 50 TRI
2017-01-06,,,,28830.41,NIFTY NEXT 50 TRI
2017-01-09,,,,28844.88,NIFTY NEXT 50 TRI
2017-01-10,,,,29139.42,NIFTY NEXT 50 TRI
2017-01-11,,,,29509.52,NIFTY NEXT 50 TRI
2017-01-12,,,,29613.56,NIFTY NEXT 50 TRI
2017-01-13,,,,29646.22,NIFTY NEXT 50 TRI
2017-01-16,,,,29832.39,NIFTY NEXT 50 TRI
2017-01-17,,,,29818.59,NIFTY NEXT 50 TRI
2017-01-18,,,,30001.51,NIFTY NEXT 50 TRI
2017-01-19,,,,30105.32,NIFTY NEXT 50 TRI
2017-01-20,,,,29662.72,NIFTY NEXT 50 TRI
2017-01-23,,,,29921.09,NIFTY NEXT 50 TRI
2017-01-24,,,,30240.77,NIFTY NEXT 50 TRI
2017-01-25,,,,30644.52,NIFTY NEXT 50 TRI
2017-01-27,,,,30807.82,NIFTY NEXT 50 TRI
2017-01-30,,,,30979.52,NIFTY NEXT 50 TRI
2017-01-31,,,,30494.69,NIFTY NEXT 50 TRI
2017-02-01,,,,31120.32,NIFTY NEXT 50 TRI
2017-02-02,,,,31330.39,NIFTY NEXT 50 TRI
2017-02-03,,,,31365.19,NIFTY NEXT 50 TRI
2017-02-06,,,,31713.91,NIFTY NEXT 50 TRI
2017-02-07,,,,31615.15,NIFTY NEXT 50 TRI
2017-02-08,,,,31770.88,NIFTY NEXT 50 TRI
2017-02-09,,,,31869.41,NIFTY NEXT 50 TRI
2017-02-10,,,,31798.24,NIFTY NEXT 50 TRI
2017-02-13,,,,31809.86,NIFTY NEXT 50 TRI
2017-02-14,,,,31508.28,NIFTY NEXT 50 TRI
2017-02-15,,,,31112.41,NIFTY NEXT 50 TRI
2017-02-16,,,,31653.35,NIFTY NEXT 50 TRI
2017-02-17,,,,31872.44,NIFTY NEXT 50 TRI
2017-02-20,,,,32075.59,NIFTY NEXT 50 TRI
2017-02-21,,,,32349.86,NIFTY NEXT 50 TRI
2017-02-22,,,,32155.08,NIFTY NEXT 50 TRI
2017-02-23,,,,32041.96,NIFTY NEXT 50 TRI
2017-02-27,,,,32006.04,NIFTY NEXT 50 TRI
2017-02-28,,,,32104.42,NIFTY NEXT 50 TRI
2017-03-01,,,,32200.37,NIFTY NEXT 50 TRI
2017-03-02,,,,31734.32,NIFTY NEXT 50 TRI
2017-03-03,,,,31719.17,NIFTY NEXT 50 TRI
2017-03-06,,,,31899.77,NIFTY NEXT 50 TRI
2017-03-07,,,,31869.79,NIFTY NEXT 50 TRI
2017-03-08,,,,31764.82,NIFTY NEXT 50 TRI
2017-03-09,,,,31719.74,NIFTY NEXT 50 TRI
2017-03-10,,,,31657.17,NIFTY NEXT 50 TRI
2017-03-14,,,,32162.7,NIFTY NEXT 50 TRI
2017-03-15,,,,32368.19,NIFTY NEXT 50 TRI
2017-03-16,,,,32839.38,NIFTY NEXT 50 TRI
2017-03-17,,,,32826.08,NIFTY NEXT 50 TRI
2017-03-20,,,,32831.11,NIFTY NEXT 50 TRI
2017-03-21,,,,32649.75,NIFTY NEXT 50 TRI
2017-03-22,,,,32345.63,NIFTY NEXT 50 TRI
2017-03-23,,,,32669.3,NIFTY NEXT 50 TRI
2017-03-24,,,,32719.16,NIFTY NEXT 50 TRI
2017-03-27,,,,32582.51,NIFTY NEXT 50 TRI
2017-03-28,,,,32833.64,NIFTY NEXT 50 TRI
2017-03-29,,,,32894.93,NIFTY NEXT 50 TRI
2017-03-30,,,,33050.19,NIFTY NEXT 50 TRI
2017-03-31,,,,33190.87,NIFTY NEXT 50 TRI
2017-04-03,,,,33319.97,NIFTY NEXT 50 TRI
2017-04-05,,,,33664.75,NIFTY NEXT 50 TRI
2017-04-06,,,,33774.8,NIFTY NEXT 50 TRI
2017-04-07,,,,33763.61,NIFTY NEXT 50 TRI
2017-04-10,,,,34003.44,NIFTY NEXT 50 TRI
2017-04-11,,,,34287.54,NIFTY NEXT 50 TRI
2017-04-12,,,,34344.29,NIFTY NEXT 50 TRI
2017-04-13,,,,34287.07,NIFTY NEXT 50 TRI
2017-04-17,,,,34208.64,NIFTY NEXT 50 TRI
2017-04-18,,,,33845.22,NIFTY NEXT 50 TRI
2017-04-19,,,,34070.33,NIFTY NEXT 50 TRI
2017-04-20,,,,34192.8,NIFTY NEXT 50 TRI
2017-04-21,,,,34270.92,NIFTY NEXT 50 TRI
2017-04-24,,,,34558.27,NIFTY NEXT 50 TRI
2017-04-25,,,,35087.38,NIFTY NEXT 50 TRI
2017-04-26,,,,35015.87,NIFTY NEXT 50 TRI
2017-04-27,,,,34848.3,NIFTY NEXT 50 TRI
2017-04-28,,,,34905.77,NIFTY NEXT 50 TRI
2017-05-02,,,,35083.41,NIFTY NEXT 50 TRI
2017-05-03,,,,35062.07,NIFTY NEXT 50 TRI
2017-05-04,,,,35158.84,NIFTY NEXT 50 TRI
2017-05-05,,,,34665.32,NIFTY NEXT 50 TRI
2017-05-08,,,,34815.22,NIFTY NEXT 50 TRI
2017-05-09,,,,35093.38,NIFTY NEXT 50 TRI
2017-05-10,,,,35546.39,NIFTY NEXT 50 TRI
2017-05-11,,,,35603.35,NIFTY NEXT 50 TRI
2017-05-12,,,,35438.32,NIFTY NEXT 50 TRI
2017-05-15,,,,35735.2,NIFTY NEXT 50 TRI
2017-05-16,,,,35732.18,NIFTY NEXT 50 TRI
2017-05-17,,,,35562.1,NIFTY NEXT 50 TRI
2017-05-18,,,,34834.28,NIFTY NEXT 50 TRI
2017-05-19,,,,34632.88,NIFTY NEXT 50 TRI
2017-05-22,,,,34342.57,NIFTY NEXT 50 TRI
2017-05-23,,,,33883.9,NIFTY NEXT 50 TRI
2017-05-24,,,,33372.5,NIFTY NEXT 50 TRI
2017-05-25,,,,33715.17,NIFTY NEXT 50 TRI
2017-05-26,,,,34478.97,NIFTY NEXT 50 TRI
2017-05-29,,,,34139.9,NIFTY NEXT 50 TRI
2017-05-30,,,,34392.91,NIFTY NEXT 50 TRI
2017-05-31,,,,34537.97,NIFTY NEXT 50 TRI
2017-06-01,,,,34628.19,NIFTY NEXT 50 TRI
2017-06-02,,,,34839.36,NIFTY NEXT 50 TRI
2017-06-05,,,,35107.83,NIFTY NEXT 50 TRI
2017-06-06,,,,34852.02,NIFTY NEXT 50 TRI
2017-06-07,,,,35061.93,NIFTY NEXT 50 TRI
2017-06-08,,,,35174.23,NIFTY NEXT 50 TRI
2017-06-09,,,,35305.81,NIFTY NEXT 50 TRI
2017-06-12,,,,35253.31,NIFTY NEXT 50 TRI
2017-06-13,,,,35289.33,NIFTY NEXT 50 TRI
2017-06-14,,,,35186.72,NIFTY NEXT 50 TRI
2017-06-15,,,,35143.6,NIFTY NEXT 50 TRI
2017-06-16,,,,35243.26,NIFTY NEXT 50 TRI
2017-06-19,,,,35374.7,NIFTY NEXT 50 TRI
2017-06-20,,,,35422.18,NIFTY NEXT 50 TRI
2017-06-21,,,,35435.24,NIFTY NEXT 50 TRI
2017-06-22,,,,35196.37,NIFTY NEXT 50 TRI
2017-06-23,,,,34745.86,NIFTY NEXT 50 TRI
2017-06-27,,,,34493.85,NIFTY NEXT 50 TRI
2017-06-28,,,,34589.44,NIFTY NEXT 50 TRI
2017-06-29,,,,34608.1,NIFTY NEXT 50 TRI
2017-06-30,,,,34874.15,NIFTY NEXT 50 TRI
2017-07-03,,,,35317.14,NIFTY NEXT 50 TRI
2017-07-04,,,,35263.89,NIFTY NEXT 50 TRI
2017-07-05,,,,35543.32,NIFTY NEXT 50 TRI
2017-07-06,,,,35698.89,NIFTY NEXT 50 TRI
2017-07-07,,,,35705.92,NIFTY NEXT 50 TRI
2017-07-10,,,,36019.18,NIFTY NEXT 50 TRI
2017-07-11,,,,35796.33,NIFTY NEXT 50 TRI
2017-07-12,,,,36124.48,NIFTY NEXT 50 TRI
2017-07-13,,,,36428.71,NIFTY NEXT 50 TRI
2017-07-14,,,,36443.66,NIFTY NEXT 50 TRI
2017-07-17,,,,36494.5,NIFTY NEXT 50 TRI
2017-07-18,,,,36261.95,NIFTY NEXT 50 TRI
2017-07-19,,,,36749.86,NIFTY NEXT 50 TRI
2017-07-20,,,,36605.33,NIFTY NEXT 50 TRI
2017-07-21,,,,36708.3,NIFTY NEXT 50 TRI
2017-07-24,,,,36753.08,NIFTY NEXT 50 TRI
2017-07-25,,,,36855.28,NIFTY NEXT 50 TRI
2017-07-26,,,,36888.86,NIFTY NEXT 50 TRI
2017-07-27,,,,36692.65,NIFTY NEXT 50 TRI
2017-07-28,,,,36933.99,NIFTY NEXT 50 TRI
2017-07-31,,,,37151.18,NIFTY NEXT 50 TRI
2017-08-01,,,,37084.91,NIFTY NEXT 50 TRI
2017-08-02,,,,36897.69,NIFTY NEXT 50 TRI
2017-08-03,,,,36972.61,NIFTY NEXT 50 TRI
2017-08-04,,,,37416.77,NIFTY NEXT 50 TRI
2017-08-07,,,,37923.95,NIFTY NEXT 50 TRI
2017-08-08,,,,37462.21,NIFTY NEXT 50 TRI
2017-08-09,,,,36806.28,NIFTY NEXT 50 TRI
2017-08-10,,,,35798.75,NIFTY NEXT 50 TRI
2017-08-11,,,,35770.48,NIFTY NEXT 50 TRI
2017-08-14,,,,36568.35,NIFTY NEXT 50 TRI
2017-08-16,,,,36928.1,NIFTY NEXT 50 TRI
2017-08-17,,,,36906.89,NIFTY NEXT 50 TRI
2017-08-18,,,,36833.7,NIFTY NEXT 50 TRI
2017-08-21,,,,36249.72,NIFTY NEXT 50 TRI
2017-08-22,,,,36058.37,NIFTY NEXT 50 TRI
2017-08-23,,,,36555.23,NIFTY NEXT 50 TRI
2017-08-24,,,,36872.15,NIFTY NEXT 50 TRI
2017-08-28,,,,37231.33,NIFTY NEXT 50 TRI
2017-08-29,,,,36829.23,NIFTY NEXT 50 TRI
2017-08-30,,,,37388.48,NIFTY NEXT 50 TRI
2017-08-31,,,,37371.97,NIFTY NEXT 50 TRI
2017-09-01,,,,37750.2,NIFTY NEXT 50 TRI
2017-09-04,,,,37543.47,NIFTY NEXT 50 TRI
2017-09-05,,,,37750.67,NIFTY NEXT 50 TRI
2017-09-06,,,,37801.88,NIFTY NEXT 50 TRI
2017-09-07,,,,38084.71,NIFTY NEXT 50 TRI
2017-09-08,,,,37809.75,NIFTY NEXT 50 TRI
2017-09-11,,,,38096.7,NIFTY NEXT 50 TRI
2017-09-12,,,,38448.09,NIFTY NEXT 50 TRI
2017-09-13,,,,38316.67,NIFTY NEXT 50 TRI
2017-09-14,,,,38468.1,NIFTY NEXT 50 TRI
2017-09-15,,,,38381.1,NIFTY NEXT 50 TRI
2017-09-18,,,,38527.56,NIFTY NEXT 50 TRI
2017-09-19,,,,38633.32,NIFTY NEXT 50 TRI
2017-09-20,,,,38528.08,NIFTY NEXT 50 TRI
2017-09-21,,,,38272.64,NIFTY NEXT 50 TRI
2017-09-22,,,,37274.7,NIFTY NEXT 50 TRI
2017-09-25,,,,36789.66,NIFTY NEXT 50 TRI
2017-09-26,,,,36875.71,NIFTY NEXT 50 TRI
2017-09-27,,,,36188.37,NIFTY NEXT 50 TRI
2017-09-28,,,,36300.06,NIFTY NEXT 50 TRI
2017-09-29,,,,36756.78,NIFTY NEXT 50 TRI
2017-10-03,,,,37104.29,NIFTY NEXT 50 TRI
2017-10-04,,,,37171.48,NIFTY NEXT 50 TRI
2017-10-05,,,,37280.89,NIFTY NEXT 50 TRI
2017-10-06,,,,37580.04,NIFTY NEXT 50 TRI
2017-10-09,,,,37637.39,NIFTY NEXT 50 TRI
2017-10-10,,,,37867.41,NIFTY NEXT 50 TRI
2017-10-11,,,,37631.65,NIFTY NEXT 50 TRI
2017-10-12,,,,38050.45,NIFTY NEXT 50 TRI
2017-10-13,,,,38112.57,NIFTY NEXT 50 TRI
2017-10-16,,,,38207.32,NIFTY NEXT 50 TRI
2017-10-17,,,,38389.01,NIFTY NEXT 50 TRI
2017-10-18,,,,38332.32,NIFTY NEXT 50 TRI
2017-10-19,,,,38129.76,NIFTY NEXT 50 TRI
2017-10-23,,,,38320.38,NIFTY NEXT 50 TRI
2017-10-24,,,,38247.84,NIFTY NEXT 50 TRI
2017-10-25,,,,38732.72,NIFTY NEXT 50 TRI
2017-10-26,,,,38887.38,NIFTY NEXT 50 TRI
2017-10-27,,,,39156.26,NIFTY NEXT 50 TRI
2017-10-30,,,,39581.87,NIFTY NEXT 50 TRI
2017-10-31,,,,39541.04,NIFTY NEXT 50 TRI
2017-11-01,,,,39890.09,NIFTY NEXT 50 TRI
2017-11-02,,,,40050.96,NIFTY NEXT 50 TRI
2017-11-03,,,,40082.3,NIFTY NEXT 50 TRI
2017-11-06,,,,40351.91,NIFTY NEXT 50 TRI
2017-11-07,,,,39739.66,NIFTY NEXT 50 TRI
2017-11-08,,,,39430.83,NIFTY NEXT 50 TRI
2017-11-09,,,,39691.02,NIFTY NEXT 50 TRI
2017-11-10,,,,39609.19,NIFTY NEXT 50 TRI
2017-11-13,,,,39331.77,NIFTY NEXT 50 TRI
2017-11-14,,,,39206.85,NIFTY NEXT 50 TRI
2017-11-15,,,,38754.27,NIFTY NEXT 50 TRI
2017-11-16,,,,39202.71,NIFTY NEXT 50 TRI
2017-11-17,,,,39743.82,NIFTY NEXT 50 TRI
2017-11-20,,,,39784.36,NIFTY NEXT 50 TRI
2017-11-21,,,,39848.21,NIFTY NEXT 50 TRI
2017-11-22,,,,39793.12,NIFTY NEXT 50 TRI
2017-11-23,,,,39778.9,NIFTY NEXT 50 TRI
2017-11-24,,,,39950.06,NIFTY NEXT 50 TRI
2017-11-27,,,,40063.79,NIFTY NEXT 50 TRI
2017-11-28,,,,40124.93,NIFTY NEXT 50 TRI
2017-11-29,,,,40112.2,NIFTY NEXT 50 TRI
2017-11-30,,,,39761.92,NIFTY NEXT 50 TRI
2017-12-01,,,,39365.1,NIFTY NEXT 50 TRI
2017-12-04,,,,39389.92,NIFTY NEXT 50 TRI
2017-12-05,,,,39419.39,NIFTY NEXT 50 TRI
2017-12-06,,,,39029.33,NIFTY NEXT 50 TRI
2017-12-07,,,,39686.57,NIFTY NEXT 50 TRI
2017-12-08,,,,40073.96,NIFTY NEXT 50 TRI
2017-12-11,,,,40187.91,NIFTY NEXT 50 TRI
2017-12-12,,,,39787.27,NIFTY NEXT 50 TRI
2017-12-13,,,,39399.38,NIFTY NEXT 50 TRI
2017-12-14,,,,39415.07,NIFTY NEXT 50 TRI
2017-12-15,,,,39750.69,NIFTY NEXT 50 TRI
2017-12-18,,,,40131.13,NIFTY NEXT 50 TRI
2017-12-19,,,,40707.01,NIFTY NEXT 50 TRI
2017-12-20,,,,40716.44,NIFTY NEXT 50 TRI
2017-12-21,,,,40909.56,NIFTY NEXT 50 TRI
2017-12-22,,,,41096.3,NIFTY NEXT 50 TRI
2017-12-26,,,,41276.74,NIFTY NEXT 50 TRI
2017-12-27,,,,41077.07,NIFTY NEXT 50 TRI
2017-12-28,,,,41097.33,NIFTY NEXT 50 TRI
2017-12-29,,,,41363.23,NIFTY NEXT 50 TRI
2018-01-01,,,,41276.37,NIFTY NEXT 50 TRI
2018-01-02,,,,41141.05,NIFTY NEXT 50 TRI
2018-01-03,,,,41375.24,NIFTY NEXT 50 TRI
2018-01-04,,,,41812.08,NIFTY NEXT 50 TRI
2018-01-05,,,,42340.39,NIFTY NEXT 50 TRI
2018-01-08,,,,42639.05,NIFTY NEXT 50 TRI
2018-01-09,,,,42455.19,NIFTY NEXT 50 TRI
2018-01-10,,,,42382.87,NIFTY NEXT 50 TRI
2018-01-11,,,,42339.96,NIFTY NEXT 50 TRI
2018-01-12,,,,42352.02,NIFTY NEXT 50 TRI
2018-01-15,,,,42264.78,NIFTY NEXT 50 TRI
2018-01-16,,,,41573.73,NIFTY NEXT 50 TRI
2018-01-17,,,,41875.44,NIFTY NEXT 50 TRI
2018-01-18,,,,41320.82,NIFTY NEXT 50 TRI
2018-01-19,,,,41633.13,NIFTY NEXT 50 TRI
2018-01-22,,,,41952.29,NIFTY NEXT 50 TRI
2018-01-23,,,,42251.13,NIFTY NEXT 50 TRI
2018-01-24,,,,42000.48,NIFTY NEXT 50 TRI
2018-01-25,,,,41432.74,NIFTY NEXT 50 TRI
2018-01-29,,,,41269.94,NIFTY NEXT 50 TRI
2018-01-30,,,,41031.04,NIFTY NEXT 50 TRI
2018-01-31,,,,40747.7,NIFTY NEXT 50 TRI
2018-02-01,,,,40780.46,NIFTY NEXT 50 TRI
2018-02-02,,,,39620.34,NIFTY NEXT 50 TRI
2018-02-05,,,,39490.19,NIFTY NEXT 50 TRI
2018-02-06,,,,38936.0,NIFTY NEXT 50 TRI
2018-02-07,,,,39219.65,NIFTY NEXT 50 TRI
2018-02-08,,,,39862.89,NIFTY NEXT 50 TRI
2018-02-09,,,,39731.41,NIFTY NEXT 50 TRI
2018-02-12,,,,40323.34,NIFTY NEXT 50 TRI
2018-02-14,,,,40241.03,NIFTY NEXT 50 TRI
2018-02-15,,,,39916.57,NIFTY NEXT 50 TRI
2018-02-16,,,,39481.04,NIFTY NEXT 50 TRI
2018-02-19,,,,39053.65,NIFTY NEXT 50 TRI
2018-02-20,,,,39245.1,NIFTY NEXT 50 TRI
2018-02-21,,,,39091.48,NIFTY NEXT 50 TRI
2018-02-22,,,,38729.86,NIFTY NEXT 50 TRI
2018-02-23,,,,39339.46,NIFTY NEXT 50 TRI
2018-02-26,,,,39701.98,NIFTY NEXT 50 TRI
2018-02-27,,,,39552.73,NIFTY NEXT 50 TRI
2018-02-28,,,,39377.45,NIFTY NEXT 50 TRI
2018-03-01,,,,39107.21,NIFTY NEXT 50 TRI
2018-03-05,,,,38691.92,NIFTY NEXT 50 TRI
2018-03-06,,,,38340.78,NIFTY NEXT 50 TRI
2018-03-07,,,,37904.76,NIFTY NEXT 50 TRI
2018-03-08,,,,37878.81,NIFTY NEXT 50 TRI
2018-03-09,,,,37894.33,NIFTY NEXT 50 TRI
2018-03-12,,,,38179.71,NIFTY NEXT 50 TRI
2018-03-13,,,,38655.61,NIFTY NEXT 50 TRI
2018-03-14,,,,38701.11,NIFTY NEXT 50 TRI
2018-03-15,,,,38718.08,NIFTY NEXT 50 TRI
2018-03-16,,,,38373.35,NIFTY NEXT 50 TRI
2018-03-19,,,,37803.34,NIFTY NEXT 50 TRI
2018-03-20,,,,37990.24,NIFTY NEXT 50 TRI
2018-03-21,,,,38151.23,NIFTY NEXT 50 TRI
2018-03-22,,,,38006.05,NIFTY NEXT 50 TRI
2018-03-23,,,,37773.6,NIFTY NEXT 50 TRI
2018-03-26,,,,38345.83,NIFTY NEXT 50 TRI
2018-03-27,,,,38662.83,NIFTY NEXT 50 TRI
2018-03-28,,,,38273.36,NIFTY NEXT 50 TRI
2018-04-02,,,,39036.24,NIFTY NEXT 50 TRI
2018-04-03,,,,39495.21,NIFTY NEXT 50 TRI
2018-04-04,,,,39044.7,NIFTY NEXT 50 TRI
2018-04-05,,,,39757.86,NIFTY NEXT 50 TRI
2018-04-06,,,,40222.38,NIFTY NEXT 50 TRI
2018-04-09,,,,40236.54,NIFTY NEXT 50 TRI
2018-04-10,,,,40184.33,NIFTY NEXT 50 TRI
2018-04-11,,,,40241.7,NIFTY NEXT 50 TRI
2018-04-12,,,,40175.69,NIFTY NEXT 50 TRI
2018-04-13,,,,40161.9,NIFTY NEXT 50 TRI
2018-04-16,,,,40374.58,NIFTY NEXT 50 TRI
2018-04-17,,,,40455.73,NIFTY NEXT 50 TRI
2018-04-18,,,,40420.66,NIFTY NEXT 50 TRI
2018-04-19,,,,40714.81,NIFTY NEXT 50 TRI
2018-04-20,,,,40544.07,NIFTY NEXT 50 TRI
2018-04-23,,,,40758.61,NIFTY NEXT 50 TRI
2018-04-24,,,,40830.2,NIFTY NEXT 50 TRI
2018-04-25,,,,40760.81,NIFTY NEXT 50 TRI
2018-04-26,,,,40671.96,NIFTY NEXT 50 TRI
2018-04-27,,,,40923.57,NIFTY NEXT 50 TRI
2018-04-30,,,,41150.55,NIFTY NEXT 50 TRI
2018-05-02,,,,40621.16,NIFTY NEXT 50 TRI
2018-05-03,,,,40099.45,NIFTY NEXT 50 TRI
2018-05-04,,,,39837.95,NIFTY NEXT 50 TRI
2018-05-07,,,,40153.17,NIFTY NEXT 50 TRI
2018-05-08,,,,40023.78,NIFTY NEXT 50 TRI
2018-05-09,,,,39791.05,NIFTY NEXT 50 TRI
2018-05-10,,,,39275.78,NIFTY NEXT 50 TRI
2018-05-11,,,,39281.0,NIFTY NEXT 50 TRI
2018-05-14,,,,39092.95,NIFTY NEXT 50 TRI
2018-05-15,,,,38974.43,NIFTY NEXT 50 TRI
2018-05-16,,,,38933.49,NIFTY NEXT 50 TRI
2018-05-17,,,,38934.19,NIFTY NEXT 50 TRI
2018-05-18,,,,38375.32,NIFTY NEXT 50 TRI
2018-05-21,,,,37810.11,NIFTY NEXT 50 TRI
2018-05-22,,,,38324.04,NIFTY NEXT 50 TRI
2018-05-23,,,,38121.2,NIFTY NEXT 50 TRI
2018-05-24,,,,38214.95,NIFTY NEXT 50 TRI
2018-05-25,,,,38861.96,NIFTY NEXT 50 TRI
2018-05-28,,,,39510.96,NIFTY NEXT 50 TRI
2018-05-29,,,,39494.69,NIFTY NEXT 50 TRI
2018-05-30,,,,39380.09,NIFTY NEXT 50 TRI
2018-05-31,,,,39243.31,NIFTY NEXT 50 TRI
2018-06-01,,,,38849.55,NIFTY NEXT 50 TRI
2018-06-04,,,,38502.24,NIFTY NEXT 50 TRI
2018-06-05,,,,38101.59,NIFTY NEXT 50 TRI
2018-06-06,,,,38683.33,NIFTY NEXT 50 TRI
2018-06-07,,,,39199.15,NIFTY NEXT 50 TRI
2018-06-08,,,,39354.79,NIFTY NEXT 50 TRI
2018-06-11,,,,39379.72,NIFTY NEXT 50 TRI
2018-06-12,,,,39661.02,NIFTY NEXT 50 TRI
2018-06-13,,,,39584.08,NIFTY NEXT 50 TRI
2018-06-14,,,,39515.99,NIFTY NEXT 50 TRI
2018-06-15,,,,39213.94,NIFTY NEXT 50 TRI
2018-06-18,,,,39016.51,NIFTY NEXT 50 TRI
2018-06-19,,,,38725.4,NIFTY NEXT 50 TRI
2018-06-20,,,,38712.85,NIFTY NEXT 50 TRI
2018-06-21,,,,38496.92,NIFTY NEXT 50 TRI
2018-06-22,,,,38703.09,NIFTY NEXT 50 TRI
2018-06-25,,,,38190.64,NIFTY NEXT 50 TRI
2018-06-26,,,,38268.7,NIFTY NEXT 50 TRI
2018-06-27,,,,37749.32,NIFTY NEXT 50 TRI
2018-06-28,,,,37282.66,NIFTY NEXT 50 TRI
2018-06-29,,,,37981.22,NIFTY NEXT 50 TRI
2018-07-02,,,,37646.58,NIFTY NEXT 50 TRI
2018-07-03,,,,37818.49,NIFTY NEXT 50 TRI
2018-07-04,,,,37767.29,NIFTY NEXT 50 TRI
2018-07-05,,,,37613.77,NIFTY NEXT 50 TRI
2018-07-06,,,,37832.75,NIFTY NEXT 50 TRI
2018-07-09,,,,38139.33,NIFTY NEXT 50 TRI
2018-07-10,,,,38534.89,NIFTY NEXT 50 TRI
2018-07-11,,,,38223.45,NIFTY NEXT 50 TRI
2018-07-12,,,,38156.4,NIFTY NEXT 50 TRI
2018-07-13,,,,37978.41,NIFTY NEXT 50 TRI
2018-07-16,,,,37114.33,NIFTY NEXT 50 TRI
2018-07-17,,,,37533.86,NIFTY NEXT 50 TRI
2018-07-18,,,,37117.55,NIFTY NEXT 50 TRI
2018-07-19,,,,36924.99,NIFTY NEXT 50 TRI
2018-07-20,,,,37135.28,NIFTY NEXT 50 TRI
2018-07-23,,,,37770.76,NIFTY NEXT 50 TRI
2018-07-24,,,,38740.25,NIFTY NEXT 50 TRI
2018-07-25,,,,38702.64,NIFTY NEXT 50 TRI
2018-07-26,,,,39063.23,NIFTY NEXT 50 TRI
2018-07-27,,,,39384.07,NIFTY NEXT 50 TRI
2018-07-30,,,,39794.73,NIFTY NEXT 50 TRI
2018-07-31,,,,39970.74,NIFTY NEXT 50 TRI
2018-08-01,,,,40096.15,NIFTY NEXT 50 TRI
2018-08-02,,,,39997.85,NIFTY NEXT 50 TRI
2018-08-03,,,,40269.7,NIFTY NEXT 50 TRI
2018-08-06,,,,40349.06,NIFTY NEXT 50 TRI
2018-08-07,,,,40329.83,NIFTY NEXT 50 TRI
2018-08-08,,,,40403.65,NIFTY NEXT 50 TRI
2018-08-09,,,,40566.34,NIFTY NEXT 50 TRI
2018-08-10,,,,40261.93,NIFTY NEXT 50 TRI
2018-08-13,,,,39829.69,NIFTY NEXT 50 TRI
2018-08-14,,,,40049.96,NIFTY NEXT 50 TRI
2018-08-16,,,,39763.51,NIFTY NEXT 50 TRI
2018-08-17,,,,40360.31,NIFTY NEXT 50 TRI
2018-08-20,,,,40834.4,NIFTY NEXT 50 TRI
2018-08-21,,,,41016.24,NIFTY NEXT 50 TRI
2018-08-23,,,,41251.6,NIFTY NEXT 50 TRI
2018-08-24,,,,41191.2,NIFTY NEXT 50 TRI
2018-08-27,,,,41541.82,NIFTY NEXT 50 TRI
2018-08-28,,,,41489.09,NIFTY NEXT 50 TRI
2018-08-29,,,,41777.45,NIFTY NEXT 50 TRI
2018-08-30,,,,41933.1,NIFTY NEXT 50 TRI
2018-08-31,,,,42141.21,NIFTY NEXT 50 TRI
2018-09-03,,,,41831.79,NIFTY NEXT 50 TRI
2018-09-04,,,,40554.32,NIFTY NEXT 50 TRI
2018-09-05,,,,40311.95,NIFTY NEXT 50 TRI
2018-09-06,,,,40615.1,NIFTY NEXT 50 TRI
2018-09-07,,,,41069.7,NIFTY NEXT 50 TRI
2018-09-10,,,,40350.93,NIFTY NEXT 50 TRI
2018-09-11,,,,39622.53,NIFTY NEXT 50 TRI
2018-09-12,,,,39814.1,NIFTY NEXT 50 TRI
2018-09-14,,,,40522.54,NIFTY NEXT 50 TRI
2018-09-17,,,,40190.14,NIFTY NEXT 50 TRI
2018-09-18,,,,39615.4,NIFTY NEXT 50 TRI
2018-09-19,,,,39444.62,NIFTY NEXT 50 TRI
2018-09-21,,,,38653.99,NIFTY NEXT 50 TRI
2018-09-24,,,,37481.79,NIFTY NEXT 50 TRI
2018-09-25,,,,37829.17,NIFTY NEXT 50 TRI
2018-09-26,,,,37941.96,NIFTY NEXT 50 TRI
2018-09-27,,,,37309.93,NIFTY NEXT 50 TRI
2018-09-28,,,,36837.51,NIFTY NEXT 50 TRI
2018-10-01,,,,36866.42,NIFTY NEXT 50 TRI
2018-10-03,,,,36395.88,NIFTY NEXT 50 TRI
2018-10-04,,,,35828.58,NIFTY NEXT 50 TRI
2018-10-05,,,,34970.1,NIFTY NEXT 50 TRI
2018-10-08,,,,34606.94,NIFTY NEXT 50 TRI
2018-10-09,,,,34425.59,NIFTY NEXT 50 TRI
2018-10-10,,,,35538.6,NIFTY NEXT 50 TRI
2018-10-11,,,,34872.87,NIFTY NEXT 50 TRI
2018-10-12,,,,35611.54,NIFTY NEXT 50 TRI
2018-10-15,,,,35760.92,NIFTY NEXT 50 TRI
2018-10-16,,,,36263.97,NIFTY NEXT 50 TRI
2018-10-17,,,,35474.85,NIFTY NEXT 50 TRI
2018-10-19,,,,35173.46,NIFTY NEXT 50 TRI
2018-10-22,,,,35013.59,NIFTY NEXT 50 TRI
2018-10-23,,,,34567.46,NIFTY NEXT 50 TRI
2018-10-24,,,,34693.94,NIFTY NEXT 50 TRI
2018-10-25,,,,34203.99,NIFTY NEXT 50 TRI
2018-10-26,,,,34249.15,NIFTY NEXT 50 TRI
2018-10-29,,,,35057.43,NIFTY NEXT 50 TRI
2018-10-30,,,,35243.3,NIFTY NEXT 50 TRI
2018-10-31,,,,35866.61,NIFTY NEXT 50 TRI
2018-11-01,,,,36088.7,NIFTY NEXT 50 TRI
2018-11-02,,,,36637.03,NIFTY NEXT 50 TRI
2018-11-05,,,,36761.8,NIFTY NEXT 50 TRI
2018-11-06,,,,36551.98,NIFTY NEXT 50 TRI
2018-11-07,,,,36800.36,NIFTY NEXT 50 TRI
2018-11-09,,,,36965.5,NIFTY NEXT 50 TRI
2018-11-12,,,,36544.72,NIFTY NEXT 50 TRI
2018-11-13,,,,36648.36,NIFTY NEXT 50 TRI
2018-11-14,,,,36686.94,NIFTY NEXT 50 TRI
2018-11-15,,,,36853.06,NIFTY NEXT 50 TRI
2018-11-16,,,,36994.63,NIFTY NEXT 50 TRI
2018-11-19,,,,37196.1,NIFTY NEXT 50 TRI
2018-11-20,,,,36733.58,NIFTY NEXT 50 TRI
2018-11-21,,,,37020.25,NIFTY NEXT 50 TRI
2018-11-22,,,,36766.46,NIFTY NEXT 50 TRI
2018-11-26,,,,36901.43,NIFTY NEXT 50 TRI
2018-11-27,,,,36864.47,NIFTY NEXT 50 TRI
2018-11-28,,,,36768.51,NIFTY NEXT 50 TRI
2018-11-29,,,,37041.1,NIFTY NEXT 50 TRI
2018-11-30,,,,37315.86,NIFTY NEXT 50 TRI
2018-12-03,,,,37434.28,NIFTY NEXT 50 TRI
2018-12-04,,,,37323.21,NIFTY NEXT 50 TRI
2018-12-05,,,,36804.07,NIFTY NEXT 50 TRI
2018-12-06,,,,36240.2,NIFTY NEXT 50 TRI
2018-12-07,,,,36398.88,NIFTY NEXT 50 TRI
2018-12-10,,,,35736.78,NIFTY NEXT 50 TRI
2018-12-11,,,,36300.15,NIFTY NEXT 50 TRI
2018-12-12,,,,37109.12,NIFTY NEXT 50 TRI
2018-12-13,,,,37487.34,NIFTY NEXT 50 TRI
2018-12-14,,,,37613.8,NIFTY NEXT 50 TRI
2018-12-17,,,,37911.73,NIFTY NEXT 50 TRI
2018-12-18,,,,38094.89,NIFTY NEXT 50 TRI
2018-12-19,,,,38628.33,NIFTY NEXT 50 TRI
2018-12-20,,,,38413.69,NIFTY NEXT 50 TRI
2018-12-21,,,,37888.76,NIFTY NEXT 50 TRI
2018-12-24,,,,37352.23,NIFTY NEXT 50 TRI
2018-12-26,,,,37494.27,NIFTY NEXT 50 TRI
2018-12-27,,,,37569.09,NIFTY NEXT 50 TRI
2018-12-28,,,,37950.73,NIFTY NEXT 50 TRI
2018-12-31,,,,38107.08,NIFTY NEXT 50 TRI
2019-01-01,,,,38016.27,NIFTY NEXT 50 TRI
2019-01-02,,,,37698.88,NIFTY NEXT 50 TRI
2019-01-03,,,,37425.33,NIFTY NEXT 50 TRI
2019-01-04,,,,37485.97,NIFTY NEXT 50 TRI
2019-01-07,,,,37468.55,NIFTY NEXT 50 TRI
2019-01-08,,,,37444.85,NIFTY NEXT 50 TRI
2019-01-09,,,,37437.28,NIFTY NEXT 50 TRI
2019-01-10,,,,37592.38,NIFTY NEXT 50 TRI
2019-01-11,,,,37469.8,NIFTY NEXT 50 TRI
2019-01-14,,,,37209.24,NIFTY NEXT 50 TRI
2019-01-15,,,,37476.62,NIFTY NEXT 50 TRI
2019-01-16,,,,37497.01,NIFTY NEXT 50 TRI
2019-01-17,,,,37473.98,NIFTY NEXT 50 TRI
2019-01-18,,,,37068.15,NIFTY NEXT 50 TRI
2019-01-21,,,,36948.94,NIFTY NEXT 50 TRI
2019-01-22,,,,37095.49,NIFTY NEXT 50 TRI
2019-01-23,,,,36870.02,NIFTY NEXT 50 TRI
2019-01-24,,,,36827.49,NIFTY NEXT 50 TRI
2019-01-25,,,,36334.87,NIFTY NEXT 50 TRI
2019-01-28,,,,35667.4,NIFTY NEXT 50 TRI
2019-01-29,,,,35705.19,NIFTY NEXT 50 TRI
2019-01-30,,,,35701.64,NIFTY NEXT 50 TRI
2019-01-31,,,,35917.26,NIFTY NEXT 50 TRI
2019-02-01,,,,36285.98,NIFTY NEXT 50 TRI
2019-02-04,,,,35961.38,NIFTY NEXT 50 TRI
2019-02-05,,,,35708.1,NIFTY NEXT 50 TRI
2019-02-06,,,,36035.54,NIFTY NEXT 50 TRI
2019-02-07,,,,36463.44,NIFTY NEXT 50 TRI
2019-02-08,,,,35897.46,NIFTY NEXT 50 TRI
2019-02-11,,,,35496.28,NIFTY NEXT 50 TRI
2019-02-12,,,,35313.56,NIFTY NEXT 50 TRI
2019-02-13,,,,34951.58,NIFTY NEXT 50 TRI
2019-02-14,,,,35112.28,NIFTY NEXT 50 TRI
2019-02-15,,,,34515.54,NIFTY NEXT 50 TRI
2019-02-18,,,,34248.29,NIFTY NEXT 50 TRI
2019-02-19,,,,34303.91,NIFTY NEXT 50 TRI
2019-02-20,,,,34763.96,NIFTY NEXT 50 TRI
2019-02-21,,,,35061.34,NIFTY NEXT 50 TRI
2019-02-22,,,,35332.89,NIFTY NEXT 50 TRI
2019-02-25,,,,35488.74,NIFTY NEXT 50 TRI
2019-02-26,,,,35471.12,NIFTY NEXT 50 TRI
2019-02-27,,,,35627.99,NIFTY NEXT 50 TRI
2019-02-28,,,,35903.67,NIFTY NEXT 50 TRI
2019-03-01,,,,36355.18,NIFTY NEXT 50 TRI
2019-03-05,,,,37037.85,NIFTY NEXT 50 TRI
2019-03-06,,,,37323.7,NIFTY NEXT 50 TRI
2019-03-07,,,,37149.53,NIFTY NEXT 50 TRI
2019-03-08,,,,37188.38,NIFTY NEXT 50 TRI
2019-03-11,,,,38040.73,NIFTY NEXT 50 TRI
2019-03-12,,,,38204.27,NIFTY NEXT 50 TRI
2019-03-13,,,,37986.96,NIFTY NEXT 50 TRI
2019-03-14,,,,37846.78,NIFTY NEXT 50 TRI
2019-03-15,,,,37800.1,NIFTY NEXT 50 TRI
2019-03-18,,,,37885.47,NIFTY NEXT 50 TRI
2019-03-19,,,,38008.33,NIFTY NEXT 50 TRI
2019-03-20,,,,37881.61,NIFTY NEXT 50 TRI
2019-03-22,,,,37632.97,NIFTY NEXT 50 TRI
2019-03-25,,,,37176.45,NIFTY NEXT 50 TRI
2019-03-26,,,,37526.94,NIFTY NEXT 50 TRI
2019-03-27,,,,37451.22,NIFTY NEXT 50 TRI
2019-03-28,,,,37789.98,NIFTY NEXT 50 TRI
2019-03-29,,,,38344.26,NIFTY NEXT 50 TRI
2019-04-01,,,,38414.93,NIFTY NEXT 50 TRI
2019-04-02,,,,38147.82,NIFTY NEXT 50 TRI
2019-04-03,,,,38008.77,NIFTY NEXT 50 TRI
2019-04-04,,,,37991.68,NIFTY NEXT 50 TRI
2019-04-05,,,,38162.88,NIFTY NEXT 50 TRI
2019-04-08,,,,38022.18,NIFTY NEXT 50 TRI
2019-04-09,,,,38167.52,NIFTY NEXT 50 TRI
2019-04-10,,,,38045.94,NIFTY NEXT 50 TRI
2019-04-11,,,,38170.37,NIFTY NEXT 50 TRI
2019-04-12,,,,38336.56,NIFTY NEXT 50 TRI
2019-04-15,,,,38497.08,NIFTY NEXT 50 TRI
2019-04-16,,,,38704.47,NIFTY NEXT 50 TRI
2019-04-18,,,,38537.84,NIFTY NEXT 50 TRI
2019-04-22,,,,37843.14,NIFTY NEXT 50 TRI
2019-04-23,,,,37799.23,NIFTY NEXT 50 TRI
2019-04-24,,,,38047.39,NIFTY NEXT 50 TRI
2019-04-25,,,,37853.58,NIFTY NEXT 50 TRI
2019-04-26,,,,37863.25,NIFTY NEXT 50 TRI
2019-04-30,,,,37699.44,NIFTY NEXT 50 TRI
2019-05-02,,,,37508.03,NIFTY NEXT 50 TRI
2019-05-03,,,,37343.48,NIFTY NEXT 50 TRI
2019-05-06,,,,36889.4,NIFTY NEXT 50 TRI
2019-05-07,,,,36641.91,NIFTY NEXT 50 TRI
2019-05-08,,,,36217.93,NIFTY NEXT 50 TRI
2019-05-09,,,,36115.98,NIFTY NEXT 50 TRI
2019-05-10,,,,36020.22,NIFTY NEXT 50 TRI
2019-05-13,,,,35363.31,NIFTY NEXT 50 TRI
2019-05-14,,,,35438.43,NIFTY NEXT 50 TRI
2019-05-15,,,,35283.08,NIFTY NEXT 50 TRI
2019-05-16,,,,35268.52,NIFTY NEXT 50 TRI
2019-05-17,,,,35569.36,NIFTY NEXT 50 TRI
2019-05-20,,,,36728.81,NIFTY NEXT 50 TRI
2019-05-21,,,,36427.22,NIFTY NEXT 50 TRI
2019-05-22,,,,36412.28,NIFTY NEXT 50 TRI
2019-05-23,,,,36546.64,NIFTY NEXT 50 TRI
2019-05-24,,,,37395.01,NIFTY NEXT 50 TRI
2019-05-27,,,,37594.71,NIFTY NEXT 50 TRI
2019-05-28,,,,37736.96,NIFTY NEXT 50 TRI
2019-05-29,,,,37466.54,NIFTY NEXT 50 TRI
2019-05-30,,,,37499.23,NIFTY NEXT 50 TRI
2019-05-31,,,,37758.26,NIFTY NEXT 50 TRI
2019-06-03,,,,38169.94,NIFTY NEXT 50 TRI
2019-06-04,,,,37941.1,NIFTY NEXT 50 TRI
2019-06-06,,,,37170.55,NIFTY NEXT 50 TRI
2019-06-07,,,,37182.25,NIFTY NEXT 50 TRI
2019-06-10,,,,37282.29,NIFTY NEXT 50 TRI
2019-06-11,,,,37495.17,NIFTY NEXT 50 TRI
2019-06-12,,,,37199.25,NIFTY NEXT 50 TRI
2019-06-13,,,,37177.4,NIFTY NEXT 50 TRI
2019-06-14,,,,36788.84,NIFTY NEXT 50 TRI
2019-06-17,,,,36217.57,NIFTY NEXT 50 TRI
2019-06-18,,,,36261.94,NIFTY NEXT 50 TRI
2019-06-19,,,,36062.41,NIFTY NEXT 50 TRI
2019-06-20,,,,36670.55,NIFTY NEXT 50 TRI
2019-06-21,,,,36572.84,NIFTY NEXT 50 TRI
2019-06-24,,,,36619.08,NIFTY NEXT 50 TRI
2019-06-25,,,,36711.72,NIFTY NEXT 50 TRI
2019-06-26,,,,37007.65,NIFTY NEXT 50 TRI
2019-06-27,,,,37191.08,NIFTY NEXT 50 TRI
2019-06-28,,,,37124.74,NIFTY NEXT 50 TRI
2019-07-01,,,,37313.85,NIFTY NEXT 50 TRI
2019-07-02,,,,37437.58,NIFTY NEXT 50 TRI
2019-07-03,,,,37630.52,NIFTY NEXT 50 TRI
2019-07-04,,,,37710.38,NIFTY NEXT 50 TRI
2019-07-05,,,,37188.81,NIFTY NEXT 50 TRI
2019-07-08,,,,36418.12,NIFTY NEXT 50 TRI
2019-07-09,,,,36614.6,NIFTY NEXT 50 TRI
2019-07-10,,,,36324.41,NIFTY NEXT 50 TRI
2019-07-11,,,,36594.81,NIFTY NEXT 50 TRI
2019-07-12,,,,36664.86,NIFTY NEXT 50 TRI
2019-07-15,,,,36817.95,NIFTY NEXT 50 TRI
2019-07-16,,,,37183.71,NIFTY NEXT 50 TRI
2019-07-17,,,,37269.15,NIFTY NEXT 50 TRI
2019-07-18,,,,36874.88,NIFTY NEXT 50 TRI
2019-07-19,,,,36256.21,NIFTY NEXT 50 TRI
2019-07-22,,,,36289.55,NIFTY NEXT 50 TRI
2019-07-23,,,,36155.51,NIFTY NEXT 50 TRI
2019-07-24,,,,35575.15,NIFTY NEXT 50 TRI
2019-07-25,,,,35808.93,NIFTY NEXT 50 TRI
2019-07-26,,,,36151.71,NIFTY NEXT 50 TRI
2019-07-29,,,,35677.88,NIFTY NEXT 50 TRI
2019-07-30,,,,35188.48,NIFTY NEXT 50 TRI
2019-07-31,,,,35508.48,NIFTY NEXT 50 TRI
2019-08-01,,,,35048.24,NIFTY NEXT 50 TRI
2019-08-02,,,,35154.88,NIFTY NEXT 50 TRI
2019-08-05,,,,34869.54,NIFTY NEXT 50 TRI
2019-08-06,,,,35205.59,NIFTY NEXT 50 TRI
2019-08-07,,,,35048.7,NIFTY NEXT 50 TRI
2019-08-08,,,,35499.06,NIFTY NEXT 50 TRI
2019-08-09,,,,35752.48,NIFTY NEXT 50 TRI
2019-08-13,,,,34935.6,NIFTY NEXT 50 TRI
2019-08-14,,,,35329.94,NIFTY NEXT 50 TRI
2019-08-16,,,,35446.64,NIFTY NEXT 50 TRI
2019-08-19,,,,35456.6,NIFTY NEXT 50 TRI
2019-08-20,,,,35186.14,NIFTY NEXT 50 TRI
2019-08-21,,,,34774.82,NIFTY NEXT 50 TRI
2019-08-22,,,,34306.55,NIFTY NEXT 50 TRI
2019-08-23,,,,34590.72,NIFTY NEXT 50 TRI
2019-08-26,,,,35230.05,NIFTY NEXT 50 TRI
2019-08-27,,,,35697.77,NIFTY NEXT 50 TRI
2019-08-28,,,,35528.37,NIFTY NEXT 50 TRI
2019-08-29,,,,35548.54,NIFTY NEXT 50 TRI
2019-08-30,,,,36037.31,NIFTY NEXT 50 TRI
2019-09-03,,,,35258.45,NIFTY NEXT 50 TRI
2019-09-04,,,,35212.31,NIFTY NEXT 50 TRI
2019-09-05,,,,35395.87,NIFTY NEXT 50 TRI
2019-09-06,,,,35558.13,NIFTY NEXT 50 TRI
2019-09-09,,,,35676.95,NIFTY NEXT 50 TRI
2019-09-11,,,,35915.35,NIFTY NEXT 50 TRI
2019-09-12,,,,35890.51,NIFTY NEXT 50 TRI
2019-09-13,,,,36129.57,NIFTY NEXT 50 TRI
2019-09-16,,,,36090.14,NIFTY NEXT 50 TRI
2019-09-17,,,,35484.9,NIFTY NEXT 50 TRI
2019-09-18,,,,35706.03,NIFTY NEXT 50 TRI
2019-09-19,,,,35394.97,NIFTY NEXT 50 TRI
2019-09-20,,,,37422.3,NIFTY NEXT 50 TRI
2019-09-23,,,,38112.53,NIFTY NEXT 50 TRI
2019-09-24,,,,38153.74,NIFTY NEXT 50 TRI
2019-09-25,,,,37528.3,NIFTY NEXT 50 TRI
2019-09-26,,,,37974.13,NIFTY NEXT 50 TRI
2019-09-27,,,,37983.85,NIFTY NEXT 50 TRI
2019-09-30,,,,37577.22,NIFTY NEXT 50 TRI
2019-10-01,,,,37207.94,NIFTY NEXT 50 TRI
2019-10-03,,,,36898.45,NIFTY NEXT 50 TRI
2019-10-04,,,,36432.03,NIFTY NEXT 50 TRI
2019-10-07,,,,35904.23,NIFTY NEXT 50 TRI
2019-10-09,,,,36402.95,NIFTY NEXT 50 TRI
2019-10-10,,,,36174.32,NIFTY NEXT 50 TRI
2019-10-11,,,,36318.7,NIFTY NEXT 50 TRI
2019-10-14,,,,36582.24,NIFTY NEXT 50 TRI
2019-10-15,,,,36881.24,NIFTY NEXT 50 TRI
2019-10-16,,,,37195.25,NIFTY NEXT 50 TRI
2019-10-17,,,,37723.7,NIFTY NEXT 50 TRI
2019-10-18,,,,38251.51,NIFTY NEXT 50 TRI
2019-10-22,,,,38456.1,NIFTY NEXT 50 TRI
2019-10-23,,,,38424.01,NIFTY NEXT 50 TRI
2019-10-24,,,,38294.01,NIFTY NEXT 50 TRI
2019-10-25,,,,38177.0,NIFTY NEXT 50 TRI
2019-10-27,,,,38400.46,NIFTY NEXT 50 TRI
2019-10-29,,,,38843.35,NIFTY NEXT 50 TRI
2019-10-30,,,,39101.2,NIFTY NEXT 50 TRI
2019-10-31,,,,39222.53,NIFTY NEXT 50 TRI
2019-11-01,,,,39201.29,NIFTY NEXT 50 TRI
2019-11-04,,,,39135.36,NIFTY NEXT 50 TRI
2019-11-05,,,,38856.04,NIFTY NEXT 50 TRI
2019-11-06,,,,38981.58,NIFTY NEXT 50 TRI
2019-11-07,,,,39214.92,NIFTY NEXT 50 TRI
2019-11-08,,,,38806.2,NIFTY NEXT 50 TRI
2019-11-11,,,,38893.54,NIFTY NEXT 50 TRI
2019-11-13,,,,38689.01,NIFTY NEXT 50 TRI
2019-11-14,,,,38524.68,NIFTY NEXT 50 TRI
2019-11-15,,,,38551.99,NIFTY NEXT 50 TRI
2019-11-18,,,,38507.02,NIFTY NEXT 50 TRI
2019-11-19,,,,38397.04,NIFTY NEXT 50 TRI
2019-11-20,,,,38635.07,NIFTY NEXT 50 TRI
2019-11-21,,,,38483.37,NIFTY NEXT 50 TRI
2019-11-22,,,,38382.98,NIFTY NEXT 50 TRI
2019-11-25,,,,38908.62,NIFTY NEXT 50 TRI
2019-11-26,,,,38663.17,NIFTY NEXT 50 TRI
2019-11-27,,,,38943.09,NIFTY NEXT 50 TRI
2019-11-28,,,,39349.28,NIFTY NEXT 50 TRI
2019-11-29,,,,39049.5,NIFTY NEXT 50 TRI
2019-12-02,,,,39039.9,NIFTY NEXT 50 TRI
2019-12-03,,,,38757.78,NIFTY NEXT 50 TRI
2019-12-04,,,,38800.14,NIFTY NEXT 50 TRI
2019-12-05,,,,38501.07,NIFTY NEXT 50 TRI
2019-12-06,,,,38102.32,NIFTY NEXT 50 TRI
2019-12-09,,,,37970.97,NIFTY NEXT 50 TRI
2019-12-10,,,,37568.3,NIFTY NEXT 50 TRI
2019-12-11,,,,37746.91,NIFTY NEXT 50 TRI
2019-12-12,,,,38019.93,NIFTY NEXT 50 TRI
2019-12-13,,,,38406.92,NIFTY NEXT 50 TRI
2019-12-16,,,,38186.07,NIFTY NEXT 50 TRI
2019-12-17,,,,38345.4,NIFTY NEXT 50 TRI
2019-12-18,,,,38491.02,NIFTY NEXT 50 TRI
2019-12-19,,,,38637.55,NIFTY NEXT 50 TRI
2019-12-20,,,,38857.66,NIFTY NEXT 50 TRI
2019-12-23,,,,38843.35,NIFTY NEXT 50 TRI
2019-12-24,,,,38825.71,NIFTY NEXT 50 TRI
2019-12-26,,,,38685.32,NIFTY NEXT 50 TRI
2019-12-27,,,,38954.17,NIFTY NEXT 50 TRI
2019-12-30,,,,38965.24,NIFTY NEXT 50 TRI
2019-12-31,,,,38722.69,NIFTY NEXT 50 TRI
2020-01-01,,,,38703.26,NIFTY NEXT 50 TRI
2020-01-02,,,,39034.34,NIFTY NEXT 50 TRI
2020-01-03,,,,38957.12,NIFTY NEXT 50 TRI
2020-01-06,,,,38158.17,NIFTY NEXT 50 TRI
2020-01-07,,,,38440.43,NIFTY NEXT 50 TRI
2020-01-08,,,,38457.27,NIFTY NEXT 50 TRI
2020-01-09,,,,38964.46,NIFTY NEXT 50 TRI
2020-01-10,,,,39062.62,NIFTY NEXT 50 TRI
2020-01-13,,,,39373.78,NIFTY NEXT 50 TRI
2020-01-14,,,,39458.22,NIFTY NEXT 50 TRI
2020-01-15,,,,39612.35,NIFTY NEXT 50 TRI
2020-01-16,,,,39640.62,NIFTY NEXT 50 TRI
2020-01-17,,,,39717.6,NIFTY NEXT 50 TRI
2020-01-20,,,,39334.03,NIFTY NEXT 50 TRI
2020-01-21,,,,39146.45,NIFTY NEXT 50 TRI
2020-01-22,,,,39113.12,NIFTY NEXT 50 TRI
2020-01-23,,,,39530.77,NIFTY NEXT 50 TRI
2020-01-24,,,,39880.23,NIFTY NEXT 50 TRI
2020-01-27,,,,39616.23,NIFTY NEXT 50 TRI
2020-01-28,,,,39517.73,NIFTY NEXT 50 TRI
2020-01-29,,,,39732.03,NIFTY NEXT 50 TRI
2020-01-30,,,,39031.09,NIFTY NEXT 50 TRI
2020-01-31,,,,38704.99,NIFTY NEXT 50 TRI
2020-02-01,,,,37399.84,NIFTY NEXT 50 TRI
2020-02-03,,,,37668.55,NIFTY NEXT 50 TRI
2020-02-04,,,,38458.92,NIFTY NEXT 50 TRI
2020-02-05,,,,39044.6,NIFTY NEXT 50 TRI
2020-02-06,,,,39509.27,NIFTY NEXT 50 TRI
2020-02-07,,,,39748.86,NIFTY NEXT 50 TRI
2020-02-10,,,,39621.98,NIFTY NEXT 50 TRI
2020-02-11,,,,39485.98,NIFTY NEXT 50 TRI
2020-02-12,,,,39491.03,NIFTY NEXT 50 TRI
2020-02-13,,,,39435.6,NIFTY NEXT 50 TRI
2020-02-14,,,,39015.97,NIFTY NEXT 50 TRI
2020-02-17,,,,38578.2,NIFTY NEXT 50 TRI
2020-02-18,,,,38453.78,NIFTY NEXT 50 TRI
2020-02-19,,,,39235.45,NIFTY NEXT 50 TRI
2020-02-20,,,,39288.91,NIFTY NEXT 50 TRI
2020-02-24,,,,38479.58,NIFTY NEXT 50 TRI
2020-02-25,,,,38201.52,NIFTY NEXT 50 TRI
2020-02-26,,,,37662.07,NIFTY NEXT 50 TRI
2020-02-27,,,,37571.77,NIFTY NEXT 50 TRI
2020-02-28,,,,36307.27,NIFTY NEXT 50 TRI
2020-03-02,,,,36203.04,NIFTY NEXT 50 TRI
2020-03-03,,,,36928.79,NIFTY NEXT 50 TRI
2020-03-04,,,,36641.96,NIFTY NEXT 50 TRI
2020-03-05,,,,36861.93,NIFTY NEXT 50 TRI
2020-03-06,,,,36058.69,NIFTY NEXT 50 TRI
2020-03-09,,,,34478.18,NIFTY NEXT 50 TRI
2020-03-11,,,,34226.02,NIFTY NEXT 50 TRI
2020-03-12,,,,31246.19,NIFTY NEXT 50 TRI
2020-03-13,,,,32139.56,NIFTY NEXT 50 TRI
2020-03-16,,,,30445.75,NIFTY NEXT 50 TRI
2020-03-17,,,,30197.1,NIFTY NEXT 50 TRI
2020-03-18,,,,28717.07,NIFTY NEXT 50 TRI
2020-03-19,,,,27778.61,NIFTY NEXT 50 TRI
2020-03-20,,,,28774.44,NIFTY NEXT 50 TRI
2020-03-23,,,,25431.11,NIFTY NEXT 50 TRI
2020-03-24,,,,25699.41,NIFTY NEXT 50 TRI
2020-03-25,,,,26623.19,NIFTY NEXT 50 TRI
2020-03-26,,,,28090.66,NIFTY NEXT 50 TRI
2020-03-27,,,,28057.92,NIFTY NEXT 50 TRI
2020-03-30,,,,27826.33,NIFTY NEXT 50 TRI
2020-03-31,,,,28998.12,NIFTY NEXT 50 TRI
2020-04-01,,,,28377.76,NIFTY NEXT 50 TRI
2020-04-03,,,,28019.67,NIFTY NEXT 50 TRI
2020-04-07,,,,29808.9,NIFTY NEXT 50 TRI
2020-04-08,,,,30409.56,NIFTY NEXT 50 TRI
2020-04-09,,,,31452.36,NIFTY NEXT 50 TRI
2020-04-13,,,,31405.22,NIFTY NEXT 50 TRI
2020-04-15,,,,31661.53,NIFTY NEXT 50 TRI
2020-04-16,,,,31897.38,NIFTY NEXT 50 TRI
2020-04-17,,,,32296.92,NIFTY NEXT 50 TRI
2020-04-20,,,,32134.39,NIFTY NEXT 50 TRI
2020-04-21,,,,31622.68,NIFTY NEXT 50 TRI
2020-04-22,,,,32018.13,NIFTY NEXT 50 TRI
2020-04-23,,,,32103.15,NIFTY NEXT 50 TRI
2020-04-24,,,,31541.58,NIFTY NEXT 50 TRI
2020-04-27,,,,32180.9,NIFTY NEXT 50 TRI
2020-04-28,,,,32096.72,NIFTY NEXT 50 TRI
2020-04-29,,,,32448.49,NIFTY NEXT 50 TRI
2020-04-30,,,,33105.94,NIFTY NEXT 50 TRI
2020-05-04,,,,31740.95,NIFTY NEXT 50 TRI
2020-05-05,,,,31304.9,NIFTY NEXT 50 TRI
2020-05-06,,,,31604.74,NIFTY NEXT 50 TRI
2020-05-07,,,,31261.45,NIFTY NEXT 50 TRI
2020-05-08,,,,31535.65,NIFTY NEXT 50 TRI
2020-05-11,,,,31867.98,NIFTY NEXT 50 TRI
2020-05-12,,,,31817.49,NIFTY NEXT 50 TRI
2020-05-13,,,,32208.26,NIFTY NEXT 50 TRI
2020-05-14,,,,32000.87,NIFTY NEXT 50 TRI
2020-05-15,,,,31823.99,NIFTY NEXT 50 TRI
2020-05-18,,,,30821.11,NIFTY NEXT 50 TRI
2020-05-19,,,,30998.12,NIFTY NEXT 50 TRI
2020-05-20,,,,31596.0,NIFTY NEXT 50 TRI
2020-05-21,,,,31980.58,NIFTY NEXT 50 TRI
2020-05-22,,,,31635.13,NIFTY NEXT 50 TRI
2020-05-26,,,,31676.63,NIFTY NEXT 50 TRI
2020-05-27,,,,31713.34,NIFTY NEXT 50 TRI
2020-05-28,,,,32273.72,NIFTY NEXT 50 TRI
2020-05-29,,,,33054.6,NIFTY NEXT 50 TRI
2020-06-01,,,,33581.26,NIFTY NEXT 50 TRI
2020-06-02,,,,33800.4,NIFTY NEXT 50 TRI
2020-06-03,,,,33999.92,NIFTY NEXT 50 TRI
2020-06-04,,,,34150.54,NIFTY NEXT 50 TRI
2020-06-05,,,,34796.26,NIFTY NEXT 50 TRI
2020-06-08,,,,34802.68,NIFTY NEXT 50 TRI
2020-06-09,,,,34573.47,NIFTY NEXT 50 TRI
2020-06-10,,,,34561.28,NIFTY NEXT 50 TRI
2020-06-11,,,,34032.38,NIFTY NEXT 50 TRI
2020-06-12,,,,34375.79,NIFTY NEXT 50 TRI
2020-06-15,,,,34066.01,NIFTY NEXT 50 TRI
2020-06-16,,,,34162.37,NIFTY NEXT 50 TRI
2020-06-17,,,,34190.33,NIFTY NEXT 50 TRI
2020-06-18,,,,34286.32,NIFTY NEXT 50 TRI
2020-06-19,,,,34661.93,NIFTY NEXT 50 TRI
2020-06-22,,,,35343.8,NIFTY NEXT 50 TRI
2020-06-23,,,,35983.47,NIFTY NEXT 50 TRI
2020-06-24,,,,35603.06,NIFTY NEXT 50 TRI
2020-06-25,,,,35629.27,NIFTY NEXT 50 TRI
2020-06-26,,,,35688.99,NIFTY NEXT 50 TRI
2020-06-29,,,,35393.58,NIFTY NEXT 50 TRI
2020-06-30,,,,35371.83,NIFTY NEXT 50 TRI
2020-07-01,,,,35388.03,NIFTY NEXT 50 TRI
2020-07-02,,,,35686.71,NIFTY NEXT 50 TRI
2020-07-03,,,,35960.07,NIFTY NEXT 50 TRI
2020-07-06,,,,36123.15,NIFTY NEXT 50 TRI
2020-07-07,,,,36296.13,NIFTY NEXT 50 TRI
2020-07-08,,,,36170.86,NIFTY NEXT 50 TRI
2020-07-09,,,,36134.06,NIFTY NEXT 50 TRI
2020-07-10,,,,36051.54,NIFTY NEXT 50 TRI
2020-07-13,,,,36142.63,NIFTY NEXT 50 TRI
2020-07-14,,,,35787.83,NIFTY NEXT 50 TRI
2020-07-15,,,,35618.09,NIFTY NEXT 50 TRI
2020-07-16,,,,35728.59,NIFTY NEXT 50 TRI
2020-07-17,,,,36314.78,NIFTY NEXT 50 TRI
2020-07-20,,,,36521.19,NIFTY NEXT 50 TRI
2020-07-21,,,,36584.34,NIFTY NEXT 50 TRI
2020-07-22,,,,36385.08,NIFTY NEXT 50 TRI
2020-07-23,,,,36681.66,NIFTY NEXT 50 TRI
2020-07-24,,,,36266.25,NIFTY NEXT 50 TRI
2020-07-27,,,,35982.29,NIFTY NEXT 50 TRI
2020-07-28,,,,36223.81,NIFTY NEXT 50 TRI
2020-07-29,,,,36393.58,NIFTY NEXT 50 TRI
2020-07-30,,,,36575.84,NIFTY NEXT 50 TRI
2020-07-31,,,,36983.27,NIFTY NEXT 50 TRI
2020-08-03,,,,36808.34,NIFTY NEXT 50 TRI
2020-08-04,,,,37044.47,NIFTY NEXT 50 TRI
2020-08-05,,,,37012.89,NIFTY NEXT 50 TRI
2020-08-06,,,,37274.79,NIFTY NEXT 50 TRI
2020-08-07,,,,37365.73,NIFTY NEXT 50 TRI
2020-08-10,,,,37910.55,NIFTY NEXT 50 TRI
2020-08-11,,,,37725.98,NIFTY NEXT 50 TRI
2020-08-12,,,,37710.95,NIFTY NEXT 50 TRI
2020-08-13,,,,37900.97,NIFTY NEXT 50 TRI
2020-08-14,,,,37549.22,NIFTY NEXT 50 TRI
2020-08-17,,,,37674.62,NIFTY NEXT 50 TRI
2020-08-18,,,,38111.53,NIFTY NEXT 50 TRI
2020-08-19,,,,38169.44,NIFTY NEXT 50 TRI
2020-08-20,,,,38139.41,NIFTY NEXT 50 TRI
2020-08-21,,,,38257.68,NIFTY NEXT 50 TRI
2020-08-24,,,,38263.18,NIFTY NEXT 50 TRI
2020-08-25,,,,38297.24,NIFTY NEXT 50 TRI
2020-08-26,,,,38321.24,NIFTY NEXT 50 TRI
2020-08-27,,,,38482.36,NIFTY NEXT 50 TRI
2020-08-28,,,,38603.63,NIFTY NEXT 50 TRI
2020-08-31,,,,36957.75,NIFTY NEXT 50 TRI
2020-09-01,,,,37396.9,NIFTY NEXT 50 TRI
2020-09-02,,,,37817.22,NIFTY NEXT 50 TRI
2020-09-03,,,,38046.23,NIFTY NEXT 50 TRI
2020-09-04,,,,37345.36,NIFTY NEXT 50 TRI
2020-09-07,,,,37222.05,NIFTY NEXT 50 TRI
2020-09-08,,,,36969.55,NIFTY NEXT 50 TRI
2020-09-09,,,,36907.99,NIFTY NEXT 50 TRI
2020-09-10,,,,37266.64,NIFTY NEXT 50 TRI
2020-09-11,,,,37597.52,NIFTY NEXT 50 TRI
2020-09-14,,,,37552.68,NIFTY NEXT 50 TRI
2020-09-15,,,,37913.09,NIFTY NEXT 50 TRI
2020-09-16,,,,38092.58,NIFTY NEXT 50 TRI
2020-09-17,,,,37881.62,NIFTY NEXT 50 TRI
2020-09-18,,,,37973.42,NIFTY NEXT 50 TRI
2020-09-21,,,,36762.24,NIFTY NEXT 50 TRI
2020-09-22,,,,36329.82,NIFTY NEXT 50 TRI
2020-09-23,,,,36236.78,NIFTY NEXT 50 TRI
2020-09-24,,,,35418.86,NIFTY NEXT 50 TRI
2020-09-25,,,,36385.22,NIFTY NEXT 50 TRI
2020-09-28,,,,37202.87,NIFTY NEXT 50 TRI
2020-09-29,,,,37030.69,NIFTY NEXT 50 TRI
2020-09-30,,,,37262.59,NIFTY NEXT 50 TRI
2020-10-01,,,,37561.31,NIFTY NEXT 50 TRI
2020-10-05,,,,37658.26,NIFTY NEXT 50 TRI
2020-10-06,,,,37798.87,NIFTY NEXT 50 TRI
2020-10-07,,,,37704.67,NIFTY NEXT 50 TRI
2020-10-08,,,,37889.41,NIFTY NEXT 50 TRI
2020-10-09,,,,37780.93,NIFTY NEXT 50 TRI
2020-10-12,,,,37625.28,NIFTY NEXT 50 TRI
2020-10-13,,,,37468.71,NIFTY NEXT 50 TRI
2020-10-14,,,,37743.95,NIFTY NEXT 50 TRI
2020-10-15,,,,37107.98,NIFTY NEXT 50 TRI
2020-10-16,,,,37430.03,NIFTY NEXT 50 TRI
2020-10-19,,,,37738.81,NIFTY NEXT 50 TRI
2020-10-20,,,,37814.97,NIFTY NEXT 50 TRI
2020-10-21,,,,37726.32,NIFTY NEXT 50 TRI
2020-10-22,,,,37699.58,NIFTY NEXT 50 TRI
2020-10-23,,,,37811.57,NIFTY NEXT 50 TRI
2020-10-26,,,,37301.42,NIFTY NEXT 50 TRI
2020-10-27,,,,37855.52,NIFTY NEXT 50 TRI
2020-10-28,,,,37544.04,NIFTY NEXT 50 TRI
2020-10-29,,,,37723.31,NIFTY NEXT 50 TRI
2020-10-30,,,,37710.72,NIFTY NEXT 50 TRI
2020-11-02,,,,37843.84,NIFTY NEXT 50 TRI
2020-11-03,,,,38062.48,NIFTY NEXT 50 TRI
2020-11-04,,,,38317.34,NIFTY NEXT 50 TRI
2020-11-05,,,,38940.0,NIFTY NEXT 50 TRI
2020-11-06,,,,39078.57,NIFTY NEXT 50 TRI
2020-11-09,,,,39645.61,NIFTY NEXT 50 TRI
2020-11-10,,,,39371.77,NIFTY NEXT 50 TRI
2020-11-11,,,,39835.05,NIFTY NEXT 50 TRI
2020-11-12,,,,40069.87,NIFTY NEXT 50 TRI
2020-11-13,,,,40433.43,NIFTY NEXT 50 TRI
2020-11-14,,,,40617.04,NIFTY NEXT 50 TRI
2020-11-17,,,,40956.37,NIFTY NEXT 50 TRI
2020-11-18,,,,41100.97,NIFTY NEXT 50 TRI
2020-11-19,,,,40809.67,NIFTY NEXT 50 TRI
2020-11-20,,,,41324.36,NIFTY NEXT 50 TRI
2020-11-23,,,,41724.95,NIFTY NEXT 50 TRI
2020-11-24,,,,41941.45,NIFTY NEXT 50 TRI
2020-11-25,,,,41305.2,NIFTY NEXT 50 TRI
2020-11-26,,,,41677.66,NIFTY NEXT 50 TRI
2020-11-27,,,,41882.48,NIFTY NEXT 50 TRI
2020-12-01,,,,42435.16,NIFTY NEXT 50 TRI
2020-12-02,,,,42791.13,NIFTY NEXT 50 TRI
2020-12-03,,,,43242.42,NIFTY NEXT 50 TRI
2020-12-04,,,,43407.72,NIFTY NEXT 50 TRI
2020-12-07,,,,43802.07,NIFTY NEXT 50 TRI
2020-12-08,,,,43787.81,NIFTY NEXT 50 TRI
2020-12-09,,,,43798.58,NIFTY NEXT 50 TRI
2020-12-10,,,,43975.93,NIFTY NEXT 50 TRI
2020-12-11,,,,44083.8,NIFTY NEXT 50 TRI
2020-12-14,,,,44242.15,NIFTY NEXT 50 TRI
2020-12-15,,,,44144.46,NIFTY NEXT 50 TRI
2020-12-16,,,,44380.75,NIFTY NEXT 50 TRI
2020-12-17,,,,44225.99,NIFTY NEXT 50 TRI
2020-12-18,,,,44296.36,NIFTY NEXT 50 TRI
2020-12-21,,,,42762.07,NIFTY NEXT 50 TRI
2020-12-22,,,,43377.58,NIFTY NEXT 50 TRI
2020-12-23,,,,44112.81,NIFTY NEXT 50 TRI
2020-12-24,,,,44276.75,NIFTY NEXT 50 TRI
2020-12-28,,,,44666.84,NIFTY NEXT 50 TRI
2020-12-29,,,,44639.83,NIFTY NEXT 50 TRI
2020-12-30,,,,44823.31,NIFTY NEXT 50 TRI
2020-12-31,,,,44884.27,NIFTY NEXT 50 TRI
2021-01-01,,,,45239.65,NIFTY NEXT 50 TRI
2021-01-04,,,,45951.7,NIFTY NEXT 50 TRI
2021-01-05,,,,46693.27,NIFTY NEXT 50 TRI
2021-01-06,,,,46605.93,NIFTY NEXT 50 TRI
2021-01-07,,,,46790.76,NIFTY NEXT 50 TRI
2021-01-08,,,,47400.58,NIFTY NEXT 50 TRI
2021-01-11,,,,47576.73,NIFTY NEXT 50 TRI
2021-01-12,,,,47444.99,NIFTY NEXT 50 TRI
2021-01-13,,,,47158.89,NIFTY NEXT 50 TRI
2021-01-14,,,,47383.2,NIFTY NEXT 50 TRI
2021-01-15,,,,46641.08,NIFTY NEXT 50 TRI
2021-01-18,,,,45783.24,NIFTY NEXT 50 TRI
2021-01-19,,,,46564.1,NIFTY NEXT 50 TRI
2021-01-20,,,,46829.47,NIFTY NEXT 50 TRI
2021-01-21,,,,46411.32,NIFTY NEXT 50 TRI
2021-01-22,,,,46031.06,NIFTY NEXT 50 TRI
2021-01-25,,,,45673.92,NIFTY NEXT 50 TRI
2021-01-27,,,,45072.4,NIFTY NEXT 50 TRI
2021-01-28,,,,44897.79,NIFTY NEXT 50 TRI
2021-01-29,,,,43834.24,NIFTY NEXT 50 TRI
2021-02-01,,,,45102.32,NIFTY NEXT 50 TRI
2021-02-02,,,,46021.39,NIFTY NEXT 50 TRI
2021-02-03,,,,46240.97,NIFTY NEXT 50 TRI
2021-02-04,,,,46983.7,NIFTY NEXT 50 TRI
2021-02-05,,,,46661.77,NIFTY NEXT 50 TRI
2021-02-08,,,,47178.78,NIFTY NEXT 50 TRI
2021-02-09,,,,47154.0,NIFTY NEXT 50 TRI
2021-02-10,,,,47343.33,NIFTY NEXT 50 TRI
2021-02-11,,,,47706.96,NIFTY NEXT 50 TRI
2021-02-12,,,,47825.24,NIFTY NEXT 50 TRI
2021-02-15,,,,48337.03,NIFTY NEXT 50 TRI
2021-02-16,,,,48529.61,NIFTY NEXT 50 TRI
2021-02-17,,,,48628.98,NIFTY NEXT 50 TRI
2021-02-18,,,,48866.58,NIFTY NEXT 50 TRI
2021-02-19,,,,48217.06,NIFTY NEXT 50 TRI
2021-02-22,,,,47437.09,NIFTY NEXT 50 TRI
2021-02-23,,,,47769.41,NIFTY NEXT 50 TRI
2021-02-24,,,,48024.66,NIFTY NEXT 50 TRI
2021-02-25,,,,48343.34,NIFTY NEXT 50 TRI
2021-02-26,,,,47279.07,NIFTY NEXT 50 TRI
2021-03-01,,,,47729.0,NIFTY NEXT 50 TRI
2021-03-02,,,,48556.8,NIFTY NEXT 50 TRI
2021-03-03,,,,49332.3,NIFTY NEXT 50 TRI
2021-03-04,,,,49421.71,NIFTY NEXT 50 TRI
2021-03-05,,,,48704.77,NIFTY NEXT 50 TRI
2021-03-08,,,,48623.01,NIFTY NEXT 50 TRI
2021-03-09,,,,48247.6,NIFTY NEXT 50 TRI
2021-03-10,,,,48549.88,NIFTY NEXT 50 TRI
2021-03-12,,,,48095.25,NIFTY NEXT 50 TRI
2021-03-15,,,,47839.82,NIFTY NEXT 50 TRI
2021-03-16,,,,48063.53,NIFTY NEXT 50 TRI
2021-03-17,,,,47118.57,NIFTY NEXT 50 TRI
2021-03-18,,,,46557.42,NIFTY NEXT 50 TRI
2021-03-19,,,,47090.35,NIFTY NEXT 50 TRI
2021-03-22,,,,47556.04,NIFTY NEXT 50 TRI
2021-03-23,,,,48135.54,NIFTY NEXT 50 TRI
2021-03-24,,,,47413.89,NIFTY NEXT 50 TRI
2021-03-25,,,,46369.41,NIFTY NEXT 50 TRI
2021-03-26,,,,46933.78,NIFTY NEXT 50 TRI
2021-03-30,,,,47114.25,NIFTY NEXT 50 TRI
2021-03-31,,,,47248.21,NIFTY NEXT 50 TRI
2021-04-01,,,,47957.81,NIFTY NEXT 50 TRI
2021-04-05,,,,47516.94,NIFTY NEXT 50 TRI
2021-04-06,,,,47991.68,NIFTY NEXT 50 TRI
2021-04-07,,,,48466.14,NIFTY NEXT 50 TRI
2021-04-08,,,,48830.98,NIFTY NEXT 50 TRI
2021-04-09,,,,48883.19,NIFTY NEXT 50 TRI
2021-04-12,,,,46609.06,NIFTY NEXT 50 TRI
2021-04-13,,,,47092.31,NIFTY NEXT 50 TRI
2021-04-15,,,,47382.27,NIFTY NEXT 50 TRI
2021-04-16,,,,47890.26,NIFTY NEXT 50 TRI
2021-04-19,,,,47069.88,NIFTY NEXT 50 TRI
2021-04-20,,,,47280.17,NIFTY NEXT 50 TRI
2021-04-22,,,,47350.49,NIFTY NEXT 50 TRI
2021-04-23,,,,47408.55,NIFTY NEXT 50 TRI
2021-04-26,,,,47647.47,NIFTY NEXT 50 TRI
2021-04-27,,,,48016.73,NIFTY NEXT 50 TRI
2021-04-28,,,,48311.96,NIFTY NEXT 50 TRI
2021-04-29,,,,48295.38,NIFTY NEXT 50 TRI
2021-04-30,,,,48064.49,NIFTY NEXT 50 TRI
2021-05-03,,,,48479.78,NIFTY NEXT 50 TRI
2021-05-04,,,,48288.86,NIFTY NEXT 50 TRI
2021-05-05,,,,49083.56,NIFTY NEXT 50 TRI
2021-05-06,,,,49362.22,NIFTY NEXT 50 TRI
2021-05-07,,,,49527.12,NIFTY NEXT 50 TRI
2021-05-10,,,,50043.2,NIFTY NEXT 50 TRI
2021-05-11,,,,50150.15,NIFTY NEXT 50 TRI
2021-05-12,,,,50212.69,NIFTY NEXT 50 TRI
2021-05-14,,,,49496.53,NIFTY NEXT 50 TRI
2021-05-17,,,,50121.0,NIFTY NEXT 50 TRI
2021-05-18,,,,50790.1,NIFTY NEXT 50 TRI
2021-05-19,,,,51123.59,NIFTY NEXT 50 TRI
2021-05-20,,,,51094.92,NIFTY NEXT 50 TRI
2021-05-21,,,,51313.8,NIFTY NEXT 50 TRI
2021-05-24,,,,51682.16,NIFTY NEXT 50 TRI
2021-05-25,,,,51500.41,NIFTY NEXT 50 TRI
2021-05-26,,,,51435.48,NIFTY NEXT 50 TRI
2021-05-27,,,,51675.67,NIFTY NEXT 50 TRI
2021-05-28,,,,51714.27,NIFTY NEXT 50 TRI
2021-05-31,,,,52176.36,NIFTY NEXT 50 TRI
2021-06-01,,,,52120.41,NIFTY NEXT 50 TRI
2021-06-02,,,,53077.17,NIFTY NEXT 50 TRI
2021-06-03,,,,53570.05,NIFTY NEXT 50 TRI
2021-06-04,,,,53816.45,NIFTY NEXT 50 TRI
2021-06-07,,,,53862.85,NIFTY NEXT 50 TRI
2021-06-08,,,,54068.49,NIFTY NEXT 50 TRI
2021-06-09,,,,53567.98,NIFTY NEXT 50 TRI
2021-06-10,,,,54221.87,NIFTY NEXT 50 TRI
2021-06-11,,,,54342.44,NIFTY NEXT 50 TRI
2021-06-14,,,,54103.34,NIFTY NEXT 50 TRI
2021-06-15,,,,54278.68,NIFTY NEXT 50 TRI
2021-06-16,,,,53776.75,NIFTY NEXT 50 TRI
2021-06-17,,,,53281.25,NIFTY NEXT 50 TRI
2021-06-18,,,,52998.89,NIFTY NEXT 50 TRI
2021-06-21,,,,53463.57,NIFTY NEXT 50 TRI
2021-06-22,,,,53726.54,NIFTY NEXT 50 TRI
2021-06-23,,,,53292.11,NIFTY NEXT 50 TRI
2021-06-24,,,,53037.47,NIFTY NEXT 50 TRI
2021-06-25,,,,53400.63,NIFTY NEXT 50 TRI
2021-06-28,,,,53609.4,NIFTY NEXT 50 TRI
2021-06-29,,,,53512.63,NIFTY NEXT 50 TRI
2021-06-30,,,,53284.45,NIFTY NEXT 50 TRI
2021-07-01,,,,53482.92,NIFTY NEXT 50 TRI
2021-07-02,,,,53332.86,NIFTY NEXT 50 TRI
2021-07-05,,,,53668.06,NIFTY NEXT 50 TRI
2021-07-06,,,,53682.16,NIFTY NEXT 50 TRI
2021-07-07,,,,53908.65,NIFTY NEXT 50 TRI
2021-07-08,,,,53803.84,NIFTY NEXT 50 TRI
2021-07-09,,,,53893.02,NIFTY NEXT 50 TRI
2021-07-12,,,,53938.56,NIFTY NEXT 50 TRI
2021-07-13,,,,53833.48,NIFTY NEXT 50 TRI
2021-07-14,,,,53834.2,NIFTY NEXT 50 TRI
2021-07-15,,,,54011.25,NIFTY NEXT 50 TRI
2021-07-16,,,,54269.23,NIFTY NEXT 50 TRI
2021-07-19,,,,53923.77,NIFTY NEXT 50 TRI
2021-07-20,,,,53565.67,NIFTY NEXT 50 TRI
2021-07-22,,,,54512.33,NIFTY NEXT 50 TRI
2021-07-23,,,,54446.71,NIFTY NEXT 50 TRI
2021-07-26,,,,54500.64,NIFTY NEXT 50 TRI
2021-07-27,,,,54173.92,NIFTY NEXT 50 TRI
2021-07-28,,,,54274.51,NIFTY NEXT 50 TRI
2021-07-29,,,,54315.92,NIFTY NEXT 50 TRI
2021-07-30,,,,54550.04,NIFTY NEXT 50 TRI
2021-08-02,,,,55050.03,NIFTY NEXT 50 TRI
2021-08-03,,,,55509.8,NIFTY NEXT 50 TRI
2021-08-04,,,,55113.09,NIFTY NEXT 50 TRI
2021-08-05,,,,54992.52,NIFTY NEXT 50 TRI
2021-08-06,,,,55111.26,NIFTY NEXT 50 TRI
2021-08-09,,,,54858.43,NIFTY NEXT 50 TRI
2021-08-10,,,,54637.59,NIFTY NEXT 50 TRI
2021-08-11,,,,54513.89,NIFTY NEXT 50 TRI
2021-08-12,,,,54681.14,NIFTY NEXT 50 TRI
2021-08-13,,,,54749.14,NIFTY NEXT 50 TRI
2021-08-16,,,,54814.56,NIFTY NEXT 50 TRI
2021-08-17,,,,55101.68,NIFTY NEXT 50 TRI
2021-08-18,,,,55409.21,NIFTY NEXT 50 TRI
2021-08-20,,,,54588.88,NIFTY NEXT 50 TRI
2021-08-23,,,,54370.73,NIFTY NEXT 50 TRI
2021-08-24,,,,54899.81,NIFTY NEXT 50 TRI
2021-08-25,,,,55153.69,NIFTY NEXT 50 TRI
2021-08-26,,,,55318.8,NIFTY NEXT 50 TRI
2021-08-27,,,,56013.81,NIFTY NEXT 50 TRI
2021-08-30,,,,56879.73,NIFTY NEXT 50 TRI
2021-08-31,,,,57651.82,NIFTY NEXT 50 TRI
2021-09-01,,,,58070.69,NIFTY NEXT 50 TRI
2021-09-02,,,,58664.19,NIFTY NEXT 50 TRI
2021-09-03,,,,59001.65,NIFTY NEXT 50 TRI
2021-09-06,,,,58924.59,NIFTY NEXT 50 TRI
2021-09-07,,,,58722.44,NIFTY NEXT 50 TRI
2021-09-08,,,,59042.9,NIFTY NEXT 50 TRI
2021-09-09,,,,59300.3,NIFTY NEXT 50 TRI
2021-09-13,,,,59484.66,NIFTY NEXT 50 TRI
2021-09-14,,,,59671.05,NIFTY NEXT 50 TRI
2021-09-15,,,,59906.98,NIFTY NEXT 50 TRI
2021-09-16,,,,60332.42,NIFTY NEXT 50 TRI
2021-09-17,,,,59836.95,NIFTY NEXT 50 TRI
2021-09-20,,,,58724.05,NIFTY NEXT 50 TRI
2021-09-21,,,,59237.89,NIFTY NEXT 50 TRI
2021-09-22,,,,59560.07,NIFTY NEXT 50 TRI
2021-09-23,,,,60225.82,NIFTY NEXT 50 TRI
2021-09-24,,,,59718.31,NIFTY NEXT 50 TRI
2021-09-27,,,,59549.3,NIFTY NEXT 50 TRI
2021-09-28,,,,59137.53,NIFTY NEXT 50 TRI
2021-09-29,,,,58819.05,NIFTY NEXT 50 TRI
2021-09-30,,,,58781.34,NIFTY NEXT 50 TRI
2021-10-01,,,,58961.36,NIFTY NEXT 50 TRI
2021-10-04,,,,59857.11,NIFTY NEXT 50 TRI
2021-10-05,,,,60096.6,NIFTY NEXT 50 TRI
2021-10-06,,,,59523.89,NIFTY NEXT 50 TRI
2021-10-07,,,,60150.44,NIFTY NEXT 50 TRI
2021-10-08,,,,60011.28,NIFTY NEXT 50 TRI
2021-10-11,,,,60280.92,NIFTY NEXT 50 TRI
2021-10-12,,,,60735.4,NIFTY NEXT 50 TRI
2021-10-13,,,,61324.04,NIFTY NEXT 50 TRI
2021-10-14,,,,61851.21,NIFTY NEXT 50 TRI
2021-10-18,,,,62004.77,NIFTY NEXT 50 TRI
2021-10-19,,,,61141.23,NIFTY NEXT 50 TRI
2021-10-20,,,,60083.41,NIFTY NEXT 50 TRI
2021-10-21,,,,59639.15,NIFTY NEXT 50 TRI
2021-10-22,,,,58808.96,NIFTY NEXT 50 TRI
2021-10-25,,,,58297.42,NIFTY NEXT 50 TRI
2021-10-26,,,,58985.81,NIFTY NEXT 50 TRI
2021-10-27,,,,59294.12,NIFTY NEXT 50 TRI
2021-10-28,,,,58037.45,NIFTY NEXT 50 TRI
2021-10-29,,,,58381.27,NIFTY NEXT 50 TRI
2021-11-01,,,,59119.99,NIFTY NEXT 50 TRI
2021-11-02,,,,59146.07,NIFTY NEXT 50 TRI
2021-11-03,,,,59483.03,NIFTY NEXT 50 TRI
2021-11-04,,,,59797.78,NIFTY NEXT 50 TRI
2021-11-08,,,,60584.16,NIFTY NEXT 50 TRI
2021-11-09,,,,60838.02,NIFTY NEXT 50 TRI
2021-11-10,,,,60944.13,NIFTY NEXT 50 TRI
2021-11-11,,,,60689.59,NIFTY NEXT 50 TRI
2021-11-12,,,,61428.9,NIFTY NEXT 50 TRI
2021-11-15,,,,61594.97,NIFTY NEXT 50 TRI
2021-11-16,,,,61495.05,NIFTY NEXT 50 TRI
2021-11-17,,,,61429.37,NIFTY NEXT 50 TRI
2021-11-18,,,,60560.22,NIFTY NEXT 50 TRI
2021-11-22,,,,59434.04,NIFTY NEXT 50 TRI
2021-11-23,,,,60327.73,NIFTY NEXT 50 TRI
2021-11-24,,,,60005.59,NIFTY NEXT 50 TRI
2021-11-25,,,,60523.04,NIFTY NEXT 50 TRI
2021-11-26,,,,58693.88,NIFTY NEXT 50 TRI
2021-11-29,,,,58155.63,NIFTY NEXT 50 TRI
2021-11-30,,,,58014.94,NIFTY NEXT 50 TRI
2021-12-01,,,,58348.42,NIFTY NEXT 50 TRI
2021-12-02,,,,58926.26,NIFTY NEXT 50 TRI
2021-12-03,,,,58808.2,NIFTY NEXT 50 TRI
2021-12-06,,,,57673.86,NIFTY NEXT 50 TRI
2021-12-07,,,,58547.13,NIFTY NEXT 50 TRI
2021-12-08,,,,59305.57,NIFTY NEXT 50 TRI
2021-12-09,,,,59430.61,NIFTY NEXT 50 TRI
2021-12-10,,,,59661.26,NIFTY NEXT 50 TRI
2021-12-13,,,,59372.55,NIFTY NEXT 50 TRI
2021-12-14,,,,59566.79,NIFTY NEXT 50 TRI
2021-12-15,,,,59074.93,NIFTY NEXT 50 TRI
2021-12-16,,,,58871.14,NIFTY NEXT 50 TRI
2021-12-17,,,,57503.45,NIFTY NEXT 50 TRI
2021-12-20,,,,55876.87,NIFTY NEXT 50 TRI
2021-12-21,,,,56930.76,NIFTY NEXT 50 TRI
2021-12-22,,,,57711.88,NIFTY NEXT 50 TRI
2021-12-23,,,,58328.58,NIFTY NEXT 50 TRI
2021-12-24,,,,57719.6,NIFTY NEXT 50 TRI
2021-12-27,,,,57872.0,NIFTY NEXT 50 TRI
2021-12-28,,,,58393.38,NIFTY NEXT 50 TRI
2021-12-29,,,,58260.58,NIFTY NEXT 50 TRI
2021-12-30,,,,57849.64,NIFTY NEXT 50 TRI
2021-12-31,,,,58740.65,NIFTY NEXT 50 TRI
2022-01-03,,,,59202.28,NIFTY NEXT 50 TRI
2022-01-04,,,,59211.52,NIFTY NEXT 50 TRI
2022-01-05,,,,59495.49,NIFTY NEXT 50 TRI
2022-01-06,,,,59341.32,NIFTY NEXT 50 TRI
2022-01-07,,,,59587.19,NIFTY NEXT 50 TRI
2022-01-10,,,,59820.88,NIFTY NEXT 50 TRI
2022-01-11,,,,59794.48,NIFTY NEXT 50 TRI
2022-01-12,,,,60240.3,NIFTY NEXT 50 TRI
2022-01-13,,,,60508.83,NIFTY NEXT 50 TRI
2022-01-14,,,,60596.53,NIFTY NEXT 50 TRI
2022-01-17,,,,60824.13,NIFTY NEXT 50 TRI
2022-01-18,,,,59774.03,NIFTY NEXT 50 TRI
2022-01-19,,,,59731.83,NIFTY NEXT 50 TRI
2022-01-20,,,,59690.18,NIFTY NEXT 50 TRI
2022-01-21,,,,58697.12,NIFTY NEXT 50 TRI
2022-01-24,,,,56517.78,NIFTY NEXT 50 TRI
2022-01-25,,,,57050.31,NIFTY NEXT 50 TRI
2022-01-27,,,,56077.03,NIFTY NEXT 50 TRI
2022-01-28,,,,56541.62,NIFTY NEXT 50 TRI
2022-01-31,,,,57187.39,NIFTY NEXT 50 TRI
2022-02-01,,,,58179.98,NIFTY NEXT 50 TRI
2022-02-02,,,,58796.02,NIFTY NEXT 50 TRI
2022-02-03,,,,58491.29,NIFTY NEXT 50 TRI
2022-02-04,,,,58461.79,NIFTY NEXT 50 TRI
2022-02-07,,,,58070.52,NIFTY NEXT 50 TRI
2022-02-08,,,,57802.58,NIFTY NEXT 50 TRI
2022-02-09,,,,58456.54,NIFTY NEXT 50 TRI
2022-02-10,,,,58700.43,NIFTY NEXT 50 TRI
2022-02-11,,,,57848.05,NIFTY NEXT 50 TRI
2022-02-14,,,,55916.48,NIFTY NEXT 50 TRI
2022-02-15,,,,57272.51,NIFTY NEXT 50 TRI
2022-02-16,,,,57160.27,NIFTY NEXT 50 TRI
2022-02-17,,,,57313.01,NIFTY NEXT 50 TRI
2022-02-18,,,,56707.01,NIFTY NEXT 50 TRI
2022-02-21,,,,55966.32,NIFTY NEXT 50 TRI
2022-02-22,,,,55854.17,NIFTY NEXT 50 TRI
2022-02-23,,,,56323.96,NIFTY NEXT 50 TRI
2022-02-24,,,,53163.3,NIFTY NEXT 50 TRI
2022-02-25,,,,55175.08,NIFTY NEXT 50 TRI
2022-02-28,,,,55791.72,NIFTY NEXT 50 TRI
2022-03-02,,,,55808.16,NIFTY NEXT 50 TRI
2022-03-03,,,,55733.77,NIFTY NEXT 50 TRI
2022-03-04,,,,54385.12,NIFTY NEXT 50 TRI
2022-03-07,,,,52953.94,NIFTY NEXT 50 TRI
2022-03-08,,,,53752.02,NIFTY NEXT 50 TRI
2022-03-09,,,,54591.3,NIFTY NEXT 50 TRI
2022-03-10,,,,55648.59,NIFTY NEXT 50 TRI
2022-03-11,,,,55922.46,NIFTY NEXT 50 TRI
2022-03-14,,,,55717.0,NIFTY NEXT 50 TRI
2022-03-15,,,,55197.41,NIFTY NEXT 50 TRI
2022-03-16,,,,56447.39,NIFTY NEXT 50 TRI
2022-03-17,,,,57280.2,NIFTY NEXT 50 TRI
2022-03-21,,,,56549.42,NIFTY NEXT 50 TRI
2022-03-22,,,,56645.23,NIFTY NEXT 50 TRI
2022-03-23,,,,56768.23,NIFTY NEXT 50 TRI
2022-03-24,,,,56875.81,NIFTY NEXT 50 TRI
2022-03-25,,,,56898.91,NIFTY NEXT 50 TRI
2022-03-28,,,,56720.93,NIFTY NEXT 50 TRI
2022-03-29,,,,56996.24,NIFTY NEXT 50 TRI
2022-03-30,,,,57360.36,NIFTY NEXT 50 TRI
2022-03-31,,,,57445.19,NIFTY NEXT 50 TRI
2022-04-01,,,,58337.52,NIFTY NEXT 50 TRI
2022-04-04,,,,59269.85,NIFTY NEXT 50 TRI
2022-04-05,,,,59758.14,NIFTY NEXT 50 TRI
2022-04-06,,,,59977.85,NIFTY NEXT 50 TRI
2022-04-07,,,,59801.57,NIFTY NEXT 50 TRI
2022-04-08,,,,60726.33,NIFTY NEXT 50 TRI
2022-04-11,,,,61330.5,NIFTY NEXT 50 TRI
2022-04-12,,,,60637.28,NIFTY NEXT 50 TRI
2022-04-13,,,,60723.53,NIFTY NEXT 50 TRI
2022-04-18,,,,60507.54,NIFTY NEXT 50 TRI
2022-04-19,,,,59404.79,NIFTY NEXT 50 TRI
2022-04-20,,,,59701.89,NIFTY NEXT 50 TRI
2022-04-21,,,,60461.05,NIFTY NEXT 50 TRI
2022-04-22,,,,60011.55,NIFTY NEXT 50 TRI
2022-04-25,,,,58834.04,NIFTY NEXT 50 TRI
2022-04-26,,,,60215.07,NIFTY NEXT 50 TRI
2022-04-27,,,,59421.76,NIFTY NEXT 50 TRI
2022-04-28,,,,60234.43,NIFTY NEXT 50 TRI
2022-04-29,,,,59462.52,NIFTY NEXT 50 TRI
2022-05-02,,,,59248.91,NIFTY NEXT 50 TRI
2022-05-04,,,,57545.02,NIFTY NEXT 50 TRI
2022-05-05,,,,57647.52,NIFTY NEXT 50 TRI
2022-05-06,,,,56429.0,NIFTY NEXT 50 TRI
2022-05-09,,,,55338.82,NIFTY NEXT 50 TRI
2022-05-10,,,,54102.01,NIFTY NEXT 50 TRI
2022-05-11,,,,54039.84,NIFTY NEXT 50 TRI
2022-05-12,,,,52683.66,NIFTY NEXT 50 TRI
2022-05-13,,,,52448.26,NIFTY NEXT 50 TRI
2022-05-16,,,,53240.52,NIFTY NEXT 50 TRI
2022-05-17,,,,54602.04,NIFTY NEXT 50 TRI
2022-05-18,,,,54631.77,NIFTY NEXT 50 TRI
2022-05-19,,,,53136.97,NIFTY NEXT 50 TRI
2022-05-20,,,,53932.8,NIFTY NEXT 50 TRI
2022-05-23,,,,53464.38,NIFTY NEXT 50 TRI
2022-05-24,,,,53014.55,NIFTY NEXT 50 TRI
2022-05-25,,,,52113.78,NIFTY NEXT 50 TRI
2022-05-26,,,,52835.03,NIFTY NEXT 50 TRI
2022-05-27,,,,53192.29,NIFTY NEXT 50 TRI
2022-05-30,,,,54459.52,NIFTY NEXT 50 TRI
2022-05-31,,,,54509.84,NIFTY NEXT 50 TRI
2022-06-01,,,,53997.92,NIFTY NEXT 50 TRI
2022-06-02,,,,54281.5,NIFTY NEXT 50 TRI
2022-06-03,,,,53502.73,NIFTY NEXT 50 TRI
2022-06-06,,,,53347.02,NIFTY NEXT 50 TRI
2022-06-07,,,,52899.36,NIFTY NEXT 50 TRI
2022-06-08,,,,52734.13,NIFTY NEXT 50 TRI
2022-06-09,,,,53160.6,NIFTY NEXT 50 TRI
2022-06-10,,,,52676.87,NIFTY NEXT 50 TRI
2022-06-13,,,,51536.61,NIFTY NEXT 50 TRI
2022-06-14,,,,51700.96,NIFTY NEXT 50 TRI
2022-06-15,,,,51813.77,NIFTY NEXT 50 TRI
2022-06-16,,,,50741.24,NIFTY NEXT 50 TRI
2022-06-17,,,,49927.68,NIFTY NEXT 50 TRI
2022-06-20,,,,49559.83,NIFTY NEXT 50 TRI
2022-06-21,,,,50925.57,NIFTY NEXT 50 TRI
2022-06-22,,,,50004.5,NIFTY NEXT 50 TRI
2022-06-23,,,,50599.35,NIFTY NEXT 50 TRI
2022-06-24,,,,51264.65,NIFTY NEXT 50 TRI
2022-06-27,,,,51637.25,NIFTY NEXT 50 TRI
2022-06-28,,,,51713.98,NIFTY NEXT 50 TRI
2022-06-29,,,,51352.73,NIFTY NEXT 50 TRI
2022-06-30,,,,51121.08,NIFTY NEXT 50 TRI
2022-07-01,,,,51675.36,NIFTY NEXT 50 TRI
2022-07-04,,,,52197.31,NIFTY NEXT 50 TRI
2022-07-05,,,,52250.94,NIFTY NEXT 50 TRI
2022-07-06,,,,53135.66,NIFTY NEXT 50 TRI
2022-07-07,,,,53593.29,NIFTY NEXT 50 TRI
2022-07-08,,,,53749.97,NIFTY NEXT 50 TRI
2022-07-11,,,,54597.34,NIFTY NEXT 50 TRI
2022-07-12,,,,54414.78,NIFTY NEXT 50 TRI
2022-07-13,,,,54395.82,NIFTY NEXT 50 TRI
2022-07-14,,,,54370.97,NIFTY NEXT 50 TRI
2022-07-15,,,,54585.43,NIFTY NEXT 50 TRI
2022-07-18,,,,55317.63,NIFTY NEXT 50 TRI
2022-07-19,,,,55585.24,NIFTY NEXT 50 TRI
2022-07-20,,,,55687.36,NIFTY NEXT 50 TRI
2022-07-21,,,,56515.02,NIFTY NEXT 50 TRI
2022-07-22,,,,56305.55,NIFTY NEXT 50 TRI
2022-07-25,,,,56246.0,NIFTY NEXT 50 TRI
2022-07-26,,,,55539.51,NIFTY NEXT 50 TRI
2022-07-27,,,,55996.23,NIFTY NEXT 50 TRI
2022-07-28,,,,56668.07,NIFTY NEXT 50 TRI
2022-07-29,,,,57381.42,NIFTY NEXT 50 TRI
2022-08-01,,,,58223.24,NIFTY NEXT 50 TRI
2022-08-02,,,,58477.14,NIFTY NEXT 50 TRI
2022-08-03,,,,58252.71,NIFTY NEXT 50 TRI
2022-08-04,,,,58548.51,NIFTY NEXT 50 TRI
2022-08-05,,,,58491.47,NIFTY NEXT 50 TRI
2022-08-08,,,,58786.01,NIFTY NEXT 50 TRI
2022-08-10,,,,58582.1,NIFTY NEXT 50 TRI
2022-08-11,,,,59114.91,NIFTY NEXT 50 TRI
2022-08-12,,,,59278.01,NIFTY NEXT 50 TRI
2022-08-16,,,,60213.41,NIFTY NEXT 50 TRI
2022-08-17,,,,60825.04,NIFTY NEXT 50 TRI
2022-08-18,,,,61201.4,NIFTY NEXT 50 TRI
2022-08-19,,,,60579.05,NIFTY NEXT 50 TRI
2022-08-22,,,,59460.71,NIFTY NEXT 50 TRI
2022-08-23,,,,59750.11,NIFTY NEXT 50 TRI
2022-08-24,,,,60106.43,NIFTY NEXT 50 TRI
2022-08-25,,,,60124.19,NIFTY NEXT 50 TRI
2022-08-26,,,,60436.12,NIFTY NEXT 50 TRI
2022-08-29,,,,60075.16,NIFTY NEXT 50 TRI
2022-08-30,,,,61389.15,NIFTY NEXT 50 TRI
2022-09-01,,,,61395.71,NIFTY NEXT 50 TRI
2022-09-02,,,,61282.98,NIFTY NEXT 50 TRI
2022-09-05,,,,61211.62,NIFTY NEXT 50 TRI
2022-09-06,,,,61608.98,NIFTY NEXT 50 TRI
2022-09-07,,,,61824.99,NIFTY NEXT 50 TRI
2022-09-08,,,,61990.68,NIFTY NEXT 50 TRI
2022-09-09,,,,61952.08,NIFTY NEXT 50 TRI
2022-09-12,,,,62690.4,NIFTY NEXT 50 TRI
2022-09-13,,,,63101.93,NIFTY NEXT 50 TRI
2022-09-14,,,,63389.36,NIFTY NEXT 50 TRI
2022-09-15,,,,63782.78,NIFTY NEXT 50 TRI
2022-09-16,,,,61928.8,NIFTY NEXT 50 TRI
2022-09-19,,,,62132.41,NIFTY NEXT 50 TRI
2022-09-20,,,,62830.92,NIFTY NEXT 50 TRI
2022-09-21,,,,61827.34,NIFTY NEXT 50 TRI
2022-09-22,,,,62103.08,NIFTY NEXT 50 TRI
2022-09-23,,,,60990.26,NIFTY NEXT 50 TRI
2022-09-26,,,,59333.93,NIFTY NEXT 50 TRI
2022-09-27,,,,59490.92,NIFTY NEXT 50 TRI
2022-09-28,,,,59120.09,NIFTY NEXT 50 TRI
2022-09-29,,,,58931.07,NIFTY NEXT 50 TRI
2022-09-30,,,,59543.82,NIFTY NEXT 50 TRI
2022-10-03,,,,58176.67,NIFTY NEXT 50 TRI
2022-10-04,,,,59538.12,NIFTY NEXT 50 TRI
2022-10-06,,,,60010.68,NIFTY NEXT 50 TRI
2022-10-07,,,,59910.83,NIFTY NEXT 50 TRI
2022-10-10,,,,59413.19,NIFTY NEXT 50 TRI
2022-10-11,,,,58320.56,NIFTY NEXT 50 TRI
2022-10-12,,,,58788.31,NIFTY NEXT 50 TRI
2022-10-13,,,,58212.81,NIFTY NEXT 50 TRI
2022-10-14,,,,58001.85,NIFTY NEXT 50 TRI
2022-10-17,,,,58378.34,NIFTY NEXT 50 TRI
2022-10-18,,,,58980.73,NIFTY NEXT 50 TRI
2022-10-19,,,,58908.96,NIFTY NEXT 50 TRI
2022-10-20,,,,59479.73,NIFTY NEXT 50 TRI
2022-10-21,,,,58689.87,NIFTY NEXT 50 TRI
2022-10-24,,,,58878.75,NIFTY NEXT 50 TRI
2022-10-25,,,,58882.67,NIFTY NEXT 50 TRI
2022-10-27,,,,59563.86,NIFTY NEXT 50 TRI
2022-10-28,,,,59274.75,NIFTY NEXT 50 TRI
2022-10-31,,,,59897.81,NIFTY NEXT 50 TRI
2022-11-01,,,,60509.37,NIFTY NEXT 50 TRI
2022-11-02,,,,60382.02,NIFTY NEXT 50 TRI
2022-11-03,,,,60460.28,NIFTY NEXT 50 TRI
2022-11-04,,,,60572.19,NIFTY NEXT 50 TRI
2022-11-07,,,,60835.31,NIFTY NEXT 50 TRI
2022-11-09,,,,60716.09,NIFTY NEXT 50 TRI
2022-11-10,,,,60123.57,NIFTY NEXT 50 TRI
2022-11-11,,,,60701.11,NIFTY NEXT 50 TRI
2022-11-14,,,,61025.58,NIFTY NEXT 50 TRI
2022-11-15,,,,61127.76,NIFTY NEXT 50 TRI
2022-11-16,,,,60679.89,NIFTY NEXT 50 TRI
2022-11-17,,,,60223.15,NIFTY NEXT 50 TRI
2022-11-18,,,,59894.46,NIFTY NEXT 50 TRI
2022-11-21,,,,59565.24,NIFTY NEXT 50 TRI
2022-11-22,,,,59708.26,NIFTY NEXT 50 TRI
2022-11-23,,,,59822.27,NIFTY NEXT 50 TRI
2022-11-24,,,,60051.68,NIFTY NEXT 50 TRI
2022-11-25,,,,60217.31,NIFTY NEXT 50 TRI
2022-11-28,,,,60349.33,NIFTY NEXT 50 TRI
2022-11-29,,,,60655.48,NIFTY NEXT 50 TRI
2022-11-30,,,,61415.7,NIFTY NEXT 50 TRI
2022-12-01,,,,61654.06,NIFTY NEXT 50 TRI
2022-12-02,,,,61742.73,NIFTY NEXT 50 TRI
2022-12-05,,,,61636.9,NIFTY NEXT 50 TRI
2022-12-06,,,,61582.03,NIFTY NEXT 50 TRI
2022-12-07,,,,61702.93,NIFTY NEXT 50 TRI
2022-12-08,,,,61950.68,NIFTY NEXT 50 TRI
2022-12-09,,,,61571.35,NIFTY NEXT 50 TRI
2022-12-12,,,,61583.01,NIFTY NEXT 50 TRI
2022-12-13,,,,61481.0,NIFTY NEXT 50 TRI
2022-12-14,,,,61766.03,NIFTY NEXT 50 TRI
2022-12-15,,,,61213.57,NIFTY NEXT 50 TRI
2022-12-16,,,,60429.44,NIFTY NEXT 50 TRI
2022-12-19,,,,61029.99,NIFTY NEXT 50 TRI
2022-12-20,,,,60911.57,NIFTY NEXT 50 TRI
2022-12-21,,,,59940.69,NIFTY NEXT 50 TRI
2022-12-22,,,,59501.67,NIFTY NEXT 50 TRI
2022-12-23,,,,57291.03,NIFTY NEXT 50 TRI
2022-12-26,,,,58639.05,NIFTY NEXT 50 TRI
2022-12-27,,,,59238.9,NIFTY NEXT 50 TRI
2022-12-28,,,,59410.47,NIFTY NEXT 50 TRI
2022-12-29,,,,59397.95,NIFTY NEXT 50 TRI
2022-12-30,,,,59306.73,NIFTY NEXT 50 TRI
2023-01-02,,,,59392.09,NIFTY NEXT 50 TRI
2023-01-03,,,,59653.39,NIFTY NEXT 50 TRI
2023-01-04,,,,58847.84,NIFTY NEXT 50 TRI
2023-01-05,,,,59254.49,NIFTY NEXT 50 TRI
2023-01-06,,,,58819.91,NIFTY NEXT 50 TRI
2023-01-09,,,,59295.57,NIFTY NEXT 50 TRI
2023-01-10,,,,59079.89,NIFTY NEXT 50 TRI
2023-01-11,,,,58888.14,NIFTY NEXT 50 TRI
2023-01-12,,,,59013.24,NIFTY NEXT 50 TRI
2023-01-13,,,,59257.22,NIFTY NEXT 50 TRI
2023-01-16,,,,59218.87,NIFTY NEXT 50 TRI
2023-01-17,,,,59269.94,NIFTY NEXT 50 TRI
2023-01-18,,,,59274.93,NIFTY NEXT 50 TRI
2023-01-19,,,,59069.78,NIFTY NEXT 50 TRI
2023-01-20,,,,58848.16,NIFTY NEXT 50 TRI
2023-01-23,,,,58939.26,NIFTY NEXT 50 TRI
2023-01-24,,,,58790.81,NIFTY NEXT 50 TRI
2023-01-25,,,,57315.08,NIFTY NEXT 50 TRI
2023-01-27,,,,55181.33,NIFTY NEXT 50 TRI
2023-01-30,,,,54552.24,NIFTY NEXT 50 TRI
2023-01-31,,,,55123.37,NIFTY NEXT 50 TRI
2023-02-01,,,,54231.59,NIFTY NEXT 50 TRI
2023-02-02,,,,54103.27,NIFTY NEXT 50 TRI
2023-02-03,,,,54096.12,NIFTY NEXT 50 TRI
2023-02-06,,,,54396.34,NIFTY NEXT 50 TRI
2023-02-07,,,,54311.7,NIFTY NEXT 50 TRI
2023-02-08,,,,54799.32,NIFTY NEXT 50 TRI
2023-02-09,,,,54526.82,NIFTY NEXT 50 TRI
2023-02-10,,,,54495.66,NIFTY NEXT 50 TRI
2023-02-13,,,,53710.22,NIFTY NEXT 50 TRI
2023-02-14,,,,53650.74,NIFTY NEXT 50 TRI
2023-02-15,,,,54031.1,NIFTY NEXT 50 TRI
2023-02-16,,,,54420.92,NIFTY NEXT 50 TRI
2023-02-17,,,,54082.27,NIFTY NEXT 50 TRI
2023-02-20,,,,53913.3,NIFTY NEXT 50 TRI
2023-02-21,,,,53813.37,NIFTY NEXT 50 TRI
2023-02-22,,,,53053.41,NIFTY NEXT 50 TRI
2023-02-23,,,,52825.83,NIFTY NEXT 50 TRI
2023-02-24,,,,52782.55,NIFTY NEXT 50 TRI
2023-02-27,,,,52288.48,NIFTY NEXT 50 TRI
2023-02-28,,,,52428.35,NIFTY NEXT 50 TRI
2023-03-01,,,,53039.3,NIFTY NEXT 50 TRI
2023-03-02,,,,53009.68,NIFTY NEXT 50 TRI
2023-03-03,,,,53491.66,NIFTY NEXT 50 TRI
2023-03-06,,,,53917.41,NIFTY NEXT 50 TRI
2023-03-08,,,,54129.51,NIFTY NEXT 50 TRI
2023-03-09,,,,53734.01,NIFTY NEXT 50 TRI
2023-03-10,,,,53609.27,NIFTY NEXT 50 TRI
2023-03-13,,,,52921.91,NIFTY NEXT 50 TRI
2023-03-14,,,,52613.1,NIFTY NEXT 50 TRI
2023-03-15,,,,52582.79,NIFTY NEXT 50 TRI
2023-03-16,,,,52899.72,NIFTY NEXT 50 TRI
2023-03-17,,,,53192.77,NIFTY NEXT 50 TRI
2023-03-20,,,,52814.41,NIFTY NEXT 50 TRI
2023-03-21,,,,53118.86,NIFTY NEXT 50 TRI
2023-03-22,,,,53462.8,NIFTY NEXT 50 TRI
2023-03-23,,,,53245.36,NIFTY NEXT 50 TRI
2023-03-24,,,,52848.14,NIFTY NEXT 50 TRI
2023-03-27,,,,52574.13,NIFTY NEXT 50 TRI
2023-03-28,,,,52078.85,NIFTY NEXT 50 TRI
2023-03-29,,,,52500.46,NIFTY NEXT 50 TRI
2023-03-31,,,,53231.02,NIFTY NEXT 50 TRI
2023-04-03,,,,53362.81,NIFTY NEXT 50 TRI
2023-04-05,,,,53648.69,NIFTY NEXT 50 TRI
2023-04-06,,,,53779.26,NIFTY NEXT 50 TRI
2023-04-10,,,,53933.77,NIFTY NEXT 50 TRI
2023-04-11,,,,54050.51,NIFTY NEXT 50 TRI
2023-04-12,,,,54306.28,NIFTY NEXT 50 TRI
2023-04-13,,,,54215.88,NIFTY NEXT 50 TRI
2023-04-17,,,,54450.75,NIFTY NEXT 50 TRI
2023-04-18,,,,54651.65,NIFTY NEXT 50 TRI
2023-04-19,,,,54164.09,NIFTY NEXT 50 TRI
2023-04-20,,,,54186.18,NIFTY NEXT 50 TRI
2023-04-21,,,,54116.31,NIFTY NEXT 50 TRI
2023-04-24,,,,54321.86,NIFTY NEXT 50 TRI
2023-04-25,,,,54556.49,NIFTY NEXT 50 TRI
2023-04-26,,,,54767.5,NIFTY NEXT 50 TRI
2023-04-27,,,,54914.83,NIFTY NEXT 50 TRI
2023-04-28,,,,55650.28,NIFTY NEXT 50 TRI
2023-05-02,,,,56016.9,NIFTY NEXT 50 TRI
2023-05-03,,,,56116.43,NIFTY NEXT 50 TRI
2023-05-04,,,,56469.92,NIFTY NEXT 50 TRI
2023-05-05,,,,56463.0,NIFTY NEXT 50 TRI
2023-05-08,,,,56848.67,NIFTY NEXT 50 TRI
2023-05-09,,,,56789.8,NIFTY NEXT 50 TRI
2023-05-10,,,,57111.22,NIFTY NEXT 50 TRI
2023-05-11,,,,57555.54,NIFTY NEXT 50 TRI
2023-05-12,,,,57462.71,NIFTY NEXT 50 TRI
2023-05-15,,,,57735.91,NIFTY NEXT 50 TRI
2023-05-16,,,,57816.17,NIFTY NEXT 50 TRI
2023-05-17,,,,57491.32,NIFTY NEXT 50 TRI
2023-05-18,,,,56919.47,NIFTY NEXT 50 TRI
2023-05-19,,,,57117.87,NIFTY NEXT 50 TRI
2023-05-22,,,,57649.37,NIFTY NEXT 50 TRI
2023-05-23,,,,57771.74,NIFTY NEXT 50 TRI
2023-05-24,,,,57734.71,NIFTY NEXT 50 TRI
2023-05-25,,,,58057.67,NIFTY NEXT 50 TRI
2023-05-26,,,,58721.71,NIFTY NEXT 50 TRI
2023-05-29,,,,59060.64,NIFTY NEXT 50 TRI
2023-05-30,,,,59089.83,NIFTY NEXT 50 TRI
2023-05-31,,,,59235.32,NIFTY NEXT 50 TRI
2023-06-01,,,,59387.54,NIFTY NEXT 50 TRI
2023-06-02,,,,59644.07,NIFTY NEXT 50 TRI
2023-06-05,,,,59742.64,NIFTY NEXT 50 TRI
2023-06-06,,,,60018.42,NIFTY NEXT 50 TRI
2023-06-07,,,,60598.94,NIFTY NEXT 50 TRI
2023-06-08,,,,60197.2,NIFTY NEXT 50 TRI
2023-06-09,,,,60139.65,NIFTY NEXT 50 TRI
2023-06-12,,,,60425.69,NIFTY NEXT 50 TRI
2023-06-13,,,,61000.94,NIFTY NEXT 50 TRI
2023-06-14,,,,61142.72,NIFTY NEXT 50 TRI
2023-06-15,,,,61163.3,NIFTY NEXT 50 TRI
2023-06-16,,,,61787.56,NIFTY NEXT 50 TRI
2023-06-19,,,,61686.01,NIFTY NEXT 50 TRI
2023-06-20,,,,61913.79,NIFTY NEXT 50 TRI
2023-06-21,,,,61884.66,NIFTY NEXT 50 TRI
2023-06-22,,,,61153.87,NIFTY NEXT 50 TRI
2023-06-23,,,,60376.7,NIFTY NEXT 50 TRI
2023-06-26,,,,60621.23,NIFTY NEXT 50 TRI
2023-06-27,,,,60883.4,NIFTY NEXT 50 TRI
2023-06-28,,,,61268.02,NIFTY NEXT 50 TRI
2023-06-30,,,,61670.74,NIFTY NEXT 50 TRI
2023-07-03,,,,61916.81,NIFTY NEXT 50 TRI
2023-07-04,,,,61681.87,NIFTY NEXT 50 TRI
2023-07-05,,,,62174.97,NIFTY NEXT 50 TRI
2023-07-06,,,,62547.2,NIFTY NEXT 50 TRI
2023-07-07,,,,62039.34,NIFTY NEXT 50 TRI
2023-07-10,,,,61715.69,NIFTY NEXT 50 TRI
2023-07-11,,,,62182.31,NIFTY NEXT 50 TRI
2023-07-12,,,,62340.35,NIFTY NEXT 50 TRI
2023-07-13,,,,61938.51,NIFTY NEXT 50 TRI
2023-07-14,,,,62410.41,NIFTY NEXT 50 TRI
2023-07-17,,,,62589.7,NIFTY NEXT 50 TRI
2023-07-18,,,,62322.34,NIFTY NEXT 50 TRI
2023-07-19,,,,62652.16,NIFTY NEXT 50 TRI
2023-07-20,,,,62562.43,NIFTY NEXT 50 TRI
2023-07-21,,,,62337.49,NIFTY NEXT 50 TRI
2023-07-24,,,,62326.26,NIFTY NEXT 50 TRI
2023-07-25,,,,62653.2,NIFTY NEXT 50 TRI
2023-07-26,,,,62879.96,NIFTY NEXT 50 TRI
2023-07-27,,,,63069.33,NIFTY NEXT 50 TRI
2023-07-28,,,,63748.68,NIFTY NEXT 50 TRI
2023-07-31,,,,63918.9,NIFTY NEXT 50 TRI
2023-08-01,,,,63888.0,NIFTY NEXT 50 TRI
2023-08-02,,,,63016.54,NIFTY NEXT 50 TRI
2023-08-03,,,,62690.09,NIFTY NEXT 50 TRI
2023-08-04,,,,63188.58,NIFTY NEXT 50 TRI
2023-08-07,,,,63292.23,NIFTY NEXT 50 TRI
2023-08-08,,,,63292.75,NIFTY NEXT 50 TRI
2023-08-09,,,,63447.08,NIFTY NEXT 50 TRI
2023-08-10,,,,63063.15,NIFTY NEXT 50 TRI
2023-08-11,,,,62918.74,NIFTY NEXT 50 TRI
2023-08-14,,,,62132.34,NIFTY NEXT 50 TRI
2023-08-16,,,,62133.75,NIFTY NEXT 50 TRI
2023-08-17,,,,61979.71,NIFTY NEXT 50 TRI
2023-08-18,,,,61689.68,NIFTY NEXT 50 TRI
2023-08-21,,,,62188.06,NIFTY NEXT 50 TRI
2023-08-22,,,,62598.49,NIFTY NEXT 50 TRI
2023-08-23,,,,62628.88,NIFTY NEXT 50 TRI
2023-08-24,,,,62860.02,NIFTY NEXT 50 TRI
2023-08-25,,,,62272.45,NIFTY NEXT 50 TRI
2023-08-28,,,,62609.86,NIFTY NEXT 50 TRI
2023-08-29,,,,62981.32,NIFTY NEXT 50 TRI
2023-08-30,,,,63198.62,NIFTY NEXT 50 TRI
2023-08-31,,,,62735.66,NIFTY NEXT 50 TRI
2023-09-01,,,,63278.39,NIFTY NEXT 50 TRI
2023-09-04,,,,63845.18,NIFTY NEXT 50 TRI
2023-09-05,,,,63976.67,NIFTY NEXT 50 TRI
2023-09-06,,,,64279.0,NIFTY NEXT 50 TRI
2023-09-07,,,,64605.56,NIFTY NEXT 50 TRI
2023-09-08,,,,65130.21,NIFTY NEXT 50 TRI
2023-09-11,,,,65801.02,NIFTY NEXT 50 TRI
2023-09-12,,,,64289.19,NIFTY NEXT 50 TRI
2023-09-13,,,,64487.04,NIFTY NEXT 50 TRI
2023-09-14,,,,64933.07,NIFTY NEXT 50 TRI
2023-09-15,,,,65046.99,NIFTY NEXT 50 TRI
2023-09-18,,,,65010.5,NIFTY NEXT 50 TRI
2023-09-20,,,,64437.9,NIFTY NEXT 50 TRI
2023-09-21,,,,63887.83,NIFTY NEXT 50 TRI
2023-09-22,,,,63809.84,NIFTY NEXT 50 TRI
2023-09-25,,,,63661.49,NIFTY NEXT 50 TRI
2023-09-26,,,,63785.68,NIFTY NEXT 50 TRI
2023-09-27,,,,63875.68,NIFTY NEXT 50 TRI
2023-09-28,,,,62934.48,NIFTY NEXT 50 TRI
2023-09-29,,,,63623.68,NIFTY NEXT 50 TRI
2023-10-03,,,,63835.7,NIFTY NEXT 50 TRI
2023-10-04,,,,62951.5,NIFTY NEXT 50 TRI
2023-10-05,,,,63105.25,NIFTY NEXT 50 TRI
2023-10-06,,,,63501.87,NIFTY NEXT 50 TRI
2023-10-09,,,,62734.3,NIFTY NEXT 50 TRI
2023-10-10,,,,63580.67,NIFTY NEXT 50 TRI
2023-10-11,,,,63906.81,NIFTY NEXT 50 TRI
2023-10-12,,,,64055.08,NIFTY NEXT 50 TRI
2023-10-13,,,,63982.0,NIFTY NEXT 50 TRI
2023-10-16,,,,64167.29,NIFTY NEXT 50 TRI
2023-10-17,,,,64400.83,NIFTY NEXT 50 TRI
2023-10-18,,,,63741.8,NIFTY NEXT 50 TRI
2023-10-19,,,,63535.88,NIFTY NEXT 50 TRI
2023-10-20,,,,62932.87,NIFTY NEXT 50 TRI
2023-10-23,,,,61713.83,NIFTY NEXT 50 TRI
2023-10-25,,,,61337.95,NIFTY NEXT 50 TRI
2023-10-26,,,,60738.73,NIFTY NEXT 50 TRI
2023-10-27,,,,61935.63,NIFTY NEXT 50 TRI
2023-10-30,,,,62033.3,NIFTY NEXT 50 TRI
2023-10-31,,,,62192.21,NIFTY NEXT 50 TRI
2023-11-01,,,,61858.84,NIFTY NEXT 50 TRI
2023-11-02,,,,62802.6,NIFTY NEXT 50 TRI
2023-11-03,,,,63415.58,NIFTY NEXT 50 TRI
2023-11-06,,,,63939.45,NIFTY NEXT 50 TRI
2023-11-07,,,,64464.0,NIFTY NEXT 50 TRI
2023-11-08,,,,64890.38,NIFTY NEXT 50 TRI
2023-11-09,,,,64567.76,NIFTY NEXT 50 TRI
2023-11-10,,,,64665.56,NIFTY NEXT 50 TRI
2023-11-12,,,,64974.95,NIFTY NEXT 50 TRI
2023-11-13,,,,65036.79,NIFTY NEXT 50 TRI
2023-11-15,,,,65657.45,NIFTY NEXT 50 TRI
2023-11-16,,,,65892.24,NIFTY NEXT 50 TRI
2023-11-17,,,,66256.01,NIFTY NEXT 50 TRI
2023-11-20,,,,66084.32,NIFTY NEXT 50 TRI
2023-11-21,,,,66086.26,NIFTY NEXT 50 TRI
2023-11-22,,,,65835.71,NIFTY NEXT 50 TRI
2023-11-23,,,,66025.89,NIFTY NEXT 50 TRI
2023-11-24,,,,65929.96,NIFTY NEXT 50 TRI
2023-11-28,,,,66713.9,NIFTY NEXT 50 TRI
2023-11-29,,,,67174.45,NIFTY NEXT 50 TRI
2023-11-30,,,,67928.23,NIFTY NEXT 50 TRI
2023-12-01,,,,68587.42,NIFTY NEXT 50 TRI
2023-12-04,,,,69914.85,NIFTY NEXT 50 TRI
2023-12-05,,,,70639.92,NIFTY NEXT 50 TRI
2023-12-06,,,,71460.35,NIFTY NEXT 50 TRI
2023-12-07,,,,72030.75,NIFTY NEXT 50 TRI
2023-12-08,,,,71589.63,NIFTY NEXT 50 TRI
2023-12-11,,,,72340.66,NIFTY NEXT 50 TRI
2023-12-12,,,,71878.84,NIFTY NEXT 50 TRI
2023-12-13,,,,72529.97,NIFTY NEXT 50 TRI
2023-12-14,,,,73452.21,NIFTY NEXT 50 TRI
2023-12-15,,,,73497.36,NIFTY NEXT 50 TRI
2023-12-18,,,,73983.48,NIFTY NEXT 50 TRI
2023-12-19,,,,74105.37,NIFTY NEXT 50 TRI
2023-12-20,,,,71923.3,NIFTY NEXT 50 TRI
2023-12-21,,,,72879.61,NIFTY NEXT 50 TRI
2023-12-22,,,,73478.47,NIFTY NEXT 50 TRI
2023-12-26,,,,74172.77,NIFTY NEXT 50 TRI
2023-12-27,,,,74519.89,NIFTY NEXT 50 TRI
2023-12-28,,,,74921.43,NIFTY NEXT 50 TRI
2023-12-29,,,,75459.98,NIFTY NEXT 50 TRI
2024-01-01,,,,75551.91,NIFTY NEXT 50 TRI
2024-01-02,,,,75364.75,NIFTY NEXT 50 TRI
2024-01-03,,,,75934.63,NIFTY NEXT 50 TRI
2024-01-04,,,,76896.0,NIFTY NEXT 50 TRI
2024-01-05,,,,76804.49,NIFTY NEXT 50 TRI
2024-01-08,,,,76003.35,NIFTY NEXT 50 TRI
2024-01-09,,,,76331.12,NIFTY NEXT 50 TRI
2024-01-10,,,,76496.66,NIFTY NEXT 50 TRI
2024-01-11,,,,77229.3,NIFTY NEXT 50 TRI
2024-01-12,,,,77437.71,NIFTY NEXT 50 TRI
2024-01-15,,,,77711.77,NIFTY NEXT 50 TRI
2024-01-16,,,,77542.4,NIFTY NEXT 50 TRI
2024-01-17,,,,76678.55,NIFTY NEXT 50 TRI
2024-01-18,,,,76313.79,NIFTY NEXT 50 TRI
2024-01-19,,,,77389.72,NIFTY NEXT 50 TRI
2024-01-20,,,,77415.5,NIFTY NEXT 50 TRI
2024-01-23,,,,75389.14,NIFTY NEXT 50 TRI
2024-01-24,,,,76681.49,NIFTY NEXT 50 TRI
2024-01-25,,,,76799.48,NIFTY NEXT 50 TRI
2024-01-29,,,,77819.22,NIFTY NEXT 50 TRI
2024-01-30,,,,77559.68,NIFTY NEXT 50 TRI
2024-01-31,,,,78228.92,NIFTY NEXT 50 TRI
2024-02-01,,,,78528.92,NIFTY NEXT 50 TRI
2024-02-02,,,,79139.36,NIFTY NEXT 50 TRI
2024-02-05,,,,78756.75,NIFTY NEXT 50 TRI
2024-02-06,,,,79895.34,NIFTY NEXT 50 TRI
2024-02-07,,,,81203.63,NIFTY NEXT 50 TRI
2024-02-08,,,,81594.61,NIFTY NEXT 50 TRI
2024-02-09,,,,81287.01,NIFTY NEXT 50 TRI
2024-02-12,,,,79726.6,NIFTY NEXT 50 TRI
2024-02-13,,,,80532.46,NIFTY NEXT 50 TRI
2024-02-14,,,,81635.64,NIFTY NEXT 50 TRI
2024-02-15,,,,82362.56,NIFTY NEXT 50 TRI
2024-02-16,,,,82929.08,NIFTY NEXT 50 TRI
2024-02-19,,,,83019.92,NIFTY NEXT 50 TRI
2024-02-20,,,,83118.68,NIFTY NEXT 50 TRI
2024-02-21,,,,82669.99,NIFTY NEXT 50 TRI
2024-02-22,,,,83537.22,NIFTY NEXT 50 TRI
2024-02-23,,,,83764.64,NIFTY NEXT 50 TRI
2024-02-26,,,,83828.07,NIFTY NEXT 50 TRI
2024-02-27,,,,83760.25,NIFTY NEXT 50 TRI
2024-02-28,,,,82679.31,NIFTY NEXT 50 TRI
2024-02-29,,,,83534.63,NIFTY NEXT 50 TRI
2024-03-01,,,,84264.45,NIFTY NEXT 50 TRI
2024-03-02,,,,84656.62,NIFTY NEXT 50 TRI
2024-03-04,,,,84883.94,NIFTY NEXT 50 TRI
2024-03-05,,,,84936.52,NIFTY NEXT 50 TRI
2024-03-06,,,,84704.18,NIFTY NEXT 50 TRI
2024-03-07,,,,85437.56,NIFTY NEXT 50 TRI
2024-03-11,,,,85419.53,NIFTY NEXT 50 TRI
2024-03-12,,,,84096.78,NIFTY NEXT 50 TRI
2024-03-13,,,,80941.67,NIFTY NEXT 50 TRI
2024-03-14,,,,82882.97,NIFTY NEXT 50 TRI
2024-03-15,,,,82229.47,NIFTY NEXT 50 TRI
2024-03-18,,,,82743.9,NIFTY NEXT 50 TRI
2024-03-19,,,,81309.03,NIFTY NEXT 50 TRI
2024-03-20,,,,81562.17,NIFTY NEXT 50 TRI
2024-03-21,,,,83455.83,NIFTY NEXT 50 TRI
2024-03-22,,,,83850.93,NIFTY NEXT 50 TRI
2024-03-26,,,,84718.78,NIFTY NEXT 50 TRI
2024-03-27,,,,84874.89,NIFTY NEXT 50 TRI
2024-03-28,,,,85914.21,NIFTY NEXT 50 TRI
2024-04-01,,,,87345.98,NIFTY NEXT 50 TRI
2024-04-02,,,,88223.91,NIFTY NEXT 50 TRI
2024-04-03,,,,88464.33,NIFTY NEXT 50 TRI
2024-04-04,,,,88089.89,NIFTY NEXT 50 TRI
2024-04-05,,,,88851.18,NIFTY NEXT 50 TRI
2024-04-08,,,,89272.74,NIFTY NEXT 50 TRI
2024-04-09,,,,88989.99,NIFTY NEXT 50 TRI
2024-04-10,,,,89743.05,NIFTY NEXT 50 TRI
2024-04-12,,,,89377.98,NIFTY NEXT 50 TRI
2024-04-15,,,,87876.19,NIFTY NEXT 50 TRI
2024-04-16,,,,87946.14,NIFTY NEXT 50 TRI
2024-04-18,,,,87849.32,NIFTY NEXT 50 TRI
2024-04-19,,,,87705.76,NIFTY NEXT 50 TRI
2024-04-22,,,,88833.52,NIFTY NEXT 50 TRI
2024-04-23,,,,88996.34,NIFTY NEXT 50 TRI
2024-04-24,,,,89674.94,NIFTY NEXT 50 TRI
2024-04-25,,,,90280.15,NIFTY NEXT 50 TRI
2024-04-26,,,,90889.71,NIFTY NEXT 50 TRI
2024-04-29,,,,91390.62,NIFTY NEXT 50 TRI
2024-04-30,,,,91975.16,NIFTY NEXT 50 TRI
2024-05-02,,,,93545.87,NIFTY NEXT 50 TRI
2024-05-03,,,,93214.06,NIFTY NEXT 50 TRI
2024-05-06,,,,92033.35,NIFTY NEXT 50 TRI
2024-05-07,,,,90616.03,NIFTY NEXT 50 TRI
2024-05-08,,,,91816.28,NIFTY NEXT 50 TRI
2024-05-09,,,,89870.17,NIFTY NEXT 50 TRI
2024-05-10,,,,90611.53,NIFTY NEXT 50 TRI
2024-05-13,,,,91207.09,NIFTY NEXT 50 TRI
2024-05-14,,,,92571.96,NIFTY NEXT 50 TRI
2024-05-15,,,,93052.37,NIFTY NEXT 50 TRI
2024-05-16,,,,94011.36,NIFTY NEXT 50 TRI
2024-05-17,,,,95123.93,NIFTY NEXT 50 TRI
2024-05-18,,,,95906.28,NIFTY NEXT 50 TRI
2024-05-21,,,,96735.21,NIFTY NEXT 50 TRI
2024-05-22,,,,96883.91,NIFTY NEXT 50 TRI
2024-05-23,,,,97580.85,NIFTY NEXT 50 TRI
2024-05-24,,,,97883.56,NIFTY NEXT 50 TRI
2024-05-27,,,,98029.66,NIFTY NEXT 50 TRI
2024-05-28,,,,97192.05,NIFTY NEXT 50 TRI
2024-05-29,,,,96518.4,NIFTY NEXT 50 TRI
2024-05-30,,,,95508.43,NIFTY NEXT 50 TRI
2024-05-31,,,,95755.87,NIFTY NEXT 50 TRI
2024-06-03,,,,100141.25,NIFTY NEXT 50 TRI
2024-06-04,,,,90784.99,NIFTY NEXT 50 TRI
2024-06-05,,,,94774.22,NIFTY NEXT 50 TRI
2024-06-06,,,,96743.92,NIFTY NEXT 50 TRI
2024-06-07,,,,98166.09,NIFTY NEXT 50 TRI
2024-06-10,,,,98906.9,NIFTY NEXT 50 TRI
2024-06-11,,,,98813.42,NIFTY NEXT 50 TRI
2024-06-12,,,,99555.74,NIFTY NEXT 50 TRI
2024-06-13,,,,100464.99,NIFTY NEXT 50 TRI
2024-06-14,,,,101959.18,NIFTY NEXT 50 TRI
2024-06-18,,,,102602.43,NIFTY NEXT 50 TRI
2024-06-19,,,,101455.1,NIFTY NEXT 50 TRI
2024-06-20,,,,101590.51,NIFTY NEXT 50 TRI
2024-06-21,,,,100876.23,NIFTY NEXT 50 TRI
2024-06-24,,,,101628.71,NIFTY NEXT 50 TRI
2024-06-25,,,,101229.55,NIFTY NEXT 50 TRI
2024-06-26,,,,101052.19,NIFTY NEXT 50 TRI
2024-06-27,,,,101200.9,NIFTY NEXT 50 TRI
2024-06-28,,,,101490.43,NIFTY NEXT 50 TRI
2024-07-01,,,,102446.54,NIFTY NEXT 50 TRI
2024-07-02,,,,101893.52,NIFTY NEXT 50 TRI
2024-07-03,,,,102996.73,NIFTY NEXT 50 TRI
2024-07-04,,,,103499.62,NIFTY NEXT 50 TRI
2024-07-05,,,,104206.83,NIFTY NEXT 50 TRI
2024-07-08,,,,104323.53,NIFTY NEXT 50 TRI
2024-07-09,,,,104827.05,NIFTY NEXT 50 TRI
2024-07-10,,,,104875.22,NIFTY NEXT 50 TRI
2024-07-11,,,,105104.7,NIFTY NEXT 50 TRI
2024-07-12,,,,104647.23,NIFTY NEXT 50 TRI
2024-07-15,,,,105548.82,NIFTY NEXT 50 TRI
2024-07-16,,,,104916.37,NIFTY NEXT 50 TRI
2024-07-18,,,,103767.87,NIFTY NEXT 50 TRI
2024-07-19,,,,101287.99,NIFTY NEXT 50 TRI
2024-07-22,,,,102584.01,NIFTY NEXT 50 TRI
2024-07-23,,,,101687.81,NIFTY NEXT 50 TRI
2024-07-24,,,,102000.77,NIFTY NEXT 50 TRI
2024-07-25,,,,102519.81,NIFTY NEXT 50 TRI
2024-07-26,,,,104230.4,NIFTY NEXT 50 TRI
2024-07-29,,,,105495.23,NIFTY NEXT 50 TRI
2024-07-30,,,,105392.32,NIFTY NEXT 50 TRI
2024-07-31,,,,106222.33,NIFTY NEXT 50 TRI
2024-08-01,,,,105521.48,NIFTY NEXT 50 TRI
2024-08-02,,,,104180.06,NIFTY NEXT 50 TRI
2024-08-05,,,,100787.29,NIFTY NEXT 50 TRI
2024-08-06,,,,99857.41,NIFTY NEXT 50 TRI
2024-08-07,,,,102867.84,NIFTY NEXT 50 TRI
2024-08-08,,,,102050.37,NIFTY NEXT 50 TRI
2024-08-09,,,,103340.1,NIFTY NEXT 50 TRI
2024-08-12,,,,102935.67,NIFTY NEXT 50 TRI
2024-08-13,,,,101764.05,NIFTY NEXT 50 TRI
2024-08-14,,,,101833.78,NIFTY NEXT 50 TRI
2024-08-16,,,,103691.57,NIFTY NEXT 50 TRI
2024-08-19,,,,104299.33,NIFTY NEXT 50 TRI
2024-08-20,,,,105153.08,NIFTY NEXT 50 TRI
2024-08-21,,,,105458.95,NIFTY NEXT 50 TRI
2024-08-22,,,,106149.31,NIFTY NEXT 50 TRI
2024-08-23,,,,105792.6,NIFTY NEXT 50 TRI
2024-08-26,,,,106311.88,NIFTY NEXT 50 TRI
2024-08-27,,,,106425.85,NIFTY NEXT 50 TRI
2024-08-28,,,,106757.98,NIFTY NEXT 50 TRI
2024-08-29,,,,106493.28,NIFTY NEXT 50 TRI
2024-08-30,,,,107060.39,NIFTY NEXT 50 TRI
2024-09-02,,,,107139.99,NIFTY NEXT 50 TRI
2024-09-03,,,,107250.76,NIFTY NEXT 50 TRI
2024-09-04,,,,107303.21,NIFTY NEXT 50 TRI
2024-09-05,,,,107353.56,NIFTY NEXT 50 TRI
2024-09-06,,,,105897.3,NIFTY NEXT 50 TRI
2024-09-09,,,,106055.03,NIFTY NEXT 50 TRI
2024-09-10,,,,106289.26,NIFTY NEXT 50 TRI
2024-09-11,,,,105745.5,NIFTY NEXT 50 TRI
2024-09-12,,,,107297.27,NIFTY NEXT 50 TRI
2024-09-13,,,,107270.5,NIFTY NEXT 50 TRI
2024-09-16,,,,107322.77,NIFTY NEXT 50 TRI
2024-09-17,,,,107032.5,NIFTY NEXT 50 TRI
2024-09-18,,,,106571.66,NIFTY NEXT 50 TRI
2024-09-19,,,,105836.99,NIFTY NEXT 50 TRI
2024-09-20,,,,107347.75,NIFTY NEXT 50 TRI
2024-09-23,,,,109090.8,NIFTY NEXT 50 TRI
2024-09-24,,,,109227.73,NIFTY NEXT 50 TRI
2024-09-25,,,,108824.72,NIFTY NEXT 50 TRI
2024-09-26,,,,109634.77,NIFTY NEXT 50 TRI
2024-09-27,,,,110667.73,NIFTY NEXT 50 TRI
2024-09-30,,,,109646.4,NIFTY NEXT 50 TRI
2024-10-01,,,,109915.63,NIFTY NEXT 50 TRI
2024-10-03,,,,107304.2,NIFTY NEXT 50 TRI
2024-10-04,,,,106126.57,NIFTY NEXT 50 TRI
2024-10-07,,,,103657.65,NIFTY NEXT 50 TRI
2024-10-08,,,,106093.9,NIFTY NEXT 50 TRI
2024-10-09,,,,107246.61,NIFTY NEXT 50 TRI
2024-10-10,,,,107062.16,NIFTY NEXT 50 TRI
2024-10-11,,,,107204.9,NIFTY NEXT 50 TRI
2024-10-14,,,,107593.52,NIFTY NEXT 50 TRI
2024-10-15,,,,107889.53,NIFTY NEXT 50 TRI
2024-10-16,,,,107659.6,NIFTY NEXT 50 TRI
2024-10-17,,,,105254.68,NIFTY NEXT 50 TRI
2024-10-18,,,,105654.19,NIFTY NEXT 50 TRI
2024-10-21,,,,104228.03,NIFTY NEXT 50 TRI
2024-10-22,,,,101203.42,NIFTY NEXT 50 TRI
2024-10-23,,,,100813.8,NIFTY NEXT 50 TRI
2024-10-24,,,,100730.67,NIFTY NEXT 50 TRI
2024-10-25,,,,99162.19,NIFTY NEXT 50 TRI
2024-10-28,,,,99615.85,NIFTY NEXT 50 TRI
2024-10-29,,,,100338.24,NIFTY NEXT 50 TRI
2024-10-30,,,,99954.17,NIFTY NEXT 50 TRI
2024-10-31,,,,99456.97,NIFTY NEXT 50 TRI
2024-11-01,,,,100152.61,NIFTY NEXT 50 TRI
2024-11-04,,,,98754.87,NIFTY NEXT 50 TRI
2024-11-05,,,,99294.32,NIFTY NEXT 50 TRI
2024-11-06,,,,101559.62,NIFTY NEXT 50 TRI
2024-11-07,,,,100492.82,NIFTY NEXT 50 TRI
2024-11-08,,,,99296.53,NIFTY NEXT 50 TRI
2024-11-11,,,,99580.57,NIFTY NEXT 50 TRI
2024-11-12,,,,97412.31,NIFTY NEXT 50 TRI
2024-11-13,,,,95494.66,NIFTY NEXT 50 TRI
2024-11-14,,,,95938.34,NIFTY NEXT 50 TRI
2024-11-18,,,,96028.44,NIFTY NEXT 50 TRI
2024-11-19,,,,96465.42,NIFTY NEXT 50 TRI
2024-11-21,,,,95027.79,NIFTY NEXT 50 TRI
2024-11-22,,,,96808.95,NIFTY NEXT 50 TRI
2024-11-25,,,,98723.23,NIFTY NEXT 50 TRI
2024-11-26,,,,98978.87,NIFTY NEXT 50 TRI
2024-11-27,,,,99922.95,NIFTY NEXT 50 TRI
2024-11-28,,,,100021.02,NIFTY NEXT 50 TRI
2024-11-29,,,,100693.86,NIFTY NEXT 50 TRI
2024-12-02,,,,101316.7,NIFTY NEXT 50 TRI
2024-12-03,,,,102350.86,NIFTY NEXT 50 TRI
2024-12-04,,,,102855.02,NIFTY NEXT 50 TRI
2024-12-05,,,,103199.84,NIFTY NEXT 50 TRI
2024-12-06,,,,103987.66,NIFTY NEXT 50 TRI
2024-12-09,,,,103514.56,NIFTY NEXT 50 TRI
2024-12-10,,,,104067.44,NIFTY NEXT 50 TRI
2024-12-11,,,,104346.06,NIFTY NEXT 50 TRI
2024-12-12,,,,104047.71,NIFTY NEXT 50 TRI
2024-12-13,,,,103881.62,NIFTY NEXT 50 TRI
2024-12-16,,,,104151.61,NIFTY NEXT 50 TRI
2024-12-17,,,,102774.1,NIFTY NEXT 50 TRI
2024-12-18,,,,101438.67,NIFTY NEXT 50 TRI
2024-12-19,,,,100549.79,NIFTY NEXT 50 TRI
2024-12-20,,,,97812.0,NIFTY NEXT 50 TRI
2024-12-23,,,,98077.23,NIFTY NEXT 50 TRI
2024-12-24,,,,98109.1,NIFTY NEXT 50 TRI
2024-12-26,,,,98548.78,NIFTY NEXT 50 TRI
2024-12-27,,,,97681.48,NIFTY NEXT 50 TRI
2024-12-30,,,,96978.55,NIFTY NEXT 50 TRI
2024-12-31,,,,96871.08,NIFTY NEXT 50 TRI
2025-01-01,,,,97240.94,NIFTY NEXT 50 TRI
2025-01-02,,,,98460.1,NIFTY NEXT 50 TRI
2025-01-03,,,,98586.64,NIFTY NEXT 50 TRI
2025-01-06,,,,95458.27,NIFTY NEXT 50 TRI
2025-01-07,,,,95375.76,NIFTY NEXT 50 TRI
2025-01-08,,,,94611.63,NIFTY NEXT 50 TRI
2025-01-09,,,,93407.09,NIFTY NEXT 50 TRI
2025-01-10,,,,91554.72,NIFTY NEXT 50 TRI
2025-01-13,,,,87600.07,NIFTY NEXT 50 TRI
2025-01-14,,,,89883.4,NIFTY NEXT 50 TRI
2025-01-15,,,,90674.81,NIFTY NEXT 50 TRI
2025-01-16,,,,91992.67,NIFTY NEXT 50 TRI
2025-01-17,,,,92689.53,NIFTY NEXT 50 TRI
2025-01-20,,,,92764.45,NIFTY NEXT 50 TRI
2025-01-21,,,,90342.26,NIFTY NEXT 50 TRI
2025-01-22,,,,89576.06,NIFTY NEXT 50 TRI
2025-01-23,,,,90479.65,NIFTY NEXT 50 TRI
2025-01-24,,,,89046.59,NIFTY NEXT 50 TRI
2025-01-27,,,,86534.41,NIFTY NEXT 50 TRI
2025-01-28,,,,86792.58,NIFTY NEXT 50 TRI
2025-01-29,,,,88545.23,NIFTY NEXT 50 TRI
2025-01-30,,,,88622.09,NIFTY NEXT 50 TRI
2025-01-31,,,,89962.99,NIFTY NEXT 50 TRI
2025-02-01,,,,90498.47,NIFTY NEXT 50 TRI
2025-02-03,,,,89267.7,NIFTY NEXT 50 TRI
2025-02-04,,,,90641.81,NIFTY NEXT 50 TRI
2025-02-05,,,,91235.18,NIFTY NEXT 50 TRI
2025-02-06,,,,90556.6,NIFTY NEXT 50 TRI
2025-02-07,,,,90580.88,NIFTY NEXT 50 TRI
2025-02-10,,,,88924.81,NIFTY NEXT 50 TRI
2025-02-11,,,,86697.74,NIFTY NEXT 50 TRI
2025-02-12,,,,86695.94,NIFTY NEXT 50 TRI
2025-02-13,,,,86886.29,NIFTY NEXT 50 TRI
2025-02-14,,,,84926.35,NIFTY NEXT 50 TRI
2025-02-17,,,,84767.48,NIFTY NEXT 50 TRI
2025-02-18,,,,84790.44,NIFTY NEXT 50 TRI
2025-02-19,,,,85798.8,NIFTY NEXT 50 TRI
2025-02-20,,,,87061.4,NIFTY NEXT 50 TRI
2025-02-21,,,,86245.07,NIFTY NEXT 50 TRI
2025-02-24,,,,85226.42,NIFTY NEXT 50 TRI
2025-02-25,,,,84598.72,NIFTY NEXT 50 TRI
2025-02-27,,,,83820.91,NIFTY NEXT 50 TRI
2025-02-28,,,,81410.53,NIFTY NEXT 50 TRI
2025-03-03,,,,82243.31,NIFTY NEXT 50 TRI
2025-03-04,,,,82699.9,NIFTY NEXT 50 TRI
2025-03-05,,,,84804.02,NIFTY NEXT 50 TRI
2025-03-06,,,,85763.74,NIFTY NEXT 50 TRI
2025-03-07,,,,85390.2,NIFTY NEXT 50 TRI
2025-03-10,,,,84133.97,NIFTY NEXT 50 TRI
2025-03-11,,,,84564.98,NIFTY NEXT 50 TRI
2025-03-12,,,,84569.87,NIFTY NEXT 50 TRI
2025-03-13,,,,84139.82,NIFTY NEXT 50 TRI
2025-03-17,,,,84753.97,NIFTY NEXT 50 TRI
2025-03-18,,,,86986.46,NIFTY NEXT 50 TRI
2025-03-19,,,,88407.78,NIFTY NEXT 50 TRI
2025-03-20,,,,88915.65,NIFTY NEXT 50 TRI
2025-03-21,,,,89701.19,NIFTY NEXT 50 TRI
2025-03-24,,,,90817.93,NIFTY NEXT 50 TRI
2025-03-25,,,,89484.14,NIFTY NEXT 50 TRI
2025-03-26,,,,89164.62,NIFTY NEXT 50 TRI
2025-03-27,,,,90566.08,NIFTY NEXT 50 TRI
2025-03-28,,,,90002.01,NIFTY NEXT 50 TRI
2025-04-01,,,,89043.92,NIFTY NEXT 50 TRI
2025-04-02,,,,90064.66,NIFTY NEXT 50 TRI
2025-04-03,,,,90094.05,NIFTY NEXT 50 TRI
2025-04-04,,,,87761.66,NIFTY NEXT 50 TRI
2025-04-07,,,,85016.78,NIFTY NEXT 50 TRI
2025-04-08,,,,86817.67,NIFTY NEXT 50 TRI
2025-04-09,,,,86613.61,NIFTY NEXT 50 TRI
2025-04-11,,,,87768.57,NIFTY NEXT 50 TRI
2025-04-15,,,,90482.39,NIFTY NEXT 50 TRI
2025-04-16,,,,91088.05,NIFTY NEXT 50 TRI
2025-04-17,,,,91740.58,NIFTY NEXT 50 TRI
2025-04-21,,,,93383.4,NIFTY NEXT 50 TRI
2025-04-22,,,,93586.41,NIFTY NEXT 50 TRI
2025-04-23,,,,94230.68,NIFTY NEXT 50 TRI
2025-04-24,,,,94089.57,NIFTY NEXT 50 TRI
2025-04-25,,,,91825.31,NIFTY NEXT 50 TRI
2025-04-28,,,,92865.5,NIFTY NEXT 50 TRI
2025-04-29,,,,92649.74,NIFTY NEXT 50 TRI
2025-04-30,,,,92102.24,NIFTY NEXT 50 TRI
2025-05-02,,,,91996.44,NIFTY NEXT 50 TRI
2025-05-05,,,,93391.63,NIFTY NEXT 50 TRI
2025-05-06,,,,91132.82,NIFTY NEXT 50 TRI
2025-05-07,,,,91577.46,NIFTY NEXT 50 TRI
2025-05-08,,,,89615.3,NIFTY NEXT 50 TRI
2025-05-09,,,,89282.26,NIFTY NEXT 50 TRI
2025-05-12,,,,92925.59,NIFTY NEXT 50 TRI
2025-05-13,,,,92917.21,NIFTY NEXT 50 TRI
2025-05-14,,,,93595.43,NIFTY NEXT 50 TRI
2025-05-15,,,,94574.82,NIFTY NEXT 50 TRI
2025-05-16,,,,95792.03,NIFTY NEXT 50 TRI
2025-05-19,,,,96258.82,NIFTY NEXT 50 TRI
2025-05-20,,,,94487.64,NIFTY NEXT 50 TRI
2025-05-21,,,,95592.37,NIFTY NEXT 50 TRI
2025-05-22,,,,95275.0,NIFTY NEXT 50 TRI
2025-05-23,,,,95839.4,NIFTY NEXT 50 TRI
2025-05-26,,,,96234.24,NIFTY NEXT 50 TRI
2025-05-27,,,,95974.86,NIFTY NEXT 50 TRI
2025-05-28,,,,95696.99,NIFTY NEXT 50 TRI
2025-05-29,,,,95836.39,NIFTY NEXT 50 TRI
2025-05-30,,,,95361.44,NIFTY NEXT 50 TRI
2025-06-02,,,,95759.3,NIFTY NEXT 50 TRI
2025-06-03,,,,95233.59,NIFTY NEXT 50 TRI
2025-06-04,,,,95511.85,NIFTY NEXT 50 TRI
2025-06-05,,,,95912.54,NIFTY NEXT 50 TRI
2025-06-06,,,,97131.79,NIFTY NEXT 50 TRI
2025-06-09,,,,98346.97,NIFTY NEXT 50 TRI
2025-06-10,,,,98459.95,NIFTY NEXT 50 TRI
2025-06-11,,,,98244.67,NIFTY NEXT 50 TRI
2025-06-12,,,,96481.21,NIFTY NEXT 50 TRI
2025-06-13,,,,95702.45,NIFTY NEXT 50 TRI
2025-06-16,,,,96407.06,NIFTY NEXT 50 TRI
2025-06-17,,,,95727.34,NIFTY NEXT 50 TRI
2025-06-18,,,,95430.53,NIFTY NEXT 50 TRI
2025-06-19,,,,94086.6,NIFTY NEXT 50 TRI
2025-06-20,,,,95368.95,NIFTY NEXT 50 TRI
2025-06-23,,,,95441.0,NIFTY NEXT 50 TRI
2025-06-24,,,,96302.53,NIFTY NEXT 50 TRI
2025-06-25,,,,96760.13,NIFTY NEXT 50 TRI
2025-06-26,,,,97654.9,NIFTY NEXT 50 TRI
2025-06-27,,,,98256.56,NIFTY NEXT 50 TRI
2025-06-30,,,,98673.36,NIFTY NEXT 50 TRI
2025-07-01,,,,98576.15,NIFTY NEXT 50 TRI
2025-07-02,,,,98289.53,NIFTY NEXT 50 TRI
2025-07-03,,,,97754.78,NIFTY NEXT 50 TRI
2025-07-04,,,,98115.09,NIFTY NEXT 50 TRI
2025-07-07,,,,98283.87,NIFTY NEXT 50 TRI
2025-07-08,,,,98274.16,NIFTY NEXT 50 TRI
2025-07-09,,,,98215.71,NIFTY NEXT 50 TRI
2025-07-10,,,,97994.45,NIFTY NEXT 50 TRI
2025-07-11,,,,97196.59,NIFTY NEXT 50 TRI
2025-07-14,,,,97654.41,NIFTY NEXT 50 TRI
2025-07-15,,,,98286.34,NIFTY NEXT 50 TRI
2025-07-16,,,,98490.81,NIFTY NEXT 50 TRI
2025-07-17,,,,98263.29,NIFTY NEXT 50 TRI
2025-07-18,,,,97580.68,NIFTY NEXT 50 TRI
2025-07-21,,,,97981.59,NIFTY NEXT 50 TRI
2025-07-22,,,,97625.14,NIFTY NEXT 50 TRI
2025-07-23,,,,97793.92,NIFTY NEXT 50 TRI
2025-07-24,,,,97572.44,NIFTY NEXT 50 TRI
2025-07-25,,,,96099.08,NIFTY NEXT 50 TRI
2025-07-28,,,,95574.43,NIFTY NEXT 50 TRI
2025-07-29,,,,96466.42,NIFTY NEXT 50 TRI
2025-07-30,,,,96546.53,NIFTY NEXT 50 TRI
2025-07-31,,,,96101.33,NIFTY NEXT 50 TRI
2025-08-01,,,,94843.86,NIFTY NEXT 50 TRI
2025-08-04,,,,95930.12,NIFTY NEXT 50 TRI
2025-08-05,,,,95719.72,NIFTY NEXT 50 TRI
2025-08-06,,,,94887.13,NIFTY NEXT 50 TRI
2025-08-07,,,,95111.86,NIFTY NEXT 50 TRI
2025-08-08,,,,93933.48,NIFTY NEXT 50 TRI
2025-08-11,,,,95036.38,NIFTY NEXT 50 TRI
2025-08-12,,,,94950.31,NIFTY NEXT 50 TRI
2025-08-13,,,,95544.38,NIFTY NEXT 50 TRI
2025-08-14,,,,95399.14,NIFTY NEXT 50 TRI
2025-08-18,,,,96695.21,NIFTY NEXT 50 TRI
2025-08-19,,,,97423.82,NIFTY NEXT 50 TRI
2025-08-20,,,,97792.27,NIFTY NEXT 50 TRI
2025-08-21,,,,97529.16,NIFTY NEXT 50 TRI
2025-08-22,,,,96916.54,NIFTY NEXT 50 TRI
2025-08-25,,,,97201.35,NIFTY NEXT 50 TRI
2025-08-26,,,,95893.58,NIFTY NEXT 50 TRI
2025-08-28,,,,94658.97,NIFTY NEXT 50 TRI
2025-08-29,,,,94379.65,NIFTY NEXT 50 TRI
2025-09-01,,,,95706.69,NIFTY NEXT 50 TRI
2025-09-02,,,,96205.62,NIFTY NEXT 50 TRI
2025-09-03,,,,96844.88,NIFTY NEXT 50 TRI
2025-09-04,,,,96397.75,NIFTY NEXT 50 TRI
2025-09-05,,,,96309.05,NIFTY NEXT 50 TRI
2025-09-08,,,,96705.62,NIFTY NEXT 50 TRI
2025-09-09,,,,96841.56,NIFTY NEXT 50 TRI
2025-09-10,,,,97262.26,NIFTY NEXT 50 TRI
2025-09-11,,,,97579.36,NIFTY NEXT 50 TRI
2025-09-12,,,,97894.17,NIFTY NEXT 50 TRI
2025-09-15,,,,98481.53,NIFTY NEXT 50 TRI
2025-09-16,,,,99052.3,NIFTY NEXT 50 TRI
2025-09-17,,,,99262.4,NIFTY NEXT 50 TRI
2025-09-18,,,,99531.13,NIFTY NEXT 50 TRI
2025-09-19,,,,100108.61,NIFTY NEXT 50 TRI
2025-09-22,,,,100444.35,NIFTY NEXT 50 TRI
2025-09-23,,,,99986.47,NIFTY NEXT 50 TRI
2025-09-24,,,,98787.41,NIFTY NEXT 50 TRI
2025-09-25,,,,98048.67,NIFTY NEXT 50 TRI
2025-09-26,,,,96399.46,NIFTY NEXT 50 TRI
2025-09-29,,,,97390.34,NIFTY NEXT 50 TRI
2025-09-30,,,,97404.79,NIFTY NEXT 50 TRI
2025-10-01,,,,97752.43,NIFTY NEXT 50 TRI
2025-10-03,,,,98138.02,NIFTY NEXT 50 TRI
2025-10-06,,,,98474.47,NIFTY NEXT 50 TRI
2025-10-07,,,,98590.73,NIFTY NEXT 50 TRI
2025-10-08,,,,97828.02,NIFTY NEXT 50 TRI
2025-10-09,,,,98374.0,NIFTY NEXT 50 TRI
2025-10-10,,,,98613.75,NIFTY NEXT 50 TRI
2025-10-13,,,,98444.94,NIFTY NEXT 50 TRI
2025-10-14,,,,97925.49,NIFTY NEXT 50 TRI
2025-10-15,,,,99225.8,NIFTY NEXT 50 TRI
2025-10-16,,,,99713.4,NIFTY NEXT 50 TRI
2025-10-17,,,,99573.97,NIFTY NEXT 50 TRI
2025-10-20,,,,99709.35,NIFTY NEXT 50 TRI
2025-10-21,,,,99808.85,NIFTY NEXT 50 TRI
2025-10-23,,,,99693.12,NIFTY NEXT 50 TRI
2025-10-24,,,,99597.31,NIFTY NEXT 50 TRI
2025-10-27,,,,99990.06,NIFTY NEXT 50 TRI
2025-10-28,,,,99481.62,NIFTY NEXT 50 TRI
2025-10-29,,,,100889.56,NIFTY NEXT 50 TRI
2025-10-30,,,,100665.62,NIFTY NEXT 50 TRI
2025-10-31,,,,100295.37,NIFTY NEXT 50 TRI
2025-11-03,,,,101245.91,NIFTY NEXT 50 TRI
2025-11-04,,,,100796.1,NIFTY NEXT 50 TRI
2025-11-06,,,,99547.41,NIFTY NEXT 50 TRI
2025-11-07,,,,99651.76,NIFTY NEXT 50 TRI
2025-11-10,,,,100029.63,NIFTY NEXT 50 TRI
2025-11-11,,,,100167.43,NIFTY NEXT 50 TRI
2025-11-12,,,,100286.41,NIFTY NEXT 50 TRI
2025-11-13,,,,100349.19,NIFTY NEXT 50 TRI
2025-11-14,,,,100256.11,NIFTY NEXT 50 TRI
2025-11-17,,,,100783.71,NIFTY NEXT 50 TRI
2025-11-18,,,,100050.19,NIFTY NEXT 50 TRI
2025-11-19,,,,100039.19,NIFTY NEXT 50 TRI
2025-11-20,,,,99941.35,NIFTY NEXT 50 TRI
2025-11-21,,,,98654.42,NIFTY NEXT 50 TRI
2025-11-24,,,,97689.41,NIFTY NEXT 50 TRI
2025-11-25,,,,97940.83,NIFTY NEXT 50 TRI
2025-11-26,,,,99424.74,NIFTY NEXT 50 TRI
2025-11-27,,,,99252.86,NIFTY NEXT 50 TRI
2025-11-28,,,,99350.07,NIFTY NEXT 50 TRI
2025-12-01,,,,99469.53,NIFTY NEXT 50 TRI
2025-12-02,,,,99374.51,NIFTY NEXT 50 TRI
2025-12-03,,,,98291.58,NIFTY NEXT 50 TRI
2025-12-04,,,,98521.41,NIFTY NEXT 50 TRI
2025-12-05,,,,98735.58,NIFTY NEXT 50 TRI
2025-12-08,,,,96713.24,NIFTY NEXT 50 TRI
2025-12-09,,,,97290.87,NIFTY NEXT 50 TRI
2025-12-10,,,,97101.1,NIFTY NEXT 50 TRI
2025-12-11,,,,97628.6,NIFTY NEXT 50 TRI
2025-12-12,,,,98447.97,NIFTY NEXT 50 TRI
2025-12-15,,,,98610.02,NIFTY NEXT 50 TRI
2025-12-16,,,,98200.15,NIFTY NEXT 50 TRI
2025-12-17,,,,97826.01,NIFTY NEXT 50 TRI
2025-12-18,,,,97471.62,NIFTY NEXT 50 TRI
2025-12-19,,,,98259.65,NIFTY NEXT 50 TRI
2025-12-22,,,,98926.59,NIFTY NEXT 50 TRI
2025-12-23,,,,99290.94,NIFTY NEXT 50 TRI
2025-12-24,,,,99091.1,NIFTY NEXT 50 TRI
2025-12-26,,,,99096.58,NIFTY NEXT 50 TRI
2025-12-29,,,,98633.44,NIFTY NEXT 50 TRI
2025-12-30,,,,98675.13,NIFTY NEXT 50 TRI
2025-12-31,,,,99676.33,NIFTY NEXT 50 TRI
2026-01-01,,,,100123.09,NIFTY NEXT 50 TRI
2026-01-02,,,,101188.62,NIFTY NEXT 50 TRI
2026-01-05,,,,101183.63,NIFTY NEXT 50 TRI
2026-01-06,,,,101454.73,NIFTY NEXT 50 TRI
2026-01-07,,,,101581.94,NIFTY NEXT 50 TRI
2026-01-08,,,,99434.35,NIFTY NEXT 50 TRI
2026-01-09,,,,98422.88,NIFTY NEXT 50 TRI
2026-01-12,,,,98720.11,NIFTY NEXT 50 TRI
2026-01-13,,,,98465.67,NIFTY NEXT 50 TRI
2026-01-14,,,,98846.36,NIFTY NEXT 50 TRI
2026-01-16,,,,98948.34,NIFTY NEXT 50 TRI
2026-01-19,,,,98712.69,NIFTY NEXT 50 TRI
2026-01-20,,,,96437.95,NIFTY NEXT 50 TRI
2026-01-21,,,,96083.78,NIFTY NEXT 50 TRI
2026-01-22,,,,97130.45,NIFTY NEXT 50 TRI
2026-01-23,,,,95220.34,NIFTY NEXT 50 TRI
2026-01-27,,,,95854.5,NIFTY NEXT 50 TRI
2026-01-28,,,,98023.37,NIFTY NEXT 50 TRI
2026-01-29,,,,98316.65,NIFTY NEXT 50 TRI
2026-01-30,,,,97511.63,NIFTY NEXT 50 TRI
2026-02-01,,,,95385.35,NIFTY NEXT 50 TRI
2026-02-02,,,,96409.72,NIFTY NEXT 50 TRI
2026-02-03,,,,98962.76,NIFTY NEXT 50 TRI
2026-02-04,,,,99608.4,NIFTY NEXT 50 TRI
2026-02-05,,,,99139.09,NIFTY NEXT 50 TRI
2026-02-06,,,,99290.36,NIFTY NEXT 50 TRI
2026-02-09,,,,100255.01,NIFTY NEXT 50 TRI
2026-02-10,,,,100399.15,NIFTY NEXT 50 TRI
2026-02-11,,,,100955.46,NIFTY NEXT 50 TRI
2026-02-12,,,,100523.53,NIFTY NEXT 50 TRI
2026-02-13,,,,98959.72,NIFTY NEXT 50 TRI
2026-02-16,,,,99923.05,NIFTY NEXT 50 TRI
2026-02-17,,,,100457.94,NIFTY NEXT 50 TRI
2026-02-18,,,,101169.1,NIFTY NEXT 50 TRI
2026-02-19,,,,99291.15,NIFTY NEXT 50 TRI
2026-02-20,,,,99931.46,NIFTY NEXT 50 TRI
2026-02-23,,,,100319.14,NIFTY NEXT 50 TRI
2026-02-24,,,,100398.81,NIFTY NEXT 50 TRI
2026-02-25,,,,101292.01,NIFTY NEXT 50 TRI
2026-02-26,,,,101621.86,NIFTY NEXT 50 TRI
2026-02-27,,,,100301.58,NIFTY NEXT 50 TRI
2026-03-02,,,,98775.53,NIFTY NEXT 50 TRI
2026-03-04,,,,96112.44,NIFTY NEXT 50 TRI
2026-03-05,,,,97440.21,NIFTY NEXT 50 TRI
2026-03-06,,,,97086.92,NIFTY NEXT 50 TRI
2026-03-09,,,,95063.9,NIFTY NEXT 50 TRI
2026-03-10,,,,96729.05,NIFTY NEXT 50 TRI
2026-03-11,,,,95679.74,NIFTY NEXT 50 TRI
2026-03-12,,,,95605.37,NIFTY NEXT 50 TRI
2026-03-13,,,,93119.05,NIFTY NEXT 50 TRI
2026-03-16,,,,92789.15,NIFTY NEXT 50 TRI
2026-03-17,,,,93594.25,NIFTY NEXT 50 TRI
2026-03-18,,,,94525.41,NIFTY NEXT 50 TRI
2026-03-19,,,,91510.27,NIFTY NEXT 50 TRI
2026-03-20,,,,91942.79,NIFTY NEXT 50 TRI
2026-03-23,,,,88439.67,NIFTY NEXT 50 TRI
2026-03-24,,,,89801.67,NIFTY NEXT 50 TRI
2026-03-25,,,,91615.97,NIFTY NEXT 50 TRI
2026-03-27,,,,89431.6,NIFTY NEXT 50 TRI
2026-03-30,,,,87002.31,NIFTY NEXT 50 TRI
2026-04-01,,,,89255.53,NIFTY NEXT 50 TRI
2026-04-02,,,,89320.16,NIFTY NEXT 50 TRI
2026-04-06,,,,90619.62,NIFTY NEXT 50 TRI
2026-04-07,,,,91040.69,NIFTY NEXT 50 TRI
2026-04-08,,,,95360.13,NIFTY NEXT 50 TRI
2026-04-09,,,,95537.92,NIFTY NEXT 50 TRI
2026-04-10,,,,97516.81,NIFTY NEXT 50 TRI
2026-04-13,,,,96770.07,NIFTY NEXT 50 TRI
2026-04-15,,,,98854.83,NIFTY NEXT 50 TRI
2026-04-16,,,,99909.02,NIFTY NEXT 50 TRI
2026-04-17,,,,101325.15,NIFTY NEXT 50 TRI
2026-04-20,,,,101422.06,NIFTY NEXT 50 TRI
2026-04-21,,,,102119.12,NIFTY NEXT 50 TRI
2026-04-22,,,,102871.39,NIFTY NEXT 50 TRI
2026-04-23,,,,101522.01,NIFTY NEXT 50 TRI
2026-04-24,,,,100763.02,NIFTY NEXT 50 TRI
2026-04-27,,,,102081.92,NIFTY NEXT 50 TRI
2026-04-28,,,,101749.64,NIFTY NEXT 50 TRI
2026-04-29,,,,101682.71,NIFTY NEXT 50 TRI
2026-04-30,,,,100445.47,NIFTY NEXT 50 TRI
2026-05-04,,,,101368.42,NIFTY NEXT 50 TRI
2026-05-05,,,,101863.8,NIFTY NEXT 50 TRI
2026-05-06,,,,103398.59,NIFTY NEXT 50 TRI
2026-05-07,,,,103631.39,NIFTY NEXT 50 TRI
2026-05-08,,,,103116.12,NIFTY NEXT 50 TRI
2026-05-11,,,,101388.6,NIFTY NEXT 50 TRI
2026-05-12,,,,98928.67,NIFTY NEXT 50 TRI
2026-05-13,,,,99765.03,NIFTY NEXT 50 TRI
2026-05-14,,,,100881.31,NIFTY NEXT 50 TRI
2026-05-15,,,,99929.26,NIFTY NEXT 50 TRI
2026-05-18,,,,98974.03,NIFTY NEXT 50 TRI
2026-05-19,,,,99513.98,NIFTY NEXT 50 TRI
2026-05-20,,,,100046.51,NIFTY NEXT 50 TRI
2026-05-21,,,,100254.24,NIFTY NEXT 50 TRI
2026-05-22,,,,100654.43,NIFTY NEXT 50 TRI
2026-05-25,,,,102164.17,NIFTY NEXT 50 TRI
2026-05-26,,,,102350.67,NIFTY NEXT 50 TRI
2026-05-27,,,,103810.77,NIFTY NEXT 50 TRI
2026-05-29,,,,102539.93,NIFTY NEXT 50 TRI
2026-06-01,,,,100878.21,NIFTY NEXT 50 TRI
2026-06-02,,,,101158.01,NIFTY NEXT 50 TRI
2026-06-03,,,,100783.8,NIFTY NEXT 50 TRI
2026-06-04,,,,101006.73,NIFTY NEXT 50 TRI
2026-06-05,,,,101267.92,NIFTY NEXT 50 TRI
2026-06-08,,,,99512.71,NIFTY NEXT 50 TRI
2026-06-09,,,,100912.8,NIFTY NEXT 50 TRI
2026-06-10,,,,99771.45,NIFTY NEXT 50 TRI
2026-06-11,,,,98651.96,NIFTY NEXT 50 TRI
2026-06-12,,,,101040.44,NIFTY NEXT 50 TRI
2026-06-15,,,,103462.33,NIFTY NEXT 50 TRI
2026-06-16,,,,103626.03,NIFTY NEXT 50 TRI
2026-06-17,,,,104289.74,NIFTY NEXT 50 TRI
2026-06-18,,,,104776.76,NIFTY NEXT 50 TRI
2026-06-19,,,,104431.37,NIFTY NEXT 50 TRI
2026-06-22,,,,105465.57,NIFTY NEXT 50 TRI
2026-06-23,,,,104045.64,NIFTY NEXT 50 TRI
2026-06-24,,,,104033.71,NIFTY NEXT 50 TRI
2026-06-25,,,,104234.46,NIFTY NEXT 50 TRI
2026-06-29,,,,103239.41,NIFTY NEXT 50 TRI
2026-06-30,,,,103435.27,NIFTY NEXT 50 TRI
2026-07-01,,,,104115.64,NIFTY NEXT 50 TRI
2026-07-02,,,,104574.74,NIFTY NEXT 50 TRI
2026-07-03,,,,104358.7,NIFTY NEXT 50 TRI
2026-07-06,,,,104960.34,NIFTY NEXT 50 TRI
2026-07-07,,,,104329.11,NIFTY NEXT 50 TRI
2026-07-08,,,,102393.83,NIFTY NEXT 50 TRI
2026-07-09,,,,103241.77,NIFTY NEXT 50 TRI
2026-07-10,,,,104550.11,NIFTY NEXT 50 TRI
2026-07-13,,,,104145.18,NIFTY NEXT 50 TRI
2026-07-14,,,,103774.66,NIFTY NEXT 50 TRI
2026-07-15,,,,104203.9,NIFTY NEXT 50 TRI
2026-07-16,,,,103839.83,NIFTY NEXT 50 TRI
2026-07-17,,,,103771.16,NIFTY NEXT 50 TRI
2026-07-20,,,,104683.7,NIFTY NEXT 50 TRI
2026-07-21,,,,105143.03,NIFTY NEXT 50 TRI
2026-07-22,,,,104448.87,NIFTY NEXT 50 TRI
2026-07-23,,,,103804.79,NIFTY NEXT 50 TRI
2026-07-24,,,,103714.23,NIFTY NEXT 50 TRI
2026-07-27,,,,104937.75,NIFTY NEXT 50 TRI
2026-07-28,,,,104202.55,NIFTY NEXT 50 TRI
2026-07-29,,,,104988.52,NIFTY NEXT 50 TRI
2026-07-30,,,,105093.16,NIFTY NEXT 50 TRI
2026-07-31,,,,106564.01,NIFTY NEXT 50 TRI
2026-08-03,,,,107949.21,NIFTY NEXT 50 TRI
2026-08-04,,,,107382.99,NIFTY NEXT 50 TRI
2026-08-05,,,,107770.92,NIFTY NEXT 50 TRI
2026-08-06,,,,107853.12,NIFTY NEXT 50 TRI
2026-08-07,,,,108125.13,NIFTY NEXT 50 TRI
2026-08-10,,,,108225.43,NIFTY NEXT 50 TRI
2026-08-11,,,,108057.55,NIFTY NEXT 50 TRI
2026-08-12,,,,108198.32,NIFTY NEXT 50 TRI
2026-08-13,,,,108175.73,NIFTY NEXT 50 TRI
2026-08-14,,,,107863.91,NIFTY NEXT 50 TRI
2026-08-17,,,,107845.89,NIFTY NEXT 50 TRI
2026-08-18,,,,107606.68,NIFTY NEXT 50 TRI
2026-08-19,,,,107015.46,NIFTY NEXT 50 TRI
2026-08-20,,,,107441.93,NIFTY NEXT 50 TRI
2026-08-21,,,,107152.48,NIFTY NEXT 50 TRI
2026-08-24,,,,107196.36,NIFTY NEXT 50 TRI
2026-08-25,,,,107900.92,NIFTY NEXT 50 TRI
2026-08-26,,,,107889.51,NIFTY NEXT 50 TRI
2026-08-27,,,,107691.0,NIFTY NEXT 50 TRI
2026-08-28,,,,107418.24,NIFTY NEXT 50 TRI
2026-08-31,,,,106839.63,NIFTY NEXT 50 TRI
2026-09-01,,,,105557.81,NIFTY NEXT 50 TRI
2026-09-02,,,,105668.79,NIFTY NEXT 50 TRI
2026-09-03,,,,105820.03,NIFTY NEXT 50 TRI
2026-09-04,,,,105572.42,NIFTY NEXT 50 TRI
2026-09-07,,,,105130.33,NIFTY NEXT 50 TRI
2026-09-08,,,,105673.41,NIFTY NEXT 50 TRI
2026-09-09,,,,105533.2,NIFTY NEXT 50 TRI
2026-09-10,,,,105065.42,NIFTY NEXT 50 TRI
2026-09-11,,,,104417.56,NIFTY NEXT 50 TRI
2026-09-15,,,,101806.51,NIFTY NEXT 50 TRI
2026-09-16,,,,101933.18,NIFTY NEXT 50 TRI
2026-09-17,,,,103056.41,NIFTY NEXT 50 TRI
2026-09-18,,,,104333.16,NIFTY NEXT 50 TRI
2026-09-21,,,,104429.79,NIFTY NEXT 50 TRI
