Date,Open,High,Low,Close,Index
2013-01-22,,,,12.72,Edelweiss Balanced Advantage Fund
2013-01-23,,,,12.67,Edelweiss Balanced Advantage Fund
2013-01-24,,,,12.63,Edelweiss Balanced Advantage Fund
2013-01-25,,,,12.71,Edelweiss Balanced Advantage Fund
2013-01-28,,,,12.71,Edelweiss Balanced Advantage Fund
2013-01-29,,,,12.69,Edelweiss Balanced Advantage Fund
2013-01-30,,,,12.69,Edelweiss Balanced Advantage Fund
2013-01-31,,,,12.68,Edelweiss Balanced Advantage Fund
2013-02-01,,,,12.65,Edelweiss Balanced Advantage Fund
2013-02-04,,,,12.65,Edelweiss Balanced Advantage Fund
2013-02-05,,,,12.62,Edelweiss Balanced Advantage Fund
2013-02-06,,,,12.63,Edelweiss Balanced Advantage Fund
2013-02-07,,,,12.64,Edelweiss Balanced Advantage Fund
2013-02-08,,,,12.64,Edelweiss Balanced Advantage Fund
2013-02-11,,,,12.6,Edelweiss Balanced Advantage Fund
2013-02-12,,,,12.63,Edelweiss Balanced Advantage Fund
2013-02-13,,,,12.67,Edelweiss Balanced Advantage Fund
2013-02-14,,,,12.64,Edelweiss Balanced Advantage Fund
2013-02-15,,,,12.63,Edelweiss Balanced Advantage Fund
2013-02-18,,,,12.61,Edelweiss Balanced Advantage Fund
2013-02-19,,,,12.64,Edelweiss Balanced Advantage Fund
2013-02-20,,,,12.65,Edelweiss Balanced Advantage Fund
2013-02-21,,,,12.64,Edelweiss Balanced Advantage Fund
2013-02-22,,,,12.69,Edelweiss Balanced Advantage Fund
2013-02-25,,,,12.73,Edelweiss Balanced Advantage Fund
2013-02-26,,,,12.73,Edelweiss Balanced Advantage Fund
2013-02-27,,,,12.75,Edelweiss Balanced Advantage Fund
2013-02-28,,,,12.62,Edelweiss Balanced Advantage Fund
2013-03-01,,,,12.64,Edelweiss Balanced Advantage Fund
2013-03-04,,,,12.61,Edelweiss Balanced Advantage Fund
2013-03-05,,,,12.66,Edelweiss Balanced Advantage Fund
2013-03-06,,,,12.64,Edelweiss Balanced Advantage Fund
2013-03-07,,,,12.67,Edelweiss Balanced Advantage Fund
2013-03-08,,,,12.76,Edelweiss Balanced Advantage Fund
2013-03-11,,,,12.78,Edelweiss Balanced Advantage Fund
2013-03-12,,,,12.75,Edelweiss Balanced Advantage Fund
2013-03-13,,,,12.65,Edelweiss Balanced Advantage Fund
2013-03-14,,,,12.66,Edelweiss Balanced Advantage Fund
2013-03-15,,,,12.66,Edelweiss Balanced Advantage Fund
2013-03-18,,,,12.62,Edelweiss Balanced Advantage Fund
2013-03-19,,,,12.6,Edelweiss Balanced Advantage Fund
2013-03-20,,,,12.55,Edelweiss Balanced Advantage Fund
2013-03-21,,,,12.6,Edelweiss Balanced Advantage Fund
2013-03-22,,,,12.56,Edelweiss Balanced Advantage Fund
2013-03-25,,,,12.54,Edelweiss Balanced Advantage Fund
2013-03-26,,,,12.57,Edelweiss Balanced Advantage Fund
2013-03-28,,,,12.61,Edelweiss Balanced Advantage Fund
2013-04-01,,,,12.61,Edelweiss Balanced Advantage Fund
2013-04-02,,,,12.63,Edelweiss Balanced Advantage Fund
2013-04-03,,,,12.61,Edelweiss Balanced Advantage Fund
2013-04-04,,,,12.57,Edelweiss Balanced Advantage Fund
2013-04-05,,,,12.56,Edelweiss Balanced Advantage Fund
2013-04-08,,,,12.54,Edelweiss Balanced Advantage Fund
2013-04-09,,,,12.52,Edelweiss Balanced Advantage Fund
2013-04-10,,,,12.51,Edelweiss Balanced Advantage Fund
2013-04-11,,,,12.55,Edelweiss Balanced Advantage Fund
2013-04-12,,,,12.57,Edelweiss Balanced Advantage Fund
2013-04-15,,,,12.58,Edelweiss Balanced Advantage Fund
2013-04-16,,,,12.62,Edelweiss Balanced Advantage Fund
2013-04-17,,,,12.64,Edelweiss Balanced Advantage Fund
2013-04-18,,,,12.68,Edelweiss Balanced Advantage Fund
2013-04-22,,,,12.73,Edelweiss Balanced Advantage Fund
2013-04-23,,,,12.71,Edelweiss Balanced Advantage Fund
2013-04-25,,,,12.82,Edelweiss Balanced Advantage Fund
2013-04-26,,,,12.73,Edelweiss Balanced Advantage Fund
2013-04-29,,,,12.82,Edelweiss Balanced Advantage Fund
2013-04-30,,,,12.95,Edelweiss Balanced Advantage Fund
2013-05-02,,,,13.08,Edelweiss Balanced Advantage Fund
2013-05-03,,,,13.01,Edelweiss Balanced Advantage Fund
2013-05-06,,,,13.03,Edelweiss Balanced Advantage Fund
2013-05-07,,,,13.15,Edelweiss Balanced Advantage Fund
2013-05-08,,,,13.23,Edelweiss Balanced Advantage Fund
2013-05-09,,,,13.2,Edelweiss Balanced Advantage Fund
2013-05-10,,,,13.29,Edelweiss Balanced Advantage Fund
2013-05-13,,,,13.14,Edelweiss Balanced Advantage Fund
2013-05-14,,,,13.16,Edelweiss Balanced Advantage Fund
2013-05-15,,,,13.3,Edelweiss Balanced Advantage Fund
2013-05-16,,,,13.33,Edelweiss Balanced Advantage Fund
2013-05-17,,,,13.31,Edelweiss Balanced Advantage Fund
2013-05-20,,,,13.28,Edelweiss Balanced Advantage Fund
2013-05-21,,,,13.23,Edelweiss Balanced Advantage Fund
2013-05-22,,,,13.25,Edelweiss Balanced Advantage Fund
2013-05-23,,,,13.18,Edelweiss Balanced Advantage Fund
2013-05-24,,,,13.21,Edelweiss Balanced Advantage Fund
2013-05-27,,,,13.26,Edelweiss Balanced Advantage Fund
2013-05-28,,,,13.31,Edelweiss Balanced Advantage Fund
2013-05-29,,,,13.3,Edelweiss Balanced Advantage Fund
2013-05-30,,,,13.34,Edelweiss Balanced Advantage Fund
2013-05-31,,,,13.22,Edelweiss Balanced Advantage Fund
2013-06-03,,,,13.18,Edelweiss Balanced Advantage Fund
2013-06-04,,,,13.17,Edelweiss Balanced Advantage Fund
2013-06-05,,,,13.16,Edelweiss Balanced Advantage Fund
2013-06-06,,,,13.15,Edelweiss Balanced Advantage Fund
2013-06-07,,,,13.16,Edelweiss Balanced Advantage Fund
2013-06-10,,,,13.12,Edelweiss Balanced Advantage Fund
2013-06-11,,,,13.07,Edelweiss Balanced Advantage Fund
2013-06-12,,,,12.93,Edelweiss Balanced Advantage Fund
2013-06-13,,,,12.82,Edelweiss Balanced Advantage Fund
2013-06-14,,,,12.87,Edelweiss Balanced Advantage Fund
2013-06-17,,,,12.87,Edelweiss Balanced Advantage Fund
2013-06-18,,,,12.84,Edelweiss Balanced Advantage Fund
2013-06-19,,,,12.8,Edelweiss Balanced Advantage Fund
2013-06-20,,,,12.74,Edelweiss Balanced Advantage Fund
2013-06-21,,,,13.0,Edelweiss Balanced Advantage Fund
2013-06-24,,,,12.95,Edelweiss Balanced Advantage Fund
2013-06-25,,,,12.94,Edelweiss Balanced Advantage Fund
2013-06-26,,,,12.94,Edelweiss Balanced Advantage Fund
2013-06-27,,,,12.98,Edelweiss Balanced Advantage Fund
2013-06-28,,,,13.05,Edelweiss Balanced Advantage Fund
2013-07-01,,,,13.1,Edelweiss Balanced Advantage Fund
2013-07-02,,,,13.07,Edelweiss Balanced Advantage Fund
2013-07-03,,,,13.0,Edelweiss Balanced Advantage Fund
2013-07-04,,,,13.09,Edelweiss Balanced Advantage Fund
2013-07-05,,,,13.12,Edelweiss Balanced Advantage Fund
2013-07-08,,,,13.07,Edelweiss Balanced Advantage Fund
2013-07-09,,,,13.09,Edelweiss Balanced Advantage Fund
2013-07-10,,,,13.07,Edelweiss Balanced Advantage Fund
2013-07-11,,,,13.15,Edelweiss Balanced Advantage Fund
2013-07-12,,,,13.26,Edelweiss Balanced Advantage Fund
2013-07-15,,,,13.33,Edelweiss Balanced Advantage Fund
2013-07-16,,,,13.22,Edelweiss Balanced Advantage Fund
2013-07-17,,,,13.18,Edelweiss Balanced Advantage Fund
2013-07-18,,,,13.28,Edelweiss Balanced Advantage Fund
2013-07-19,,,,13.28,Edelweiss Balanced Advantage Fund
2013-07-22,,,,13.32,Edelweiss Balanced Advantage Fund
2013-07-23,,,,13.37,Edelweiss Balanced Advantage Fund
2013-07-24,,,,13.2,Edelweiss Balanced Advantage Fund
2013-07-25,,,,13.1,Edelweiss Balanced Advantage Fund
2013-07-26,,,,13.04,Edelweiss Balanced Advantage Fund
2013-07-29,,,,13.04,Edelweiss Balanced Advantage Fund
2013-07-30,,,,13.01,Edelweiss Balanced Advantage Fund
2013-07-31,,,,12.98,Edelweiss Balanced Advantage Fund
2013-08-01,,,,12.99,Edelweiss Balanced Advantage Fund
2013-08-02,,,,13.0,Edelweiss Balanced Advantage Fund
2013-08-05,,,,13.04,Edelweiss Balanced Advantage Fund
2013-08-06,,,,12.97,Edelweiss Balanced Advantage Fund
2013-08-07,,,,12.9,Edelweiss Balanced Advantage Fund
2013-08-08,,,,12.91,Edelweiss Balanced Advantage Fund
2013-08-12,,,,12.97,Edelweiss Balanced Advantage Fund
2013-08-13,,,,13.07,Edelweiss Balanced Advantage Fund
2013-08-14,,,,13.09,Edelweiss Balanced Advantage Fund
2013-08-16,,,,12.96,Edelweiss Balanced Advantage Fund
2013-08-19,,,,12.84,Edelweiss Balanced Advantage Fund
2013-08-20,,,,12.75,Edelweiss Balanced Advantage Fund
2013-08-21,,,,12.76,Edelweiss Balanced Advantage Fund
2013-08-22,,,,12.71,Edelweiss Balanced Advantage Fund
2013-08-23,,,,12.85,Edelweiss Balanced Advantage Fund
2013-08-26,,,,12.89,Edelweiss Balanced Advantage Fund
2013-08-27,,,,12.62,Edelweiss Balanced Advantage Fund
2013-08-28,,,,12.67,Edelweiss Balanced Advantage Fund
2013-08-29,,,,12.77,Edelweiss Balanced Advantage Fund
2013-08-30,,,,12.81,Edelweiss Balanced Advantage Fund
2013-09-02,,,,12.89,Edelweiss Balanced Advantage Fund
2013-09-03,,,,12.69,Edelweiss Balanced Advantage Fund
2013-09-04,,,,12.73,Edelweiss Balanced Advantage Fund
2013-09-05,,,,12.83,Edelweiss Balanced Advantage Fund
2013-09-06,,,,12.86,Edelweiss Balanced Advantage Fund
2013-09-10,,,,13.16,Edelweiss Balanced Advantage Fund
2013-09-11,,,,13.18,Edelweiss Balanced Advantage Fund
2013-09-12,,,,13.1,Edelweiss Balanced Advantage Fund
2013-09-13,,,,13.04,Edelweiss Balanced Advantage Fund
2013-09-16,,,,13.01,Edelweiss Balanced Advantage Fund
2013-09-17,,,,13.0,Edelweiss Balanced Advantage Fund
2013-09-18,,,,13.09,Edelweiss Balanced Advantage Fund
2013-09-19,,,,13.46,Edelweiss Balanced Advantage Fund
2013-09-20,,,,13.26,Edelweiss Balanced Advantage Fund
2013-09-23,,,,13.1,Edelweiss Balanced Advantage Fund
2013-09-24,,,,13.11,Edelweiss Balanced Advantage Fund
2013-09-25,,,,13.11,Edelweiss Balanced Advantage Fund
2013-09-26,,,,13.11,Edelweiss Balanced Advantage Fund
2013-09-27,,,,13.09,Edelweiss Balanced Advantage Fund
2013-09-30,,,,13.04,Edelweiss Balanced Advantage Fund
2013-10-01,,,,13.07,Edelweiss Balanced Advantage Fund
2013-10-03,,,,13.15,Edelweiss Balanced Advantage Fund
2013-10-04,,,,13.16,Edelweiss Balanced Advantage Fund
2013-10-07,,,,13.19,Edelweiss Balanced Advantage Fund
2013-10-08,,,,13.19,Edelweiss Balanced Advantage Fund
2013-10-09,,,,13.33,Edelweiss Balanced Advantage Fund
2013-10-10,,,,13.35,Edelweiss Balanced Advantage Fund
2013-10-11,,,,13.42,Edelweiss Balanced Advantage Fund
2013-10-14,,,,13.45,Edelweiss Balanced Advantage Fund
2013-10-15,,,,13.39,Edelweiss Balanced Advantage Fund
2013-10-17,,,,13.29,Edelweiss Balanced Advantage Fund
2013-10-18,,,,13.49,Edelweiss Balanced Advantage Fund
2013-10-21,,,,13.49,Edelweiss Balanced Advantage Fund
2013-10-22,,,,13.57,Edelweiss Balanced Advantage Fund
2013-10-23,,,,13.53,Edelweiss Balanced Advantage Fund
2013-10-24,,,,13.47,Edelweiss Balanced Advantage Fund
2013-10-25,,,,13.48,Edelweiss Balanced Advantage Fund
2013-10-28,,,,13.4,Edelweiss Balanced Advantage Fund
2013-10-29,,,,13.55,Edelweiss Balanced Advantage Fund
2013-10-30,,,,13.62,Edelweiss Balanced Advantage Fund
2013-10-31,,,,13.67,Edelweiss Balanced Advantage Fund
2013-11-01,,,,13.67,Edelweiss Balanced Advantage Fund
2013-11-05,,,,13.62,Edelweiss Balanced Advantage Fund
2013-11-06,,,,13.59,Edelweiss Balanced Advantage Fund
2013-11-07,,,,13.55,Edelweiss Balanced Advantage Fund
2013-11-08,,,,13.52,Edelweiss Balanced Advantage Fund
2013-11-11,,,,13.49,Edelweiss Balanced Advantage Fund
2013-11-12,,,,13.47,Edelweiss Balanced Advantage Fund
2013-11-13,,,,13.46,Edelweiss Balanced Advantage Fund
2013-11-14,,,,13.49,Edelweiss Balanced Advantage Fund
2013-11-18,,,,13.54,Edelweiss Balanced Advantage Fund
2013-11-19,,,,13.54,Edelweiss Balanced Advantage Fund
2013-11-20,,,,13.42,Edelweiss Balanced Advantage Fund
2013-11-21,,,,13.29,Edelweiss Balanced Advantage Fund
2013-11-22,,,,13.28,Edelweiss Balanced Advantage Fund
2013-11-25,,,,13.3,Edelweiss Balanced Advantage Fund
2013-11-26,,,,13.27,Edelweiss Balanced Advantage Fund
2013-11-27,,,,13.27,Edelweiss Balanced Advantage Fund
2013-11-28,,,,13.28,Edelweiss Balanced Advantage Fund
2013-11-29,,,,13.39,Edelweiss Balanced Advantage Fund
2013-12-02,,,,13.49,Edelweiss Balanced Advantage Fund
2013-12-03,,,,13.47,Edelweiss Balanced Advantage Fund
2013-12-04,,,,13.41,Edelweiss Balanced Advantage Fund
2013-12-05,,,,13.5,Edelweiss Balanced Advantage Fund
2013-12-06,,,,13.53,Edelweiss Balanced Advantage Fund
2013-12-09,,,,13.65,Edelweiss Balanced Advantage Fund
2013-12-10,,,,13.6,Edelweiss Balanced Advantage Fund
2013-12-11,,,,13.59,Edelweiss Balanced Advantage Fund
2013-12-12,,,,13.5,Edelweiss Balanced Advantage Fund
2013-12-13,,,,13.39,Edelweiss Balanced Advantage Fund
2013-12-16,,,,13.44,Edelweiss Balanced Advantage Fund
2013-12-17,,,,13.46,Edelweiss Balanced Advantage Fund
2013-12-18,,,,13.54,Edelweiss Balanced Advantage Fund
2013-12-19,,,,13.52,Edelweiss Balanced Advantage Fund
2013-12-20,,,,13.68,Edelweiss Balanced Advantage Fund
2013-12-23,,,,13.72,Edelweiss Balanced Advantage Fund
2013-12-24,,,,13.7,Edelweiss Balanced Advantage Fund
2013-12-26,,,,13.72,Edelweiss Balanced Advantage Fund
2013-12-27,,,,13.79,Edelweiss Balanced Advantage Fund
2013-12-30,,,,13.74,Edelweiss Balanced Advantage Fund
2013-12-31,,,,13.79,Edelweiss Balanced Advantage Fund
2014-01-01,,,,13.79,Edelweiss Balanced Advantage Fund
2014-01-02,,,,13.67,Edelweiss Balanced Advantage Fund
2014-01-03,,,,13.68,Edelweiss Balanced Advantage Fund
2014-01-06,,,,13.67,Edelweiss Balanced Advantage Fund
2014-01-07,,,,13.63,Edelweiss Balanced Advantage Fund
2014-01-08,,,,13.67,Edelweiss Balanced Advantage Fund
2014-01-09,,,,13.65,Edelweiss Balanced Advantage Fund
2014-01-10,,,,13.62,Edelweiss Balanced Advantage Fund
2014-01-13,,,,13.69,Edelweiss Balanced Advantage Fund
2014-01-14,,,,13.65,Edelweiss Balanced Advantage Fund
2014-01-15,,,,13.7,Edelweiss Balanced Advantage Fund
2014-01-16,,,,13.7,Edelweiss Balanced Advantage Fund
2014-01-17,,,,13.56,Edelweiss Balanced Advantage Fund
2014-01-20,,,,13.67,Edelweiss Balanced Advantage Fund
2014-01-21,,,,13.67,Edelweiss Balanced Advantage Fund
2014-01-22,,,,13.68,Edelweiss Balanced Advantage Fund
2014-01-23,,,,13.65,Edelweiss Balanced Advantage Fund
2014-01-24,,,,13.52,Edelweiss Balanced Advantage Fund
2014-01-27,,,,13.32,Edelweiss Balanced Advantage Fund
2014-01-28,,,,13.31,Edelweiss Balanced Advantage Fund
2014-01-29,,,,13.33,Edelweiss Balanced Advantage Fund
2014-01-30,,,,13.3,Edelweiss Balanced Advantage Fund
2014-01-31,,,,13.37,Edelweiss Balanced Advantage Fund
2014-02-03,,,,13.26,Edelweiss Balanced Advantage Fund
2014-02-04,,,,13.25,Edelweiss Balanced Advantage Fund
2014-02-05,,,,13.33,Edelweiss Balanced Advantage Fund
2014-02-06,,,,13.35,Edelweiss Balanced Advantage Fund
2014-02-07,,,,13.37,Edelweiss Balanced Advantage Fund
2014-02-10,,,,13.37,Edelweiss Balanced Advantage Fund
2014-02-11,,,,13.4,Edelweiss Balanced Advantage Fund
2014-02-12,,,,13.42,Edelweiss Balanced Advantage Fund
2014-02-13,,,,13.33,Edelweiss Balanced Advantage Fund
2014-02-14,,,,13.35,Edelweiss Balanced Advantage Fund
2014-02-17,,,,13.35,Edelweiss Balanced Advantage Fund
2014-02-18,,,,13.38,Edelweiss Balanced Advantage Fund
2014-02-19,,,,13.41,Edelweiss Balanced Advantage Fund
2014-02-20,,,,13.37,Edelweiss Balanced Advantage Fund
2014-02-21,,,,13.42,Edelweiss Balanced Advantage Fund
2014-02-24,,,,13.47,Edelweiss Balanced Advantage Fund
2014-02-25,,,,13.51,Edelweiss Balanced Advantage Fund
2014-02-26,,,,13.56,Edelweiss Balanced Advantage Fund
2014-02-28,,,,13.63,Edelweiss Balanced Advantage Fund
2014-03-03,,,,13.52,Edelweiss Balanced Advantage Fund
2014-03-04,,,,13.59,Edelweiss Balanced Advantage Fund
2014-03-05,,,,13.55,Edelweiss Balanced Advantage Fund
2014-03-06,,,,13.59,Edelweiss Balanced Advantage Fund
2014-03-07,,,,13.62,Edelweiss Balanced Advantage Fund
2014-03-10,,,,13.73,Edelweiss Balanced Advantage Fund
2014-03-11,,,,13.71,Edelweiss Balanced Advantage Fund
2014-03-12,,,,13.73,Edelweiss Balanced Advantage Fund
2014-03-13,,,,13.74,Edelweiss Balanced Advantage Fund
2014-03-14,,,,13.69,Edelweiss Balanced Advantage Fund
2014-03-18,,,,13.73,Edelweiss Balanced Advantage Fund
2014-03-19,,,,13.72,Edelweiss Balanced Advantage Fund
2014-03-20,,,,13.73,Edelweiss Balanced Advantage Fund
2014-03-21,,,,13.76,Edelweiss Balanced Advantage Fund
2014-03-24,,,,13.8,Edelweiss Balanced Advantage Fund
2014-03-25,,,,13.8,Edelweiss Balanced Advantage Fund
2014-03-26,,,,13.78,Edelweiss Balanced Advantage Fund
2014-03-27,,,,13.81,Edelweiss Balanced Advantage Fund
2014-03-28,,,,13.89,Edelweiss Balanced Advantage Fund
2014-03-31,,,,13.91,Edelweiss Balanced Advantage Fund
2014-04-01,,,,13.94,Edelweiss Balanced Advantage Fund
2014-04-02,,,,14.01,Edelweiss Balanced Advantage Fund
2014-04-03,,,,13.95,Edelweiss Balanced Advantage Fund
2014-04-04,,,,13.91,Edelweiss Balanced Advantage Fund
2014-04-07,,,,13.89,Edelweiss Balanced Advantage Fund
2014-04-09,,,,14.0,Edelweiss Balanced Advantage Fund
2014-04-10,,,,14.02,Edelweiss Balanced Advantage Fund
2014-04-11,,,,14.02,Edelweiss Balanced Advantage Fund
2014-04-15,,,,14.01,Edelweiss Balanced Advantage Fund
2014-04-16,,,,13.92,Edelweiss Balanced Advantage Fund
2014-04-17,,,,14.0,Edelweiss Balanced Advantage Fund
2014-04-21,,,,14.03,Edelweiss Balanced Advantage Fund
2014-04-22,,,,14.04,Edelweiss Balanced Advantage Fund
2014-04-23,,,,14.02,Edelweiss Balanced Advantage Fund
2014-04-25,,,,14.02,Edelweiss Balanced Advantage Fund
2014-04-28,,,,14.03,Edelweiss Balanced Advantage Fund
2014-04-29,,,,13.98,Edelweiss Balanced Advantage Fund
2014-04-30,,,,13.98,Edelweiss Balanced Advantage Fund
2014-05-02,,,,14.02,Edelweiss Balanced Advantage Fund
2014-05-05,,,,13.99,Edelweiss Balanced Advantage Fund
2014-05-06,,,,14.02,Edelweiss Balanced Advantage Fund
2014-05-07,,,,13.94,Edelweiss Balanced Advantage Fund
2014-05-08,,,,13.95,Edelweiss Balanced Advantage Fund
2014-05-09,,,,14.21,Edelweiss Balanced Advantage Fund
2014-05-12,,,,14.42,Edelweiss Balanced Advantage Fund
2014-05-13,,,,14.53,Edelweiss Balanced Advantage Fund
2014-05-14,,,,14.57,Edelweiss Balanced Advantage Fund
2014-05-15,,,,14.56,Edelweiss Balanced Advantage Fund
2014-05-16,,,,14.77,Edelweiss Balanced Advantage Fund
2014-05-19,,,,14.98,Edelweiss Balanced Advantage Fund
2014-05-20,,,,14.99,Edelweiss Balanced Advantage Fund
2014-05-21,,,,15.02,Edelweiss Balanced Advantage Fund
2014-05-22,,,,15.08,Edelweiss Balanced Advantage Fund
2014-05-23,,,,15.24,Edelweiss Balanced Advantage Fund
2014-05-26,,,,15.24,Edelweiss Balanced Advantage Fund
2014-05-27,,,,15.18,Edelweiss Balanced Advantage Fund
2014-05-28,,,,15.23,Edelweiss Balanced Advantage Fund
2014-05-29,,,,15.08,Edelweiss Balanced Advantage Fund
2014-05-30,,,,15.05,Edelweiss Balanced Advantage Fund
2014-06-02,,,,15.24,Edelweiss Balanced Advantage Fund
2014-06-03,,,,15.31,Edelweiss Balanced Advantage Fund
2014-06-04,,,,15.28,Edelweiss Balanced Advantage Fund
2014-06-05,,,,15.41,Edelweiss Balanced Advantage Fund
2014-06-06,,,,15.6,Edelweiss Balanced Advantage Fund
2014-06-09,,,,15.71,Edelweiss Balanced Advantage Fund
2014-06-10,,,,15.68,Edelweiss Balanced Advantage Fund
2014-06-11,,,,15.64,Edelweiss Balanced Advantage Fund
2014-06-12,,,,15.66,Edelweiss Balanced Advantage Fund
2014-06-13,,,,15.51,Edelweiss Balanced Advantage Fund
2014-06-16,,,,15.5,Edelweiss Balanced Advantage Fund
2014-06-17,,,,15.66,Edelweiss Balanced Advantage Fund
2014-06-18,,,,15.59,Edelweiss Balanced Advantage Fund
2014-06-19,,,,15.52,Edelweiss Balanced Advantage Fund
2014-06-20,,,,15.52,Edelweiss Balanced Advantage Fund
2014-06-23,,,,15.5,Edelweiss Balanced Advantage Fund
2014-06-24,,,,15.58,Edelweiss Balanced Advantage Fund
2014-06-25,,,,15.59,Edelweiss Balanced Advantage Fund
2014-06-26,,,,15.52,Edelweiss Balanced Advantage Fund
2014-06-27,,,,15.58,Edelweiss Balanced Advantage Fund
2014-06-30,,,,15.65,Edelweiss Balanced Advantage Fund
2014-07-01,,,,15.67,Edelweiss Balanced Advantage Fund
2014-07-02,,,,15.98,Edelweiss Balanced Advantage Fund
2014-07-03,,,,16.02,Edelweiss Balanced Advantage Fund
2014-07-04,,,,16.12,Edelweiss Balanced Advantage Fund
2014-07-07,,,,16.17,Edelweiss Balanced Advantage Fund
2014-07-08,,,,15.9,Edelweiss Balanced Advantage Fund
2014-07-09,,,,15.82,Edelweiss Balanced Advantage Fund
2014-07-10,,,,15.81,Edelweiss Balanced Advantage Fund
2014-07-11,,,,15.74,Edelweiss Balanced Advantage Fund
2014-07-14,,,,15.7,Edelweiss Balanced Advantage Fund
2014-07-15,,,,15.82,Edelweiss Balanced Advantage Fund
2014-07-16,,,,15.92,Edelweiss Balanced Advantage Fund
2014-07-17,,,,15.97,Edelweiss Balanced Advantage Fund
2014-07-18,,,,16.01,Edelweiss Balanced Advantage Fund
2014-07-21,,,,16.07,Edelweiss Balanced Advantage Fund
2014-07-22,,,,16.18,Edelweiss Balanced Advantage Fund
2014-07-23,,,,16.21,Edelweiss Balanced Advantage Fund
2014-07-24,,,,16.26,Edelweiss Balanced Advantage Fund
2014-07-25,,,,16.22,Edelweiss Balanced Advantage Fund
2014-07-28,,,,16.18,Edelweiss Balanced Advantage Fund
2014-07-30,,,,16.29,Edelweiss Balanced Advantage Fund
2014-07-31,,,,16.21,Edelweiss Balanced Advantage Fund
2014-08-01,,,,16.03,Edelweiss Balanced Advantage Fund
2014-08-04,,,,16.09,Edelweiss Balanced Advantage Fund
2014-08-05,,,,16.15,Edelweiss Balanced Advantage Fund
2014-08-06,,,,16.06,Edelweiss Balanced Advantage Fund
2014-08-07,,,,16.01,Edelweiss Balanced Advantage Fund
2014-08-08,,,,15.94,Edelweiss Balanced Advantage Fund
2014-08-11,,,,15.98,Edelweiss Balanced Advantage Fund
2014-08-12,,,,16.04,Edelweiss Balanced Advantage Fund
2014-08-13,,,,16.07,Edelweiss Balanced Advantage Fund
2014-08-14,,,,16.15,Edelweiss Balanced Advantage Fund
2014-08-18,,,,16.29,Edelweiss Balanced Advantage Fund
2014-08-19,,,,16.33,Edelweiss Balanced Advantage Fund
2014-08-20,,,,16.31,Edelweiss Balanced Advantage Fund
2014-08-21,,,,16.37,Edelweiss Balanced Advantage Fund
2014-08-22,,,,16.42,Edelweiss Balanced Advantage Fund
2014-08-25,,,,16.39,Edelweiss Balanced Advantage Fund
2014-08-26,,,,16.45,Edelweiss Balanced Advantage Fund
2014-08-27,,,,16.54,Edelweiss Balanced Advantage Fund
2014-08-28,,,,16.54,Edelweiss Balanced Advantage Fund
2014-09-01,,,,16.65,Edelweiss Balanced Advantage Fund
2014-09-02,,,,16.74,Edelweiss Balanced Advantage Fund
2014-09-03,,,,16.88,Edelweiss Balanced Advantage Fund
2014-09-04,,,,16.88,Edelweiss Balanced Advantage Fund
2014-09-05,,,,16.9,Edelweiss Balanced Advantage Fund
2014-09-08,,,,17.04,Edelweiss Balanced Advantage Fund
2014-09-09,,,,17.05,Edelweiss Balanced Advantage Fund
2014-09-10,,,,16.99,Edelweiss Balanced Advantage Fund
2014-09-11,,,,17.03,Edelweiss Balanced Advantage Fund
2014-09-12,,,,17.16,Edelweiss Balanced Advantage Fund
2014-09-15,,,,17.11,Edelweiss Balanced Advantage Fund
2014-09-16,,,,16.89,Edelweiss Balanced Advantage Fund
2014-09-17,,,,16.9,Edelweiss Balanced Advantage Fund
2014-09-18,,,,17.03,Edelweiss Balanced Advantage Fund
2014-09-19,,,,17.08,Edelweiss Balanced Advantage Fund
2014-09-22,,,,17.09,Edelweiss Balanced Advantage Fund
2014-09-23,,,,16.93,Edelweiss Balanced Advantage Fund
2014-09-24,,,,16.88,Edelweiss Balanced Advantage Fund
2014-09-25,,,,16.82,Edelweiss Balanced Advantage Fund
2014-09-26,,,,16.91,Edelweiss Balanced Advantage Fund
2014-09-29,,,,16.97,Edelweiss Balanced Advantage Fund
2014-09-30,,,,17.0,Edelweiss Balanced Advantage Fund
2014-10-01,,,,16.98,Edelweiss Balanced Advantage Fund
2014-10-07,,,,16.88,Edelweiss Balanced Advantage Fund
2014-10-08,,,,16.78,Edelweiss Balanced Advantage Fund
2014-10-09,,,,16.88,Edelweiss Balanced Advantage Fund
2014-10-10,,,,16.71,Edelweiss Balanced Advantage Fund
2014-10-13,,,,16.78,Edelweiss Balanced Advantage Fund
2014-10-14,,,,16.76,Edelweiss Balanced Advantage Fund
2014-10-16,,,,16.63,Edelweiss Balanced Advantage Fund
2014-10-17,,,,16.58,Edelweiss Balanced Advantage Fund
2014-10-20,,,,16.69,Edelweiss Balanced Advantage Fund
2014-10-21,,,,16.77,Edelweiss Balanced Advantage Fund
2014-10-22,,,,16.85,Edelweiss Balanced Advantage Fund
2014-10-27,,,,16.81,Edelweiss Balanced Advantage Fund
2014-10-28,,,,16.86,Edelweiss Balanced Advantage Fund
2014-10-29,,,,16.94,Edelweiss Balanced Advantage Fund
2014-10-30,,,,17.07,Edelweiss Balanced Advantage Fund
2014-10-31,,,,17.31,Edelweiss Balanced Advantage Fund
2014-11-03,,,,17.36,Edelweiss Balanced Advantage Fund
2014-11-05,,,,17.4,Edelweiss Balanced Advantage Fund
2014-11-07,,,,17.46,Edelweiss Balanced Advantage Fund
2014-11-10,,,,17.5,Edelweiss Balanced Advantage Fund
2014-11-11,,,,17.55,Edelweiss Balanced Advantage Fund
2014-11-12,,,,17.63,Edelweiss Balanced Advantage Fund
2014-11-13,,,,17.64,Edelweiss Balanced Advantage Fund
2014-11-14,,,,17.68,Edelweiss Balanced Advantage Fund
2014-11-17,,,,17.78,Edelweiss Balanced Advantage Fund
2014-11-18,,,,17.8,Edelweiss Balanced Advantage Fund
2014-11-19,,,,17.79,Edelweiss Balanced Advantage Fund
2014-11-20,,,,17.81,Edelweiss Balanced Advantage Fund
2014-11-21,,,,17.86,Edelweiss Balanced Advantage Fund
2014-11-24,,,,17.92,Edelweiss Balanced Advantage Fund
2014-11-25,,,,17.83,Edelweiss Balanced Advantage Fund
2014-11-26,,,,17.81,Edelweiss Balanced Advantage Fund
2014-11-27,,,,17.86,Edelweiss Balanced Advantage Fund
2014-11-28,,,,17.95,Edelweiss Balanced Advantage Fund
2014-12-01,,,,17.95,Edelweiss Balanced Advantage Fund
2014-12-02,,,,17.96,Edelweiss Balanced Advantage Fund
2014-12-03,,,,18.01,Edelweiss Balanced Advantage Fund
2014-12-04,,,,18.03,Edelweiss Balanced Advantage Fund
2014-12-05,,,,17.95,Edelweiss Balanced Advantage Fund
2014-12-08,,,,17.79,Edelweiss Balanced Advantage Fund
2014-12-09,,,,17.68,Edelweiss Balanced Advantage Fund
2014-12-10,,,,17.73,Edelweiss Balanced Advantage Fund
2014-12-11,,,,17.68,Edelweiss Balanced Advantage Fund
2014-12-12,,,,17.67,Edelweiss Balanced Advantage Fund
2014-12-15,,,,17.66,Edelweiss Balanced Advantage Fund
2014-12-16,,,,17.47,Edelweiss Balanced Advantage Fund
2014-12-17,,,,17.42,Edelweiss Balanced Advantage Fund
2014-12-18,,,,17.62,Edelweiss Balanced Advantage Fund
2014-12-19,,,,17.66,Edelweiss Balanced Advantage Fund
2014-12-22,,,,17.78,Edelweiss Balanced Advantage Fund
2014-12-23,,,,17.73,Edelweiss Balanced Advantage Fund
2014-12-24,,,,17.63,Edelweiss Balanced Advantage Fund
2014-12-26,,,,17.69,Edelweiss Balanced Advantage Fund
2014-12-29,,,,17.74,Edelweiss Balanced Advantage Fund
2014-12-30,,,,17.78,Edelweiss Balanced Advantage Fund
2014-12-31,,,,17.87,Edelweiss Balanced Advantage Fund
2015-01-01,,,,17.89,Edelweiss Balanced Advantage Fund
2015-01-02,,,,18.02,Edelweiss Balanced Advantage Fund
2015-01-05,,,,17.96,Edelweiss Balanced Advantage Fund
2015-01-06,,,,17.57,Edelweiss Balanced Advantage Fund
2015-01-07,,,,17.59,Edelweiss Balanced Advantage Fund
2015-01-08,,,,17.67,Edelweiss Balanced Advantage Fund
2015-01-09,,,,17.74,Edelweiss Balanced Advantage Fund
2015-01-12,,,,17.87,Edelweiss Balanced Advantage Fund
2015-01-13,,,,17.88,Edelweiss Balanced Advantage Fund
2015-01-14,,,,17.93,Edelweiss Balanced Advantage Fund
2015-01-15,,,,18.1,Edelweiss Balanced Advantage Fund
2015-01-16,,,,18.17,Edelweiss Balanced Advantage Fund
2015-01-19,,,,18.24,Edelweiss Balanced Advantage Fund
2015-01-20,,,,18.4,Edelweiss Balanced Advantage Fund
2015-01-21,,,,18.48,Edelweiss Balanced Advantage Fund
2015-01-22,,,,18.52,Edelweiss Balanced Advantage Fund
2015-01-23,,,,18.61,Edelweiss Balanced Advantage Fund
2015-01-27,,,,18.75,Edelweiss Balanced Advantage Fund
2015-01-28,,,,18.81,Edelweiss Balanced Advantage Fund
2015-01-29,,,,18.85,Edelweiss Balanced Advantage Fund
2015-01-30,,,,18.67,Edelweiss Balanced Advantage Fund
2015-02-02,,,,18.73,Edelweiss Balanced Advantage Fund
2015-02-03,,,,18.69,Edelweiss Balanced Advantage Fund
2015-02-04,,,,18.61,Edelweiss Balanced Advantage Fund
2015-02-05,,,,18.58,Edelweiss Balanced Advantage Fund
2015-02-06,,,,18.53,Edelweiss Balanced Advantage Fund
2015-02-09,,,,18.35,Edelweiss Balanced Advantage Fund
2015-02-10,,,,18.43,Edelweiss Balanced Advantage Fund
2015-02-11,,,,18.56,Edelweiss Balanced Advantage Fund
2015-02-12,,,,18.68,Edelweiss Balanced Advantage Fund
2015-02-13,,,,18.78,Edelweiss Balanced Advantage Fund
2015-02-16,,,,18.79,Edelweiss Balanced Advantage Fund
2015-02-18,,,,18.89,Edelweiss Balanced Advantage Fund
2015-02-19,,,,18.89,Edelweiss Balanced Advantage Fund
2015-02-20,,,,18.81,Edelweiss Balanced Advantage Fund
2015-02-23,,,,18.66,Edelweiss Balanced Advantage Fund
2015-02-24,,,,18.67,Edelweiss Balanced Advantage Fund
2015-02-25,,,,18.68,Edelweiss Balanced Advantage Fund
2015-02-26,,,,18.55,Edelweiss Balanced Advantage Fund
2015-02-27,,,,18.68,Edelweiss Balanced Advantage Fund
2015-03-02,,,,19.0,Edelweiss Balanced Advantage Fund
2015-03-03,,,,19.08,Edelweiss Balanced Advantage Fund
2015-03-04,,,,19.02,Edelweiss Balanced Advantage Fund
2015-03-05,,,,19.12,Edelweiss Balanced Advantage Fund
2015-03-09,,,,18.9,Edelweiss Balanced Advantage Fund
2015-03-10,,,,18.86,Edelweiss Balanced Advantage Fund
2015-03-11,,,,18.87,Edelweiss Balanced Advantage Fund
2015-03-12,,,,19.0,Edelweiss Balanced Advantage Fund
2015-03-13,,,,18.85,Edelweiss Balanced Advantage Fund
2015-03-16,,,,18.87,Edelweiss Balanced Advantage Fund
2015-03-17,,,,18.99,Edelweiss Balanced Advantage Fund
2015-03-18,,,,18.96,Edelweiss Balanced Advantage Fund
2015-03-19,,,,18.89,Edelweiss Balanced Advantage Fund
2015-03-20,,,,18.8,Edelweiss Balanced Advantage Fund
2015-03-23,,,,18.76,Edelweiss Balanced Advantage Fund
2015-03-24,,,,18.77,Edelweiss Balanced Advantage Fund
2015-03-25,,,,18.81,Edelweiss Balanced Advantage Fund
2015-03-26,,,,18.7,Edelweiss Balanced Advantage Fund
2015-03-27,,,,18.74,Edelweiss Balanced Advantage Fund
2015-03-30,,,,18.9,Edelweiss Balanced Advantage Fund
2015-03-31,,,,18.94,Edelweiss Balanced Advantage Fund
2015-04-01,,,,19.09,Edelweiss Balanced Advantage Fund
2015-04-06,,,,19.2,Edelweiss Balanced Advantage Fund
2015-04-07,,,,19.19,Edelweiss Balanced Advantage Fund
2015-04-08,,,,19.24,Edelweiss Balanced Advantage Fund
2015-04-09,,,,19.34,Edelweiss Balanced Advantage Fund
2015-04-10,,,,19.34,Edelweiss Balanced Advantage Fund
2015-04-13,,,,19.39,Edelweiss Balanced Advantage Fund
2015-04-15,,,,19.28,Edelweiss Balanced Advantage Fund
2015-04-16,,,,19.25,Edelweiss Balanced Advantage Fund
2015-04-17,,,,19.0,Edelweiss Balanced Advantage Fund
2015-04-20,,,,18.88,Edelweiss Balanced Advantage Fund
2015-04-21,,,,18.86,Edelweiss Balanced Advantage Fund
2015-04-22,,,,18.81,Edelweiss Balanced Advantage Fund
2015-04-23,,,,18.85,Edelweiss Balanced Advantage Fund
2015-04-24,,,,18.72,Edelweiss Balanced Advantage Fund
2015-04-27,,,,18.61,Edelweiss Balanced Advantage Fund
2015-04-28,,,,18.71,Edelweiss Balanced Advantage Fund
2015-04-29,,,,18.78,Edelweiss Balanced Advantage Fund
2015-04-30,,,,18.81,Edelweiss Balanced Advantage Fund
2015-05-04,,,,18.9,Edelweiss Balanced Advantage Fund
2015-05-05,,,,18.91,Edelweiss Balanced Advantage Fund
2015-05-06,,,,18.72,Edelweiss Balanced Advantage Fund
2015-05-07,,,,18.62,Edelweiss Balanced Advantage Fund
2015-05-08,,,,18.74,Edelweiss Balanced Advantage Fund
2015-05-11,,,,18.82,Edelweiss Balanced Advantage Fund
2015-05-12,,,,18.68,Edelweiss Balanced Advantage Fund
2015-05-13,,,,18.76,Edelweiss Balanced Advantage Fund
2015-05-14,,,,18.8,Edelweiss Balanced Advantage Fund
2015-05-15,,,,18.87,Edelweiss Balanced Advantage Fund
2015-05-18,,,,18.99,Edelweiss Balanced Advantage Fund
2015-05-19,,,,19.0,Edelweiss Balanced Advantage Fund
2015-05-20,,,,19.09,Edelweiss Balanced Advantage Fund
2015-05-21,,,,19.05,Edelweiss Balanced Advantage Fund
2015-05-22,,,,19.12,Edelweiss Balanced Advantage Fund
2015-05-25,,,,19.08,Edelweiss Balanced Advantage Fund
2015-05-26,,,,19.1,Edelweiss Balanced Advantage Fund
2015-05-27,,,,19.16,Edelweiss Balanced Advantage Fund
2015-05-28,,,,19.15,Edelweiss Balanced Advantage Fund
2015-05-29,,,,19.31,Edelweiss Balanced Advantage Fund
2015-06-01,,,,19.29,Edelweiss Balanced Advantage Fund
2015-06-02,,,,18.98,Edelweiss Balanced Advantage Fund
2015-06-03,,,,18.91,Edelweiss Balanced Advantage Fund
2015-06-04,,,,18.9,Edelweiss Balanced Advantage Fund
2015-06-05,,,,18.91,Edelweiss Balanced Advantage Fund
2015-06-08,,,,18.81,Edelweiss Balanced Advantage Fund
2015-06-09,,,,18.79,Edelweiss Balanced Advantage Fund
2015-06-10,,,,18.87,Edelweiss Balanced Advantage Fund
2015-06-11,,,,18.72,Edelweiss Balanced Advantage Fund
2015-06-12,,,,18.68,Edelweiss Balanced Advantage Fund
2015-06-15,,,,18.7,Edelweiss Balanced Advantage Fund
2015-06-16,,,,18.7,Edelweiss Balanced Advantage Fund
2015-06-17,,,,18.84,Edelweiss Balanced Advantage Fund
2015-06-18,,,,18.93,Edelweiss Balanced Advantage Fund
2015-06-19,,,,19.0,Edelweiss Balanced Advantage Fund
2015-06-22,,,,19.18,Edelweiss Balanced Advantage Fund
2015-06-23,,,,19.19,Edelweiss Balanced Advantage Fund
2015-06-24,,,,19.18,Edelweiss Balanced Advantage Fund
2015-06-25,,,,19.21,Edelweiss Balanced Advantage Fund
2015-06-26,,,,19.24,Edelweiss Balanced Advantage Fund
2015-06-29,,,,19.11,Edelweiss Balanced Advantage Fund
2015-06-30,,,,19.24,Edelweiss Balanced Advantage Fund
2015-07-01,,,,19.36,Edelweiss Balanced Advantage Fund
2015-07-02,,,,19.42,Edelweiss Balanced Advantage Fund
2015-07-03,,,,19.45,Edelweiss Balanced Advantage Fund
2015-07-06,,,,19.5,Edelweiss Balanced Advantage Fund
2015-07-07,,,,19.49,Edelweiss Balanced Advantage Fund
2015-07-08,,,,19.32,Edelweiss Balanced Advantage Fund
2015-07-09,,,,19.25,Edelweiss Balanced Advantage Fund
2015-07-10,,,,19.24,Edelweiss Balanced Advantage Fund
2015-07-13,,,,19.39,Edelweiss Balanced Advantage Fund
2015-07-14,,,,19.4,Edelweiss Balanced Advantage Fund
2015-07-15,,,,19.49,Edelweiss Balanced Advantage Fund
2015-07-16,,,,19.66,Edelweiss Balanced Advantage Fund
2015-07-17,,,,19.67,Edelweiss Balanced Advantage Fund
2015-07-20,,,,19.68,Edelweiss Balanced Advantage Fund
2015-07-21,,,,19.55,Edelweiss Balanced Advantage Fund
2015-07-22,,,,19.7,Edelweiss Balanced Advantage Fund
2015-07-23,,,,19.62,Edelweiss Balanced Advantage Fund
2015-07-24,,,,19.51,Edelweiss Balanced Advantage Fund
2015-07-27,,,,19.32,Edelweiss Balanced Advantage Fund
2015-07-28,,,,19.31,Edelweiss Balanced Advantage Fund
2015-07-29,,,,19.36,Edelweiss Balanced Advantage Fund
2015-07-30,,,,19.42,Edelweiss Balanced Advantage Fund
2015-07-31,,,,19.53,Edelweiss Balanced Advantage Fund
2015-08-03,,,,19.51,Edelweiss Balanced Advantage Fund
2015-08-04,,,,19.53,Edelweiss Balanced Advantage Fund
2015-08-05,,,,19.6,Edelweiss Balanced Advantage Fund
2015-08-06,,,,19.62,Edelweiss Balanced Advantage Fund
2015-08-07,,,,19.55,Edelweiss Balanced Advantage Fund
2015-08-10,,,,19.5,Edelweiss Balanced Advantage Fund
2015-08-11,,,,19.39,Edelweiss Balanced Advantage Fund
2015-08-12,,,,19.19,Edelweiss Balanced Advantage Fund
2015-08-13,,,,19.17,Edelweiss Balanced Advantage Fund
2015-08-14,,,,19.26,Edelweiss Balanced Advantage Fund
2015-08-17,,,,19.3,Edelweiss Balanced Advantage Fund
2015-08-18,,,,19.32,Edelweiss Balanced Advantage Fund
2015-08-19,,,,19.34,Edelweiss Balanced Advantage Fund
2015-08-20,,,,19.14,Edelweiss Balanced Advantage Fund
2015-08-21,,,,19.09,Edelweiss Balanced Advantage Fund
2015-08-24,,,,18.56,Edelweiss Balanced Advantage Fund
2015-08-25,,,,18.65,Edelweiss Balanced Advantage Fund
2015-08-26,,,,18.58,Edelweiss Balanced Advantage Fund
2015-08-27,,,,18.74,Edelweiss Balanced Advantage Fund
2015-08-28,,,,18.77,Edelweiss Balanced Advantage Fund
2015-08-31,,,,18.77,Edelweiss Balanced Advantage Fund
2015-09-01,,,,18.57,Edelweiss Balanced Advantage Fund
2015-09-02,,,,18.56,Edelweiss Balanced Advantage Fund
2015-09-03,,,,18.58,Edelweiss Balanced Advantage Fund
2015-09-04,,,,18.52,Edelweiss Balanced Advantage Fund
2015-09-07,,,,18.39,Edelweiss Balanced Advantage Fund
2015-09-08,,,,18.37,Edelweiss Balanced Advantage Fund
2015-09-09,,,,18.51,Edelweiss Balanced Advantage Fund
2015-09-10,,,,18.46,Edelweiss Balanced Advantage Fund
2015-09-11,,,,18.5,Edelweiss Balanced Advantage Fund
2015-09-14,,,,18.57,Edelweiss Balanced Advantage Fund
2015-09-15,,,,18.55,Edelweiss Balanced Advantage Fund
2015-09-16,,,,18.56,Edelweiss Balanced Advantage Fund
2015-09-18,,,,18.66,Edelweiss Balanced Advantage Fund
2015-09-21,,,,18.71,Edelweiss Balanced Advantage Fund
2015-09-22,,,,18.6,Edelweiss Balanced Advantage Fund
2015-09-23,,,,18.6,Edelweiss Balanced Advantage Fund
2015-09-24,,,,18.67,Edelweiss Balanced Advantage Fund
2015-09-28,,,,18.66,Edelweiss Balanced Advantage Fund
2015-09-29,,,,18.69,Edelweiss Balanced Advantage Fund
2015-09-30,,,,18.82,Edelweiss Balanced Advantage Fund
2015-10-01,,,,18.8,Edelweiss Balanced Advantage Fund
2015-10-05,,,,18.96,Edelweiss Balanced Advantage Fund
2015-10-06,,,,19.0,Edelweiss Balanced Advantage Fund
2015-10-07,,,,18.95,Edelweiss Balanced Advantage Fund
2015-10-08,,,,18.85,Edelweiss Balanced Advantage Fund
2015-10-09,,,,18.84,Edelweiss Balanced Advantage Fund
2015-10-12,,,,18.79,Edelweiss Balanced Advantage Fund
2015-10-13,,,,18.75,Edelweiss Balanced Advantage Fund
2015-10-14,,,,18.74,Edelweiss Balanced Advantage Fund
2015-10-15,,,,18.75,Edelweiss Balanced Advantage Fund
2015-10-16,,,,18.79,Edelweiss Balanced Advantage Fund
2015-10-19,,,,18.92,Edelweiss Balanced Advantage Fund
2015-10-20,,,,18.92,Edelweiss Balanced Advantage Fund
2015-10-21,,,,18.94,Edelweiss Balanced Advantage Fund
2015-10-23,,,,18.95,Edelweiss Balanced Advantage Fund
2015-10-26,,,,18.88,Edelweiss Balanced Advantage Fund
2015-10-27,,,,18.87,Edelweiss Balanced Advantage Fund
2015-10-28,,,,18.8,Edelweiss Balanced Advantage Fund
2015-10-29,,,,18.74,Edelweiss Balanced Advantage Fund
2015-10-30,,,,18.74,Edelweiss Balanced Advantage Fund
2015-11-02,,,,18.71,Edelweiss Balanced Advantage Fund
2015-11-03,,,,18.74,Edelweiss Balanced Advantage Fund
2015-11-04,,,,18.73,Edelweiss Balanced Advantage Fund
2015-11-05,,,,18.66,Edelweiss Balanced Advantage Fund
2015-11-06,,,,18.62,Edelweiss Balanced Advantage Fund
2015-11-09,,,,18.59,Edelweiss Balanced Advantage Fund
2015-11-10,,,,18.52,Edelweiss Balanced Advantage Fund
2015-11-13,,,,18.51,Edelweiss Balanced Advantage Fund
2015-11-16,,,,18.47,Edelweiss Balanced Advantage Fund
2015-11-17,,,,18.49,Edelweiss Balanced Advantage Fund
2015-11-18,,,,18.44,Edelweiss Balanced Advantage Fund
2015-11-19,,,,18.48,Edelweiss Balanced Advantage Fund
2015-11-20,,,,18.54,Edelweiss Balanced Advantage Fund
2015-11-23,,,,18.52,Edelweiss Balanced Advantage Fund
2015-11-24,,,,18.49,Edelweiss Balanced Advantage Fund
2015-11-26,,,,18.51,Edelweiss Balanced Advantage Fund
2015-11-27,,,,18.56,Edelweiss Balanced Advantage Fund
2015-11-30,,,,18.52,Edelweiss Balanced Advantage Fund
2015-12-01,,,,18.53,Edelweiss Balanced Advantage Fund
2015-12-02,,,,18.51,Edelweiss Balanced Advantage Fund
2015-12-03,,,,18.45,Edelweiss Balanced Advantage Fund
2015-12-04,,,,18.38,Edelweiss Balanced Advantage Fund
2015-12-07,,,,18.39,Edelweiss Balanced Advantage Fund
2015-12-08,,,,18.35,Edelweiss Balanced Advantage Fund
2015-12-09,,,,18.27,Edelweiss Balanced Advantage Fund
2015-12-10,,,,18.31,Edelweiss Balanced Advantage Fund
2015-12-11,,,,18.25,Edelweiss Balanced Advantage Fund
2015-12-14,,,,18.26,Edelweiss Balanced Advantage Fund
2015-12-15,,,,18.31,Edelweiss Balanced Advantage Fund
2015-12-16,,,,18.37,Edelweiss Balanced Advantage Fund
2015-12-17,,,,18.49,Edelweiss Balanced Advantage Fund
2015-12-18,,,,18.41,Edelweiss Balanced Advantage Fund
2015-12-21,,,,18.52,Edelweiss Balanced Advantage Fund
2015-12-22,,,,18.45,Edelweiss Balanced Advantage Fund
2015-12-23,,,,18.56,Edelweiss Balanced Advantage Fund
2015-12-24,,,,18.56,Edelweiss Balanced Advantage Fund
2015-12-28,,,,18.63,Edelweiss Balanced Advantage Fund
2015-12-29,,,,18.62,Edelweiss Balanced Advantage Fund
2015-12-30,,,,18.59,Edelweiss Balanced Advantage Fund
2015-12-31,,,,18.66,Edelweiss Balanced Advantage Fund
2016-01-01,,,,18.7,Edelweiss Balanced Advantage Fund
2016-01-04,,,,18.55,Edelweiss Balanced Advantage Fund
2016-01-05,,,,18.55,Edelweiss Balanced Advantage Fund
2016-01-06,,,,18.54,Edelweiss Balanced Advantage Fund
2016-01-07,,,,18.34,Edelweiss Balanced Advantage Fund
2016-01-08,,,,18.42,Edelweiss Balanced Advantage Fund
2016-01-11,,,,18.34,Edelweiss Balanced Advantage Fund
2016-01-12,,,,18.28,Edelweiss Balanced Advantage Fund
2016-01-13,,,,18.3,Edelweiss Balanced Advantage Fund
2016-01-14,,,,18.25,Edelweiss Balanced Advantage Fund
2016-01-15,,,,18.11,Edelweiss Balanced Advantage Fund
2016-01-18,,,,17.95,Edelweiss Balanced Advantage Fund
2016-01-19,,,,18.02,Edelweiss Balanced Advantage Fund
2016-01-20,,,,17.93,Edelweiss Balanced Advantage Fund
2016-01-21,,,,17.9,Edelweiss Balanced Advantage Fund
2016-01-22,,,,18.01,Edelweiss Balanced Advantage Fund
2016-01-25,,,,18.03,Edelweiss Balanced Advantage Fund
2016-01-27,,,,18.08,Edelweiss Balanced Advantage Fund
2016-01-28,,,,18.05,Edelweiss Balanced Advantage Fund
2016-01-29,,,,18.18,Edelweiss Balanced Advantage Fund
2016-02-01,,,,18.17,Edelweiss Balanced Advantage Fund
2016-02-02,,,,18.03,Edelweiss Balanced Advantage Fund
2016-02-03,,,,17.92,Edelweiss Balanced Advantage Fund
2016-02-04,,,,17.95,Edelweiss Balanced Advantage Fund
2016-02-05,,,,18.04,Edelweiss Balanced Advantage Fund
2016-02-08,,,,17.99,Edelweiss Balanced Advantage Fund
2016-02-09,,,,17.83,Edelweiss Balanced Advantage Fund
2016-02-10,,,,17.79,Edelweiss Balanced Advantage Fund
2016-02-11,,,,17.63,Edelweiss Balanced Advantage Fund
2016-02-12,,,,17.67,Edelweiss Balanced Advantage Fund
2016-02-15,,,,17.76,Edelweiss Balanced Advantage Fund
2016-02-16,,,,17.6,Edelweiss Balanced Advantage Fund
2016-02-17,,,,17.6,Edelweiss Balanced Advantage Fund
2016-02-18,,,,17.71,Edelweiss Balanced Advantage Fund
2016-02-19,,,,17.71,Edelweiss Balanced Advantage Fund
2016-02-22,,,,17.76,Edelweiss Balanced Advantage Fund
2016-02-23,,,,17.6,Edelweiss Balanced Advantage Fund
2016-02-24,,,,17.54,Edelweiss Balanced Advantage Fund
2016-02-25,,,,17.45,Edelweiss Balanced Advantage Fund
2016-02-26,,,,17.51,Edelweiss Balanced Advantage Fund
2016-02-29,,,,17.49,Edelweiss Balanced Advantage Fund
2016-03-01,,,,17.65,Edelweiss Balanced Advantage Fund
2016-03-02,,,,17.83,Edelweiss Balanced Advantage Fund
2016-03-03,,,,17.96,Edelweiss Balanced Advantage Fund
2016-03-04,,,,18.04,Edelweiss Balanced Advantage Fund
2016-03-08,,,,18.0,Edelweiss Balanced Advantage Fund
2016-03-09,,,,18.11,Edelweiss Balanced Advantage Fund
2016-03-10,,,,18.04,Edelweiss Balanced Advantage Fund
2016-03-11,,,,18.07,Edelweiss Balanced Advantage Fund
2016-03-14,,,,18.13,Edelweiss Balanced Advantage Fund
2016-03-15,,,,18.03,Edelweiss Balanced Advantage Fund
2016-03-16,,,,18.06,Edelweiss Balanced Advantage Fund
2016-03-17,,,,18.12,Edelweiss Balanced Advantage Fund
2016-03-18,,,,18.25,Edelweiss Balanced Advantage Fund
2016-03-21,,,,18.41,Edelweiss Balanced Advantage Fund
2016-03-22,,,,18.44,Edelweiss Balanced Advantage Fund
2016-03-23,,,,18.42,Edelweiss Balanced Advantage Fund
2016-03-28,,,,18.23,Edelweiss Balanced Advantage Fund
2016-03-29,,,,18.26,Edelweiss Balanced Advantage Fund
2016-03-30,,,,18.44,Edelweiss Balanced Advantage Fund
2016-03-31,,,,18.48,Edelweiss Balanced Advantage Fund
2016-04-01,,,,18.43,Edelweiss Balanced Advantage Fund
2016-04-04,,,,18.47,Edelweiss Balanced Advantage Fund
2016-04-05,,,,18.29,Edelweiss Balanced Advantage Fund
2016-04-06,,,,18.38,Edelweiss Balanced Advantage Fund
2016-04-07,,,,18.33,Edelweiss Balanced Advantage Fund
2016-04-08,,,,18.33,Edelweiss Balanced Advantage Fund
2016-04-11,,,,18.4,Edelweiss Balanced Advantage Fund
2016-04-12,,,,18.46,Edelweiss Balanced Advantage Fund
2016-04-13,,,,18.59,Edelweiss Balanced Advantage Fund
2016-04-18,,,,18.73,Edelweiss Balanced Advantage Fund
2016-04-20,,,,18.69,Edelweiss Balanced Advantage Fund
2016-04-21,,,,18.68,Edelweiss Balanced Advantage Fund
2016-04-22,,,,18.67,Edelweiss Balanced Advantage Fund
2016-04-25,,,,18.61,Edelweiss Balanced Advantage Fund
2016-04-26,,,,18.74,Edelweiss Balanced Advantage Fund
2016-04-27,,,,18.76,Edelweiss Balanced Advantage Fund
2016-04-28,,,,18.61,Edelweiss Balanced Advantage Fund
2016-04-29,,,,18.59,Edelweiss Balanced Advantage Fund
2016-05-02,,,,18.59,Edelweiss Balanced Advantage Fund
2016-05-03,,,,18.48,Edelweiss Balanced Advantage Fund
2016-05-04,,,,18.44,Edelweiss Balanced Advantage Fund
2016-05-05,,,,18.41,Edelweiss Balanced Advantage Fund
2016-05-06,,,,18.4,Edelweiss Balanced Advantage Fund
2016-05-09,,,,18.49,Edelweiss Balanced Advantage Fund
2016-05-10,,,,18.55,Edelweiss Balanced Advantage Fund
2016-05-11,,,,18.54,Edelweiss Balanced Advantage Fund
2016-05-12,,,,18.6,Edelweiss Balanced Advantage Fund
2016-05-13,,,,18.53,Edelweiss Balanced Advantage Fund
2016-05-16,,,,18.55,Edelweiss Balanced Advantage Fund
2016-05-17,,,,18.57,Edelweiss Balanced Advantage Fund
2016-05-18,,,,18.57,Edelweiss Balanced Advantage Fund
2016-05-19,,,,18.48,Edelweiss Balanced Advantage Fund
2016-05-20,,,,18.46,Edelweiss Balanced Advantage Fund
2016-05-23,,,,18.44,Edelweiss Balanced Advantage Fund
2016-05-24,,,,18.42,Edelweiss Balanced Advantage Fund
2016-05-25,,,,18.52,Edelweiss Balanced Advantage Fund
2016-05-26,,,,18.65,Edelweiss Balanced Advantage Fund
2016-05-27,,,,18.78,Edelweiss Balanced Advantage Fund
2016-05-30,,,,18.84,Edelweiss Balanced Advantage Fund
2016-05-31,,,,18.79,Edelweiss Balanced Advantage Fund
2016-06-01,,,,18.81,Edelweiss Balanced Advantage Fund
2016-06-02,,,,18.86,Edelweiss Balanced Advantage Fund
2016-06-03,,,,18.88,Edelweiss Balanced Advantage Fund
2016-06-06,,,,18.85,Edelweiss Balanced Advantage Fund
2016-06-07,,,,18.92,Edelweiss Balanced Advantage Fund
2016-06-08,,,,18.91,Edelweiss Balanced Advantage Fund
2016-06-09,,,,18.8,Edelweiss Balanced Advantage Fund
2016-06-10,,,,18.76,Edelweiss Balanced Advantage Fund
2016-06-13,,,,18.73,Edelweiss Balanced Advantage Fund
2016-06-14,,,,18.74,Edelweiss Balanced Advantage Fund
2016-06-15,,,,18.8,Edelweiss Balanced Advantage Fund
2016-06-16,,,,18.73,Edelweiss Balanced Advantage Fund
2016-06-17,,,,18.77,Edelweiss Balanced Advantage Fund
2016-06-20,,,,18.81,Edelweiss Balanced Advantage Fund
2016-06-21,,,,18.79,Edelweiss Balanced Advantage Fund
2016-06-22,,,,18.76,Edelweiss Balanced Advantage Fund
2016-06-23,,,,18.8,Edelweiss Balanced Advantage Fund
2016-06-24,,,,18.61,Edelweiss Balanced Advantage Fund
2016-06-27,,,,18.59,Edelweiss Balanced Advantage Fund
2016-06-28,,,,18.63,Edelweiss Balanced Advantage Fund
2016-06-29,,,,18.7,Edelweiss Balanced Advantage Fund
2016-06-30,,,,18.82,Edelweiss Balanced Advantage Fund
2016-07-01,,,,18.88,Edelweiss Balanced Advantage Fund
2016-07-04,,,,18.92,Edelweiss Balanced Advantage Fund
2016-07-05,,,,18.89,Edelweiss Balanced Advantage Fund
2016-07-07,,,,18.89,Edelweiss Balanced Advantage Fund
2016-07-08,,,,18.89,Edelweiss Balanced Advantage Fund
2016-07-11,,,,19.08,Edelweiss Balanced Advantage Fund
2016-07-12,,,,19.17,Edelweiss Balanced Advantage Fund
2016-07-13,,,,19.14,Edelweiss Balanced Advantage Fund
2016-07-14,,,,19.23,Edelweiss Balanced Advantage Fund
2016-07-15,,,,19.19,Edelweiss Balanced Advantage Fund
2016-07-18,,,,19.11,Edelweiss Balanced Advantage Fund
2016-07-19,,,,19.12,Edelweiss Balanced Advantage Fund
2016-07-20,,,,19.2,Edelweiss Balanced Advantage Fund
2016-07-21,,,,19.13,Edelweiss Balanced Advantage Fund
2016-07-22,,,,19.18,Edelweiss Balanced Advantage Fund
2016-07-25,,,,19.34,Edelweiss Balanced Advantage Fund
2016-07-26,,,,19.29,Edelweiss Balanced Advantage Fund
2016-07-27,,,,19.32,Edelweiss Balanced Advantage Fund
2016-07-28,,,,19.45,Edelweiss Balanced Advantage Fund
2016-07-29,,,,19.46,Edelweiss Balanced Advantage Fund
2016-08-01,,,,19.51,Edelweiss Balanced Advantage Fund
2016-08-02,,,,19.5,Edelweiss Balanced Advantage Fund
2016-08-03,,,,19.36,Edelweiss Balanced Advantage Fund
2016-08-04,,,,19.35,Edelweiss Balanced Advantage Fund
2016-08-05,,,,19.49,Edelweiss Balanced Advantage Fund
2016-08-08,,,,19.55,Edelweiss Balanced Advantage Fund
2016-08-09,,,,19.49,Edelweiss Balanced Advantage Fund
2016-08-10,,,,19.31,Edelweiss Balanced Advantage Fund
2016-08-11,,,,19.36,Edelweiss Balanced Advantage Fund
2016-08-12,,,,19.41,Edelweiss Balanced Advantage Fund
2016-08-16,,,,19.41,Edelweiss Balanced Advantage Fund
2016-08-17,,,,19.42,Edelweiss Balanced Advantage Fund
2016-08-18,,,,19.49,Edelweiss Balanced Advantage Fund
2016-08-19,,,,19.51,Edelweiss Balanced Advantage Fund
2016-08-22,,,,19.45,Edelweiss Balanced Advantage Fund
2016-08-23,,,,19.43,Edelweiss Balanced Advantage Fund
2016-08-24,,,,19.48,Edelweiss Balanced Advantage Fund
2016-08-25,,,,19.39,Edelweiss Balanced Advantage Fund
2016-08-26,,,,19.36,Edelweiss Balanced Advantage Fund
2016-08-29,,,,19.36,Edelweiss Balanced Advantage Fund
2016-08-30,,,,19.52,Edelweiss Balanced Advantage Fund
2016-08-31,,,,19.56,Edelweiss Balanced Advantage Fund
2016-09-01,,,,19.54,Edelweiss Balanced Advantage Fund
2016-09-02,,,,19.59,Edelweiss Balanced Advantage Fund
2016-09-06,,,,19.8,Edelweiss Balanced Advantage Fund
2016-09-07,,,,19.75,Edelweiss Balanced Advantage Fund
2016-09-08,,,,19.82,Edelweiss Balanced Advantage Fund
2016-09-09,,,,19.73,Edelweiss Balanced Advantage Fund
2016-09-12,,,,19.59,Edelweiss Balanced Advantage Fund
2016-09-14,,,,19.61,Edelweiss Balanced Advantage Fund
2016-09-15,,,,19.62,Edelweiss Balanced Advantage Fund
2016-09-16,,,,19.65,Edelweiss Balanced Advantage Fund
2016-09-19,,,,19.67,Edelweiss Balanced Advantage Fund
2016-09-20,,,,19.65,Edelweiss Balanced Advantage Fund
2016-09-21,,,,19.65,Edelweiss Balanced Advantage Fund
2016-09-22,,,,19.78,Edelweiss Balanced Advantage Fund
2016-09-23,,,,19.76,Edelweiss Balanced Advantage Fund
2016-09-26,,,,19.65,Edelweiss Balanced Advantage Fund
2016-09-27,,,,19.66,Edelweiss Balanced Advantage Fund
2016-09-28,,,,19.67,Edelweiss Balanced Advantage Fund
2016-09-29,,,,19.44,Edelweiss Balanced Advantage Fund
2016-09-30,,,,19.52,Edelweiss Balanced Advantage Fund
2016-10-03,,,,19.7,Edelweiss Balanced Advantage Fund
2016-10-04,,,,19.75,Edelweiss Balanced Advantage Fund
2016-10-05,,,,19.76,Edelweiss Balanced Advantage Fund
2016-10-06,,,,19.75,Edelweiss Balanced Advantage Fund
2016-10-07,,,,19.69,Edelweiss Balanced Advantage Fund
2016-10-10,,,,19.69,Edelweiss Balanced Advantage Fund
2016-10-13,,,,19.59,Edelweiss Balanced Advantage Fund
2016-10-14,,,,19.61,Edelweiss Balanced Advantage Fund
2016-10-17,,,,19.55,Edelweiss Balanced Advantage Fund
2016-10-18,,,,19.66,Edelweiss Balanced Advantage Fund
2016-10-19,,,,19.63,Edelweiss Balanced Advantage Fund
2016-10-20,,,,19.63,Edelweiss Balanced Advantage Fund
2016-10-21,,,,19.66,Edelweiss Balanced Advantage Fund
2016-10-24,,,,19.63,Edelweiss Balanced Advantage Fund
2016-10-25,,,,19.61,Edelweiss Balanced Advantage Fund
2016-10-26,,,,19.54,Edelweiss Balanced Advantage Fund
2016-10-27,,,,19.5,Edelweiss Balanced Advantage Fund
2016-10-28,,,,19.55,Edelweiss Balanced Advantage Fund
2016-11-01,,,,19.56,Edelweiss Balanced Advantage Fund
2016-11-02,,,,19.43,Edelweiss Balanced Advantage Fund
2016-11-03,,,,19.38,Edelweiss Balanced Advantage Fund
2016-11-04,,,,19.3,Edelweiss Balanced Advantage Fund
2016-11-07,,,,19.33,Edelweiss Balanced Advantage Fund
2016-11-08,,,,19.33,Edelweiss Balanced Advantage Fund
2016-11-09,,,,19.21,Edelweiss Balanced Advantage Fund
2016-11-10,,,,19.26,Edelweiss Balanced Advantage Fund
2016-11-11,,,,18.89,Edelweiss Balanced Advantage Fund
2016-11-15,,,,18.58,Edelweiss Balanced Advantage Fund
2016-11-16,,,,18.61,Edelweiss Balanced Advantage Fund
2016-11-17,,,,18.6,Edelweiss Balanced Advantage Fund
2016-11-18,,,,18.58,Edelweiss Balanced Advantage Fund
2016-11-21,,,,18.42,Edelweiss Balanced Advantage Fund
2016-11-22,,,,18.52,Edelweiss Balanced Advantage Fund
2016-11-23,,,,18.6,Edelweiss Balanced Advantage Fund
2016-11-24,,,,18.53,Edelweiss Balanced Advantage Fund
2016-11-25,,,,18.69,Edelweiss Balanced Advantage Fund
2016-11-28,,,,18.68,Edelweiss Balanced Advantage Fund
2016-11-29,,,,18.71,Edelweiss Balanced Advantage Fund
2016-11-30,,,,18.82,Edelweiss Balanced Advantage Fund
2016-12-01,,,,18.75,Edelweiss Balanced Advantage Fund
2016-12-02,,,,18.6,Edelweiss Balanced Advantage Fund
2016-12-05,,,,18.63,Edelweiss Balanced Advantage Fund
2016-12-06,,,,18.63,Edelweiss Balanced Advantage Fund
2016-12-07,,,,18.59,Edelweiss Balanced Advantage Fund
2016-12-08,,,,18.71,Edelweiss Balanced Advantage Fund
2016-12-09,,,,18.72,Edelweiss Balanced Advantage Fund
2016-12-12,,,,18.58,Edelweiss Balanced Advantage Fund
2016-12-13,,,,18.61,Edelweiss Balanced Advantage Fund
2016-12-14,,,,18.56,Edelweiss Balanced Advantage Fund
2016-12-15,,,,18.53,Edelweiss Balanced Advantage Fund
2016-12-16,,,,18.52,Edelweiss Balanced Advantage Fund
2016-12-19,,,,18.47,Edelweiss Balanced Advantage Fund
2016-12-20,,,,18.4,Edelweiss Balanced Advantage Fund
2016-12-21,,,,18.36,Edelweiss Balanced Advantage Fund
2016-12-22,,,,18.27,Edelweiss Balanced Advantage Fund
2016-12-23,,,,18.22,Edelweiss Balanced Advantage Fund
2016-12-26,,,,18.12,Edelweiss Balanced Advantage Fund
2016-12-27,,,,18.24,Edelweiss Balanced Advantage Fund
2016-12-28,,,,18.28,Edelweiss Balanced Advantage Fund
2016-12-29,,,,18.4,Edelweiss Balanced Advantage Fund
2016-12-30,,,,18.52,Edelweiss Balanced Advantage Fund
2017-01-02,,,,18.53,Edelweiss Balanced Advantage Fund
2017-01-03,,,,18.61,Edelweiss Balanced Advantage Fund
2017-01-04,,,,18.61,Edelweiss Balanced Advantage Fund
2017-01-05,,,,18.76,Edelweiss Balanced Advantage Fund
2017-01-06,,,,18.76,Edelweiss Balanced Advantage Fund
2017-01-09,,,,18.77,Edelweiss Balanced Advantage Fund
2017-01-10,,,,18.86,Edelweiss Balanced Advantage Fund
2017-01-11,,,,19.03,Edelweiss Balanced Advantage Fund
2017-01-12,,,,19.09,Edelweiss Balanced Advantage Fund
2017-01-13,,,,19.07,Edelweiss Balanced Advantage Fund
2017-01-16,,,,19.07,Edelweiss Balanced Advantage Fund
2017-01-17,,,,19.03,Edelweiss Balanced Advantage Fund
2017-01-18,,,,19.09,Edelweiss Balanced Advantage Fund
2017-01-19,,,,19.11,Edelweiss Balanced Advantage Fund
2017-01-20,,,,18.97,Edelweiss Balanced Advantage Fund
2017-01-23,,,,19.01,Edelweiss Balanced Advantage Fund
2017-01-24,,,,19.14,Edelweiss Balanced Advantage Fund
2017-01-25,,,,19.28,Edelweiss Balanced Advantage Fund
2017-01-27,,,,19.36,Edelweiss Balanced Advantage Fund
2017-01-30,,,,19.33,Edelweiss Balanced Advantage Fund
2017-01-31,,,,19.24,Edelweiss Balanced Advantage Fund
2017-02-01,,,,19.52,Edelweiss Balanced Advantage Fund
2017-02-02,,,,19.59,Edelweiss Balanced Advantage Fund
2017-02-03,,,,19.67,Edelweiss Balanced Advantage Fund
2017-02-06,,,,19.8,Edelweiss Balanced Advantage Fund
2017-02-07,,,,19.75,Edelweiss Balanced Advantage Fund
2017-02-08,,,,19.73,Edelweiss Balanced Advantage Fund
2017-02-09,,,,19.73,Edelweiss Balanced Advantage Fund
2017-02-10,,,,19.78,Edelweiss Balanced Advantage Fund
2017-02-13,,,,19.82,Edelweiss Balanced Advantage Fund
2017-02-14,,,,19.8,Edelweiss Balanced Advantage Fund
2017-02-15,,,,19.67,Edelweiss Balanced Advantage Fund
2017-02-16,,,,19.82,Edelweiss Balanced Advantage Fund
2017-02-17,,,,19.95,Edelweiss Balanced Advantage Fund
2017-02-20,,,,20.04,Edelweiss Balanced Advantage Fund
2017-02-21,,,,20.1,Edelweiss Balanced Advantage Fund
2017-02-22,,,,20.08,Edelweiss Balanced Advantage Fund
2017-02-23,,,,20.06,Edelweiss Balanced Advantage Fund
2017-02-27,,,,20.01,Edelweiss Balanced Advantage Fund
2017-02-28,,,,19.98,Edelweiss Balanced Advantage Fund
2017-03-01,,,,20.03,Edelweiss Balanced Advantage Fund
2017-03-02,,,,19.9,Edelweiss Balanced Advantage Fund
2017-03-03,,,,19.91,Edelweiss Balanced Advantage Fund
2017-03-06,,,,19.99,Edelweiss Balanced Advantage Fund
2017-03-07,,,,19.98,Edelweiss Balanced Advantage Fund
2017-03-08,,,,19.98,Edelweiss Balanced Advantage Fund
2017-03-09,,,,19.97,Edelweiss Balanced Advantage Fund
2017-03-10,,,,19.96,Edelweiss Balanced Advantage Fund
2017-03-14,,,,20.19,Edelweiss Balanced Advantage Fund
2017-03-15,,,,20.23,Edelweiss Balanced Advantage Fund
2017-03-16,,,,20.35,Edelweiss Balanced Advantage Fund
2017-03-17,,,,20.35,Edelweiss Balanced Advantage Fund
2017-03-20,,,,20.35,Edelweiss Balanced Advantage Fund
2017-03-21,,,,20.37,Edelweiss Balanced Advantage Fund
2017-03-22,,,,20.23,Edelweiss Balanced Advantage Fund
2017-03-23,,,,20.32,Edelweiss Balanced Advantage Fund
2017-03-24,,,,20.35,Edelweiss Balanced Advantage Fund
2017-03-27,,,,20.31,Edelweiss Balanced Advantage Fund
2017-03-28,,,,20.38,Edelweiss Balanced Advantage Fund
2017-03-29,,,,20.48,Edelweiss Balanced Advantage Fund
2017-03-30,,,,20.54,Edelweiss Balanced Advantage Fund
2017-03-31,,,,20.59,Edelweiss Balanced Advantage Fund
2017-04-03,,,,20.69,Edelweiss Balanced Advantage Fund
2017-04-05,,,,20.75,Edelweiss Balanced Advantage Fund
2017-04-06,,,,20.73,Edelweiss Balanced Advantage Fund
2017-04-07,,,,20.63,Edelweiss Balanced Advantage Fund
2017-04-10,,,,20.65,Edelweiss Balanced Advantage Fund
2017-04-11,,,,20.81,Edelweiss Balanced Advantage Fund
2017-04-12,,,,20.85,Edelweiss Balanced Advantage Fund
2017-04-13,,,,20.81,Edelweiss Balanced Advantage Fund
2017-04-17,,,,20.82,Edelweiss Balanced Advantage Fund
2017-04-18,,,,20.79,Edelweiss Balanced Advantage Fund
2017-04-19,,,,20.8,Edelweiss Balanced Advantage Fund
2017-04-20,,,,20.82,Edelweiss Balanced Advantage Fund
2017-04-21,,,,20.84,Edelweiss Balanced Advantage Fund
2017-04-24,,,,20.94,Edelweiss Balanced Advantage Fund
2017-04-25,,,,21.11,Edelweiss Balanced Advantage Fund
2017-04-26,,,,21.18,Edelweiss Balanced Advantage Fund
2017-04-27,,,,21.14,Edelweiss Balanced Advantage Fund
2017-04-28,,,,21.09,Edelweiss Balanced Advantage Fund
2017-05-02,,,,21.12,Edelweiss Balanced Advantage Fund
2017-05-03,,,,21.12,Edelweiss Balanced Advantage Fund
2017-05-04,,,,21.14,Edelweiss Balanced Advantage Fund
2017-05-05,,,,21.06,Edelweiss Balanced Advantage Fund
2017-05-08,,,,21.12,Edelweiss Balanced Advantage Fund
2017-05-09,,,,21.13,Edelweiss Balanced Advantage Fund
2017-05-10,,,,21.28,Edelweiss Balanced Advantage Fund
2017-05-11,,,,21.3,Edelweiss Balanced Advantage Fund
2017-05-12,,,,21.24,Edelweiss Balanced Advantage Fund
2017-05-15,,,,21.38,Edelweiss Balanced Advantage Fund
2017-05-16,,,,21.46,Edelweiss Balanced Advantage Fund
2017-05-17,,,,21.47,Edelweiss Balanced Advantage Fund
2017-05-18,,,,21.3,Edelweiss Balanced Advantage Fund
2017-05-19,,,,21.25,Edelweiss Balanced Advantage Fund
2017-05-22,,,,21.15,Edelweiss Balanced Advantage Fund
2017-05-23,,,,21.03,Edelweiss Balanced Advantage Fund
2017-05-24,,,,20.96,Edelweiss Balanced Advantage Fund
2017-05-25,,,,21.15,Edelweiss Balanced Advantage Fund
2017-05-26,,,,21.28,Edelweiss Balanced Advantage Fund
2017-05-29,,,,21.23,Edelweiss Balanced Advantage Fund
2017-05-30,,,,21.29,Edelweiss Balanced Advantage Fund
2017-05-31,,,,21.33,Edelweiss Balanced Advantage Fund
2017-06-01,,,,21.41,Edelweiss Balanced Advantage Fund
2017-06-02,,,,21.47,Edelweiss Balanced Advantage Fund
2017-06-05,,,,21.52,Edelweiss Balanced Advantage Fund
2017-06-06,,,,21.51,Edelweiss Balanced Advantage Fund
2017-06-07,,,,21.59,Edelweiss Balanced Advantage Fund
2017-06-08,,,,21.59,Edelweiss Balanced Advantage Fund
2017-06-09,,,,21.66,Edelweiss Balanced Advantage Fund
2017-06-12,,,,21.57,Edelweiss Balanced Advantage Fund
2017-06-13,,,,21.56,Edelweiss Balanced Advantage Fund
2017-06-14,,,,21.58,Edelweiss Balanced Advantage Fund
2017-06-15,,,,21.52,Edelweiss Balanced Advantage Fund
2017-06-16,,,,21.55,Edelweiss Balanced Advantage Fund
2017-06-19,,,,21.56,Edelweiss Balanced Advantage Fund
2017-06-20,,,,21.58,Edelweiss Balanced Advantage Fund
2017-06-21,,,,21.57,Edelweiss Balanced Advantage Fund
2017-06-22,,,,21.57,Edelweiss Balanced Advantage Fund
2017-06-23,,,,21.45,Edelweiss Balanced Advantage Fund
2017-06-27,,,,21.33,Edelweiss Balanced Advantage Fund
2017-06-28,,,,21.32,Edelweiss Balanced Advantage Fund
2017-06-29,,,,21.36,Edelweiss Balanced Advantage Fund
2017-06-30,,,,21.48,Edelweiss Balanced Advantage Fund
2017-07-03,,,,21.59,Edelweiss Balanced Advantage Fund
2017-07-04,,,,21.59,Edelweiss Balanced Advantage Fund
2017-07-05,,,,21.65,Edelweiss Balanced Advantage Fund
2017-07-06,,,,21.71,Edelweiss Balanced Advantage Fund
2017-07-07,,,,21.71,Edelweiss Balanced Advantage Fund
2017-07-10,,,,21.84,Edelweiss Balanced Advantage Fund
2017-07-11,,,,21.87,Edelweiss Balanced Advantage Fund
2017-07-12,,,,21.92,Edelweiss Balanced Advantage Fund
2017-07-13,,,,22.07,Edelweiss Balanced Advantage Fund
2017-07-14,,,,22.04,Edelweiss Balanced Advantage Fund
2017-07-17,,,,22.04,Edelweiss Balanced Advantage Fund
2017-07-18,,,,21.86,Edelweiss Balanced Advantage Fund
2017-07-19,,,,21.99,Edelweiss Balanced Advantage Fund
2017-07-20,,,,21.92,Edelweiss Balanced Advantage Fund
2017-07-21,,,,21.97,Edelweiss Balanced Advantage Fund
2017-07-24,,,,22.02,Edelweiss Balanced Advantage Fund
2017-07-25,,,,22.0,Edelweiss Balanced Advantage Fund
2017-07-26,,,,22.13,Edelweiss Balanced Advantage Fund
2017-07-27,,,,22.14,Edelweiss Balanced Advantage Fund
2017-07-28,,,,22.16,Edelweiss Balanced Advantage Fund
2017-07-31,,,,22.25,Edelweiss Balanced Advantage Fund
2017-08-01,,,,22.34,Edelweiss Balanced Advantage Fund
2017-08-02,,,,22.27,Edelweiss Balanced Advantage Fund
2017-08-03,,,,22.16,Edelweiss Balanced Advantage Fund
2017-08-04,,,,22.21,Edelweiss Balanced Advantage Fund
2017-08-07,,,,22.25,Edelweiss Balanced Advantage Fund
2017-08-08,,,,22.17,Edelweiss Balanced Advantage Fund
2017-08-09,,,,21.96,Edelweiss Balanced Advantage Fund
2017-08-10,,,,21.73,Edelweiss Balanced Advantage Fund
2017-08-11,,,,21.68,Edelweiss Balanced Advantage Fund
2017-08-14,,,,21.86,Edelweiss Balanced Advantage Fund
2017-08-16,,,,22.02,Edelweiss Balanced Advantage Fund
2017-08-17,,,,22.02,Edelweiss Balanced Advantage Fund
2017-08-18,,,,21.95,Edelweiss Balanced Advantage Fund
2017-08-21,,,,21.83,Edelweiss Balanced Advantage Fund
2017-08-22,,,,21.79,Edelweiss Balanced Advantage Fund
2017-08-23,,,,21.92,Edelweiss Balanced Advantage Fund
2017-08-24,,,,21.94,Edelweiss Balanced Advantage Fund
2017-08-28,,,,22.0,Edelweiss Balanced Advantage Fund
2017-08-29,,,,21.84,Edelweiss Balanced Advantage Fund
2017-08-30,,,,21.96,Edelweiss Balanced Advantage Fund
2017-08-31,,,,22.03,Edelweiss Balanced Advantage Fund
2017-09-01,,,,22.11,Edelweiss Balanced Advantage Fund
2017-09-04,,,,22.0,Edelweiss Balanced Advantage Fund
2017-09-05,,,,22.08,Edelweiss Balanced Advantage Fund
2017-09-06,,,,22.05,Edelweiss Balanced Advantage Fund
2017-09-07,,,,22.1,Edelweiss Balanced Advantage Fund
2017-09-08,,,,22.12,Edelweiss Balanced Advantage Fund
2017-09-11,,,,22.24,Edelweiss Balanced Advantage Fund
2017-09-12,,,,22.38,Edelweiss Balanced Advantage Fund
2017-09-13,,,,22.37,Edelweiss Balanced Advantage Fund
2017-09-14,,,,22.42,Edelweiss Balanced Advantage Fund
2017-09-15,,,,22.39,Edelweiss Balanced Advantage Fund
2017-09-18,,,,22.53,Edelweiss Balanced Advantage Fund
2017-09-19,,,,22.54,Edelweiss Balanced Advantage Fund
2017-09-20,,,,22.48,Edelweiss Balanced Advantage Fund
2017-09-21,,,,22.44,Edelweiss Balanced Advantage Fund
2017-09-22,,,,22.16,Edelweiss Balanced Advantage Fund
2017-09-25,,,,22.01,Edelweiss Balanced Advantage Fund
2017-09-26,,,,22.01,Edelweiss Balanced Advantage Fund
2017-09-27,,,,21.81,Edelweiss Balanced Advantage Fund
2017-09-28,,,,21.88,Edelweiss Balanced Advantage Fund
2017-09-29,,,,21.93,Edelweiss Balanced Advantage Fund
2017-10-03,,,,22.03,Edelweiss Balanced Advantage Fund
2017-10-04,,,,22.18,Edelweiss Balanced Advantage Fund
2017-10-05,,,,22.17,Edelweiss Balanced Advantage Fund
2017-10-06,,,,22.28,Edelweiss Balanced Advantage Fund
2017-10-09,,,,22.3,Edelweiss Balanced Advantage Fund
2017-10-10,,,,22.36,Edelweiss Balanced Advantage Fund
2017-10-11,,,,22.27,Edelweiss Balanced Advantage Fund
2017-10-12,,,,22.46,Edelweiss Balanced Advantage Fund
2017-10-13,,,,22.53,Edelweiss Balanced Advantage Fund
2017-10-16,,,,22.59,Edelweiss Balanced Advantage Fund
2017-10-17,,,,22.62,Edelweiss Balanced Advantage Fund
2017-10-18,,,,22.65,Edelweiss Balanced Advantage Fund
2017-10-23,,,,22.57,Edelweiss Balanced Advantage Fund
2017-10-24,,,,22.59,Edelweiss Balanced Advantage Fund
2017-10-25,,,,22.53,Edelweiss Balanced Advantage Fund
2017-10-26,,,,22.61,Edelweiss Balanced Advantage Fund
2017-10-27,,,,22.57,Edelweiss Balanced Advantage Fund
2017-10-30,,,,22.65,Edelweiss Balanced Advantage Fund
2017-10-31,,,,22.59,Edelweiss Balanced Advantage Fund
2017-11-01,,,,22.71,Edelweiss Balanced Advantage Fund
2017-11-02,,,,22.72,Edelweiss Balanced Advantage Fund
2017-11-03,,,,22.74,Edelweiss Balanced Advantage Fund
2017-11-06,,,,22.72,Edelweiss Balanced Advantage Fund
2017-11-07,,,,22.61,Edelweiss Balanced Advantage Fund
2017-11-08,,,,22.55,Edelweiss Balanced Advantage Fund
2017-11-09,,,,22.63,Edelweiss Balanced Advantage Fund
2017-11-10,,,,22.64,Edelweiss Balanced Advantage Fund
2017-11-13,,,,22.59,Edelweiss Balanced Advantage Fund
2017-11-14,,,,22.5,Edelweiss Balanced Advantage Fund
2017-11-15,,,,22.39,Edelweiss Balanced Advantage Fund
2017-11-16,,,,22.49,Edelweiss Balanced Advantage Fund
2017-11-17,,,,22.61,Edelweiss Balanced Advantage Fund
2017-11-20,,,,22.66,Edelweiss Balanced Advantage Fund
2017-11-21,,,,22.74,Edelweiss Balanced Advantage Fund
2017-11-22,,,,22.74,Edelweiss Balanced Advantage Fund
2017-11-23,,,,22.75,Edelweiss Balanced Advantage Fund
2017-11-24,,,,22.83,Edelweiss Balanced Advantage Fund
2017-11-27,,,,22.84,Edelweiss Balanced Advantage Fund
2017-11-28,,,,22.86,Edelweiss Balanced Advantage Fund
2017-11-29,,,,22.87,Edelweiss Balanced Advantage Fund
2017-11-30,,,,22.7,Edelweiss Balanced Advantage Fund
2017-12-01,,,,22.53,Edelweiss Balanced Advantage Fund
2017-12-04,,,,22.52,Edelweiss Balanced Advantage Fund
2017-12-05,,,,22.54,Edelweiss Balanced Advantage Fund
2017-12-06,,,,22.45,Edelweiss Balanced Advantage Fund
2017-12-07,,,,22.58,Edelweiss Balanced Advantage Fund
2017-12-08,,,,22.72,Edelweiss Balanced Advantage Fund
2017-12-11,,,,22.81,Edelweiss Balanced Advantage Fund
2017-12-12,,,,22.7,Edelweiss Balanced Advantage Fund
2017-12-13,,,,22.64,Edelweiss Balanced Advantage Fund
2017-12-14,,,,22.68,Edelweiss Balanced Advantage Fund
2017-12-15,,,,22.78,Edelweiss Balanced Advantage Fund
2017-12-18,,,,22.85,Edelweiss Balanced Advantage Fund
2017-12-19,,,,22.99,Edelweiss Balanced Advantage Fund
2017-12-20,,,,22.95,Edelweiss Balanced Advantage Fund
2017-12-21,,,,22.98,Edelweiss Balanced Advantage Fund
2017-12-22,,,,23.04,Edelweiss Balanced Advantage Fund
2017-12-26,,,,23.11,Edelweiss Balanced Advantage Fund
2017-12-27,,,,23.06,Edelweiss Balanced Advantage Fund
2017-12-28,,,,23.03,Edelweiss Balanced Advantage Fund
2017-12-29,,,,23.13,Edelweiss Balanced Advantage Fund
2018-01-01,,,,23.08,Edelweiss Balanced Advantage Fund
2018-01-02,,,,23.05,Edelweiss Balanced Advantage Fund
2018-01-03,,,,23.09,Edelweiss Balanced Advantage Fund
2018-01-04,,,,23.15,Edelweiss Balanced Advantage Fund
2018-01-05,,,,23.27,Edelweiss Balanced Advantage Fund
2018-01-08,,,,23.44,Edelweiss Balanced Advantage Fund
2018-01-09,,,,23.39,Edelweiss Balanced Advantage Fund
2018-01-10,,,,23.33,Edelweiss Balanced Advantage Fund
2018-01-11,,,,23.38,Edelweiss Balanced Advantage Fund
2018-01-12,,,,23.41,Edelweiss Balanced Advantage Fund
2018-01-15,,,,23.46,Edelweiss Balanced Advantage Fund
2018-01-16,,,,23.32,Edelweiss Balanced Advantage Fund
2018-01-17,,,,23.43,Edelweiss Balanced Advantage Fund
2018-01-18,,,,23.39,Edelweiss Balanced Advantage Fund
2018-01-19,,,,23.57,Edelweiss Balanced Advantage Fund
2018-01-22,,,,23.66,Edelweiss Balanced Advantage Fund
2018-01-23,,,,23.77,Edelweiss Balanced Advantage Fund
2018-01-24,,,,23.8,Edelweiss Balanced Advantage Fund
2018-01-25,,,,23.7,Edelweiss Balanced Advantage Fund
2018-01-29,,,,23.76,Edelweiss Balanced Advantage Fund
2018-01-30,,,,23.67,Edelweiss Balanced Advantage Fund
2018-01-31,,,,23.63,Edelweiss Balanced Advantage Fund
2018-02-01,,,,23.68,Edelweiss Balanced Advantage Fund
2018-02-02,,,,23.24,Edelweiss Balanced Advantage Fund
2018-02-05,,,,23.17,Edelweiss Balanced Advantage Fund
2018-02-06,,,,22.94,Edelweiss Balanced Advantage Fund
2018-02-07,,,,23.0,Edelweiss Balanced Advantage Fund
2018-02-08,,,,23.21,Edelweiss Balanced Advantage Fund
2018-02-09,,,,23.09,Edelweiss Balanced Advantage Fund
2018-02-12,,,,23.23,Edelweiss Balanced Advantage Fund
2018-02-14,,,,23.22,Edelweiss Balanced Advantage Fund
2018-02-15,,,,23.18,Edelweiss Balanced Advantage Fund
2018-02-16,,,,23.07,Edelweiss Balanced Advantage Fund
2018-02-19,,,,22.97,Edelweiss Balanced Advantage Fund
2018-02-20,,,,22.98,Edelweiss Balanced Advantage Fund
2018-02-21,,,,23.0,Edelweiss Balanced Advantage Fund
2018-02-22,,,,22.97,Edelweiss Balanced Advantage Fund
2018-02-23,,,,23.11,Edelweiss Balanced Advantage Fund
2018-02-26,,,,23.19,Edelweiss Balanced Advantage Fund
2018-02-27,,,,23.14,Edelweiss Balanced Advantage Fund
2018-02-28,,,,23.11,Edelweiss Balanced Advantage Fund
2018-03-01,,,,23.05,Edelweiss Balanced Advantage Fund
2018-03-05,,,,22.93,Edelweiss Balanced Advantage Fund
2018-03-06,,,,22.82,Edelweiss Balanced Advantage Fund
2018-03-07,,,,22.71,Edelweiss Balanced Advantage Fund
2018-03-08,,,,22.75,Edelweiss Balanced Advantage Fund
2018-03-09,,,,22.75,Edelweiss Balanced Advantage Fund
2018-03-12,,,,22.86,Edelweiss Balanced Advantage Fund
2018-03-13,,,,22.91,Edelweiss Balanced Advantage Fund
2018-03-14,,,,22.86,Edelweiss Balanced Advantage Fund
2018-03-15,,,,22.81,Edelweiss Balanced Advantage Fund
2018-03-16,,,,22.62,Edelweiss Balanced Advantage Fund
2018-03-19,,,,22.5,Edelweiss Balanced Advantage Fund
2018-03-20,,,,22.53,Edelweiss Balanced Advantage Fund
2018-03-21,,,,22.54,Edelweiss Balanced Advantage Fund
2018-03-22,,,,22.51,Edelweiss Balanced Advantage Fund
2018-03-23,,,,22.4,Edelweiss Balanced Advantage Fund
2018-03-26,,,,22.53,Edelweiss Balanced Advantage Fund
2018-03-27,,,,22.76,Edelweiss Balanced Advantage Fund
2018-03-28,,,,22.73,Edelweiss Balanced Advantage Fund
2018-04-02,,,,22.86,Edelweiss Balanced Advantage Fund
2018-04-03,,,,22.93,Edelweiss Balanced Advantage Fund
2018-04-04,,,,22.86,Edelweiss Balanced Advantage Fund
2018-04-05,,,,23.11,Edelweiss Balanced Advantage Fund
2018-04-06,,,,23.16,Edelweiss Balanced Advantage Fund
2018-04-09,,,,23.21,Edelweiss Balanced Advantage Fund
2018-04-10,,,,23.23,Edelweiss Balanced Advantage Fund
2018-04-11,,,,23.26,Edelweiss Balanced Advantage Fund
2018-04-12,,,,23.3,Edelweiss Balanced Advantage Fund
2018-04-13,,,,23.32,Edelweiss Balanced Advantage Fund
2018-04-16,,,,23.37,Edelweiss Balanced Advantage Fund
2018-04-17,,,,23.37,Edelweiss Balanced Advantage Fund
2018-04-18,,,,23.34,Edelweiss Balanced Advantage Fund
2018-04-19,,,,23.42,Edelweiss Balanced Advantage Fund
2018-04-20,,,,23.4,Edelweiss Balanced Advantage Fund
2018-04-23,,,,23.47,Edelweiss Balanced Advantage Fund
2018-04-24,,,,23.52,Edelweiss Balanced Advantage Fund
2018-04-25,,,,23.54,Edelweiss Balanced Advantage Fund
2018-04-26,,,,23.61,Edelweiss Balanced Advantage Fund
2018-04-27,,,,23.66,Edelweiss Balanced Advantage Fund
2018-04-30,,,,23.74,Edelweiss Balanced Advantage Fund
2018-05-02,,,,23.64,Edelweiss Balanced Advantage Fund
2018-05-03,,,,23.49,Edelweiss Balanced Advantage Fund
2018-05-04,,,,23.46,Edelweiss Balanced Advantage Fund
2018-05-07,,,,23.53,Edelweiss Balanced Advantage Fund
2018-05-08,,,,23.53,Edelweiss Balanced Advantage Fund
2018-05-09,,,,23.54,Edelweiss Balanced Advantage Fund
2018-05-10,,,,23.48,Edelweiss Balanced Advantage Fund
2018-05-11,,,,23.56,Edelweiss Balanced Advantage Fund
2018-05-14,,,,23.54,Edelweiss Balanced Advantage Fund
2018-05-15,,,,23.51,Edelweiss Balanced Advantage Fund
2018-05-16,,,,23.48,Edelweiss Balanced Advantage Fund
2018-05-17,,,,23.46,Edelweiss Balanced Advantage Fund
2018-05-18,,,,23.4,Edelweiss Balanced Advantage Fund
2018-05-21,,,,23.22,Edelweiss Balanced Advantage Fund
2018-05-22,,,,23.25,Edelweiss Balanced Advantage Fund
2018-05-23,,,,23.26,Edelweiss Balanced Advantage Fund
2018-05-24,,,,23.3,Edelweiss Balanced Advantage Fund
2018-05-25,,,,23.47,Edelweiss Balanced Advantage Fund
2018-05-28,,,,23.53,Edelweiss Balanced Advantage Fund
2018-05-29,,,,23.47,Edelweiss Balanced Advantage Fund
2018-05-30,,,,23.49,Edelweiss Balanced Advantage Fund
2018-05-31,,,,23.65,Edelweiss Balanced Advantage Fund
2018-06-01,,,,23.52,Edelweiss Balanced Advantage Fund
2018-06-04,,,,23.42,Edelweiss Balanced Advantage Fund
2018-06-05,,,,23.3,Edelweiss Balanced Advantage Fund
2018-06-06,,,,23.46,Edelweiss Balanced Advantage Fund
2018-06-07,,,,23.56,Edelweiss Balanced Advantage Fund
2018-06-08,,,,23.6,Edelweiss Balanced Advantage Fund
2018-06-11,,,,23.63,Edelweiss Balanced Advantage Fund
2018-06-12,,,,23.73,Edelweiss Balanced Advantage Fund
2018-06-13,,,,23.76,Edelweiss Balanced Advantage Fund
2018-06-14,,,,23.74,Edelweiss Balanced Advantage Fund
2018-06-15,,,,23.74,Edelweiss Balanced Advantage Fund
2018-06-18,,,,23.71,Edelweiss Balanced Advantage Fund
2018-06-19,,,,23.52,Edelweiss Balanced Advantage Fund
2018-06-20,,,,23.58,Edelweiss Balanced Advantage Fund
2018-06-21,,,,23.56,Edelweiss Balanced Advantage Fund
2018-06-22,,,,23.63,Edelweiss Balanced Advantage Fund
2018-06-25,,,,23.63,Edelweiss Balanced Advantage Fund
2018-06-26,,,,23.63,Edelweiss Balanced Advantage Fund
2018-06-27,,,,23.51,Edelweiss Balanced Advantage Fund
2018-06-28,,,,23.34,Edelweiss Balanced Advantage Fund
2018-06-29,,,,23.5,Edelweiss Balanced Advantage Fund
2018-07-02,,,,23.45,Edelweiss Balanced Advantage Fund
2018-07-03,,,,23.53,Edelweiss Balanced Advantage Fund
2018-07-04,,,,23.6,Edelweiss Balanced Advantage Fund
2018-07-05,,,,23.59,Edelweiss Balanced Advantage Fund
2018-07-06,,,,23.64,Edelweiss Balanced Advantage Fund
2018-07-09,,,,23.77,Edelweiss Balanced Advantage Fund
2018-07-10,,,,23.88,Edelweiss Balanced Advantage Fund
2018-07-11,,,,23.87,Edelweiss Balanced Advantage Fund
2018-07-12,,,,23.93,Edelweiss Balanced Advantage Fund
2018-07-13,,,,23.9,Edelweiss Balanced Advantage Fund
2018-07-16,,,,23.76,Edelweiss Balanced Advantage Fund
2018-07-17,,,,23.87,Edelweiss Balanced Advantage Fund
2018-07-18,,,,23.86,Edelweiss Balanced Advantage Fund
2018-07-19,,,,23.82,Edelweiss Balanced Advantage Fund
2018-07-20,,,,23.97,Edelweiss Balanced Advantage Fund
2018-07-23,,,,24.1,Edelweiss Balanced Advantage Fund
2018-07-24,,,,24.26,Edelweiss Balanced Advantage Fund
2018-07-25,,,,24.28,Edelweiss Balanced Advantage Fund
2018-07-26,,,,24.35,Edelweiss Balanced Advantage Fund
2018-07-27,,,,24.51,Edelweiss Balanced Advantage Fund
2018-07-30,,,,24.49,Edelweiss Balanced Advantage Fund
2018-07-31,,,,24.59,Edelweiss Balanced Advantage Fund
2018-08-01,,,,24.64,Edelweiss Balanced Advantage Fund
2018-08-02,,,,24.47,Edelweiss Balanced Advantage Fund
2018-08-03,,,,24.59,Edelweiss Balanced Advantage Fund
2018-08-06,,,,24.59,Edelweiss Balanced Advantage Fund
2018-08-07,,,,24.57,Edelweiss Balanced Advantage Fund
2018-08-08,,,,24.65,Edelweiss Balanced Advantage Fund
2018-08-09,,,,24.74,Edelweiss Balanced Advantage Fund
2018-08-10,,,,24.63,Edelweiss Balanced Advantage Fund
2018-08-13,,,,24.5,Edelweiss Balanced Advantage Fund
2018-08-14,,,,24.67,Edelweiss Balanced Advantage Fund
2018-08-16,,,,24.59,Edelweiss Balanced Advantage Fund
2018-08-17,,,,24.76,Edelweiss Balanced Advantage Fund
2018-08-20,,,,24.92,Edelweiss Balanced Advantage Fund
2018-08-21,,,,24.97,Edelweiss Balanced Advantage Fund
2018-08-23,,,,25.01,Edelweiss Balanced Advantage Fund
2018-08-24,,,,24.95,Edelweiss Balanced Advantage Fund
2018-08-27,,,,25.16,Edelweiss Balanced Advantage Fund
2018-08-28,,,,25.16,Edelweiss Balanced Advantage Fund
2018-08-29,,,,25.12,Edelweiss Balanced Advantage Fund
2018-08-30,,,,25.1,Edelweiss Balanced Advantage Fund
2018-08-31,,,,25.12,Edelweiss Balanced Advantage Fund
2018-09-03,,,,24.95,Edelweiss Balanced Advantage Fund
2018-09-04,,,,24.74,Edelweiss Balanced Advantage Fund
2018-09-05,,,,24.65,Edelweiss Balanced Advantage Fund
2018-09-06,,,,24.71,Edelweiss Balanced Advantage Fund
2018-09-07,,,,24.78,Edelweiss Balanced Advantage Fund
2018-09-10,,,,24.57,Edelweiss Balanced Advantage Fund
2018-09-11,,,,24.43,Edelweiss Balanced Advantage Fund
2018-09-12,,,,24.47,Edelweiss Balanced Advantage Fund
2018-09-14,,,,24.59,Edelweiss Balanced Advantage Fund
2018-09-17,,,,24.49,Edelweiss Balanced Advantage Fund
2018-09-18,,,,24.4,Edelweiss Balanced Advantage Fund
2018-09-19,,,,24.28,Edelweiss Balanced Advantage Fund
2018-09-21,,,,24.05,Edelweiss Balanced Advantage Fund
2018-09-24,,,,23.82,Edelweiss Balanced Advantage Fund
2018-09-25,,,,23.78,Edelweiss Balanced Advantage Fund
2018-09-26,,,,23.78,Edelweiss Balanced Advantage Fund
2018-09-27,,,,23.67,Edelweiss Balanced Advantage Fund
2018-09-28,,,,23.62,Edelweiss Balanced Advantage Fund
2018-10-01,,,,23.52,Edelweiss Balanced Advantage Fund
2018-10-03,,,,23.4,Edelweiss Balanced Advantage Fund
2018-10-04,,,,23.22,Edelweiss Balanced Advantage Fund
2018-10-05,,,,23.1,Edelweiss Balanced Advantage Fund
2018-10-08,,,,22.97,Edelweiss Balanced Advantage Fund
2018-10-09,,,,22.99,Edelweiss Balanced Advantage Fund
2018-10-10,,,,23.2,Edelweiss Balanced Advantage Fund
2018-10-11,,,,22.9,Edelweiss Balanced Advantage Fund
2018-10-12,,,,23.15,Edelweiss Balanced Advantage Fund
2018-10-15,,,,23.2,Edelweiss Balanced Advantage Fund
2018-10-16,,,,23.29,Edelweiss Balanced Advantage Fund
2018-10-17,,,,23.07,Edelweiss Balanced Advantage Fund
2018-10-19,,,,22.91,Edelweiss Balanced Advantage Fund
2018-10-22,,,,22.81,Edelweiss Balanced Advantage Fund
2018-10-23,,,,22.68,Edelweiss Balanced Advantage Fund
2018-10-24,,,,22.77,Edelweiss Balanced Advantage Fund
2018-10-25,,,,22.75,Edelweiss Balanced Advantage Fund
2018-10-26,,,,22.78,Edelweiss Balanced Advantage Fund
2018-10-29,,,,22.92,Edelweiss Balanced Advantage Fund
2018-10-30,,,,22.93,Edelweiss Balanced Advantage Fund
2018-10-31,,,,23.16,Edelweiss Balanced Advantage Fund
2018-11-01,,,,23.18,Edelweiss Balanced Advantage Fund
2018-11-02,,,,23.32,Edelweiss Balanced Advantage Fund
2018-11-05,,,,23.3,Edelweiss Balanced Advantage Fund
2018-11-06,,,,23.25,Edelweiss Balanced Advantage Fund
2018-11-09,,,,23.38,Edelweiss Balanced Advantage Fund
2018-11-12,,,,23.28,Edelweiss Balanced Advantage Fund
2018-11-13,,,,23.35,Edelweiss Balanced Advantage Fund
2018-11-14,,,,23.29,Edelweiss Balanced Advantage Fund
2018-11-15,,,,23.34,Edelweiss Balanced Advantage Fund
2018-11-16,,,,23.42,Edelweiss Balanced Advantage Fund
2018-11-19,,,,23.52,Edelweiss Balanced Advantage Fund
2018-11-20,,,,23.41,Edelweiss Balanced Advantage Fund
2018-11-21,,,,23.37,Edelweiss Balanced Advantage Fund
2018-11-22,,,,23.29,Edelweiss Balanced Advantage Fund
2018-11-26,,,,23.37,Edelweiss Balanced Advantage Fund
2018-11-27,,,,23.43,Edelweiss Balanced Advantage Fund
2018-11-28,,,,23.49,Edelweiss Balanced Advantage Fund
2018-11-29,,,,23.65,Edelweiss Balanced Advantage Fund
2018-11-30,,,,23.76,Edelweiss Balanced Advantage Fund
2018-12-03,,,,23.73,Edelweiss Balanced Advantage Fund
2018-12-04,,,,23.68,Edelweiss Balanced Advantage Fund
2018-12-05,,,,23.61,Edelweiss Balanced Advantage Fund
2018-12-06,,,,23.4,Edelweiss Balanced Advantage Fund
2018-12-07,,,,23.45,Edelweiss Balanced Advantage Fund
2018-12-10,,,,23.25,Edelweiss Balanced Advantage Fund
2018-12-11,,,,23.36,Edelweiss Balanced Advantage Fund
2018-12-12,,,,23.6,Edelweiss Balanced Advantage Fund
2018-12-13,,,,23.71,Edelweiss Balanced Advantage Fund
2018-12-14,,,,23.75,Edelweiss Balanced Advantage Fund
2018-12-17,,,,23.84,Edelweiss Balanced Advantage Fund
2018-12-18,,,,23.87,Edelweiss Balanced Advantage Fund
2018-12-19,,,,23.97,Edelweiss Balanced Advantage Fund
2018-12-20,,,,23.92,Edelweiss Balanced Advantage Fund
2018-12-21,,,,23.65,Edelweiss Balanced Advantage Fund
2018-12-24,,,,23.58,Edelweiss Balanced Advantage Fund
2018-12-26,,,,23.59,Edelweiss Balanced Advantage Fund
2018-12-27,,,,23.68,Edelweiss Balanced Advantage Fund
2018-12-28,,,,23.8,Edelweiss Balanced Advantage Fund
2018-12-31,,,,23.83,Edelweiss Balanced Advantage Fund
2019-01-01,,,,23.86,Edelweiss Balanced Advantage Fund
2019-01-02,,,,23.72,Edelweiss Balanced Advantage Fund
2019-01-03,,,,23.57,Edelweiss Balanced Advantage Fund
2019-01-04,,,,23.53,Edelweiss Balanced Advantage Fund
2019-01-07,,,,23.54,Edelweiss Balanced Advantage Fund
2019-01-08,,,,23.51,Edelweiss Balanced Advantage Fund
2019-01-09,,,,23.56,Edelweiss Balanced Advantage Fund
2019-01-10,,,,23.56,Edelweiss Balanced Advantage Fund
2019-01-11,,,,23.54,Edelweiss Balanced Advantage Fund
2019-01-14,,,,23.51,Edelweiss Balanced Advantage Fund
2019-01-15,,,,23.58,Edelweiss Balanced Advantage Fund
2019-01-16,,,,23.54,Edelweiss Balanced Advantage Fund
2019-01-17,,,,23.59,Edelweiss Balanced Advantage Fund
2019-01-18,,,,23.56,Edelweiss Balanced Advantage Fund
2019-01-21,,,,23.61,Edelweiss Balanced Advantage Fund
2019-01-22,,,,23.58,Edelweiss Balanced Advantage Fund
2019-01-23,,,,23.54,Edelweiss Balanced Advantage Fund
2019-01-24,,,,23.56,Edelweiss Balanced Advantage Fund
2019-01-25,,,,23.47,Edelweiss Balanced Advantage Fund
2019-01-28,,,,23.35,Edelweiss Balanced Advantage Fund
2019-01-29,,,,23.33,Edelweiss Balanced Advantage Fund
2019-01-30,,,,23.41,Edelweiss Balanced Advantage Fund
2019-01-31,,,,23.59,Edelweiss Balanced Advantage Fund
2019-02-01,,,,23.71,Edelweiss Balanced Advantage Fund
2019-02-04,,,,23.72,Edelweiss Balanced Advantage Fund
2019-02-05,,,,23.77,Edelweiss Balanced Advantage Fund
2019-02-06,,,,23.9,Edelweiss Balanced Advantage Fund
2019-02-07,,,,23.91,Edelweiss Balanced Advantage Fund
2019-02-08,,,,23.76,Edelweiss Balanced Advantage Fund
2019-02-11,,,,23.64,Edelweiss Balanced Advantage Fund
2019-02-12,,,,23.57,Edelweiss Balanced Advantage Fund
2019-02-13,,,,23.54,Edelweiss Balanced Advantage Fund
2019-02-14,,,,23.47,Edelweiss Balanced Advantage Fund
2019-02-15,,,,23.38,Edelweiss Balanced Advantage Fund
2019-02-18,,,,23.3,Edelweiss Balanced Advantage Fund
2019-02-19,,,,23.3,Edelweiss Balanced Advantage Fund
2019-02-20,,,,23.36,Edelweiss Balanced Advantage Fund
2019-02-21,,,,23.42,Edelweiss Balanced Advantage Fund
2019-02-22,,,,23.43,Edelweiss Balanced Advantage Fund
2019-02-25,,,,23.57,Edelweiss Balanced Advantage Fund
2019-02-26,,,,23.54,Edelweiss Balanced Advantage Fund
2019-02-27,,,,23.55,Edelweiss Balanced Advantage Fund
2019-02-28,,,,23.56,Edelweiss Balanced Advantage Fund
2019-03-01,,,,23.62,Edelweiss Balanced Advantage Fund
2019-03-05,,,,23.73,Edelweiss Balanced Advantage Fund
2019-03-06,,,,23.79,Edelweiss Balanced Advantage Fund
2019-03-07,,,,23.8,Edelweiss Balanced Advantage Fund
2019-03-08,,,,23.76,Edelweiss Balanced Advantage Fund
2019-03-11,,,,23.96,Edelweiss Balanced Advantage Fund
2019-03-12,,,,24.1,Edelweiss Balanced Advantage Fund
2019-03-13,,,,24.13,Edelweiss Balanced Advantage Fund
2019-03-14,,,,24.11,Edelweiss Balanced Advantage Fund
2019-03-15,,,,24.21,Edelweiss Balanced Advantage Fund
2019-03-18,,,,24.25,Edelweiss Balanced Advantage Fund
2019-03-19,,,,24.34,Edelweiss Balanced Advantage Fund
2019-03-20,,,,24.31,Edelweiss Balanced Advantage Fund
2019-03-22,,,,24.22,Edelweiss Balanced Advantage Fund
2019-03-25,,,,24.08,Edelweiss Balanced Advantage Fund
2019-03-26,,,,24.25,Edelweiss Balanced Advantage Fund
2019-03-27,,,,24.28,Edelweiss Balanced Advantage Fund
2019-03-28,,,,24.5,Edelweiss Balanced Advantage Fund
2019-03-29,,,,24.64,Edelweiss Balanced Advantage Fund
2019-03-31,,,,24.64,Edelweiss Balanced Advantage Fund
2019-04-01,,,,24.68,Edelweiss Balanced Advantage Fund
2019-04-02,,,,24.72,Edelweiss Balanced Advantage Fund
2019-04-03,,,,24.62,Edelweiss Balanced Advantage Fund
2019-04-04,,,,24.52,Edelweiss Balanced Advantage Fund
2019-04-05,,,,24.62,Edelweiss Balanced Advantage Fund
2019-04-08,,,,24.53,Edelweiss Balanced Advantage Fund
2019-04-09,,,,24.64,Edelweiss Balanced Advantage Fund
2019-04-10,,,,24.54,Edelweiss Balanced Advantage Fund
2019-04-11,,,,24.54,Edelweiss Balanced Advantage Fund
2019-04-12,,,,24.58,Edelweiss Balanced Advantage Fund
2019-04-15,,,,24.67,Edelweiss Balanced Advantage Fund
2019-04-16,,,,24.79,Edelweiss Balanced Advantage Fund
2019-04-18,,,,24.75,Edelweiss Balanced Advantage Fund
2019-04-22,,,,24.54,Edelweiss Balanced Advantage Fund
2019-04-23,,,,24.54,Edelweiss Balanced Advantage Fund
2019-04-24,,,,24.66,Edelweiss Balanced Advantage Fund
2019-04-25,,,,24.58,Edelweiss Balanced Advantage Fund
2019-04-26,,,,24.67,Edelweiss Balanced Advantage Fund
2019-04-30,,,,24.73,Edelweiss Balanced Advantage Fund
2019-05-02,,,,24.68,Edelweiss Balanced Advantage Fund
2019-05-03,,,,24.61,Edelweiss Balanced Advantage Fund
2019-05-06,,,,24.49,Edelweiss Balanced Advantage Fund
2019-05-07,,,,24.46,Edelweiss Balanced Advantage Fund
2019-05-08,,,,24.3,Edelweiss Balanced Advantage Fund
2019-05-09,,,,24.31,Edelweiss Balanced Advantage Fund
2019-05-10,,,,24.29,Edelweiss Balanced Advantage Fund
2019-05-13,,,,24.17,Edelweiss Balanced Advantage Fund
2019-05-14,,,,24.17,Edelweiss Balanced Advantage Fund
2019-05-15,,,,24.18,Edelweiss Balanced Advantage Fund
2019-05-16,,,,24.2,Edelweiss Balanced Advantage Fund
2019-05-17,,,,24.36,Edelweiss Balanced Advantage Fund
2019-05-20,,,,24.89,Edelweiss Balanced Advantage Fund
2019-05-21,,,,24.75,Edelweiss Balanced Advantage Fund
2019-05-22,,,,24.81,Edelweiss Balanced Advantage Fund
2019-05-23,,,,24.71,Edelweiss Balanced Advantage Fund
2019-05-24,,,,25.02,Edelweiss Balanced Advantage Fund
2019-05-27,,,,25.21,Edelweiss Balanced Advantage Fund
2019-05-28,,,,25.21,Edelweiss Balanced Advantage Fund
2019-05-29,,,,25.1,Edelweiss Balanced Advantage Fund
2019-05-30,,,,25.23,Edelweiss Balanced Advantage Fund
2019-05-31,,,,25.25,Edelweiss Balanced Advantage Fund
2019-06-03,,,,25.44,Edelweiss Balanced Advantage Fund
2019-06-04,,,,25.35,Edelweiss Balanced Advantage Fund
2019-06-06,,,,25.09,Edelweiss Balanced Advantage Fund
2019-06-07,,,,25.11,Edelweiss Balanced Advantage Fund
2019-06-10,,,,25.15,Edelweiss Balanced Advantage Fund
2019-06-11,,,,25.22,Edelweiss Balanced Advantage Fund
2019-06-12,,,,25.13,Edelweiss Balanced Advantage Fund
2019-06-13,,,,25.13,Edelweiss Balanced Advantage Fund
2019-06-14,,,,25.03,Edelweiss Balanced Advantage Fund
2019-06-17,,,,24.85,Edelweiss Balanced Advantage Fund
2019-06-18,,,,24.89,Edelweiss Balanced Advantage Fund
2019-06-19,,,,24.87,Edelweiss Balanced Advantage Fund
2019-06-20,,,,24.99,Edelweiss Balanced Advantage Fund
2019-06-21,,,,24.89,Edelweiss Balanced Advantage Fund
2019-06-24,,,,24.88,Edelweiss Balanced Advantage Fund
2019-06-25,,,,24.9,Edelweiss Balanced Advantage Fund
2019-06-26,,,,24.96,Edelweiss Balanced Advantage Fund
2019-06-27,,,,25.0,Edelweiss Balanced Advantage Fund
2019-06-28,,,,25.0,Edelweiss Balanced Advantage Fund
2019-07-01,,,,25.07,Edelweiss Balanced Advantage Fund
2019-07-02,,,,25.15,Edelweiss Balanced Advantage Fund
2019-07-03,,,,25.15,Edelweiss Balanced Advantage Fund
2019-07-04,,,,25.16,Edelweiss Balanced Advantage Fund
2019-07-05,,,,24.98,Edelweiss Balanced Advantage Fund
2019-07-08,,,,24.73,Edelweiss Balanced Advantage Fund
2019-07-09,,,,24.76,Edelweiss Balanced Advantage Fund
2019-07-10,,,,24.66,Edelweiss Balanced Advantage Fund
2019-07-11,,,,24.73,Edelweiss Balanced Advantage Fund
2019-07-12,,,,24.77,Edelweiss Balanced Advantage Fund
2019-07-15,,,,24.75,Edelweiss Balanced Advantage Fund
2019-07-16,,,,24.78,Edelweiss Balanced Advantage Fund
2019-07-17,,,,24.8,Edelweiss Balanced Advantage Fund
2019-07-18,,,,24.72,Edelweiss Balanced Advantage Fund
2019-07-19,,,,24.52,Edelweiss Balanced Advantage Fund
2019-07-22,,,,24.39,Edelweiss Balanced Advantage Fund
2019-07-23,,,,24.37,Edelweiss Balanced Advantage Fund
2019-07-24,,,,24.29,Edelweiss Balanced Advantage Fund
2019-07-25,,,,24.28,Edelweiss Balanced Advantage Fund
2019-07-26,,,,24.21,Edelweiss Balanced Advantage Fund
2019-07-29,,,,24.14,Edelweiss Balanced Advantage Fund
2019-07-31,,,,24.14,Edelweiss Balanced Advantage Fund
2019-08-01,,,,24.0,Edelweiss Balanced Advantage Fund
2019-08-02,,,,24.01,Edelweiss Balanced Advantage Fund
2019-08-05,,,,23.95,Edelweiss Balanced Advantage Fund
2019-08-06,,,,24.11,Edelweiss Balanced Advantage Fund
2019-08-07,,,,24.15,Edelweiss Balanced Advantage Fund
2019-08-08,,,,24.31,Edelweiss Balanced Advantage Fund
2019-08-09,,,,24.55,Edelweiss Balanced Advantage Fund
2019-08-13,,,,24.4,Edelweiss Balanced Advantage Fund
2019-08-14,,,,24.43,Edelweiss Balanced Advantage Fund
2019-08-16,,,,24.53,Edelweiss Balanced Advantage Fund
2019-08-19,,,,24.51,Edelweiss Balanced Advantage Fund
2019-08-20,,,,24.42,Edelweiss Balanced Advantage Fund
2019-08-21,,,,24.25,Edelweiss Balanced Advantage Fund
2019-08-22,,,,24.11,Edelweiss Balanced Advantage Fund
2019-08-23,,,,24.18,Edelweiss Balanced Advantage Fund
2019-08-26,,,,24.38,Edelweiss Balanced Advantage Fund
2019-08-27,,,,24.48,Edelweiss Balanced Advantage Fund
2019-08-28,,,,24.38,Edelweiss Balanced Advantage Fund
2019-08-29,,,,24.29,Edelweiss Balanced Advantage Fund
2019-08-30,,,,24.43,Edelweiss Balanced Advantage Fund
2019-09-03,,,,24.15,Edelweiss Balanced Advantage Fund
2019-09-04,,,,24.21,Edelweiss Balanced Advantage Fund
2019-09-05,,,,24.23,Edelweiss Balanced Advantage Fund
2019-09-06,,,,24.35,Edelweiss Balanced Advantage Fund
2019-09-09,,,,24.44,Edelweiss Balanced Advantage Fund
2019-09-11,,,,24.44,Edelweiss Balanced Advantage Fund
2019-09-12,,,,24.39,Edelweiss Balanced Advantage Fund
2019-09-13,,,,24.51,Edelweiss Balanced Advantage Fund
2019-09-16,,,,24.42,Edelweiss Balanced Advantage Fund
2019-09-17,,,,24.16,Edelweiss Balanced Advantage Fund
2019-09-18,,,,24.22,Edelweiss Balanced Advantage Fund
2019-09-19,,,,24.05,Edelweiss Balanced Advantage Fund
2019-09-20,,,,24.74,Edelweiss Balanced Advantage Fund
2019-09-23,,,,25.36,Edelweiss Balanced Advantage Fund
2019-09-24,,,,25.31,Edelweiss Balanced Advantage Fund
2019-09-25,,,,25.06,Edelweiss Balanced Advantage Fund
2019-09-26,,,,25.22,Edelweiss Balanced Advantage Fund
2019-09-27,,,,25.26,Edelweiss Balanced Advantage Fund
2019-09-30,,,,25.17,Edelweiss Balanced Advantage Fund
2019-10-01,,,,24.96,Edelweiss Balanced Advantage Fund
2019-10-03,,,,24.92,Edelweiss Balanced Advantage Fund
2019-10-04,,,,24.75,Edelweiss Balanced Advantage Fund
2019-10-07,,,,24.73,Edelweiss Balanced Advantage Fund
2019-10-09,,,,24.89,Edelweiss Balanced Advantage Fund
2019-10-10,,,,24.79,Edelweiss Balanced Advantage Fund
2019-10-11,,,,24.89,Edelweiss Balanced Advantage Fund
2019-10-14,,,,24.97,Edelweiss Balanced Advantage Fund
2019-10-15,,,,25.04,Edelweiss Balanced Advantage Fund
2019-10-16,,,,25.1,Edelweiss Balanced Advantage Fund
2019-10-17,,,,25.27,Edelweiss Balanced Advantage Fund
2019-10-18,,,,25.44,Edelweiss Balanced Advantage Fund
2019-10-22,,,,25.35,Edelweiss Balanced Advantage Fund
2019-10-23,,,,25.45,Edelweiss Balanced Advantage Fund
2019-10-24,,,,25.39,Edelweiss Balanced Advantage Fund
2019-10-25,,,,25.44,Edelweiss Balanced Advantage Fund
2019-10-29,,,,25.71,Edelweiss Balanced Advantage Fund
2019-10-30,,,,25.82,Edelweiss Balanced Advantage Fund
2019-10-31,,,,25.91,Edelweiss Balanced Advantage Fund
2019-11-01,,,,25.91,Edelweiss Balanced Advantage Fund
2019-11-04,,,,25.98,Edelweiss Balanced Advantage Fund
2019-11-05,,,,25.92,Edelweiss Balanced Advantage Fund
2019-11-06,,,,25.95,Edelweiss Balanced Advantage Fund
2019-11-07,,,,26.06,Edelweiss Balanced Advantage Fund
2019-11-08,,,,25.94,Edelweiss Balanced Advantage Fund
2019-11-11,,,,25.97,Edelweiss Balanced Advantage Fund
2019-11-13,,,,25.86,Edelweiss Balanced Advantage Fund
2019-11-14,,,,25.94,Edelweiss Balanced Advantage Fund
2019-11-15,,,,25.97,Edelweiss Balanced Advantage Fund
2019-11-18,,,,26.01,Edelweiss Balanced Advantage Fund
2019-11-19,,,,26.0,Edelweiss Balanced Advantage Fund
2019-11-20,,,,26.04,Edelweiss Balanced Advantage Fund
2019-11-21,,,,25.98,Edelweiss Balanced Advantage Fund
2019-11-22,,,,25.89,Edelweiss Balanced Advantage Fund
2019-11-25,,,,26.03,Edelweiss Balanced Advantage Fund
2019-11-26,,,,25.94,Edelweiss Balanced Advantage Fund
2019-11-27,,,,26.05,Edelweiss Balanced Advantage Fund
2019-11-28,,,,26.15,Edelweiss Balanced Advantage Fund
2019-11-29,,,,26.05,Edelweiss Balanced Advantage Fund
2019-12-02,,,,25.93,Edelweiss Balanced Advantage Fund
2019-12-03,,,,25.81,Edelweiss Balanced Advantage Fund
2019-12-04,,,,25.91,Edelweiss Balanced Advantage Fund
2019-12-05,,,,25.84,Edelweiss Balanced Advantage Fund
2019-12-06,,,,25.7,Edelweiss Balanced Advantage Fund
2019-12-09,,,,25.7,Edelweiss Balanced Advantage Fund
2019-12-10,,,,25.57,Edelweiss Balanced Advantage Fund
2019-12-11,,,,25.63,Edelweiss Balanced Advantage Fund
2019-12-12,,,,25.73,Edelweiss Balanced Advantage Fund
2019-12-13,,,,25.86,Edelweiss Balanced Advantage Fund
2019-12-16,,,,25.82,Edelweiss Balanced Advantage Fund
2019-12-17,,,,25.95,Edelweiss Balanced Advantage Fund
2019-12-18,,,,25.97,Edelweiss Balanced Advantage Fund
2019-12-19,,,,25.98,Edelweiss Balanced Advantage Fund
2019-12-20,,,,26.02,Edelweiss Balanced Advantage Fund
2019-12-23,,,,26.01,Edelweiss Balanced Advantage Fund
2019-12-24,,,,25.95,Edelweiss Balanced Advantage Fund
2019-12-26,,,,25.94,Edelweiss Balanced Advantage Fund
2019-12-27,,,,26.11,Edelweiss Balanced Advantage Fund
2019-12-30,,,,26.12,Edelweiss Balanced Advantage Fund
2019-12-31,,,,26.06,Edelweiss Balanced Advantage Fund
2020-01-01,,,,26.09,Edelweiss Balanced Advantage Fund
2020-01-02,,,,26.2,Edelweiss Balanced Advantage Fund
2020-01-03,,,,26.13,Edelweiss Balanced Advantage Fund
2020-01-06,,,,25.79,Edelweiss Balanced Advantage Fund
2020-01-07,,,,25.86,Edelweiss Balanced Advantage Fund
2020-01-08,,,,25.93,Edelweiss Balanced Advantage Fund
2020-01-09,,,,26.13,Edelweiss Balanced Advantage Fund
2020-01-10,,,,26.17,Edelweiss Balanced Advantage Fund
2020-01-13,,,,26.26,Edelweiss Balanced Advantage Fund
2020-01-14,,,,26.34,Edelweiss Balanced Advantage Fund
2020-01-15,,,,26.41,Edelweiss Balanced Advantage Fund
2020-01-16,,,,26.47,Edelweiss Balanced Advantage Fund
2020-01-17,,,,26.49,Edelweiss Balanced Advantage Fund
2020-01-20,,,,26.39,Edelweiss Balanced Advantage Fund
2020-01-21,,,,26.32,Edelweiss Balanced Advantage Fund
2020-01-22,,,,26.28,Edelweiss Balanced Advantage Fund
2020-01-23,,,,26.46,Edelweiss Balanced Advantage Fund
2020-01-24,,,,26.62,Edelweiss Balanced Advantage Fund
2020-01-27,,,,26.63,Edelweiss Balanced Advantage Fund
2020-01-28,,,,26.67,Edelweiss Balanced Advantage Fund
2020-01-29,,,,26.77,Edelweiss Balanced Advantage Fund
2020-01-30,,,,26.67,Edelweiss Balanced Advantage Fund
2020-01-31,,,,26.59,Edelweiss Balanced Advantage Fund
2020-02-03,,,,26.46,Edelweiss Balanced Advantage Fund
2020-02-04,,,,26.6,Edelweiss Balanced Advantage Fund
2020-02-05,,,,26.72,Edelweiss Balanced Advantage Fund
2020-02-06,,,,26.82,Edelweiss Balanced Advantage Fund
2020-02-07,,,,26.85,Edelweiss Balanced Advantage Fund
2020-02-10,,,,26.77,Edelweiss Balanced Advantage Fund
2020-02-11,,,,26.82,Edelweiss Balanced Advantage Fund
2020-02-12,,,,26.87,Edelweiss Balanced Advantage Fund
2020-02-13,,,,26.86,Edelweiss Balanced Advantage Fund
2020-02-14,,,,26.76,Edelweiss Balanced Advantage Fund
2020-02-17,,,,26.63,Edelweiss Balanced Advantage Fund
2020-02-18,,,,26.58,Edelweiss Balanced Advantage Fund
2020-02-19,,,,26.76,Edelweiss Balanced Advantage Fund
2020-02-20,,,,26.8,Edelweiss Balanced Advantage Fund
2020-02-24,,,,26.53,Edelweiss Balanced Advantage Fund
2020-02-25,,,,26.48,Edelweiss Balanced Advantage Fund
2020-02-26,,,,26.4,Edelweiss Balanced Advantage Fund
2020-02-27,,,,26.36,Edelweiss Balanced Advantage Fund
2020-02-28,,,,26.11,Edelweiss Balanced Advantage Fund
2020-03-02,,,,25.98,Edelweiss Balanced Advantage Fund
2020-03-03,,,,26.16,Edelweiss Balanced Advantage Fund
2020-03-04,,,,25.99,Edelweiss Balanced Advantage Fund
2020-03-05,,,,26.07,Edelweiss Balanced Advantage Fund
2020-03-06,,,,25.93,Edelweiss Balanced Advantage Fund
2020-03-09,,,,25.55,Edelweiss Balanced Advantage Fund
2020-03-11,,,,25.49,Edelweiss Balanced Advantage Fund
2020-03-12,,,,24.87,Edelweiss Balanced Advantage Fund
2020-03-13,,,,25.35,Edelweiss Balanced Advantage Fund
2020-03-16,,,,24.68,Edelweiss Balanced Advantage Fund
2020-03-17,,,,24.44,Edelweiss Balanced Advantage Fund
2020-03-18,,,,23.79,Edelweiss Balanced Advantage Fund
2020-03-19,,,,23.39,Edelweiss Balanced Advantage Fund
2020-03-20,,,,23.84,Edelweiss Balanced Advantage Fund
2020-03-23,,,,22.51,Edelweiss Balanced Advantage Fund
2020-03-24,,,,22.52,Edelweiss Balanced Advantage Fund
2020-03-25,,,,22.96,Edelweiss Balanced Advantage Fund
2020-03-26,,,,23.5,Edelweiss Balanced Advantage Fund
2020-03-27,,,,23.55,Edelweiss Balanced Advantage Fund
2020-03-30,,,,23.1,Edelweiss Balanced Advantage Fund
2020-03-31,,,,23.55,Edelweiss Balanced Advantage Fund
2020-04-01,,,,23.18,Edelweiss Balanced Advantage Fund
2020-04-03,,,,22.89,Edelweiss Balanced Advantage Fund
2020-04-07,,,,23.89,Edelweiss Balanced Advantage Fund
2020-04-08,,,,24.07,Edelweiss Balanced Advantage Fund
2020-04-09,,,,24.55,Edelweiss Balanced Advantage Fund
2020-04-13,,,,24.28,Edelweiss Balanced Advantage Fund
2020-04-15,,,,24.34,Edelweiss Balanced Advantage Fund
2020-04-16,,,,24.52,Edelweiss Balanced Advantage Fund
2020-04-17,,,,24.93,Edelweiss Balanced Advantage Fund
2020-04-20,,,,24.88,Edelweiss Balanced Advantage Fund
2020-04-21,,,,24.39,Edelweiss Balanced Advantage Fund
2020-04-22,,,,24.7,Edelweiss Balanced Advantage Fund
2020-04-23,,,,24.82,Edelweiss Balanced Advantage Fund
2020-04-24,,,,24.5,Edelweiss Balanced Advantage Fund
2020-04-27,,,,24.72,Edelweiss Balanced Advantage Fund
2020-04-28,,,,24.93,Edelweiss Balanced Advantage Fund
2020-04-29,,,,25.17,Edelweiss Balanced Advantage Fund
2020-04-30,,,,25.58,Edelweiss Balanced Advantage Fund
2020-05-04,,,,24.78,Edelweiss Balanced Advantage Fund
2020-05-05,,,,24.66,Edelweiss Balanced Advantage Fund
2020-05-06,,,,24.75,Edelweiss Balanced Advantage Fund
2020-05-07,,,,24.66,Edelweiss Balanced Advantage Fund
2020-05-08,,,,24.69,Edelweiss Balanced Advantage Fund
2020-05-11,,,,24.67,Edelweiss Balanced Advantage Fund
2020-05-12,,,,24.58,Edelweiss Balanced Advantage Fund
2020-05-13,,,,24.85,Edelweiss Balanced Advantage Fund
2020-05-14,,,,24.65,Edelweiss Balanced Advantage Fund
2020-05-15,,,,24.61,Edelweiss Balanced Advantage Fund
2020-05-18,,,,24.16,Edelweiss Balanced Advantage Fund
2020-05-19,,,,24.18,Edelweiss Balanced Advantage Fund
2020-05-20,,,,24.47,Edelweiss Balanced Advantage Fund
2020-05-21,,,,24.51,Edelweiss Balanced Advantage Fund
2020-05-22,,,,24.34,Edelweiss Balanced Advantage Fund
2020-05-26,,,,24.36,Edelweiss Balanced Advantage Fund
2020-05-27,,,,24.62,Edelweiss Balanced Advantage Fund
2020-05-28,,,,24.86,Edelweiss Balanced Advantage Fund
2020-05-29,,,,25.05,Edelweiss Balanced Advantage Fund
2020-06-01,,,,25.48,Edelweiss Balanced Advantage Fund
2020-06-02,,,,25.73,Edelweiss Balanced Advantage Fund
2020-06-03,,,,25.92,Edelweiss Balanced Advantage Fund
2020-06-04,,,,25.93,Edelweiss Balanced Advantage Fund
2020-06-05,,,,26.13,Edelweiss Balanced Advantage Fund
2020-06-08,,,,26.16,Edelweiss Balanced Advantage Fund
2020-06-09,,,,25.99,Edelweiss Balanced Advantage Fund
2020-06-10,,,,26.15,Edelweiss Balanced Advantage Fund
2020-06-11,,,,25.87,Edelweiss Balanced Advantage Fund
2020-06-12,,,,26.03,Edelweiss Balanced Advantage Fund
2020-06-15,,,,25.81,Edelweiss Balanced Advantage Fund
2020-06-16,,,,25.84,Edelweiss Balanced Advantage Fund
2020-06-17,,,,25.84,Edelweiss Balanced Advantage Fund
2020-06-18,,,,26.02,Edelweiss Balanced Advantage Fund
2020-06-19,,,,26.23,Edelweiss Balanced Advantage Fund
2020-06-22,,,,26.4,Edelweiss Balanced Advantage Fund
2020-06-23,,,,26.68,Edelweiss Balanced Advantage Fund
2020-06-24,,,,26.33,Edelweiss Balanced Advantage Fund
2020-06-25,,,,26.36,Edelweiss Balanced Advantage Fund
2020-06-26,,,,26.41,Edelweiss Balanced Advantage Fund
2020-06-29,,,,26.17,Edelweiss Balanced Advantage Fund
2020-06-30,,,,26.15,Edelweiss Balanced Advantage Fund
2020-07-01,,,,26.35,Edelweiss Balanced Advantage Fund
2020-07-02,,,,26.57,Edelweiss Balanced Advantage Fund
2020-07-03,,,,26.63,Edelweiss Balanced Advantage Fund
2020-07-06,,,,26.83,Edelweiss Balanced Advantage Fund
2020-07-07,,,,26.92,Edelweiss Balanced Advantage Fund
2020-07-08,,,,26.81,Edelweiss Balanced Advantage Fund
2020-07-09,,,,27.08,Edelweiss Balanced Advantage Fund
2020-07-10,,,,27.04,Edelweiss Balanced Advantage Fund
2020-07-13,,,,27.1,Edelweiss Balanced Advantage Fund
2020-07-14,,,,26.86,Edelweiss Balanced Advantage Fund
2020-07-15,,,,26.82,Edelweiss Balanced Advantage Fund
2020-07-16,,,,27.04,Edelweiss Balanced Advantage Fund
2020-07-17,,,,27.22,Edelweiss Balanced Advantage Fund
2020-07-20,,,,27.47,Edelweiss Balanced Advantage Fund
2020-07-21,,,,27.62,Edelweiss Balanced Advantage Fund
2020-07-22,,,,27.64,Edelweiss Balanced Advantage Fund
2020-07-23,,,,27.81,Edelweiss Balanced Advantage Fund
2020-07-24,,,,27.83,Edelweiss Balanced Advantage Fund
2020-07-27,,,,27.71,Edelweiss Balanced Advantage Fund
2020-07-28,,,,27.85,Edelweiss Balanced Advantage Fund
2020-07-29,,,,27.75,Edelweiss Balanced Advantage Fund
2020-07-30,,,,27.57,Edelweiss Balanced Advantage Fund
2020-07-31,,,,27.66,Edelweiss Balanced Advantage Fund
2020-08-03,,,,27.51,Edelweiss Balanced Advantage Fund
2020-08-04,,,,27.74,Edelweiss Balanced Advantage Fund
2020-08-05,,,,27.8,Edelweiss Balanced Advantage Fund
2020-08-06,,,,27.94,Edelweiss Balanced Advantage Fund
2020-08-07,,,,28.04,Edelweiss Balanced Advantage Fund
2020-08-10,,,,28.15,Edelweiss Balanced Advantage Fund
2020-08-11,,,,28.15,Edelweiss Balanced Advantage Fund
2020-08-12,,,,28.16,Edelweiss Balanced Advantage Fund
2020-08-13,,,,28.19,Edelweiss Balanced Advantage Fund
2020-08-14,,,,28.0,Edelweiss Balanced Advantage Fund
2020-08-17,,,,28.06,Edelweiss Balanced Advantage Fund
2020-08-18,,,,28.26,Edelweiss Balanced Advantage Fund
2020-08-19,,,,28.34,Edelweiss Balanced Advantage Fund
2020-08-20,,,,28.21,Edelweiss Balanced Advantage Fund
2020-08-21,,,,28.35,Edelweiss Balanced Advantage Fund
2020-08-24,,,,28.47,Edelweiss Balanced Advantage Fund
2020-08-25,,,,28.49,Edelweiss Balanced Advantage Fund
2020-08-26,,,,28.58,Edelweiss Balanced Advantage Fund
2020-08-27,,,,28.58,Edelweiss Balanced Advantage Fund
2020-08-28,,,,28.77,Edelweiss Balanced Advantage Fund
2020-08-31,,,,28.18,Edelweiss Balanced Advantage Fund
2020-09-01,,,,28.26,Edelweiss Balanced Advantage Fund
2020-09-02,,,,28.46,Edelweiss Balanced Advantage Fund
2020-09-03,,,,28.46,Edelweiss Balanced Advantage Fund
2020-09-04,,,,28.16,Edelweiss Balanced Advantage Fund
2020-09-07,,,,28.1,Edelweiss Balanced Advantage Fund
2020-09-08,,,,28.02,Edelweiss Balanced Advantage Fund
2020-09-09,,,,27.99,Edelweiss Balanced Advantage Fund
2020-09-10,,,,28.18,Edelweiss Balanced Advantage Fund
2020-09-11,,,,28.28,Edelweiss Balanced Advantage Fund
2020-09-14,,,,28.43,Edelweiss Balanced Advantage Fund
2020-09-15,,,,28.64,Edelweiss Balanced Advantage Fund
2020-09-16,,,,28.72,Edelweiss Balanced Advantage Fund
2020-09-17,,,,28.69,Edelweiss Balanced Advantage Fund
2020-09-18,,,,28.72,Edelweiss Balanced Advantage Fund
2020-09-21,,,,28.29,Edelweiss Balanced Advantage Fund
2020-09-22,,,,28.13,Edelweiss Balanced Advantage Fund
2020-09-23,,,,28.07,Edelweiss Balanced Advantage Fund
2020-09-24,,,,27.7,Edelweiss Balanced Advantage Fund
2020-09-25,,,,28.08,Edelweiss Balanced Advantage Fund
2020-09-28,,,,28.34,Edelweiss Balanced Advantage Fund
2020-09-29,,,,28.25,Edelweiss Balanced Advantage Fund
2020-09-30,,,,28.24,Edelweiss Balanced Advantage Fund
2020-10-01,,,,28.49,Edelweiss Balanced Advantage Fund
2020-10-05,,,,28.56,Edelweiss Balanced Advantage Fund
2020-10-06,,,,28.74,Edelweiss Balanced Advantage Fund
2020-10-07,,,,28.72,Edelweiss Balanced Advantage Fund
2020-10-08,,,,28.85,Edelweiss Balanced Advantage Fund
2020-10-09,,,,28.95,Edelweiss Balanced Advantage Fund
2020-10-12,,,,28.95,Edelweiss Balanced Advantage Fund
2020-10-13,,,,28.95,Edelweiss Balanced Advantage Fund
2020-10-14,,,,29.05,Edelweiss Balanced Advantage Fund
2020-10-15,,,,28.63,Edelweiss Balanced Advantage Fund
2020-10-16,,,,28.72,Edelweiss Balanced Advantage Fund
2020-10-19,,,,28.91,Edelweiss Balanced Advantage Fund
2020-10-20,,,,28.97,Edelweiss Balanced Advantage Fund
2020-10-21,,,,29.04,Edelweiss Balanced Advantage Fund
2020-10-22,,,,29.02,Edelweiss Balanced Advantage Fund
2020-10-23,,,,29.08,Edelweiss Balanced Advantage Fund
2020-10-26,,,,28.84,Edelweiss Balanced Advantage Fund
2020-10-27,,,,29.07,Edelweiss Balanced Advantage Fund
2020-10-28,,,,28.88,Edelweiss Balanced Advantage Fund
2020-10-29,,,,28.84,Edelweiss Balanced Advantage Fund
2020-10-30,,,,28.79,Edelweiss Balanced Advantage Fund
2020-11-02,,,,28.87,Edelweiss Balanced Advantage Fund
2020-11-03,,,,28.96,Edelweiss Balanced Advantage Fund
2020-11-04,,,,29.05,Edelweiss Balanced Advantage Fund
2020-11-05,,,,29.32,Edelweiss Balanced Advantage Fund
2020-11-06,,,,29.49,Edelweiss Balanced Advantage Fund
2020-11-09,,,,29.8,Edelweiss Balanced Advantage Fund
2020-11-10,,,,29.89,Edelweiss Balanced Advantage Fund
2020-11-11,,,,30.08,Edelweiss Balanced Advantage Fund
2020-11-12,,,,29.99,Edelweiss Balanced Advantage Fund
2020-11-13,,,,30.12,Edelweiss Balanced Advantage Fund
2020-11-17,,,,30.38,Edelweiss Balanced Advantage Fund
2020-11-18,,,,30.48,Edelweiss Balanced Advantage Fund
2020-11-19,,,,30.19,Edelweiss Balanced Advantage Fund
2020-11-20,,,,30.42,Edelweiss Balanced Advantage Fund
2020-11-23,,,,30.62,Edelweiss Balanced Advantage Fund
2020-11-24,,,,30.84,Edelweiss Balanced Advantage Fund
2020-11-25,,,,30.52,Edelweiss Balanced Advantage Fund
2020-11-26,,,,30.73,Edelweiss Balanced Advantage Fund
2020-11-27,,,,30.78,Edelweiss Balanced Advantage Fund
2020-12-01,,,,31.0,Edelweiss Balanced Advantage Fund
2020-12-02,,,,31.02,Edelweiss Balanced Advantage Fund
2020-12-03,,,,31.1,Edelweiss Balanced Advantage Fund
2020-12-04,,,,31.33,Edelweiss Balanced Advantage Fund
2020-12-07,,,,31.53,Edelweiss Balanced Advantage Fund
2020-12-08,,,,31.58,Edelweiss Balanced Advantage Fund
2020-12-09,,,,31.75,Edelweiss Balanced Advantage Fund
2020-12-10,,,,31.63,Edelweiss Balanced Advantage Fund
2020-12-11,,,,31.69,Edelweiss Balanced Advantage Fund
2020-12-14,,,,31.84,Edelweiss Balanced Advantage Fund
2020-12-15,,,,31.81,Edelweiss Balanced Advantage Fund
2020-12-16,,,,31.96,Edelweiss Balanced Advantage Fund
2020-12-17,,,,32.0,Edelweiss Balanced Advantage Fund
2020-12-18,,,,32.06,Edelweiss Balanced Advantage Fund
2020-12-21,,,,31.38,Edelweiss Balanced Advantage Fund
2020-12-22,,,,31.6,Edelweiss Balanced Advantage Fund
2020-12-23,,,,31.85,Edelweiss Balanced Advantage Fund
2020-12-24,,,,32.08,Edelweiss Balanced Advantage Fund
2020-12-28,,,,32.28,Edelweiss Balanced Advantage Fund
2020-12-29,,,,32.35,Edelweiss Balanced Advantage Fund
2020-12-30,,,,32.4,Edelweiss Balanced Advantage Fund
2020-12-31,,,,32.44,Edelweiss Balanced Advantage Fund
2021-01-01,,,,32.52,Edelweiss Balanced Advantage Fund
2021-01-04,,,,32.78,Edelweiss Balanced Advantage Fund
2021-01-05,,,,32.96,Edelweiss Balanced Advantage Fund
2021-01-06,,,,32.9,Edelweiss Balanced Advantage Fund
2021-01-07,,,,32.93,Edelweiss Balanced Advantage Fund
2021-01-08,,,,33.19,Edelweiss Balanced Advantage Fund
2021-01-11,,,,33.41,Edelweiss Balanced Advantage Fund
2021-01-12,,,,33.51,Edelweiss Balanced Advantage Fund
2021-01-13,,,,33.51,Edelweiss Balanced Advantage Fund
2021-01-14,,,,33.56,Edelweiss Balanced Advantage Fund
2021-01-15,,,,33.34,Edelweiss Balanced Advantage Fund
2021-01-18,,,,32.99,Edelweiss Balanced Advantage Fund
2021-01-19,,,,33.26,Edelweiss Balanced Advantage Fund
2021-01-20,,,,33.44,Edelweiss Balanced Advantage Fund
2021-01-21,,,,33.33,Edelweiss Balanced Advantage Fund
2021-01-22,,,,33.05,Edelweiss Balanced Advantage Fund
2021-01-25,,,,32.9,Edelweiss Balanced Advantage Fund
2021-01-27,,,,32.58,Edelweiss Balanced Advantage Fund
2021-01-28,,,,32.44,Edelweiss Balanced Advantage Fund
2021-01-29,,,,32.26,Edelweiss Balanced Advantage Fund
2021-02-01,,,,32.95,Edelweiss Balanced Advantage Fund
2021-02-02,,,,33.44,Edelweiss Balanced Advantage Fund
2021-02-03,,,,33.72,Edelweiss Balanced Advantage Fund
2021-02-04,,,,33.92,Edelweiss Balanced Advantage Fund
2021-02-05,,,,33.95,Edelweiss Balanced Advantage Fund
2021-02-08,,,,34.26,Edelweiss Balanced Advantage Fund
2021-02-09,,,,34.24,Edelweiss Balanced Advantage Fund
2021-02-10,,,,34.28,Edelweiss Balanced Advantage Fund
2021-02-11,,,,34.43,Edelweiss Balanced Advantage Fund
2021-02-12,,,,34.47,Edelweiss Balanced Advantage Fund
2021-02-15,,,,34.74,Edelweiss Balanced Advantage Fund
2021-02-16,,,,34.7,Edelweiss Balanced Advantage Fund
2021-02-17,,,,34.6,Edelweiss Balanced Advantage Fund
2021-02-18,,,,34.5,Edelweiss Balanced Advantage Fund
2021-02-19,,,,34.2,Edelweiss Balanced Advantage Fund
2021-02-22,,,,33.79,Edelweiss Balanced Advantage Fund
2021-02-23,,,,33.94,Edelweiss Balanced Advantage Fund
2021-02-24,,,,34.24,Edelweiss Balanced Advantage Fund
2021-02-25,,,,34.36,Edelweiss Balanced Advantage Fund
2021-02-26,,,,33.77,Edelweiss Balanced Advantage Fund
2021-03-01,,,,33.95,Edelweiss Balanced Advantage Fund
2021-03-02,,,,34.18,Edelweiss Balanced Advantage Fund
2021-03-03,,,,34.61,Edelweiss Balanced Advantage Fund
2021-03-04,,,,34.49,Edelweiss Balanced Advantage Fund
2021-03-05,,,,34.24,Edelweiss Balanced Advantage Fund
2021-03-08,,,,34.26,Edelweiss Balanced Advantage Fund
2021-03-09,,,,34.29,Edelweiss Balanced Advantage Fund
2021-03-10,,,,34.44,Edelweiss Balanced Advantage Fund
2021-03-12,,,,34.25,Edelweiss Balanced Advantage Fund
2021-03-15,,,,34.12,Edelweiss Balanced Advantage Fund
2021-03-16,,,,34.17,Edelweiss Balanced Advantage Fund
2021-03-17,,,,33.87,Edelweiss Balanced Advantage Fund
2021-03-18,,,,33.6,Edelweiss Balanced Advantage Fund
2021-03-19,,,,33.79,Edelweiss Balanced Advantage Fund
2021-03-22,,,,33.8,Edelweiss Balanced Advantage Fund
2021-03-23,,,,33.9,Edelweiss Balanced Advantage Fund
2021-03-24,,,,33.61,Edelweiss Balanced Advantage Fund
2021-03-25,,,,33.34,Edelweiss Balanced Advantage Fund
2021-03-26,,,,33.59,Edelweiss Balanced Advantage Fund
2021-03-30,,,,34.02,Edelweiss Balanced Advantage Fund
2021-03-31,,,,33.91,Edelweiss Balanced Advantage Fund
2021-04-01,,,,34.13,Edelweiss Balanced Advantage Fund
2021-04-05,,,,33.93,Edelweiss Balanced Advantage Fund
2021-04-06,,,,33.99,Edelweiss Balanced Advantage Fund
2021-04-07,,,,34.21,Edelweiss Balanced Advantage Fund
2021-04-08,,,,34.33,Edelweiss Balanced Advantage Fund
2021-04-09,,,,34.26,Edelweiss Balanced Advantage Fund
2021-04-12,,,,33.42,Edelweiss Balanced Advantage Fund
2021-04-13,,,,33.61,Edelweiss Balanced Advantage Fund
2021-04-15,,,,33.82,Edelweiss Balanced Advantage Fund
2021-04-16,,,,33.93,Edelweiss Balanced Advantage Fund
2021-04-19,,,,33.69,Edelweiss Balanced Advantage Fund
2021-04-20,,,,33.67,Edelweiss Balanced Advantage Fund
2021-04-22,,,,33.77,Edelweiss Balanced Advantage Fund
2021-04-23,,,,33.76,Edelweiss Balanced Advantage Fund
2021-04-26,,,,33.85,Edelweiss Balanced Advantage Fund
2021-04-27,,,,34.02,Edelweiss Balanced Advantage Fund
2021-04-28,,,,34.27,Edelweiss Balanced Advantage Fund
2021-04-29,,,,34.32,Edelweiss Balanced Advantage Fund
2021-04-30,,,,34.08,Edelweiss Balanced Advantage Fund
2021-05-03,,,,34.09,Edelweiss Balanced Advantage Fund
2021-05-04,,,,33.95,Edelweiss Balanced Advantage Fund
2021-05-05,,,,34.17,Edelweiss Balanced Advantage Fund
2021-05-06,,,,34.28,Edelweiss Balanced Advantage Fund
2021-05-07,,,,34.4,Edelweiss Balanced Advantage Fund
2021-05-10,,,,34.63,Edelweiss Balanced Advantage Fund
2021-05-11,,,,34.58,Edelweiss Balanced Advantage Fund
2021-05-12,,,,34.39,Edelweiss Balanced Advantage Fund
2021-05-14,,,,34.26,Edelweiss Balanced Advantage Fund
2021-05-17,,,,34.55,Edelweiss Balanced Advantage Fund
2021-05-18,,,,34.81,Edelweiss Balanced Advantage Fund
2021-05-19,,,,34.77,Edelweiss Balanced Advantage Fund
2021-05-20,,,,34.62,Edelweiss Balanced Advantage Fund
2021-05-21,,,,34.93,Edelweiss Balanced Advantage Fund
2021-05-24,,,,35.0,Edelweiss Balanced Advantage Fund
2021-05-25,,,,35.03,Edelweiss Balanced Advantage Fund
2021-05-26,,,,35.09,Edelweiss Balanced Advantage Fund
2021-05-27,,,,35.14,Edelweiss Balanced Advantage Fund
2021-05-28,,,,35.23,Edelweiss Balanced Advantage Fund
2021-05-31,,,,35.48,Edelweiss Balanced Advantage Fund
2021-06-01,,,,35.4,Edelweiss Balanced Advantage Fund
2021-06-02,,,,35.51,Edelweiss Balanced Advantage Fund
2021-06-03,,,,35.62,Edelweiss Balanced Advantage Fund
2021-06-04,,,,35.6,Edelweiss Balanced Advantage Fund
2021-06-07,,,,35.78,Edelweiss Balanced Advantage Fund
2021-06-08,,,,35.81,Edelweiss Balanced Advantage Fund
2021-06-09,,,,35.66,Edelweiss Balanced Advantage Fund
2021-06-10,,,,35.85,Edelweiss Balanced Advantage Fund
2021-06-11,,,,35.95,Edelweiss Balanced Advantage Fund
2021-06-14,,,,36.0,Edelweiss Balanced Advantage Fund
2021-06-15,,,,36.11,Edelweiss Balanced Advantage Fund
2021-06-16,,,,35.97,Edelweiss Balanced Advantage Fund
2021-06-17,,,,35.87,Edelweiss Balanced Advantage Fund
2021-06-18,,,,35.8,Edelweiss Balanced Advantage Fund
2021-06-21,,,,35.86,Edelweiss Balanced Advantage Fund
2021-06-22,,,,35.89,Edelweiss Balanced Advantage Fund
2021-06-23,,,,35.81,Edelweiss Balanced Advantage Fund
2021-06-24,,,,35.92,Edelweiss Balanced Advantage Fund
2021-06-25,,,,36.07,Edelweiss Balanced Advantage Fund
2021-06-28,,,,36.1,Edelweiss Balanced Advantage Fund
2021-06-29,,,,36.05,Edelweiss Balanced Advantage Fund
2021-06-30,,,,36.07,Edelweiss Balanced Advantage Fund
2021-07-01,,,,36.06,Edelweiss Balanced Advantage Fund
2021-07-02,,,,36.14,Edelweiss Balanced Advantage Fund
2021-07-05,,,,36.29,Edelweiss Balanced Advantage Fund
2021-07-06,,,,36.3,Edelweiss Balanced Advantage Fund
2021-07-07,,,,36.36,Edelweiss Balanced Advantage Fund
2021-07-08,,,,36.18,Edelweiss Balanced Advantage Fund
2021-07-09,,,,36.18,Edelweiss Balanced Advantage Fund
2021-07-12,,,,36.22,Edelweiss Balanced Advantage Fund
2021-07-13,,,,36.35,Edelweiss Balanced Advantage Fund
2021-07-14,,,,36.48,Edelweiss Balanced Advantage Fund
2021-07-15,,,,36.58,Edelweiss Balanced Advantage Fund
2021-07-16,,,,36.59,Edelweiss Balanced Advantage Fund
2021-07-19,,,,36.46,Edelweiss Balanced Advantage Fund
2021-07-20,,,,36.28,Edelweiss Balanced Advantage Fund
2021-07-22,,,,36.48,Edelweiss Balanced Advantage Fund
2021-07-23,,,,36.73,Edelweiss Balanced Advantage Fund
2021-07-26,,,,36.78,Edelweiss Balanced Advantage Fund
2021-07-27,,,,36.65,Edelweiss Balanced Advantage Fund
2021-07-28,,,,36.61,Edelweiss Balanced Advantage Fund
2021-07-29,,,,36.8,Edelweiss Balanced Advantage Fund
2021-07-30,,,,36.8,Edelweiss Balanced Advantage Fund
2021-08-02,,,,36.99,Edelweiss Balanced Advantage Fund
2021-08-03,,,,37.25,Edelweiss Balanced Advantage Fund
2021-08-04,,,,37.34,Edelweiss Balanced Advantage Fund
2021-08-05,,,,37.38,Edelweiss Balanced Advantage Fund
2021-08-06,,,,37.28,Edelweiss Balanced Advantage Fund
2021-08-09,,,,37.29,Edelweiss Balanced Advantage Fund
2021-08-10,,,,37.27,Edelweiss Balanced Advantage Fund
2021-08-11,,,,37.24,Edelweiss Balanced Advantage Fund
2021-08-12,,,,37.37,Edelweiss Balanced Advantage Fund
2021-08-13,,,,37.54,Edelweiss Balanced Advantage Fund
2021-08-16,,,,37.6,Edelweiss Balanced Advantage Fund
2021-08-17,,,,37.63,Edelweiss Balanced Advantage Fund
2021-08-18,,,,37.56,Edelweiss Balanced Advantage Fund
2021-08-20,,,,37.3,Edelweiss Balanced Advantage Fund
2021-08-23,,,,37.28,Edelweiss Balanced Advantage Fund
2021-08-24,,,,37.47,Edelweiss Balanced Advantage Fund
2021-08-25,,,,37.51,Edelweiss Balanced Advantage Fund
2021-08-26,,,,37.53,Edelweiss Balanced Advantage Fund
2021-08-27,,,,37.68,Edelweiss Balanced Advantage Fund
2021-08-30,,,,38.06,Edelweiss Balanced Advantage Fund
2021-08-31,,,,38.34,Edelweiss Balanced Advantage Fund
2021-09-01,,,,38.38,Edelweiss Balanced Advantage Fund
2021-09-02,,,,38.57,Edelweiss Balanced Advantage Fund
2021-09-03,,,,38.67,Edelweiss Balanced Advantage Fund
2021-09-06,,,,38.73,Edelweiss Balanced Advantage Fund
2021-09-07,,,,38.68,Edelweiss Balanced Advantage Fund
2021-09-08,,,,38.69,Edelweiss Balanced Advantage Fund
2021-09-09,,,,38.73,Edelweiss Balanced Advantage Fund
2021-09-13,,,,38.74,Edelweiss Balanced Advantage Fund
2021-09-14,,,,38.79,Edelweiss Balanced Advantage Fund
2021-09-15,,,,39.0,Edelweiss Balanced Advantage Fund
2021-09-16,,,,39.14,Edelweiss Balanced Advantage Fund
2021-09-17,,,,38.97,Edelweiss Balanced Advantage Fund
2021-09-20,,,,38.67,Edelweiss Balanced Advantage Fund
2021-09-21,,,,38.84,Edelweiss Balanced Advantage Fund
2021-09-22,,,,38.86,Edelweiss Balanced Advantage Fund
2021-09-23,,,,39.18,Edelweiss Balanced Advantage Fund
2021-09-24,,,,39.17,Edelweiss Balanced Advantage Fund
2021-09-27,,,,39.1,Edelweiss Balanced Advantage Fund
2021-09-28,,,,38.92,Edelweiss Balanced Advantage Fund
2021-09-29,,,,38.92,Edelweiss Balanced Advantage Fund
2021-09-30,,,,38.81,Edelweiss Balanced Advantage Fund
2021-10-01,,,,38.73,Edelweiss Balanced Advantage Fund
2021-10-04,,,,38.99,Edelweiss Balanced Advantage Fund
2021-10-05,,,,39.16,Edelweiss Balanced Advantage Fund
2021-10-06,,,,38.88,Edelweiss Balanced Advantage Fund
2021-10-07,,,,39.12,Edelweiss Balanced Advantage Fund
2021-10-08,,,,39.27,Edelweiss Balanced Advantage Fund
2021-10-11,,,,39.39,Edelweiss Balanced Advantage Fund
2021-10-12,,,,39.45,Edelweiss Balanced Advantage Fund
2021-10-13,,,,39.69,Edelweiss Balanced Advantage Fund
2021-10-14,,,,39.88,Edelweiss Balanced Advantage Fund
2021-10-18,,,,40.02,Edelweiss Balanced Advantage Fund
2021-10-19,,,,39.85,Edelweiss Balanced Advantage Fund
2021-10-20,,,,39.64,Edelweiss Balanced Advantage Fund
2021-10-21,,,,39.48,Edelweiss Balanced Advantage Fund
2021-10-22,,,,39.36,Edelweiss Balanced Advantage Fund
2021-10-25,,,,39.33,Edelweiss Balanced Advantage Fund
2021-10-26,,,,39.55,Edelweiss Balanced Advantage Fund
2021-10-27,,,,39.58,Edelweiss Balanced Advantage Fund
2021-10-28,,,,39.17,Edelweiss Balanced Advantage Fund
2021-10-29,,,,39.03,Edelweiss Balanced Advantage Fund
2021-11-01,,,,39.36,Edelweiss Balanced Advantage Fund
2021-11-02,,,,39.38,Edelweiss Balanced Advantage Fund
2021-11-03,,,,39.27,Edelweiss Balanced Advantage Fund
2021-11-08,,,,39.59,Edelweiss Balanced Advantage Fund
2021-11-09,,,,39.64,Edelweiss Balanced Advantage Fund
2021-11-10,,,,39.69,Edelweiss Balanced Advantage Fund
2021-11-11,,,,39.54,Edelweiss Balanced Advantage Fund
2021-11-12,,,,39.78,Edelweiss Balanced Advantage Fund
2021-11-15,,,,39.8,Edelweiss Balanced Advantage Fund
2021-11-16,,,,39.71,Edelweiss Balanced Advantage Fund
2021-11-17,,,,39.58,Edelweiss Balanced Advantage Fund
2021-11-18,,,,39.35,Edelweiss Balanced Advantage Fund
2021-11-22,,,,38.93,Edelweiss Balanced Advantage Fund
2021-11-23,,,,39.09,Edelweiss Balanced Advantage Fund
2021-11-24,,,,38.99,Edelweiss Balanced Advantage Fund
2021-11-25,,,,39.1,Edelweiss Balanced Advantage Fund
2021-11-26,,,,38.55,Edelweiss Balanced Advantage Fund
2021-11-29,,,,38.5,Edelweiss Balanced Advantage Fund
2021-11-30,,,,38.54,Edelweiss Balanced Advantage Fund
2021-12-01,,,,38.67,Edelweiss Balanced Advantage Fund
2021-12-02,,,,38.87,Edelweiss Balanced Advantage Fund
2021-12-03,,,,38.69,Edelweiss Balanced Advantage Fund
2021-12-06,,,,38.38,Edelweiss Balanced Advantage Fund
2021-12-07,,,,38.63,Edelweiss Balanced Advantage Fund
2021-12-08,,,,38.97,Edelweiss Balanced Advantage Fund
2021-12-09,,,,38.99,Edelweiss Balanced Advantage Fund
2021-12-10,,,,39.01,Edelweiss Balanced Advantage Fund
2021-12-13,,,,38.92,Edelweiss Balanced Advantage Fund
2021-12-14,,,,38.91,Edelweiss Balanced Advantage Fund
2021-12-15,,,,38.78,Edelweiss Balanced Advantage Fund
2021-12-16,,,,38.78,Edelweiss Balanced Advantage Fund
2021-12-17,,,,38.53,Edelweiss Balanced Advantage Fund
2021-12-20,,,,38.07,Edelweiss Balanced Advantage Fund
2021-12-21,,,,38.3,Edelweiss Balanced Advantage Fund
2021-12-22,,,,38.57,Edelweiss Balanced Advantage Fund
2021-12-23,,,,38.68,Edelweiss Balanced Advantage Fund
2021-12-24,,,,38.61,Edelweiss Balanced Advantage Fund
2021-12-27,,,,38.69,Edelweiss Balanced Advantage Fund
2021-12-28,,,,38.88,Edelweiss Balanced Advantage Fund
2021-12-29,,,,38.86,Edelweiss Balanced Advantage Fund
2021-12-30,,,,38.88,Edelweiss Balanced Advantage Fund
2021-12-31,,,,39.06,Edelweiss Balanced Advantage Fund
2022-01-03,,,,39.4,Edelweiss Balanced Advantage Fund
2022-01-04,,,,39.56,Edelweiss Balanced Advantage Fund
2022-01-05,,,,39.68,Edelweiss Balanced Advantage Fund
2022-01-06,,,,39.51,Edelweiss Balanced Advantage Fund
2022-01-07,,,,39.59,Edelweiss Balanced Advantage Fund
2022-01-10,,,,39.8,Edelweiss Balanced Advantage Fund
2022-01-11,,,,39.83,Edelweiss Balanced Advantage Fund
2022-01-12,,,,40.05,Edelweiss Balanced Advantage Fund
2022-01-13,,,,40.1,Edelweiss Balanced Advantage Fund
2022-01-14,,,,40.06,Edelweiss Balanced Advantage Fund
2022-01-17,,,,40.09,Edelweiss Balanced Advantage Fund
2022-01-18,,,,39.81,Edelweiss Balanced Advantage Fund
2022-01-19,,,,39.64,Edelweiss Balanced Advantage Fund
2022-01-20,,,,39.46,Edelweiss Balanced Advantage Fund
2022-01-21,,,,39.23,Edelweiss Balanced Advantage Fund
2022-01-24,,,,38.61,Edelweiss Balanced Advantage Fund
2022-01-25,,,,38.83,Edelweiss Balanced Advantage Fund
2022-01-27,,,,38.65,Edelweiss Balanced Advantage Fund
2022-01-28,,,,38.7,Edelweiss Balanced Advantage Fund
2022-01-31,,,,39.05,Edelweiss Balanced Advantage Fund
2022-02-01,,,,39.29,Edelweiss Balanced Advantage Fund
2022-02-02,,,,39.49,Edelweiss Balanced Advantage Fund
2022-02-03,,,,39.32,Edelweiss Balanced Advantage Fund
2022-02-04,,,,39.25,Edelweiss Balanced Advantage Fund
2022-02-07,,,,38.98,Edelweiss Balanced Advantage Fund
2022-02-08,,,,39.01,Edelweiss Balanced Advantage Fund
2022-02-09,,,,39.23,Edelweiss Balanced Advantage Fund
2022-02-10,,,,39.37,Edelweiss Balanced Advantage Fund
2022-02-11,,,,39.1,Edelweiss Balanced Advantage Fund
2022-02-14,,,,38.47,Edelweiss Balanced Advantage Fund
2022-02-15,,,,38.98,Edelweiss Balanced Advantage Fund
2022-02-16,,,,38.91,Edelweiss Balanced Advantage Fund
2022-02-17,,,,38.82,Edelweiss Balanced Advantage Fund
2022-02-18,,,,38.75,Edelweiss Balanced Advantage Fund
2022-02-21,,,,38.68,Edelweiss Balanced Advantage Fund
2022-02-22,,,,38.54,Edelweiss Balanced Advantage Fund
2022-02-23,,,,38.5,Edelweiss Balanced Advantage Fund
2022-02-24,,,,37.7,Edelweiss Balanced Advantage Fund
2022-02-25,,,,38.15,Edelweiss Balanced Advantage Fund
2022-02-28,,,,38.28,Edelweiss Balanced Advantage Fund
2022-03-02,,,,38.13,Edelweiss Balanced Advantage Fund
2022-03-03,,,,37.98,Edelweiss Balanced Advantage Fund
2022-03-04,,,,37.73,Edelweiss Balanced Advantage Fund
2022-03-07,,,,37.29,Edelweiss Balanced Advantage Fund
2022-03-08,,,,37.39,Edelweiss Balanced Advantage Fund
2022-03-09,,,,37.67,Edelweiss Balanced Advantage Fund
2022-03-10,,,,37.96,Edelweiss Balanced Advantage Fund
2022-03-11,,,,38.01,Edelweiss Balanced Advantage Fund
2022-03-14,,,,38.25,Edelweiss Balanced Advantage Fund
2022-03-15,,,,38.04,Edelweiss Balanced Advantage Fund
2022-03-16,,,,38.4,Edelweiss Balanced Advantage Fund
2022-03-17,,,,38.75,Edelweiss Balanced Advantage Fund
2022-03-21,,,,38.56,Edelweiss Balanced Advantage Fund
2022-03-22,,,,38.7,Edelweiss Balanced Advantage Fund
2022-03-23,,,,38.66,Edelweiss Balanced Advantage Fund
2022-03-24,,,,38.6,Edelweiss Balanced Advantage Fund
2022-03-25,,,,38.49,Edelweiss Balanced Advantage Fund
2022-03-28,,,,38.47,Edelweiss Balanced Advantage Fund
2022-03-29,,,,38.51,Edelweiss Balanced Advantage Fund
2022-03-30,,,,38.8,Edelweiss Balanced Advantage Fund
2022-03-31,,,,38.83,Edelweiss Balanced Advantage Fund
2022-04-01,,,,39.1,Edelweiss Balanced Advantage Fund
2022-04-04,,,,39.65,Edelweiss Balanced Advantage Fund
2022-04-05,,,,39.69,Edelweiss Balanced Advantage Fund
2022-04-06,,,,39.59,Edelweiss Balanced Advantage Fund
2022-04-07,,,,39.26,Edelweiss Balanced Advantage Fund
2022-04-08,,,,39.29,Edelweiss Balanced Advantage Fund
2022-04-11,,,,39.48,Edelweiss Balanced Advantage Fund
2022-04-12,,,,39.26,Edelweiss Balanced Advantage Fund
2022-04-13,,,,39.19,Edelweiss Balanced Advantage Fund
2022-04-18,,,,38.87,Edelweiss Balanced Advantage Fund
2022-04-19,,,,38.66,Edelweiss Balanced Advantage Fund
2022-04-20,,,,38.75,Edelweiss Balanced Advantage Fund
2022-04-21,,,,39.03,Edelweiss Balanced Advantage Fund
2022-04-22,,,,38.8,Edelweiss Balanced Advantage Fund
2022-04-25,,,,38.54,Edelweiss Balanced Advantage Fund
2022-04-26,,,,38.76,Edelweiss Balanced Advantage Fund
2022-04-27,,,,38.58,Edelweiss Balanced Advantage Fund
2022-04-28,,,,38.85,Edelweiss Balanced Advantage Fund
2022-04-29,,,,38.61,Edelweiss Balanced Advantage Fund
2022-05-02,,,,38.53,Edelweiss Balanced Advantage Fund
2022-05-04,,,,38.02,Edelweiss Balanced Advantage Fund
2022-05-05,,,,38.01,Edelweiss Balanced Advantage Fund
2022-05-06,,,,37.61,Edelweiss Balanced Advantage Fund
2022-05-09,,,,37.43,Edelweiss Balanced Advantage Fund
2022-05-10,,,,37.3,Edelweiss Balanced Advantage Fund
2022-05-11,,,,37.22,Edelweiss Balanced Advantage Fund
2022-05-12,,,,36.87,Edelweiss Balanced Advantage Fund
2022-05-13,,,,36.8,Edelweiss Balanced Advantage Fund
2022-05-16,,,,36.92,Edelweiss Balanced Advantage Fund
2022-05-17,,,,37.36,Edelweiss Balanced Advantage Fund
2022-05-18,,,,37.37,Edelweiss Balanced Advantage Fund
2022-05-19,,,,36.99,Edelweiss Balanced Advantage Fund
2022-05-20,,,,37.37,Edelweiss Balanced Advantage Fund
2022-05-23,,,,37.27,Edelweiss Balanced Advantage Fund
2022-05-24,,,,37.14,Edelweiss Balanced Advantage Fund
2022-05-25,,,,37.0,Edelweiss Balanced Advantage Fund
2022-05-26,,,,37.23,Edelweiss Balanced Advantage Fund
2022-05-27,,,,37.41,Edelweiss Balanced Advantage Fund
2022-05-30,,,,37.79,Edelweiss Balanced Advantage Fund
2022-05-31,,,,37.78,Edelweiss Balanced Advantage Fund
2022-06-01,,,,37.75,Edelweiss Balanced Advantage Fund
2022-06-02,,,,37.83,Edelweiss Balanced Advantage Fund
2022-06-03,,,,37.66,Edelweiss Balanced Advantage Fund
2022-06-06,,,,37.62,Edelweiss Balanced Advantage Fund
2022-06-07,,,,37.46,Edelweiss Balanced Advantage Fund
2022-06-08,,,,37.42,Edelweiss Balanced Advantage Fund
2022-06-09,,,,37.55,Edelweiss Balanced Advantage Fund
2022-06-10,,,,37.3,Edelweiss Balanced Advantage Fund
2022-06-13,,,,36.8,Edelweiss Balanced Advantage Fund
2022-06-14,,,,36.72,Edelweiss Balanced Advantage Fund
2022-06-15,,,,36.72,Edelweiss Balanced Advantage Fund
2022-06-16,,,,36.34,Edelweiss Balanced Advantage Fund
2022-06-17,,,,36.25,Edelweiss Balanced Advantage Fund
2022-06-20,,,,36.13,Edelweiss Balanced Advantage Fund
2022-06-21,,,,36.49,Edelweiss Balanced Advantage Fund
2022-06-22,,,,36.25,Edelweiss Balanced Advantage Fund
2022-06-23,,,,36.44,Edelweiss Balanced Advantage Fund
2022-06-24,,,,36.62,Edelweiss Balanced Advantage Fund
2022-06-27,,,,36.83,Edelweiss Balanced Advantage Fund
2022-06-28,,,,36.91,Edelweiss Balanced Advantage Fund
2022-06-29,,,,36.84,Edelweiss Balanced Advantage Fund
2022-06-30,,,,36.83,Edelweiss Balanced Advantage Fund
2022-07-01,,,,36.79,Edelweiss Balanced Advantage Fund
2022-07-04,,,,36.94,Edelweiss Balanced Advantage Fund
2022-07-05,,,,36.93,Edelweiss Balanced Advantage Fund
2022-07-06,,,,37.14,Edelweiss Balanced Advantage Fund
2022-07-07,,,,37.34,Edelweiss Balanced Advantage Fund
2022-07-08,,,,37.43,Edelweiss Balanced Advantage Fund
2022-07-11,,,,37.52,Edelweiss Balanced Advantage Fund
2022-07-12,,,,37.36,Edelweiss Balanced Advantage Fund
2022-07-13,,,,37.3,Edelweiss Balanced Advantage Fund
2022-07-14,,,,37.23,Edelweiss Balanced Advantage Fund
2022-07-15,,,,37.35,Edelweiss Balanced Advantage Fund
2022-07-18,,,,37.66,Edelweiss Balanced Advantage Fund
2022-07-19,,,,37.8,Edelweiss Balanced Advantage Fund
2022-07-20,,,,37.99,Edelweiss Balanced Advantage Fund
2022-07-21,,,,38.17,Edelweiss Balanced Advantage Fund
2022-07-22,,,,38.3,Edelweiss Balanced Advantage Fund
2022-07-25,,,,38.27,Edelweiss Balanced Advantage Fund
2022-07-26,,,,38.03,Edelweiss Balanced Advantage Fund
2022-07-27,,,,38.21,Edelweiss Balanced Advantage Fund
2022-07-28,,,,38.52,Edelweiss Balanced Advantage Fund
2022-07-29,,,,38.84,Edelweiss Balanced Advantage Fund
2022-08-01,,,,39.11,Edelweiss Balanced Advantage Fund
2022-08-02,,,,39.11,Edelweiss Balanced Advantage Fund
2022-08-03,,,,39.12,Edelweiss Balanced Advantage Fund
2022-08-04,,,,39.12,Edelweiss Balanced Advantage Fund
2022-08-05,,,,39.15,Edelweiss Balanced Advantage Fund
2022-08-08,,,,39.35,Edelweiss Balanced Advantage Fund
2022-08-10,,,,39.37,Edelweiss Balanced Advantage Fund
2022-08-11,,,,39.61,Edelweiss Balanced Advantage Fund
2022-08-12,,,,39.73,Edelweiss Balanced Advantage Fund
2022-08-16,,,,39.95,Edelweiss Balanced Advantage Fund
2022-08-17,,,,40.13,Edelweiss Balanced Advantage Fund
2022-08-18,,,,40.16,Edelweiss Balanced Advantage Fund
2022-08-19,,,,39.8,Edelweiss Balanced Advantage Fund
2022-08-22,,,,39.36,Edelweiss Balanced Advantage Fund
2022-08-23,,,,39.55,Edelweiss Balanced Advantage Fund
2022-08-24,,,,39.63,Edelweiss Balanced Advantage Fund
2022-08-25,,,,39.56,Edelweiss Balanced Advantage Fund
2022-08-26,,,,39.63,Edelweiss Balanced Advantage Fund
2022-08-29,,,,39.28,Edelweiss Balanced Advantage Fund
2022-08-30,,,,39.9,Edelweiss Balanced Advantage Fund
2022-09-01,,,,39.72,Edelweiss Balanced Advantage Fund
2022-09-02,,,,39.73,Edelweiss Balanced Advantage Fund
2022-09-05,,,,39.91,Edelweiss Balanced Advantage Fund
2022-09-06,,,,39.92,Edelweiss Balanced Advantage Fund
2022-09-07,,,,39.88,Edelweiss Balanced Advantage Fund
2022-09-08,,,,40.13,Edelweiss Balanced Advantage Fund
2022-09-09,,,,40.21,Edelweiss Balanced Advantage Fund
2022-09-12,,,,40.39,Edelweiss Balanced Advantage Fund
2022-09-13,,,,40.51,Edelweiss Balanced Advantage Fund
2022-09-14,,,,40.45,Edelweiss Balanced Advantage Fund
2022-09-15,,,,40.32,Edelweiss Balanced Advantage Fund
2022-09-16,,,,39.83,Edelweiss Balanced Advantage Fund
2022-09-19,,,,39.9,Edelweiss Balanced Advantage Fund
2022-09-20,,,,40.23,Edelweiss Balanced Advantage Fund
2022-09-21,,,,40.09,Edelweiss Balanced Advantage Fund
2022-09-22,,,,40.01,Edelweiss Balanced Advantage Fund
2022-09-23,,,,39.55,Edelweiss Balanced Advantage Fund
2022-09-26,,,,39.03,Edelweiss Balanced Advantage Fund
2022-09-27,,,,39.07,Edelweiss Balanced Advantage Fund
2022-09-28,,,,38.88,Edelweiss Balanced Advantage Fund
2022-09-29,,,,38.93,Edelweiss Balanced Advantage Fund
2022-09-30,,,,39.31,Edelweiss Balanced Advantage Fund
2022-10-03,,,,39.05,Edelweiss Balanced Advantage Fund
2022-10-04,,,,39.53,Edelweiss Balanced Advantage Fund
2022-10-06,,,,39.7,Edelweiss Balanced Advantage Fund
2022-10-07,,,,39.63,Edelweiss Balanced Advantage Fund
2022-10-10,,,,39.59,Edelweiss Balanced Advantage Fund
2022-10-11,,,,39.27,Edelweiss Balanced Advantage Fund
2022-10-12,,,,39.44,Edelweiss Balanced Advantage Fund
2022-10-13,,,,39.26,Edelweiss Balanced Advantage Fund
2022-10-14,,,,39.38,Edelweiss Balanced Advantage Fund
2022-10-17,,,,39.55,Edelweiss Balanced Advantage Fund
2022-10-18,,,,39.79,Edelweiss Balanced Advantage Fund
2022-10-19,,,,39.8,Edelweiss Balanced Advantage Fund
2022-10-20,,,,39.85,Edelweiss Balanced Advantage Fund
2022-10-21,,,,39.86,Edelweiss Balanced Advantage Fund
2022-10-25,,,,40.04,Edelweiss Balanced Advantage Fund
2022-10-27,,,,40.08,Edelweiss Balanced Advantage Fund
2022-10-28,,,,40.01,Edelweiss Balanced Advantage Fund
2022-10-31,,,,40.33,Edelweiss Balanced Advantage Fund
2022-11-01,,,,40.46,Edelweiss Balanced Advantage Fund
2022-11-02,,,,40.41,Edelweiss Balanced Advantage Fund
2022-11-03,,,,40.38,Edelweiss Balanced Advantage Fund
2022-11-04,,,,40.37,Edelweiss Balanced Advantage Fund
2022-11-07,,,,40.58,Edelweiss Balanced Advantage Fund
2022-11-09,,,,40.5,Edelweiss Balanced Advantage Fund
2022-11-10,,,,40.29,Edelweiss Balanced Advantage Fund
2022-11-11,,,,40.62,Edelweiss Balanced Advantage Fund
2022-11-14,,,,40.6,Edelweiss Balanced Advantage Fund
2022-11-15,,,,40.69,Edelweiss Balanced Advantage Fund
2022-11-16,,,,40.68,Edelweiss Balanced Advantage Fund
2022-11-17,,,,40.63,Edelweiss Balanced Advantage Fund
2022-11-18,,,,40.53,Edelweiss Balanced Advantage Fund
2022-11-21,,,,40.4,Edelweiss Balanced Advantage Fund
2022-11-22,,,,40.51,Edelweiss Balanced Advantage Fund
2022-11-23,,,,40.6,Edelweiss Balanced Advantage Fund
2022-11-24,,,,40.86,Edelweiss Balanced Advantage Fund
2022-11-25,,,,40.95,Edelweiss Balanced Advantage Fund
2022-11-28,,,,41.06,Edelweiss Balanced Advantage Fund
2022-11-29,,,,41.08,Edelweiss Balanced Advantage Fund
2022-11-30,,,,41.24,Edelweiss Balanced Advantage Fund
2022-12-01,,,,41.36,Edelweiss Balanced Advantage Fund
2022-12-02,,,,41.28,Edelweiss Balanced Advantage Fund
2022-12-05,,,,41.3,Edelweiss Balanced Advantage Fund
2022-12-06,,,,41.16,Edelweiss Balanced Advantage Fund
2022-12-07,,,,41.05,Edelweiss Balanced Advantage Fund
2022-12-08,,,,41.2,Edelweiss Balanced Advantage Fund
2022-12-09,,,,41.0,Edelweiss Balanced Advantage Fund
2022-12-12,,,,41.03,Edelweiss Balanced Advantage Fund
2022-12-13,,,,41.19,Edelweiss Balanced Advantage Fund
2022-12-14,,,,41.3,Edelweiss Balanced Advantage Fund
2022-12-15,,,,40.97,Edelweiss Balanced Advantage Fund
2022-12-16,,,,40.66,Edelweiss Balanced Advantage Fund
2022-12-19,,,,40.86,Edelweiss Balanced Advantage Fund
2022-12-20,,,,40.84,Edelweiss Balanced Advantage Fund
2022-12-21,,,,40.51,Edelweiss Balanced Advantage Fund
2022-12-22,,,,40.36,Edelweiss Balanced Advantage Fund
2022-12-23,,,,39.81,Edelweiss Balanced Advantage Fund
2022-12-26,,,,40.24,Edelweiss Balanced Advantage Fund
2022-12-27,,,,40.4,Edelweiss Balanced Advantage Fund
2022-12-28,,,,40.4,Edelweiss Balanced Advantage Fund
2022-12-29,,,,40.51,Edelweiss Balanced Advantage Fund
2022-12-30,,,,40.44,Edelweiss Balanced Advantage Fund
2023-01-02,,,,40.6,Edelweiss Balanced Advantage Fund
2023-01-03,,,,40.65,Edelweiss Balanced Advantage Fund
2023-01-04,,,,40.42,Edelweiss Balanced Advantage Fund
2023-01-05,,,,40.37,Edelweiss Balanced Advantage Fund
2023-01-06,,,,40.19,Edelweiss Balanced Advantage Fund
2023-01-09,,,,40.46,Edelweiss Balanced Advantage Fund
2023-01-10,,,,40.27,Edelweiss Balanced Advantage Fund
2023-01-11,,,,40.27,Edelweiss Balanced Advantage Fund
2023-01-12,,,,40.22,Edelweiss Balanced Advantage Fund
2023-01-13,,,,40.29,Edelweiss Balanced Advantage Fund
2023-01-16,,,,40.21,Edelweiss Balanced Advantage Fund
2023-01-17,,,,40.31,Edelweiss Balanced Advantage Fund
2023-01-18,,,,40.41,Edelweiss Balanced Advantage Fund
2023-01-19,,,,40.44,Edelweiss Balanced Advantage Fund
2023-01-20,,,,40.31,Edelweiss Balanced Advantage Fund
2023-01-23,,,,40.42,Edelweiss Balanced Advantage Fund
2023-01-24,,,,40.4,Edelweiss Balanced Advantage Fund
2023-01-25,,,,40.11,Edelweiss Balanced Advantage Fund
2023-01-27,,,,39.81,Edelweiss Balanced Advantage Fund
2023-01-30,,,,39.81,Edelweiss Balanced Advantage Fund
2023-01-31,,,,39.96,Edelweiss Balanced Advantage Fund
2023-02-01,,,,39.98,Edelweiss Balanced Advantage Fund
2023-02-02,,,,40.11,Edelweiss Balanced Advantage Fund
2023-02-03,,,,40.36,Edelweiss Balanced Advantage Fund
2023-02-06,,,,40.35,Edelweiss Balanced Advantage Fund
2023-02-07,,,,40.24,Edelweiss Balanced Advantage Fund
2023-02-08,,,,40.39,Edelweiss Balanced Advantage Fund
2023-02-09,,,,40.44,Edelweiss Balanced Advantage Fund
2023-02-10,,,,40.43,Edelweiss Balanced Advantage Fund
2023-02-13,,,,40.26,Edelweiss Balanced Advantage Fund
2023-02-14,,,,40.41,Edelweiss Balanced Advantage Fund
2023-02-15,,,,40.55,Edelweiss Balanced Advantage Fund
2023-02-16,,,,40.63,Edelweiss Balanced Advantage Fund
2023-02-17,,,,40.54,Edelweiss Balanced Advantage Fund
2023-02-20,,,,40.48,Edelweiss Balanced Advantage Fund
2023-02-21,,,,40.45,Edelweiss Balanced Advantage Fund
2023-02-22,,,,40.18,Edelweiss Balanced Advantage Fund
2023-02-23,,,,40.2,Edelweiss Balanced Advantage Fund
2023-02-24,,,,40.14,Edelweiss Balanced Advantage Fund
2023-02-27,,,,40.04,Edelweiss Balanced Advantage Fund
2023-02-28,,,,39.93,Edelweiss Balanced Advantage Fund
2023-03-01,,,,40.14,Edelweiss Balanced Advantage Fund
2023-03-02,,,,40.02,Edelweiss Balanced Advantage Fund
2023-03-03,,,,40.26,Edelweiss Balanced Advantage Fund
2023-03-06,,,,40.38,Edelweiss Balanced Advantage Fund
2023-03-08,,,,40.46,Edelweiss Balanced Advantage Fund
2023-03-09,,,,40.28,Edelweiss Balanced Advantage Fund
2023-03-10,,,,40.11,Edelweiss Balanced Advantage Fund
2023-03-13,,,,39.78,Edelweiss Balanced Advantage Fund
2023-03-14,,,,39.67,Edelweiss Balanced Advantage Fund
2023-03-15,,,,39.6,Edelweiss Balanced Advantage Fund
2023-03-16,,,,39.59,Edelweiss Balanced Advantage Fund
2023-03-17,,,,39.68,Edelweiss Balanced Advantage Fund
2023-03-20,,,,39.56,Edelweiss Balanced Advantage Fund
2023-03-21,,,,39.69,Edelweiss Balanced Advantage Fund
2023-03-22,,,,39.76,Edelweiss Balanced Advantage Fund
2023-03-23,,,,39.71,Edelweiss Balanced Advantage Fund
2023-03-24,,,,39.53,Edelweiss Balanced Advantage Fund
2023-03-27,,,,39.5,Edelweiss Balanced Advantage Fund
2023-03-28,,,,39.5,Edelweiss Balanced Advantage Fund
2023-03-29,,,,39.71,Edelweiss Balanced Advantage Fund
2023-03-31,,,,40.02,Edelweiss Balanced Advantage Fund
2023-04-03,,,,40.08,Edelweiss Balanced Advantage Fund
2023-04-05,,,,40.2,Edelweiss Balanced Advantage Fund
2023-04-06,,,,40.27,Edelweiss Balanced Advantage Fund
2023-04-10,,,,40.29,Edelweiss Balanced Advantage Fund
2023-04-11,,,,40.39,Edelweiss Balanced Advantage Fund
2023-04-12,,,,40.49,Edelweiss Balanced Advantage Fund
2023-04-13,,,,40.49,Edelweiss Balanced Advantage Fund
2023-04-17,,,,40.45,Edelweiss Balanced Advantage Fund
2023-04-18,,,,40.41,Edelweiss Balanced Advantage Fund
2023-04-19,,,,40.38,Edelweiss Balanced Advantage Fund
2023-04-20,,,,40.34,Edelweiss Balanced Advantage Fund
2023-04-21,,,,40.31,Edelweiss Balanced Advantage Fund
2023-04-24,,,,40.46,Edelweiss Balanced Advantage Fund
2023-04-25,,,,40.52,Edelweiss Balanced Advantage Fund
2023-04-26,,,,40.59,Edelweiss Balanced Advantage Fund
2023-04-27,,,,40.73,Edelweiss Balanced Advantage Fund
2023-04-28,,,,40.94,Edelweiss Balanced Advantage Fund
2023-05-02,,,,41.08,Edelweiss Balanced Advantage Fund
2023-05-03,,,,41.08,Edelweiss Balanced Advantage Fund
2023-05-04,,,,41.29,Edelweiss Balanced Advantage Fund
2023-05-05,,,,41.08,Edelweiss Balanced Advantage Fund
2023-05-08,,,,41.34,Edelweiss Balanced Advantage Fund
2023-05-09,,,,41.33,Edelweiss Balanced Advantage Fund
2023-05-10,,,,41.38,Edelweiss Balanced Advantage Fund
2023-05-11,,,,41.37,Edelweiss Balanced Advantage Fund
2023-05-12,,,,41.43,Edelweiss Balanced Advantage Fund
2023-05-15,,,,41.58,Edelweiss Balanced Advantage Fund
2023-05-16,,,,41.55,Edelweiss Balanced Advantage Fund
2023-05-17,,,,41.53,Edelweiss Balanced Advantage Fund
2023-05-18,,,,41.44,Edelweiss Balanced Advantage Fund
2023-05-19,,,,41.56,Edelweiss Balanced Advantage Fund
2023-05-22,,,,41.68,Edelweiss Balanced Advantage Fund
2023-05-23,,,,41.72,Edelweiss Balanced Advantage Fund
2023-05-24,,,,41.72,Edelweiss Balanced Advantage Fund
2023-05-25,,,,41.77,Edelweiss Balanced Advantage Fund
2023-05-26,,,,42.0,Edelweiss Balanced Advantage Fund
2023-05-29,,,,42.14,Edelweiss Balanced Advantage Fund
2023-05-30,,,,42.22,Edelweiss Balanced Advantage Fund
2023-05-31,,,,42.22,Edelweiss Balanced Advantage Fund
2023-06-01,,,,42.17,Edelweiss Balanced Advantage Fund
2023-06-02,,,,42.26,Edelweiss Balanced Advantage Fund
2023-06-05,,,,42.36,Edelweiss Balanced Advantage Fund
2023-06-06,,,,42.39,Edelweiss Balanced Advantage Fund
2023-06-07,,,,42.67,Edelweiss Balanced Advantage Fund
2023-06-08,,,,42.51,Edelweiss Balanced Advantage Fund
2023-06-09,,,,42.45,Edelweiss Balanced Advantage Fund
2023-06-12,,,,42.54,Edelweiss Balanced Advantage Fund
2023-06-13,,,,42.73,Edelweiss Balanced Advantage Fund
2023-06-14,,,,42.74,Edelweiss Balanced Advantage Fund
2023-06-15,,,,42.69,Edelweiss Balanced Advantage Fund
2023-06-16,,,,42.93,Edelweiss Balanced Advantage Fund
2023-06-19,,,,42.88,Edelweiss Balanced Advantage Fund
2023-06-20,,,,42.94,Edelweiss Balanced Advantage Fund
2023-06-21,,,,42.97,Edelweiss Balanced Advantage Fund
2023-06-22,,,,42.8,Edelweiss Balanced Advantage Fund
2023-06-23,,,,42.7,Edelweiss Balanced Advantage Fund
2023-06-26,,,,42.77,Edelweiss Balanced Advantage Fund
2023-06-27,,,,42.94,Edelweiss Balanced Advantage Fund
2023-06-28,,,,43.11,Edelweiss Balanced Advantage Fund
2023-06-30,,,,43.34,Edelweiss Balanced Advantage Fund
2023-07-03,,,,43.48,Edelweiss Balanced Advantage Fund
2023-07-04,,,,43.52,Edelweiss Balanced Advantage Fund
2023-07-05,,,,43.61,Edelweiss Balanced Advantage Fund
2023-07-06,,,,43.77,Edelweiss Balanced Advantage Fund
2023-07-07,,,,43.55,Edelweiss Balanced Advantage Fund
2023-07-10,,,,43.55,Edelweiss Balanced Advantage Fund
2023-07-11,,,,43.73,Edelweiss Balanced Advantage Fund
2023-07-12,,,,43.75,Edelweiss Balanced Advantage Fund
2023-07-13,,,,43.77,Edelweiss Balanced Advantage Fund
2023-07-14,,,,43.99,Edelweiss Balanced Advantage Fund
2023-07-17,,,,44.21,Edelweiss Balanced Advantage Fund
2023-07-18,,,,44.24,Edelweiss Balanced Advantage Fund
2023-07-19,,,,44.43,Edelweiss Balanced Advantage Fund
2023-07-20,,,,44.63,Edelweiss Balanced Advantage Fund
2023-07-21,,,,44.32,Edelweiss Balanced Advantage Fund
2023-07-24,,,,44.25,Edelweiss Balanced Advantage Fund
2023-07-25,,,,44.22,Edelweiss Balanced Advantage Fund
2023-07-26,,,,44.34,Edelweiss Balanced Advantage Fund
2023-07-27,,,,44.2,Edelweiss Balanced Advantage Fund
2023-07-28,,,,44.31,Edelweiss Balanced Advantage Fund
2023-07-31,,,,44.51,Edelweiss Balanced Advantage Fund
2023-08-01,,,,44.53,Edelweiss Balanced Advantage Fund
2023-08-02,,,,44.2,Edelweiss Balanced Advantage Fund
2023-08-03,,,,44.01,Edelweiss Balanced Advantage Fund
2023-08-04,,,,44.2,Edelweiss Balanced Advantage Fund
2023-08-07,,,,44.33,Edelweiss Balanced Advantage Fund
2023-08-08,,,,44.35,Edelweiss Balanced Advantage Fund
2023-08-09,,,,44.43,Edelweiss Balanced Advantage Fund
2023-08-10,,,,44.33,Edelweiss Balanced Advantage Fund
2023-08-11,,,,44.18,Edelweiss Balanced Advantage Fund
2023-08-14,,,,44.13,Edelweiss Balanced Advantage Fund
2023-08-16,,,,44.18,Edelweiss Balanced Advantage Fund
2023-08-17,,,,44.11,Edelweiss Balanced Advantage Fund
2023-08-18,,,,44.03,Edelweiss Balanced Advantage Fund
2023-08-21,,,,44.17,Edelweiss Balanced Advantage Fund
2023-08-22,,,,44.26,Edelweiss Balanced Advantage Fund
2023-08-23,,,,44.36,Edelweiss Balanced Advantage Fund
2023-08-24,,,,44.34,Edelweiss Balanced Advantage Fund
2023-08-25,,,,44.17,Edelweiss Balanced Advantage Fund
2023-08-28,,,,44.23,Edelweiss Balanced Advantage Fund
2023-08-29,,,,44.27,Edelweiss Balanced Advantage Fund
2023-08-30,,,,44.35,Edelweiss Balanced Advantage Fund
2023-08-31,,,,44.28,Edelweiss Balanced Advantage Fund
2023-09-01,,,,44.55,Edelweiss Balanced Advantage Fund
2023-09-04,,,,44.74,Edelweiss Balanced Advantage Fund
2023-09-05,,,,44.86,Edelweiss Balanced Advantage Fund
2023-09-06,,,,44.91,Edelweiss Balanced Advantage Fund
2023-09-07,,,,45.03,Edelweiss Balanced Advantage Fund
2023-09-08,,,,45.17,Edelweiss Balanced Advantage Fund
2023-09-11,,,,45.39,Edelweiss Balanced Advantage Fund
2023-09-12,,,,45.1,Edelweiss Balanced Advantage Fund
2023-09-13,,,,45.23,Edelweiss Balanced Advantage Fund
2023-09-14,,,,45.37,Edelweiss Balanced Advantage Fund
2023-09-15,,,,45.44,Edelweiss Balanced Advantage Fund
2023-09-18,,,,45.34,Edelweiss Balanced Advantage Fund
2023-09-20,,,,45.03,Edelweiss Balanced Advantage Fund
2023-09-21,,,,44.74,Edelweiss Balanced Advantage Fund
2023-09-22,,,,44.67,Edelweiss Balanced Advantage Fund
2023-09-25,,,,44.72,Edelweiss Balanced Advantage Fund
2023-09-26,,,,44.72,Edelweiss Balanced Advantage Fund
2023-09-27,,,,44.84,Edelweiss Balanced Advantage Fund
2023-09-29,,,,44.77,Edelweiss Balanced Advantage Fund
2023-10-03,,,,44.75,Edelweiss Balanced Advantage Fund
2023-10-04,,,,44.5,Edelweiss Balanced Advantage Fund
2023-10-05,,,,44.63,Edelweiss Balanced Advantage Fund
2023-10-06,,,,44.78,Edelweiss Balanced Advantage Fund
2023-10-09,,,,44.55,Edelweiss Balanced Advantage Fund
2023-10-10,,,,44.81,Edelweiss Balanced Advantage Fund
2023-10-11,,,,44.97,Edelweiss Balanced Advantage Fund
2023-10-12,,,,45.01,Edelweiss Balanced Advantage Fund
2023-10-13,,,,45.0,Edelweiss Balanced Advantage Fund
2023-10-16,,,,45.0,Edelweiss Balanced Advantage Fund
2023-10-17,,,,45.11,Edelweiss Balanced Advantage Fund
2023-10-18,,,,44.87,Edelweiss Balanced Advantage Fund
2023-10-19,,,,44.82,Edelweiss Balanced Advantage Fund
2023-10-20,,,,44.7,Edelweiss Balanced Advantage Fund
2023-10-23,,,,44.34,Edelweiss Balanced Advantage Fund
2023-10-25,,,,44.18,Edelweiss Balanced Advantage Fund
2023-10-26,,,,43.97,Edelweiss Balanced Advantage Fund
2023-10-27,,,,44.26,Edelweiss Balanced Advantage Fund
2023-10-30,,,,44.3,Edelweiss Balanced Advantage Fund
2023-10-31,,,,44.26,Edelweiss Balanced Advantage Fund
2023-11-01,,,,44.24,Edelweiss Balanced Advantage Fund
2023-11-02,,,,44.44,Edelweiss Balanced Advantage Fund
2023-11-03,,,,44.6,Edelweiss Balanced Advantage Fund
2023-11-06,,,,44.81,Edelweiss Balanced Advantage Fund
2023-11-07,,,,44.91,Edelweiss Balanced Advantage Fund
2023-11-08,,,,45.03,Edelweiss Balanced Advantage Fund
2023-11-09,,,,44.97,Edelweiss Balanced Advantage Fund
2023-11-10,,,,45.03,Edelweiss Balanced Advantage Fund
2023-11-13,,,,45.16,Edelweiss Balanced Advantage Fund
2023-11-15,,,,45.37,Edelweiss Balanced Advantage Fund
2023-11-16,,,,45.51,Edelweiss Balanced Advantage Fund
2023-11-17,,,,45.44,Edelweiss Balanced Advantage Fund
2023-11-20,,,,45.41,Edelweiss Balanced Advantage Fund
2023-11-21,,,,45.49,Edelweiss Balanced Advantage Fund
2023-11-22,,,,45.45,Edelweiss Balanced Advantage Fund
2023-11-23,,,,45.53,Edelweiss Balanced Advantage Fund
2023-11-24,,,,45.53,Edelweiss Balanced Advantage Fund
2023-11-28,,,,45.71,Edelweiss Balanced Advantage Fund
2023-11-29,,,,45.98,Edelweiss Balanced Advantage Fund
2023-11-30,,,,46.16,Edelweiss Balanced Advantage Fund
2023-12-01,,,,46.4,Edelweiss Balanced Advantage Fund
2023-12-04,,,,46.95,Edelweiss Balanced Advantage Fund
2023-12-05,,,,47.14,Edelweiss Balanced Advantage Fund
2023-12-06,,,,47.22,Edelweiss Balanced Advantage Fund
2023-12-07,,,,47.28,Edelweiss Balanced Advantage Fund
2023-12-08,,,,47.28,Edelweiss Balanced Advantage Fund
2023-12-11,,,,47.34,Edelweiss Balanced Advantage Fund
2023-12-12,,,,47.13,Edelweiss Balanced Advantage Fund
2023-12-13,,,,47.32,Edelweiss Balanced Advantage Fund
2023-12-14,,,,47.74,Edelweiss Balanced Advantage Fund
2023-12-15,,,,48.04,Edelweiss Balanced Advantage Fund
2023-12-18,,,,48.05,Edelweiss Balanced Advantage Fund
2023-12-19,,,,48.1,Edelweiss Balanced Advantage Fund
2023-12-20,,,,47.4,Edelweiss Balanced Advantage Fund
2023-12-21,,,,47.66,Edelweiss Balanced Advantage Fund
2023-12-22,,,,47.89,Edelweiss Balanced Advantage Fund
2023-12-26,,,,48.01,Edelweiss Balanced Advantage Fund
2023-12-27,,,,48.35,Edelweiss Balanced Advantage Fund
2023-12-28,,,,48.56,Edelweiss Balanced Advantage Fund
2023-12-29,,,,48.64,Edelweiss Balanced Advantage Fund
2024-01-01,,,,48.64,Edelweiss Balanced Advantage Fund
2024-01-02,,,,48.5,Edelweiss Balanced Advantage Fund
2024-01-03,,,,48.38,Edelweiss Balanced Advantage Fund
2024-01-04,,,,48.72,Edelweiss Balanced Advantage Fund
2024-01-05,,,,48.81,Edelweiss Balanced Advantage Fund
2024-01-08,,,,48.54,Edelweiss Balanced Advantage Fund
2024-01-09,,,,48.62,Edelweiss Balanced Advantage Fund
2024-01-10,,,,48.63,Edelweiss Balanced Advantage Fund
2024-01-11,,,,48.75,Edelweiss Balanced Advantage Fund
2024-01-12,,,,49.0,Edelweiss Balanced Advantage Fund
2024-01-15,,,,49.16,Edelweiss Balanced Advantage Fund
2024-01-16,,,,49.12,Edelweiss Balanced Advantage Fund
2024-01-17,,,,48.64,Edelweiss Balanced Advantage Fund
2024-01-18,,,,48.53,Edelweiss Balanced Advantage Fund
2024-01-19,,,,48.84,Edelweiss Balanced Advantage Fund
2024-01-23,,,,48.26,Edelweiss Balanced Advantage Fund
2024-01-24,,,,48.65,Edelweiss Balanced Advantage Fund
2024-01-25,,,,48.52,Edelweiss Balanced Advantage Fund
2024-01-29,,,,49.09,Edelweiss Balanced Advantage Fund
2024-01-30,,,,48.9,Edelweiss Balanced Advantage Fund
2024-01-31,,,,49.31,Edelweiss Balanced Advantage Fund
2024-02-01,,,,49.41,Edelweiss Balanced Advantage Fund
2024-02-02,,,,49.69,Edelweiss Balanced Advantage Fund
2024-02-05,,,,49.68,Edelweiss Balanced Advantage Fund
2024-02-06,,,,50.02,Edelweiss Balanced Advantage Fund
2024-02-07,,,,50.13,Edelweiss Balanced Advantage Fund
2024-02-08,,,,49.94,Edelweiss Balanced Advantage Fund
2024-02-09,,,,49.97,Edelweiss Balanced Advantage Fund
2024-02-12,,,,49.56,Edelweiss Balanced Advantage Fund
2024-02-13,,,,49.72,Edelweiss Balanced Advantage Fund
2024-02-14,,,,49.98,Edelweiss Balanced Advantage Fund
2024-02-15,,,,50.27,Edelweiss Balanced Advantage Fund
2024-02-16,,,,50.56,Edelweiss Balanced Advantage Fund
2024-02-19,,,,50.67,Edelweiss Balanced Advantage Fund
2024-02-20,,,,50.7,Edelweiss Balanced Advantage Fund
2024-02-21,,,,50.47,Edelweiss Balanced Advantage Fund
2024-02-22,,,,50.75,Edelweiss Balanced Advantage Fund
2024-02-23,,,,50.76,Edelweiss Balanced Advantage Fund
2024-02-26,,,,50.65,Edelweiss Balanced Advantage Fund
2024-02-27,,,,50.75,Edelweiss Balanced Advantage Fund
2024-02-28,,,,50.32,Edelweiss Balanced Advantage Fund
2024-02-29,,,,50.46,Edelweiss Balanced Advantage Fund
2024-03-01,,,,50.86,Edelweiss Balanced Advantage Fund
2024-03-04,,,,50.98,Edelweiss Balanced Advantage Fund
2024-03-05,,,,50.94,Edelweiss Balanced Advantage Fund
2024-03-06,,,,50.93,Edelweiss Balanced Advantage Fund
2024-03-07,,,,51.0,Edelweiss Balanced Advantage Fund
2024-03-11,,,,50.81,Edelweiss Balanced Advantage Fund
2024-03-12,,,,50.62,Edelweiss Balanced Advantage Fund
2024-03-13,,,,49.79,Edelweiss Balanced Advantage Fund
2024-03-14,,,,50.06,Edelweiss Balanced Advantage Fund
2024-03-15,,,,49.9,Edelweiss Balanced Advantage Fund
2024-03-18,,,,49.94,Edelweiss Balanced Advantage Fund
2024-03-19,,,,49.6,Edelweiss Balanced Advantage Fund
2024-03-20,,,,49.69,Edelweiss Balanced Advantage Fund
2024-03-21,,,,50.14,Edelweiss Balanced Advantage Fund
2024-03-22,,,,50.34,Edelweiss Balanced Advantage Fund
2024-03-26,,,,50.52,Edelweiss Balanced Advantage Fund
2024-03-27,,,,50.6,Edelweiss Balanced Advantage Fund
2024-03-28,,,,50.91,Edelweiss Balanced Advantage Fund
2024-03-31,,,,50.91,Edelweiss Balanced Advantage Fund
2024-04-01,,,,51.25,Edelweiss Balanced Advantage Fund
2024-04-02,,,,51.33,Edelweiss Balanced Advantage Fund
2024-04-03,,,,51.36,Edelweiss Balanced Advantage Fund
2024-04-04,,,,51.44,Edelweiss Balanced Advantage Fund
2024-04-05,,,,51.47,Edelweiss Balanced Advantage Fund
2024-04-08,,,,51.71,Edelweiss Balanced Advantage Fund
2024-04-09,,,,51.69,Edelweiss Balanced Advantage Fund
2024-04-10,,,,51.98,Edelweiss Balanced Advantage Fund
2024-04-12,,,,51.68,Edelweiss Balanced Advantage Fund
2024-04-15,,,,51.27,Edelweiss Balanced Advantage Fund
2024-04-16,,,,51.15,Edelweiss Balanced Advantage Fund
2024-04-18,,,,51.0,Edelweiss Balanced Advantage Fund
2024-04-19,,,,51.1,Edelweiss Balanced Advantage Fund
2024-04-22,,,,51.4,Edelweiss Balanced Advantage Fund
2024-04-23,,,,51.52,Edelweiss Balanced Advantage Fund
2024-04-24,,,,51.73,Edelweiss Balanced Advantage Fund
2024-04-25,,,,52.19,Edelweiss Balanced Advantage Fund
2024-04-26,,,,52.13,Edelweiss Balanced Advantage Fund
2024-04-29,,,,52.44,Edelweiss Balanced Advantage Fund
2024-04-30,,,,52.48,Edelweiss Balanced Advantage Fund
2024-05-02,,,,52.71,Edelweiss Balanced Advantage Fund
2024-05-03,,,,52.54,Edelweiss Balanced Advantage Fund
2024-05-06,,,,52.36,Edelweiss Balanced Advantage Fund
2024-05-07,,,,51.92,Edelweiss Balanced Advantage Fund
2024-05-08,,,,52.11,Edelweiss Balanced Advantage Fund
2024-05-09,,,,51.54,Edelweiss Balanced Advantage Fund
2024-05-10,,,,51.81,Edelweiss Balanced Advantage Fund
2024-05-13,,,,51.88,Edelweiss Balanced Advantage Fund
2024-05-14,,,,52.05,Edelweiss Balanced Advantage Fund
2024-05-15,,,,52.25,Edelweiss Balanced Advantage Fund
2024-05-16,,,,52.51,Edelweiss Balanced Advantage Fund
2024-05-17,,,,52.74,Edelweiss Balanced Advantage Fund
2024-05-21,,,,52.91,Edelweiss Balanced Advantage Fund
2024-05-22,,,,52.93,Edelweiss Balanced Advantage Fund
2024-05-23,,,,53.3,Edelweiss Balanced Advantage Fund
2024-05-24,,,,53.37,Edelweiss Balanced Advantage Fund
2024-05-27,,,,53.41,Edelweiss Balanced Advantage Fund
2024-05-28,,,,53.16,Edelweiss Balanced Advantage Fund
2024-05-29,,,,52.99,Edelweiss Balanced Advantage Fund
2024-05-30,,,,52.7,Edelweiss Balanced Advantage Fund
2024-05-31,,,,52.78,Edelweiss Balanced Advantage Fund
2024-06-03,,,,53.98,Edelweiss Balanced Advantage Fund
2024-06-04,,,,51.41,Edelweiss Balanced Advantage Fund
2024-06-05,,,,52.54,Edelweiss Balanced Advantage Fund
2024-06-06,,,,53.0,Edelweiss Balanced Advantage Fund
2024-06-07,,,,53.59,Edelweiss Balanced Advantage Fund
2024-06-10,,,,53.7,Edelweiss Balanced Advantage Fund
2024-06-11,,,,53.75,Edelweiss Balanced Advantage Fund
2024-06-12,,,,53.87,Edelweiss Balanced Advantage Fund
2024-06-13,,,,54.03,Edelweiss Balanced Advantage Fund
2024-06-14,,,,54.23,Edelweiss Balanced Advantage Fund
2024-06-18,,,,54.37,Edelweiss Balanced Advantage Fund
2024-06-19,,,,54.22,Edelweiss Balanced Advantage Fund
2024-06-20,,,,54.3,Edelweiss Balanced Advantage Fund
2024-06-21,,,,54.24,Edelweiss Balanced Advantage Fund
2024-06-24,,,,54.3,Edelweiss Balanced Advantage Fund
2024-06-25,,,,54.45,Edelweiss Balanced Advantage Fund
2024-06-26,,,,54.52,Edelweiss Balanced Advantage Fund
2024-06-27,,,,54.7,Edelweiss Balanced Advantage Fund
2024-06-28,,,,54.74,Edelweiss Balanced Advantage Fund
2024-06-30,,,,54.74,Edelweiss Balanced Advantage Fund
2024-07-01,,,,55.06,Edelweiss Balanced Advantage Fund
2024-07-02,,,,54.94,Edelweiss Balanced Advantage Fund
2024-07-03,,,,55.21,Edelweiss Balanced Advantage Fund
2024-07-04,,,,55.31,Edelweiss Balanced Advantage Fund
2024-07-05,,,,55.37,Edelweiss Balanced Advantage Fund
2024-07-08,,,,55.3,Edelweiss Balanced Advantage Fund
2024-07-09,,,,55.59,Edelweiss Balanced Advantage Fund
2024-07-10,,,,55.5,Edelweiss Balanced Advantage Fund
2024-07-11,,,,55.56,Edelweiss Balanced Advantage Fund
2024-07-12,,,,55.72,Edelweiss Balanced Advantage Fund
2024-07-15,,,,55.9,Edelweiss Balanced Advantage Fund
2024-07-16,,,,55.95,Edelweiss Balanced Advantage Fund
2024-07-18,,,,55.95,Edelweiss Balanced Advantage Fund
2024-07-19,,,,55.33,Edelweiss Balanced Advantage Fund
2024-07-22,,,,55.58,Edelweiss Balanced Advantage Fund
2024-07-23,,,,55.48,Edelweiss Balanced Advantage Fund
2024-07-24,,,,55.54,Edelweiss Balanced Advantage Fund
2024-07-25,,,,55.51,Edelweiss Balanced Advantage Fund
2024-07-26,,,,56.16,Edelweiss Balanced Advantage Fund
2024-07-29,,,,56.29,Edelweiss Balanced Advantage Fund
2024-07-30,,,,56.4,Edelweiss Balanced Advantage Fund
2024-07-31,,,,56.57,Edelweiss Balanced Advantage Fund
2024-08-01,,,,56.56,Edelweiss Balanced Advantage Fund
2024-08-02,,,,56.17,Edelweiss Balanced Advantage Fund
2024-08-05,,,,55.1,Edelweiss Balanced Advantage Fund
2024-08-06,,,,54.93,Edelweiss Balanced Advantage Fund
2024-08-07,,,,55.59,Edelweiss Balanced Advantage Fund
2024-08-08,,,,55.37,Edelweiss Balanced Advantage Fund
2024-08-09,,,,55.71,Edelweiss Balanced Advantage Fund
2024-08-12,,,,55.73,Edelweiss Balanced Advantage Fund
2024-08-13,,,,55.47,Edelweiss Balanced Advantage Fund
2024-08-14,,,,55.44,Edelweiss Balanced Advantage Fund
2024-08-16,,,,56.04,Edelweiss Balanced Advantage Fund
2024-08-19,,,,56.13,Edelweiss Balanced Advantage Fund
2024-08-20,,,,56.39,Edelweiss Balanced Advantage Fund
2024-08-21,,,,56.47,Edelweiss Balanced Advantage Fund
2024-08-22,,,,56.64,Edelweiss Balanced Advantage Fund
2024-08-23,,,,56.69,Edelweiss Balanced Advantage Fund
2024-08-26,,,,56.96,Edelweiss Balanced Advantage Fund
2024-08-27,,,,57.09,Edelweiss Balanced Advantage Fund
2024-08-28,,,,57.15,Edelweiss Balanced Advantage Fund
2024-08-29,,,,57.22,Edelweiss Balanced Advantage Fund
2024-08-30,,,,57.46,Edelweiss Balanced Advantage Fund
2024-09-02,,,,57.36,Edelweiss Balanced Advantage Fund
2024-09-03,,,,57.42,Edelweiss Balanced Advantage Fund
2024-09-04,,,,57.33,Edelweiss Balanced Advantage Fund
2024-09-05,,,,57.3,Edelweiss Balanced Advantage Fund
2024-09-06,,,,56.88,Edelweiss Balanced Advantage Fund
2024-09-09,,,,56.84,Edelweiss Balanced Advantage Fund
2024-09-10,,,,57.04,Edelweiss Balanced Advantage Fund
2024-09-11,,,,56.89,Edelweiss Balanced Advantage Fund
2024-09-12,,,,57.48,Edelweiss Balanced Advantage Fund
2024-09-13,,,,57.48,Edelweiss Balanced Advantage Fund
2024-09-16,,,,57.59,Edelweiss Balanced Advantage Fund
2024-09-17,,,,57.66,Edelweiss Balanced Advantage Fund
2024-09-18,,,,57.55,Edelweiss Balanced Advantage Fund
2024-09-19,,,,57.43,Edelweiss Balanced Advantage Fund
2024-09-20,,,,57.91,Edelweiss Balanced Advantage Fund
2024-09-23,,,,58.23,Edelweiss Balanced Advantage Fund
2024-09-24,,,,58.29,Edelweiss Balanced Advantage Fund
2024-09-25,,,,58.29,Edelweiss Balanced Advantage Fund
2024-09-26,,,,58.54,Edelweiss Balanced Advantage Fund
2024-09-27,,,,58.62,Edelweiss Balanced Advantage Fund
2024-09-30,,,,58.19,Edelweiss Balanced Advantage Fund
2024-10-01,,,,58.22,Edelweiss Balanced Advantage Fund
2024-10-03,,,,57.41,Edelweiss Balanced Advantage Fund
2024-10-04,,,,57.04,Edelweiss Balanced Advantage Fund
2024-10-07,,,,56.55,Edelweiss Balanced Advantage Fund
2024-10-08,,,,56.97,Edelweiss Balanced Advantage Fund
2024-10-09,,,,57.26,Edelweiss Balanced Advantage Fund
2024-10-10,,,,57.17,Edelweiss Balanced Advantage Fund
2024-10-11,,,,57.27,Edelweiss Balanced Advantage Fund
2024-10-14,,,,57.43,Edelweiss Balanced Advantage Fund
2024-10-15,,,,57.45,Edelweiss Balanced Advantage Fund
2024-10-16,,,,57.33,Edelweiss Balanced Advantage Fund
2024-10-17,,,,56.95,Edelweiss Balanced Advantage Fund
2024-10-18,,,,57.02,Edelweiss Balanced Advantage Fund
2024-10-21,,,,56.81,Edelweiss Balanced Advantage Fund
2024-10-22,,,,56.24,Edelweiss Balanced Advantage Fund
2024-10-23,,,,56.32,Edelweiss Balanced Advantage Fund
2024-10-24,,,,56.13,Edelweiss Balanced Advantage Fund
2024-10-25,,,,55.76,Edelweiss Balanced Advantage Fund
2024-10-28,,,,55.9,Edelweiss Balanced Advantage Fund
2024-10-29,,,,56.04,Edelweiss Balanced Advantage Fund
2024-10-30,,,,55.86,Edelweiss Balanced Advantage Fund
2024-10-31,,,,55.77,Edelweiss Balanced Advantage Fund
2024-11-04,,,,55.54,Edelweiss Balanced Advantage Fund
2024-11-05,,,,55.72,Edelweiss Balanced Advantage Fund
2024-11-06,,,,56.19,Edelweiss Balanced Advantage Fund
2024-11-07,,,,55.95,Edelweiss Balanced Advantage Fund
2024-11-08,,,,55.71,Edelweiss Balanced Advantage Fund
2024-11-11,,,,55.68,Edelweiss Balanced Advantage Fund
2024-11-12,,,,55.26,Edelweiss Balanced Advantage Fund
2024-11-13,,,,54.75,Edelweiss Balanced Advantage Fund
2024-11-14,,,,54.78,Edelweiss Balanced Advantage Fund
2024-11-18,,,,54.79,Edelweiss Balanced Advantage Fund
2024-11-19,,,,54.98,Edelweiss Balanced Advantage Fund
2024-11-21,,,,54.92,Edelweiss Balanced Advantage Fund
2024-11-22,,,,55.27,Edelweiss Balanced Advantage Fund
2024-11-25,,,,55.6,Edelweiss Balanced Advantage Fund
2024-11-26,,,,55.59,Edelweiss Balanced Advantage Fund
2024-11-27,,,,55.73,Edelweiss Balanced Advantage Fund
2024-11-28,,,,55.57,Edelweiss Balanced Advantage Fund
2024-11-29,,,,55.79,Edelweiss Balanced Advantage Fund
2024-12-02,,,,56.06,Edelweiss Balanced Advantage Fund
2024-12-03,,,,56.25,Edelweiss Balanced Advantage Fund
2024-12-04,,,,56.39,Edelweiss Balanced Advantage Fund
2024-12-05,,,,56.64,Edelweiss Balanced Advantage Fund
2024-12-06,,,,56.7,Edelweiss Balanced Advantage Fund
2024-12-09,,,,56.65,Edelweiss Balanced Advantage Fund
2024-12-10,,,,56.76,Edelweiss Balanced Advantage Fund
2024-12-11,,,,56.83,Edelweiss Balanced Advantage Fund
2024-12-12,,,,56.67,Edelweiss Balanced Advantage Fund
2024-12-13,,,,56.8,Edelweiss Balanced Advantage Fund
2024-12-16,,,,56.88,Edelweiss Balanced Advantage Fund
2024-12-17,,,,56.46,Edelweiss Balanced Advantage Fund
2024-12-18,,,,56.31,Edelweiss Balanced Advantage Fund
2024-12-19,,,,56.09,Edelweiss Balanced Advantage Fund
2024-12-20,,,,55.44,Edelweiss Balanced Advantage Fund
2024-12-23,,,,55.57,Edelweiss Balanced Advantage Fund
2024-12-24,,,,55.61,Edelweiss Balanced Advantage Fund
2024-12-26,,,,55.65,Edelweiss Balanced Advantage Fund
2024-12-27,,,,55.68,Edelweiss Balanced Advantage Fund
2024-12-30,,,,55.65,Edelweiss Balanced Advantage Fund
2024-12-31,,,,55.64,Edelweiss Balanced Advantage Fund
2025-01-01,,,,55.79,Edelweiss Balanced Advantage Fund
2025-01-02,,,,56.35,Edelweiss Balanced Advantage Fund
2025-01-03,,,,56.26,Edelweiss Balanced Advantage Fund
2025-01-06,,,,55.66,Edelweiss Balanced Advantage Fund
2025-01-07,,,,55.79,Edelweiss Balanced Advantage Fund
2025-01-08,,,,55.52,Edelweiss Balanced Advantage Fund
2025-01-09,,,,55.24,Edelweiss Balanced Advantage Fund
2025-01-10,,,,54.87,Edelweiss Balanced Advantage Fund
2025-01-13,,,,54.12,Edelweiss Balanced Advantage Fund
2025-01-14,,,,54.4,Edelweiss Balanced Advantage Fund
2025-01-15,,,,54.6,Edelweiss Balanced Advantage Fund
2025-01-16,,,,54.83,Edelweiss Balanced Advantage Fund
2025-01-17,,,,54.82,Edelweiss Balanced Advantage Fund
2025-01-20,,,,54.94,Edelweiss Balanced Advantage Fund
2025-01-21,,,,54.34,Edelweiss Balanced Advantage Fund
2025-01-22,,,,54.2,Edelweiss Balanced Advantage Fund
2025-01-23,,,,54.44,Edelweiss Balanced Advantage Fund
2025-01-24,,,,54.11,Edelweiss Balanced Advantage Fund
2025-01-27,,,,53.51,Edelweiss Balanced Advantage Fund
2025-01-28,,,,53.5,Edelweiss Balanced Advantage Fund
2025-01-29,,,,54.03,Edelweiss Balanced Advantage Fund
2025-01-30,,,,54.04,Edelweiss Balanced Advantage Fund
2025-01-31,,,,54.49,Edelweiss Balanced Advantage Fund
2025-02-03,,,,54.47,Edelweiss Balanced Advantage Fund
2025-02-04,,,,54.9,Edelweiss Balanced Advantage Fund
2025-02-05,,,,55.0,Edelweiss Balanced Advantage Fund
2025-02-06,,,,54.78,Edelweiss Balanced Advantage Fund
2025-02-07,,,,54.78,Edelweiss Balanced Advantage Fund
2025-02-10,,,,54.27,Edelweiss Balanced Advantage Fund
2025-02-11,,,,53.61,Edelweiss Balanced Advantage Fund
2025-02-12,,,,53.6,Edelweiss Balanced Advantage Fund
2025-02-13,,,,53.67,Edelweiss Balanced Advantage Fund
2025-02-14,,,,53.22,Edelweiss Balanced Advantage Fund
2025-02-17,,,,53.25,Edelweiss Balanced Advantage Fund
2025-02-18,,,,53.25,Edelweiss Balanced Advantage Fund
2025-02-19,,,,53.48,Edelweiss Balanced Advantage Fund
2025-02-20,,,,53.55,Edelweiss Balanced Advantage Fund
2025-02-21,,,,53.28,Edelweiss Balanced Advantage Fund
2025-02-24,,,,53.02,Edelweiss Balanced Advantage Fund
2025-02-25,,,,52.97,Edelweiss Balanced Advantage Fund
2025-02-27,,,,52.8,Edelweiss Balanced Advantage Fund
2025-02-28,,,,52.12,Edelweiss Balanced Advantage Fund
2025-03-03,,,,52.22,Edelweiss Balanced Advantage Fund
2025-03-04,,,,52.25,Edelweiss Balanced Advantage Fund
2025-03-05,,,,52.7,Edelweiss Balanced Advantage Fund
2025-03-06,,,,52.99,Edelweiss Balanced Advantage Fund
2025-03-07,,,,52.92,Edelweiss Balanced Advantage Fund
2025-03-10,,,,52.68,Edelweiss Balanced Advantage Fund
2025-03-11,,,,52.84,Edelweiss Balanced Advantage Fund
2025-03-12,,,,52.79,Edelweiss Balanced Advantage Fund
2025-03-13,,,,52.7,Edelweiss Balanced Advantage Fund
2025-03-17,,,,52.96,Edelweiss Balanced Advantage Fund
2025-03-18,,,,53.53,Edelweiss Balanced Advantage Fund
2025-03-19,,,,53.82,Edelweiss Balanced Advantage Fund
2025-03-20,,,,54.17,Edelweiss Balanced Advantage Fund
2025-03-21,,,,54.53,Edelweiss Balanced Advantage Fund
2025-03-24,,,,55.1,Edelweiss Balanced Advantage Fund
2025-03-25,,,,54.94,Edelweiss Balanced Advantage Fund
2025-03-26,,,,54.59,Edelweiss Balanced Advantage Fund
2025-03-27,,,,54.84,Edelweiss Balanced Advantage Fund
2025-03-28,,,,54.78,Edelweiss Balanced Advantage Fund
2025-03-31,,,,54.79,Edelweiss Balanced Advantage Fund
2025-04-01,,,,54.27,Edelweiss Balanced Advantage Fund
2025-04-02,,,,54.6,Edelweiss Balanced Advantage Fund
2025-04-03,,,,54.57,Edelweiss Balanced Advantage Fund
2025-04-04,,,,53.87,Edelweiss Balanced Advantage Fund
2025-04-07,,,,52.77,Edelweiss Balanced Advantage Fund
2025-04-08,,,,53.3,Edelweiss Balanced Advantage Fund
2025-04-09,,,,53.06,Edelweiss Balanced Advantage Fund
2025-04-11,,,,53.65,Edelweiss Balanced Advantage Fund
2025-04-15,,,,54.42,Edelweiss Balanced Advantage Fund
2025-04-16,,,,54.54,Edelweiss Balanced Advantage Fund
2025-04-17,,,,55.02,Edelweiss Balanced Advantage Fund
2025-04-21,,,,55.55,Edelweiss Balanced Advantage Fund
2025-04-22,,,,55.66,Edelweiss Balanced Advantage Fund
2025-04-23,,,,56.01,Edelweiss Balanced Advantage Fund
2025-04-24,,,,55.88,Edelweiss Balanced Advantage Fund
2025-04-25,,,,55.32,Edelweiss Balanced Advantage Fund
2025-04-28,,,,55.85,Edelweiss Balanced Advantage Fund
2025-04-29,,,,55.83,Edelweiss Balanced Advantage Fund
2025-04-30,,,,55.63,Edelweiss Balanced Advantage Fund
2025-05-02,,,,55.65,Edelweiss Balanced Advantage Fund
2025-05-05,,,,56.01,Edelweiss Balanced Advantage Fund
2025-05-06,,,,55.59,Edelweiss Balanced Advantage Fund
2025-05-07,,,,55.83,Edelweiss Balanced Advantage Fund
2025-05-08,,,,55.36,Edelweiss Balanced Advantage Fund
2025-05-09,,,,55.01,Edelweiss Balanced Advantage Fund
2025-05-12,,,,56.46,Edelweiss Balanced Advantage Fund
2025-05-13,,,,56.18,Edelweiss Balanced Advantage Fund
2025-05-14,,,,56.42,Edelweiss Balanced Advantage Fund
2025-05-15,,,,56.86,Edelweiss Balanced Advantage Fund
2025-05-16,,,,57.03,Edelweiss Balanced Advantage Fund
2025-05-19,,,,57.0,Edelweiss Balanced Advantage Fund
2025-05-20,,,,56.48,Edelweiss Balanced Advantage Fund
2025-05-21,,,,56.8,Edelweiss Balanced Advantage Fund
2025-05-22,,,,56.57,Edelweiss Balanced Advantage Fund
2025-05-23,,,,56.83,Edelweiss Balanced Advantage Fund
2025-05-26,,,,57.0,Edelweiss Balanced Advantage Fund
2025-05-27,,,,56.86,Edelweiss Balanced Advantage Fund
2025-05-28,,,,56.85,Edelweiss Balanced Advantage Fund
2025-05-29,,,,56.98,Edelweiss Balanced Advantage Fund
2025-05-30,,,,56.84,Edelweiss Balanced Advantage Fund
2025-06-02,,,,56.89,Edelweiss Balanced Advantage Fund
2025-06-03,,,,56.66,Edelweiss Balanced Advantage Fund
2025-06-04,,,,56.74,Edelweiss Balanced Advantage Fund
2025-06-05,,,,56.98,Edelweiss Balanced Advantage Fund
2025-06-06,,,,57.48,Edelweiss Balanced Advantage Fund
2025-06-09,,,,57.84,Edelweiss Balanced Advantage Fund
2025-06-10,,,,57.83,Edelweiss Balanced Advantage Fund
2025-06-11,,,,57.77,Edelweiss Balanced Advantage Fund
2025-06-12,,,,57.22,Edelweiss Balanced Advantage Fund
2025-06-13,,,,56.94,Edelweiss Balanced Advantage Fund
2025-06-16,,,,57.31,Edelweiss Balanced Advantage Fund
2025-06-17,,,,57.14,Edelweiss Balanced Advantage Fund
2025-06-18,,,,57.03,Edelweiss Balanced Advantage Fund
2025-06-19,,,,56.68,Edelweiss Balanced Advantage Fund
2025-06-20,,,,57.27,Edelweiss Balanced Advantage Fund
2025-06-23,,,,57.15,Edelweiss Balanced Advantage Fund
2025-06-24,,,,57.35,Edelweiss Balanced Advantage Fund
2025-06-25,,,,57.71,Edelweiss Balanced Advantage Fund
2025-06-26,,,,58.11,Edelweiss Balanced Advantage Fund
2025-06-27,,,,58.35,Edelweiss Balanced Advantage Fund
2025-06-30,,,,58.36,Edelweiss Balanced Advantage Fund
2025-07-01,,,,58.33,Edelweiss Balanced Advantage Fund
2025-07-02,,,,58.24,Edelweiss Balanced Advantage Fund
2025-07-03,,,,58.14,Edelweiss Balanced Advantage Fund
2025-07-04,,,,58.27,Edelweiss Balanced Advantage Fund
2025-07-07,,,,58.23,Edelweiss Balanced Advantage Fund
2025-07-08,,,,58.21,Edelweiss Balanced Advantage Fund
2025-07-09,,,,58.13,Edelweiss Balanced Advantage Fund
2025-07-10,,,,58.02,Edelweiss Balanced Advantage Fund
2025-07-11,,,,57.65,Edelweiss Balanced Advantage Fund
2025-07-14,,,,57.7,Edelweiss Balanced Advantage Fund
2025-07-15,,,,57.94,Edelweiss Balanced Advantage Fund
2025-07-16,,,,58.0,Edelweiss Balanced Advantage Fund
2025-07-17,,,,57.94,Edelweiss Balanced Advantage Fund
2025-07-18,,,,57.69,Edelweiss Balanced Advantage Fund
2025-07-21,,,,57.83,Edelweiss Balanced Advantage Fund
2025-07-22,,,,57.66,Edelweiss Balanced Advantage Fund
2025-07-23,,,,57.88,Edelweiss Balanced Advantage Fund
2025-07-24,,,,57.7,Edelweiss Balanced Advantage Fund
2025-07-25,,,,57.29,Edelweiss Balanced Advantage Fund
2025-07-28,,,,56.98,Edelweiss Balanced Advantage Fund
2025-07-29,,,,57.3,Edelweiss Balanced Advantage Fund
2025-07-30,,,,57.43,Edelweiss Balanced Advantage Fund
2025-07-31,,,,57.22,Edelweiss Balanced Advantage Fund
2025-08-01,,,,56.79,Edelweiss Balanced Advantage Fund
2025-08-04,,,,57.12,Edelweiss Balanced Advantage Fund
2025-08-05,,,,57.03,Edelweiss Balanced Advantage Fund
2025-08-06,,,,56.76,Edelweiss Balanced Advantage Fund
2025-08-07,,,,56.87,Edelweiss Balanced Advantage Fund
2025-08-08,,,,56.48,Edelweiss Balanced Advantage Fund
2025-08-11,,,,56.8,Edelweiss Balanced Advantage Fund
2025-08-12,,,,56.8,Edelweiss Balanced Advantage Fund
2025-08-13,,,,57.05,Edelweiss Balanced Advantage Fund
2025-08-14,,,,57.09,Edelweiss Balanced Advantage Fund
2025-08-18,,,,57.42,Edelweiss Balanced Advantage Fund
2025-08-19,,,,57.6,Edelweiss Balanced Advantage Fund
2025-08-20,,,,57.73,Edelweiss Balanced Advantage Fund
2025-08-21,,,,57.73,Edelweiss Balanced Advantage Fund
2025-08-22,,,,57.6,Edelweiss Balanced Advantage Fund
2025-08-25,,,,57.68,Edelweiss Balanced Advantage Fund
2025-08-26,,,,57.29,Edelweiss Balanced Advantage Fund
2025-08-28,,,,56.9,Edelweiss Balanced Advantage Fund
2025-08-29,,,,56.86,Edelweiss Balanced Advantage Fund
2025-09-01,,,,57.31,Edelweiss Balanced Advantage Fund
2025-09-02,,,,57.29,Edelweiss Balanced Advantage Fund
2025-09-03,,,,57.53,Edelweiss Balanced Advantage Fund
2025-09-04,,,,57.45,Edelweiss Balanced Advantage Fund
2025-09-05,,,,57.44,Edelweiss Balanced Advantage Fund
2025-09-08,,,,57.51,Edelweiss Balanced Advantage Fund
2025-09-09,,,,57.64,Edelweiss Balanced Advantage Fund
2025-09-10,,,,57.82,Edelweiss Balanced Advantage Fund
2025-09-11,,,,57.89,Edelweiss Balanced Advantage Fund
2025-09-12,,,,58.06,Edelweiss Balanced Advantage Fund
2025-09-15,,,,58.07,Edelweiss Balanced Advantage Fund
2025-09-16,,,,58.31,Edelweiss Balanced Advantage Fund
2025-09-17,,,,58.47,Edelweiss Balanced Advantage Fund
2025-09-18,,,,58.56,Edelweiss Balanced Advantage Fund
2025-09-19,,,,58.54,Edelweiss Balanced Advantage Fund
2025-09-22,,,,58.34,Edelweiss Balanced Advantage Fund
2025-09-23,,,,58.26,Edelweiss Balanced Advantage Fund
2025-09-24,,,,58.22,Edelweiss Balanced Advantage Fund
2025-09-25,,,,58.03,Edelweiss Balanced Advantage Fund
2025-09-26,,,,57.64,Edelweiss Balanced Advantage Fund
2025-09-30,,,,57.68,Edelweiss Balanced Advantage Fund
2025-10-01,,,,57.97,Edelweiss Balanced Advantage Fund
2025-10-03,,,,58.18,Edelweiss Balanced Advantage Fund
2025-10-06,,,,58.41,Edelweiss Balanced Advantage Fund
2025-10-07,,,,58.46,Edelweiss Balanced Advantage Fund
2025-10-08,,,,58.34,Edelweiss Balanced Advantage Fund
2025-10-09,,,,58.54,Edelweiss Balanced Advantage Fund
2025-10-10,,,,58.63,Edelweiss Balanced Advantage Fund
2025-10-13,,,,58.64,Edelweiss Balanced Advantage Fund
2025-10-14,,,,58.54,Edelweiss Balanced Advantage Fund
2025-10-15,,,,58.9,Edelweiss Balanced Advantage Fund
2025-10-16,,,,59.14,Edelweiss Balanced Advantage Fund
2025-10-17,,,,59.25,Edelweiss Balanced Advantage Fund
2025-10-20,,,,59.49,Edelweiss Balanced Advantage Fund
2025-10-23,,,,59.44,Edelweiss Balanced Advantage Fund
2025-10-24,,,,59.36,Edelweiss Balanced Advantage Fund
2025-10-27,,,,59.68,Edelweiss Balanced Advantage Fund
2025-10-28,,,,59.63,Edelweiss Balanced Advantage Fund
2025-10-29,,,,59.86,Edelweiss Balanced Advantage Fund
2025-10-30,,,,59.57,Edelweiss Balanced Advantage Fund
2025-10-31,,,,59.33,Edelweiss Balanced Advantage Fund
2025-11-03,,,,59.53,Edelweiss Balanced Advantage Fund
2025-11-04,,,,59.26,Edelweiss Balanced Advantage Fund
2025-11-06,,,,58.94,Edelweiss Balanced Advantage Fund
2025-11-07,,,,58.97,Edelweiss Balanced Advantage Fund
2025-11-10,,,,59.18,Edelweiss Balanced Advantage Fund
2025-11-11,,,,59.31,Edelweiss Balanced Advantage Fund
2025-11-12,,,,59.57,Edelweiss Balanced Advantage Fund
2025-11-13,,,,59.58,Edelweiss Balanced Advantage Fund
2025-11-14,,,,59.6,Edelweiss Balanced Advantage Fund
2025-11-17,,,,59.9,Edelweiss Balanced Advantage Fund
2025-11-18,,,,59.69,Edelweiss Balanced Advantage Fund
2025-11-19,,,,59.9,Edelweiss Balanced Advantage Fund
2025-11-20,,,,60.07,Edelweiss Balanced Advantage Fund
2025-11-21,,,,59.72,Edelweiss Balanced Advantage Fund
2025-11-24,,,,59.52,Edelweiss Balanced Advantage Fund
2025-11-25,,,,59.58,Edelweiss Balanced Advantage Fund
2025-11-26,,,,60.18,Edelweiss Balanced Advantage Fund
2025-11-27,,,,60.16,Edelweiss Balanced Advantage Fund
2025-11-28,,,,60.08,Edelweiss Balanced Advantage Fund
2025-12-01,,,,60.14,Edelweiss Balanced Advantage Fund
2025-12-02,,,,59.99,Edelweiss Balanced Advantage Fund
2025-12-03,,,,59.7,Edelweiss Balanced Advantage Fund
2025-12-04,,,,59.71,Edelweiss Balanced Advantage Fund
2025-12-05,,,,59.95,Edelweiss Balanced Advantage Fund
2025-12-08,,,,59.35,Edelweiss Balanced Advantage Fund
2025-12-09,,,,59.34,Edelweiss Balanced Advantage Fund
2025-12-10,,,,59.16,Edelweiss Balanced Advantage Fund
2025-12-11,,,,59.42,Edelweiss Balanced Advantage Fund
2025-12-12,,,,59.79,Edelweiss Balanced Advantage Fund
2025-12-15,,,,59.8,Edelweiss Balanced Advantage Fund
2025-12-16,,,,59.55,Edelweiss Balanced Advantage Fund
2025-12-17,,,,59.45,Edelweiss Balanced Advantage Fund
2025-12-18,,,,59.42,Edelweiss Balanced Advantage Fund
2025-12-19,,,,59.79,Edelweiss Balanced Advantage Fund
2025-12-22,,,,60.19,Edelweiss Balanced Advantage Fund
2025-12-23,,,,60.23,Edelweiss Balanced Advantage Fund
2025-12-24,,,,60.17,Edelweiss Balanced Advantage Fund
2025-12-26,,,,60.01,Edelweiss Balanced Advantage Fund
2025-12-29,,,,59.76,Edelweiss Balanced Advantage Fund
2025-12-30,,,,59.83,Edelweiss Balanced Advantage Fund
2025-12-31,,,,60.24,Edelweiss Balanced Advantage Fund
2026-01-01,,,,60.39,Edelweiss Balanced Advantage Fund
2026-01-02,,,,60.76,Edelweiss Balanced Advantage Fund
2026-01-05,,,,60.62,Edelweiss Balanced Advantage Fund
2026-01-06,,,,60.65,Edelweiss Balanced Advantage Fund
2026-01-07,,,,60.68,Edelweiss Balanced Advantage Fund
2026-01-08,,,,60.04,Edelweiss Balanced Advantage Fund
2026-01-09,,,,59.57,Edelweiss Balanced Advantage Fund
2026-01-12,,,,59.7,Edelweiss Balanced Advantage Fund
2026-01-13,,,,59.66,Edelweiss Balanced Advantage Fund
2026-01-14,,,,59.7,Edelweiss Balanced Advantage Fund
2026-01-16,,,,59.7,Edelweiss Balanced Advantage Fund
2026-01-19,,,,59.6,Edelweiss Balanced Advantage Fund
2026-01-20,,,,58.81,Edelweiss Balanced Advantage Fund
2026-01-21,,,,58.61,Edelweiss Balanced Advantage Fund
2026-01-22,,,,58.9,Edelweiss Balanced Advantage Fund
2026-01-23,,,,58.56,Edelweiss Balanced Advantage Fund
2026-01-27,,,,58.73,Edelweiss Balanced Advantage Fund
2026-01-28,,,,59.17,Edelweiss Balanced Advantage Fund
2026-01-29,,,,59.26,Edelweiss Balanced Advantage Fund
2026-01-30,,,,59.14,Edelweiss Balanced Advantage Fund
2026-02-02,,,,58.72,Edelweiss Balanced Advantage Fund
2026-02-03,,,,59.66,Edelweiss Balanced Advantage Fund
2026-02-04,,,,59.9,Edelweiss Balanced Advantage Fund
2026-02-05,,,,59.68,Edelweiss Balanced Advantage Fund
2026-02-06,,,,59.76,Edelweiss Balanced Advantage Fund
2026-02-09,,,,60.2,Edelweiss Balanced Advantage Fund
2026-02-10,,,,60.29,Edelweiss Balanced Advantage Fund
2026-02-11,,,,60.42,Edelweiss Balanced Advantage Fund
2026-02-12,,,,60.32,Edelweiss Balanced Advantage Fund
2026-02-13,,,,59.74,Edelweiss Balanced Advantage Fund
2026-02-16,,,,59.96,Edelweiss Balanced Advantage Fund
2026-02-17,,,,60.12,Edelweiss Balanced Advantage Fund
2026-02-18,,,,60.35,Edelweiss Balanced Advantage Fund
2026-02-19,,,,59.84,Edelweiss Balanced Advantage Fund
2026-02-20,,,,59.99,Edelweiss Balanced Advantage Fund
2026-02-23,,,,60.01,Edelweiss Balanced Advantage Fund
2026-02-24,,,,59.74,Edelweiss Balanced Advantage Fund
2026-02-25,,,,59.94,Edelweiss Balanced Advantage Fund
2026-02-26,,,,60.05,Edelweiss Balanced Advantage Fund
2026-02-27,,,,59.61,Edelweiss Balanced Advantage Fund
2026-03-02,,,,59.14,Edelweiss Balanced Advantage Fund
2026-03-04,,,,58.46,Edelweiss Balanced Advantage Fund
2026-03-05,,,,58.93,Edelweiss Balanced Advantage Fund
2026-03-06,,,,58.59,Edelweiss Balanced Advantage Fund
2026-03-09,,,,57.84,Edelweiss Balanced Advantage Fund
2026-03-10,,,,58.34,Edelweiss Balanced Advantage Fund
2026-03-11,,,,57.82,Edelweiss Balanced Advantage Fund
2026-03-12,,,,57.48,Edelweiss Balanced Advantage Fund
2026-03-13,,,,56.66,Edelweiss Balanced Advantage Fund
2026-03-16,,,,56.85,Edelweiss Balanced Advantage Fund
2026-03-17,,,,57.18,Edelweiss Balanced Advantage Fund
2026-03-18,,,,57.67,Edelweiss Balanced Advantage Fund
2026-03-19,,,,56.56,Edelweiss Balanced Advantage Fund
2026-03-20,,,,56.79,Edelweiss Balanced Advantage Fund
2026-03-23,,,,55.82,Edelweiss Balanced Advantage Fund
2026-03-24,,,,56.57,Edelweiss Balanced Advantage Fund
2026-03-25,,,,57.32,Edelweiss Balanced Advantage Fund
2026-03-27,,,,56.64,Edelweiss Balanced Advantage Fund
2026-03-30,,,,55.89,Edelweiss Balanced Advantage Fund
2026-03-31,,,,55.9,Edelweiss Balanced Advantage Fund
2026-04-01,,,,56.53,Edelweiss Balanced Advantage Fund
2026-04-02,,,,56.52,Edelweiss Balanced Advantage Fund
2026-04-06,,,,56.93,Edelweiss Balanced Advantage Fund
2026-04-07,,,,57.12,Edelweiss Balanced Advantage Fund
2026-04-08,,,,58.52,Edelweiss Balanced Advantage Fund
2026-04-09,,,,58.39,Edelweiss Balanced Advantage Fund
2026-04-10,,,,58.89,Edelweiss Balanced Advantage Fund
2026-04-13,,,,58.58,Edelweiss Balanced Advantage Fund
2026-04-15,,,,59.19,Edelweiss Balanced Advantage Fund
2026-04-16,,,,59.23,Edelweiss Balanced Advantage Fund
2026-04-17,,,,59.56,Edelweiss Balanced Advantage Fund
2026-04-20,,,,59.59,Edelweiss Balanced Advantage Fund
2026-04-21,,,,59.85,Edelweiss Balanced Advantage Fund
2026-04-22,,,,59.6,Edelweiss Balanced Advantage Fund
2026-04-23,,,,59.24,Edelweiss Balanced Advantage Fund
2026-04-24,,,,58.78,Edelweiss Balanced Advantage Fund
2026-04-27,,,,59.24,Edelweiss Balanced Advantage Fund
2026-04-28,,,,59.16,Edelweiss Balanced Advantage Fund
2026-04-29,,,,59.41,Edelweiss Balanced Advantage Fund
2026-04-30,,,,59.05,Edelweiss Balanced Advantage Fund
2026-05-04,,,,59.2,Edelweiss Balanced Advantage Fund
2026-05-05,,,,59.25,Edelweiss Balanced Advantage Fund
2026-05-06,,,,59.78,Edelweiss Balanced Advantage Fund
2026-05-07,,,,60.01,Edelweiss Balanced Advantage Fund
2026-05-08,,,,59.85,Edelweiss Balanced Advantage Fund
2026-05-11,,,,59.32,Edelweiss Balanced Advantage Fund
2026-05-12,,,,58.48,Edelweiss Balanced Advantage Fund
2026-05-13,,,,58.66,Edelweiss Balanced Advantage Fund
2026-05-14,,,,58.93,Edelweiss Balanced Advantage Fund
2026-05-15,,,,58.81,Edelweiss Balanced Advantage Fund
2026-05-18,,,,58.63,Edelweiss Balanced Advantage Fund
2026-05-19,,,,58.8,Edelweiss Balanced Advantage Fund
2026-05-20,,,,58.94,Edelweiss Balanced Advantage Fund
2026-05-21,,,,58.95,Edelweiss Balanced Advantage Fund
2026-05-22,,,,59.09,Edelweiss Balanced Advantage Fund
2026-05-25,,,,59.57,Edelweiss Balanced Advantage Fund
2026-05-26,,,,59.54,Edelweiss Balanced Advantage Fund
2026-05-27,,,,59.65,Edelweiss Balanced Advantage Fund
2026-05-29,,,,59.16,Edelweiss Balanced Advantage Fund
2026-06-01,,,,58.75,Edelweiss Balanced Advantage Fund
2026-06-02,,,,58.88,Edelweiss Balanced Advantage Fund
2026-06-03,,,,58.74,Edelweiss Balanced Advantage Fund
2026-06-04,,,,58.81,Edelweiss Balanced Advantage Fund
2026-06-05,,,,58.8,Edelweiss Balanced Advantage Fund
2026-06-08,,,,58.32,Edelweiss Balanced Advantage Fund
2026-06-09,,,,58.69,Edelweiss Balanced Advantage Fund
2026-06-10,,,,58.42,Edelweiss Balanced Advantage Fund
2026-06-11,,,,58.19,Edelweiss Balanced Advantage Fund
2026-06-12,,,,58.95,Edelweiss Balanced Advantage Fund
2026-06-15,,,,59.57,Edelweiss Balanced Advantage Fund
2026-06-16,,,,59.72,Edelweiss Balanced Advantage Fund
2026-06-17,,,,60.01,Edelweiss Balanced Advantage Fund
2026-06-18,,,,60.09,Edelweiss Balanced Advantage Fund
2026-06-19,,,,60.05,Edelweiss Balanced Advantage Fund
2026-06-22,,,,60.23,Edelweiss Balanced Advantage Fund
2026-06-23,,,,59.74,Edelweiss Balanced Advantage Fund
2026-06-24,,,,60.01,Edelweiss Balanced Advantage Fund
2026-06-25,,,,59.99,Edelweiss Balanced Advantage Fund
2026-06-29,,,,59.84,Edelweiss Balanced Advantage Fund
2026-06-30,,,,59.85,Edelweiss Balanced Advantage Fund
2026-07-01,,,,59.98,Edelweiss Balanced Advantage Fund
2026-07-02,,,,60.32,Edelweiss Balanced Advantage Fund
2026-07-03,,,,60.28,Edelweiss Balanced Advantage Fund
2026-07-06,,,,60.53,Edelweiss Balanced Advantage Fund
2026-07-07,,,,60.42,Edelweiss Balanced Advantage Fund
2026-07-08,,,,59.8,Edelweiss Balanced Advantage Fund
2026-07-09,,,,60.04,Edelweiss Balanced Advantage Fund
2026-07-10,,,,60.52,Edelweiss Balanced Advantage Fund
2026-07-13,,,,60.55,Edelweiss Balanced Advantage Fund
2026-07-14,,,,60.28,Edelweiss Balanced Advantage Fund
2026-07-15,,,,60.41,Edelweiss Balanced Advantage Fund
2026-07-16,,,,60.32,Edelweiss Balanced Advantage Fund
2026-07-17,,,,60.47,Edelweiss Balanced Advantage Fund
2026-07-20,,,,60.57,Edelweiss Balanced Advantage Fund
2026-07-21,,,,60.72,Edelweiss Balanced Advantage Fund
2026-07-22,,,,60.36,Edelweiss Balanced Advantage Fund
2026-07-23,,,,60.11,Edelweiss Balanced Advantage Fund
2026-07-24,,,,59.99,Edelweiss Balanced Advantage Fund
2026-07-27,,,,60.42,Edelweiss Balanced Advantage Fund
2026-07-28,,,,60.42,Edelweiss Balanced Advantage Fund
2026-07-29,,,,60.88,Edelweiss Balanced Advantage Fund
2026-07-30,,,,61.04,Edelweiss Balanced Advantage Fund
2026-07-31,,,,61.29,Edelweiss Balanced Advantage Fund
2026-08-03,,,,61.93,Edelweiss Balanced Advantage Fund
2026-08-04,,,,61.81,Edelweiss Balanced Advantage Fund
2026-08-05,,,,61.96,Edelweiss Balanced Advantage Fund
2026-08-06,,,,61.96,Edelweiss Balanced Advantage Fund
2026-08-07,,,,61.96,Edelweiss Balanced Advantage Fund
2026-08-10,,,,62.07,Edelweiss Balanced Advantage Fund
2026-08-11,,,,62.01,Edelweiss Balanced Advantage Fund
2026-08-12,,,,62.07,Edelweiss Balanced Advantage Fund
2026-08-13,,,,61.98,Edelweiss Balanced Advantage Fund
2026-08-14,,,,61.82,Edelweiss Balanced Advantage Fund
2026-08-17,,,,61.8,Edelweiss Balanced Advantage Fund
2026-08-18,,,,61.68,Edelweiss Balanced Advantage Fund
2026-08-19,,,,61.57,Edelweiss Balanced Advantage Fund
2026-08-20,,,,61.81,Edelweiss Balanced Advantage Fund
2026-08-21,,,,61.85,Edelweiss Balanced Advantage Fund
2026-08-24,,,,61.89,Edelweiss Balanced Advantage Fund
2026-08-25,,,,62.09,Edelweiss Balanced Advantage Fund
2026-08-26,,,,62.0,Edelweiss Balanced Advantage Fund
2026-08-27,,,,61.93,Edelweiss Balanced Advantage Fund
2026-08-28,,,,62.08,Edelweiss Balanced Advantage Fund
2026-08-31,,,,62.14,Edelweiss Balanced Advantage Fund
2026-09-01,,,,61.86,Edelweiss Balanced Advantage Fund
2026-09-02,,,,61.63,Edelweiss Balanced Advantage Fund
2026-09-03,,,,61.66,Edelweiss Balanced Advantage Fund
2026-09-04,,,,61.58,Edelweiss Balanced Advantage Fund
2026-09-07,,,,61.46,Edelweiss Balanced Advantage Fund
2026-09-08,,,,61.47,Edelweiss Balanced Advantage Fund
2026-09-09,,,,61.2,Edelweiss Balanced Advantage Fund
2026-09-10,,,,61.22,Edelweiss Balanced Advantage Fund
2026-09-11,,,,61.05,Edelweiss Balanced Advantage Fund
2026-09-15,,,,60.27,Edelweiss Balanced Advantage Fund
2026-09-16,,,,60.27,Edelweiss Balanced Advantage Fund
2026-09-17,,,,60.45,Edelweiss Balanced Advantage Fund
2026-09-18,,,,60.86,Edelweiss Balanced Advantage Fund
