Date,Open,High,Low,Close,Index
2013-01-01,,,,94.763,HDFC Balanced Advantage Fund
2013-01-02,,,,95.483,HDFC Balanced Advantage Fund
2013-01-03,,,,95.847,HDFC Balanced Advantage Fund
2013-01-04,,,,96.543,HDFC Balanced Advantage Fund
2013-01-07,,,,96.444,HDFC Balanced Advantage Fund
2013-01-08,,,,96.413,HDFC Balanced Advantage Fund
2013-01-09,,,,96.43,HDFC Balanced Advantage Fund
2013-01-10,,,,96.267,HDFC Balanced Advantage Fund
2013-01-11,,,,96.074,HDFC Balanced Advantage Fund
2013-01-14,,,,97.155,HDFC Balanced Advantage Fund
2013-01-15,,,,97.722,HDFC Balanced Advantage Fund
2013-01-16,,,,96.629,HDFC Balanced Advantage Fund
2013-01-17,,,,97.174,HDFC Balanced Advantage Fund
2013-01-18,,,,98.264,HDFC Balanced Advantage Fund
2013-01-21,,,,98.645,HDFC Balanced Advantage Fund
2013-01-22,,,,97.849,HDFC Balanced Advantage Fund
2013-01-23,,,,97.442,HDFC Balanced Advantage Fund
2013-01-24,,,,95.883,HDFC Balanced Advantage Fund
2013-01-25,,,,97.009,HDFC Balanced Advantage Fund
2013-01-28,,,,97.099,HDFC Balanced Advantage Fund
2013-01-29,,,,96.724,HDFC Balanced Advantage Fund
2013-01-30,,,,96.662,HDFC Balanced Advantage Fund
2013-01-31,,,,96.55,HDFC Balanced Advantage Fund
2013-02-01,,,,96.401,HDFC Balanced Advantage Fund
2013-02-04,,,,95.735,HDFC Balanced Advantage Fund
2013-02-05,,,,94.742,HDFC Balanced Advantage Fund
2013-02-06,,,,94.793,HDFC Balanced Advantage Fund
2013-02-07,,,,94.437,HDFC Balanced Advantage Fund
2013-02-08,,,,93.322,HDFC Balanced Advantage Fund
2013-02-11,,,,93.22,HDFC Balanced Advantage Fund
2013-02-12,,,,93.376,HDFC Balanced Advantage Fund
2013-02-13,,,,93.324,HDFC Balanced Advantage Fund
2013-02-14,,,,92.18,HDFC Balanced Advantage Fund
2013-02-15,,,,91.891,HDFC Balanced Advantage Fund
2013-02-18,,,,92.138,HDFC Balanced Advantage Fund
2013-02-19,,,,93.202,HDFC Balanced Advantage Fund
2013-02-20,,,,93.215,HDFC Balanced Advantage Fund
2013-02-21,,,,91.866,HDFC Balanced Advantage Fund
2013-02-22,,,,91.785,HDFC Balanced Advantage Fund
2013-02-25,,,,91.186,HDFC Balanced Advantage Fund
2013-02-26,,,,89.823,HDFC Balanced Advantage Fund
2013-02-27,,,,90.416,HDFC Balanced Advantage Fund
2013-02-28,,,,88.509,HDFC Balanced Advantage Fund
2013-03-01,,,,89.362,HDFC Balanced Advantage Fund
2013-03-04,,,,89.081,HDFC Balanced Advantage Fund
2013-03-05,,,,90.271,HDFC Balanced Advantage Fund
2013-03-06,,,,90.897,HDFC Balanced Advantage Fund
2013-03-07,,,,91.307,HDFC Balanced Advantage Fund
2013-03-08,,,,92.353,HDFC Balanced Advantage Fund
2013-03-11,,,,92.238,HDFC Balanced Advantage Fund
2013-03-12,,,,91.813,HDFC Balanced Advantage Fund
2013-03-13,,,,90.732,HDFC Balanced Advantage Fund
2013-03-14,,,,91.546,HDFC Balanced Advantage Fund
2013-03-15,,,,90.753,HDFC Balanced Advantage Fund
2013-03-18,,,,90.139,HDFC Balanced Advantage Fund
2013-03-19,,,,88.798,HDFC Balanced Advantage Fund
2013-03-20,,,,87.43,HDFC Balanced Advantage Fund
2013-03-21,,,,87.094,HDFC Balanced Advantage Fund
2013-03-22,,,,87.013,HDFC Balanced Advantage Fund
2013-03-25,,,,86.749,HDFC Balanced Advantage Fund
2013-03-26,,,,87.036,HDFC Balanced Advantage Fund
2013-03-28,,,,87.764,HDFC Balanced Advantage Fund
2013-04-01,,,,88.529,HDFC Balanced Advantage Fund
2013-04-02,,,,89.776,HDFC Balanced Advantage Fund
2013-04-03,,,,88.873,HDFC Balanced Advantage Fund
2013-04-04,,,,87.231,HDFC Balanced Advantage Fund
2013-04-05,,,,87.152,HDFC Balanced Advantage Fund
2013-04-08,,,,87.062,HDFC Balanced Advantage Fund
2013-04-09,,,,86.2,HDFC Balanced Advantage Fund
2013-04-10,,,,86.94,HDFC Balanced Advantage Fund
2013-04-11,,,,87.762,HDFC Balanced Advantage Fund
2013-04-12,,,,86.509,HDFC Balanced Advantage Fund
2013-04-15,,,,87.423,HDFC Balanced Advantage Fund
2013-04-16,,,,88.605,HDFC Balanced Advantage Fund
2013-04-17,,,,89.131,HDFC Balanced Advantage Fund
2013-04-18,,,,90.053,HDFC Balanced Advantage Fund
2013-04-22,,,,90.663,HDFC Balanced Advantage Fund
2013-04-23,,,,90.59,HDFC Balanced Advantage Fund
2013-04-25,,,,91.299,HDFC Balanced Advantage Fund
2013-04-26,,,,90.499,HDFC Balanced Advantage Fund
2013-04-29,,,,90.86,HDFC Balanced Advantage Fund
2013-04-30,,,,91.017,HDFC Balanced Advantage Fund
2013-05-02,,,,91.84,HDFC Balanced Advantage Fund
2013-05-03,,,,90.56,HDFC Balanced Advantage Fund
2013-05-06,,,,91.321,HDFC Balanced Advantage Fund
2013-05-07,,,,92.121,HDFC Balanced Advantage Fund
2013-05-08,,,,92.414,HDFC Balanced Advantage Fund
2013-05-09,,,,91.974,HDFC Balanced Advantage Fund
2013-05-10,,,,92.412,HDFC Balanced Advantage Fund
2013-05-13,,,,90.855,HDFC Balanced Advantage Fund
2013-05-14,,,,91.188,HDFC Balanced Advantage Fund
2013-05-15,,,,93.111,HDFC Balanced Advantage Fund
2013-05-16,,,,93.518,HDFC Balanced Advantage Fund
2013-05-17,,,,93.839,HDFC Balanced Advantage Fund
2013-05-20,,,,92.813,HDFC Balanced Advantage Fund
2013-05-21,,,,91.754,HDFC Balanced Advantage Fund
2013-05-22,,,,91.092,HDFC Balanced Advantage Fund
2013-05-23,,,,88.789,HDFC Balanced Advantage Fund
2013-05-24,,,,88.806,HDFC Balanced Advantage Fund
2013-05-27,,,,89.593,HDFC Balanced Advantage Fund
2013-05-28,,,,90.305,HDFC Balanced Advantage Fund
2013-05-29,,,,90.06,HDFC Balanced Advantage Fund
2013-05-30,,,,90.169,HDFC Balanced Advantage Fund
2013-05-31,,,,89.014,HDFC Balanced Advantage Fund
2013-06-03,,,,88.821,HDFC Balanced Advantage Fund
2013-06-04,,,,88.718,HDFC Balanced Advantage Fund
2013-06-05,,,,88.644,HDFC Balanced Advantage Fund
2013-06-06,,,,88.618,HDFC Balanced Advantage Fund
2013-06-07,,,,88.042,HDFC Balanced Advantage Fund
2013-06-10,,,,87.563,HDFC Balanced Advantage Fund
2013-06-11,,,,86.272,HDFC Balanced Advantage Fund
2013-06-12,,,,86.181,HDFC Balanced Advantage Fund
2013-06-13,,,,85.124,HDFC Balanced Advantage Fund
2013-06-14,,,,86.657,HDFC Balanced Advantage Fund
2013-06-17,,,,86.86,HDFC Balanced Advantage Fund
2013-06-18,,,,86.467,HDFC Balanced Advantage Fund
2013-06-19,,,,86.617,HDFC Balanced Advantage Fund
2013-06-20,,,,84.571,HDFC Balanced Advantage Fund
2013-06-21,,,,84.351,HDFC Balanced Advantage Fund
2013-06-24,,,,82.687,HDFC Balanced Advantage Fund
2013-06-25,,,,82.63,HDFC Balanced Advantage Fund
2013-06-26,,,,82.708,HDFC Balanced Advantage Fund
2013-06-27,,,,83.555,HDFC Balanced Advantage Fund
2013-06-28,,,,85.841,HDFC Balanced Advantage Fund
2013-07-01,,,,86.809,HDFC Balanced Advantage Fund
2013-07-02,,,,86.418,HDFC Balanced Advantage Fund
2013-07-03,,,,84.663,HDFC Balanced Advantage Fund
2013-07-04,,,,85.476,HDFC Balanced Advantage Fund
2013-07-05,,,,85.729,HDFC Balanced Advantage Fund
2013-07-08,,,,84.795,HDFC Balanced Advantage Fund
2013-07-09,,,,85.246,HDFC Balanced Advantage Fund
2013-07-10,,,,84.66,HDFC Balanced Advantage Fund
2013-07-11,,,,85.825,HDFC Balanced Advantage Fund
2013-07-12,,,,86.822,HDFC Balanced Advantage Fund
2013-07-15,,,,87.179,HDFC Balanced Advantage Fund
2013-07-16,,,,86.05,HDFC Balanced Advantage Fund
2013-07-17,,,,85.846,HDFC Balanced Advantage Fund
2013-07-18,,,,86.491,HDFC Balanced Advantage Fund
2013-07-19,,,,86.235,HDFC Balanced Advantage Fund
2013-07-22,,,,86.252,HDFC Balanced Advantage Fund
2013-07-23,,,,86.83,HDFC Balanced Advantage Fund
2013-07-24,,,,85.825,HDFC Balanced Advantage Fund
2013-07-25,,,,84.684,HDFC Balanced Advantage Fund
2013-07-26,,,,84.299,HDFC Balanced Advantage Fund
2013-07-29,,,,83.495,HDFC Balanced Advantage Fund
2013-07-30,,,,81.692,HDFC Balanced Advantage Fund
2013-07-31,,,,81.472,HDFC Balanced Advantage Fund
2013-08-01,,,,80.626,HDFC Balanced Advantage Fund
2013-08-02,,,,79.997,HDFC Balanced Advantage Fund
2013-08-05,,,,79.905,HDFC Balanced Advantage Fund
2013-08-06,,,,77.824,HDFC Balanced Advantage Fund
2013-08-07,,,,78.5,HDFC Balanced Advantage Fund
2013-08-08,,,,79.377,HDFC Balanced Advantage Fund
2013-08-12,,,,80.573,HDFC Balanced Advantage Fund
2013-08-13,,,,81.638,HDFC Balanced Advantage Fund
2013-08-14,,,,82.442,HDFC Balanced Advantage Fund
2013-08-16,,,,79.383,HDFC Balanced Advantage Fund
2013-08-19,,,,78.18,HDFC Balanced Advantage Fund
2013-08-20,,,,78.457,HDFC Balanced Advantage Fund
2013-08-21,,,,76.948,HDFC Balanced Advantage Fund
2013-08-22,,,,78.399,HDFC Balanced Advantage Fund
2013-08-23,,,,78.938,HDFC Balanced Advantage Fund
2013-08-26,,,,78.9,HDFC Balanced Advantage Fund
2013-08-27,,,,76.721,HDFC Balanced Advantage Fund
2013-08-28,,,,76.162,HDFC Balanced Advantage Fund
2013-08-29,,,,77.218,HDFC Balanced Advantage Fund
2013-08-30,,,,78.293,HDFC Balanced Advantage Fund
2013-09-02,,,,79.469,HDFC Balanced Advantage Fund
2013-09-03,,,,77.153,HDFC Balanced Advantage Fund
2013-09-04,,,,78.541,HDFC Balanced Advantage Fund
2013-09-05,,,,80.613,HDFC Balanced Advantage Fund
2013-09-06,,,,81.842,HDFC Balanced Advantage Fund
2013-09-10,,,,84.146,HDFC Balanced Advantage Fund
2013-09-11,,,,84.914,HDFC Balanced Advantage Fund
2013-09-12,,,,83.856,HDFC Balanced Advantage Fund
2013-09-13,,,,83.939,HDFC Balanced Advantage Fund
2013-09-16,,,,83.784,HDFC Balanced Advantage Fund
2013-09-17,,,,83.959,HDFC Balanced Advantage Fund
2013-09-18,,,,84.355,HDFC Balanced Advantage Fund
2013-09-19,,,,87.166,HDFC Balanced Advantage Fund
2013-09-20,,,,85.808,HDFC Balanced Advantage Fund
2013-09-23,,,,84.395,HDFC Balanced Advantage Fund
2013-09-24,,,,84.076,HDFC Balanced Advantage Fund
2013-09-25,,,,83.816,HDFC Balanced Advantage Fund
2013-09-26,,,,84.028,HDFC Balanced Advantage Fund
2013-09-27,,,,83.902,HDFC Balanced Advantage Fund
2013-09-30,,,,82.53,HDFC Balanced Advantage Fund
2013-10-01,,,,83.285,HDFC Balanced Advantage Fund
2013-10-03,,,,84.763,HDFC Balanced Advantage Fund
2013-10-04,,,,85.171,HDFC Balanced Advantage Fund
2013-10-07,,,,85.208,HDFC Balanced Advantage Fund
2013-10-08,,,,85.366,HDFC Balanced Advantage Fund
2013-10-09,,,,86.307,HDFC Balanced Advantage Fund
2013-10-10,,,,86.827,HDFC Balanced Advantage Fund
2013-10-11,,,,87.695,HDFC Balanced Advantage Fund
2013-10-14,,,,87.911,HDFC Balanced Advantage Fund
2013-10-15,,,,87.682,HDFC Balanced Advantage Fund
2013-10-17,,,,87.27,HDFC Balanced Advantage Fund
2013-10-18,,,,89.141,HDFC Balanced Advantage Fund
2013-10-21,,,,89.232,HDFC Balanced Advantage Fund
2013-10-22,,,,89.28,HDFC Balanced Advantage Fund
2013-10-23,,,,89.154,HDFC Balanced Advantage Fund
2013-10-24,,,,88.829,HDFC Balanced Advantage Fund
2013-10-25,,,,88.462,HDFC Balanced Advantage Fund
2013-10-28,,,,87.607,HDFC Balanced Advantage Fund
2013-10-29,,,,89.209,HDFC Balanced Advantage Fund
2013-10-30,,,,89.752,HDFC Balanced Advantage Fund
2013-10-31,,,,90.784,HDFC Balanced Advantage Fund
2013-11-01,,,,91.298,HDFC Balanced Advantage Fund
2013-11-05,,,,91.306,HDFC Balanced Advantage Fund
2013-11-06,,,,91.013,HDFC Balanced Advantage Fund
2013-11-07,,,,89.986,HDFC Balanced Advantage Fund
2013-11-08,,,,89.725,HDFC Balanced Advantage Fund
2013-11-11,,,,89.077,HDFC Balanced Advantage Fund
2013-11-12,,,,88.239,HDFC Balanced Advantage Fund
2013-11-13,,,,87.581,HDFC Balanced Advantage Fund
2013-11-14,,,,88.711,HDFC Balanced Advantage Fund
2013-11-18,,,,90.186,HDFC Balanced Advantage Fund
2013-11-19,,,,90.57,HDFC Balanced Advantage Fund
2013-11-20,,,,89.353,HDFC Balanced Advantage Fund
2013-11-21,,,,87.696,HDFC Balanced Advantage Fund
2013-11-22,,,,87.361,HDFC Balanced Advantage Fund
2013-11-25,,,,89.155,HDFC Balanced Advantage Fund
2013-11-26,,,,88.269,HDFC Balanced Advantage Fund
2013-11-27,,,,88.248,HDFC Balanced Advantage Fund
2013-11-28,,,,88.725,HDFC Balanced Advantage Fund
2013-11-29,,,,90.518,HDFC Balanced Advantage Fund
2013-12-02,,,,91.112,HDFC Balanced Advantage Fund
2013-12-03,,,,91.195,HDFC Balanced Advantage Fund
2013-12-04,,,,90.598,HDFC Balanced Advantage Fund
2013-12-05,,,,91.555,HDFC Balanced Advantage Fund
2013-12-06,,,,91.707,HDFC Balanced Advantage Fund
2013-12-09,,,,92.979,HDFC Balanced Advantage Fund
2013-12-10,,,,92.376,HDFC Balanced Advantage Fund
2013-12-11,,,,91.883,HDFC Balanced Advantage Fund
2013-12-12,,,,91.055,HDFC Balanced Advantage Fund
2013-12-13,,,,89.788,HDFC Balanced Advantage Fund
2013-12-16,,,,89.812,HDFC Balanced Advantage Fund
2013-12-17,,,,90.079,HDFC Balanced Advantage Fund
2013-12-18,,,,91.016,HDFC Balanced Advantage Fund
2013-12-19,,,,90.301,HDFC Balanced Advantage Fund
2013-12-20,,,,91.864,HDFC Balanced Advantage Fund
2013-12-23,,,,92.396,HDFC Balanced Advantage Fund
2013-12-24,,,,92.305,HDFC Balanced Advantage Fund
2013-12-26,,,,92.484,HDFC Balanced Advantage Fund
2013-12-27,,,,93.014,HDFC Balanced Advantage Fund
2013-12-30,,,,92.726,HDFC Balanced Advantage Fund
2013-12-31,,,,92.944,HDFC Balanced Advantage Fund
2014-01-01,,,,93.045,HDFC Balanced Advantage Fund
2014-01-02,,,,91.549,HDFC Balanced Advantage Fund
2014-01-03,,,,91.461,HDFC Balanced Advantage Fund
2014-01-06,,,,91.2,HDFC Balanced Advantage Fund
2014-01-07,,,,90.44,HDFC Balanced Advantage Fund
2014-01-08,,,,90.606,HDFC Balanced Advantage Fund
2014-01-09,,,,90.345,HDFC Balanced Advantage Fund
2014-01-10,,,,90.294,HDFC Balanced Advantage Fund
2014-01-13,,,,91.59,HDFC Balanced Advantage Fund
2014-01-14,,,,91.377,HDFC Balanced Advantage Fund
2014-01-15,,,,92.185,HDFC Balanced Advantage Fund
2014-01-16,,,,91.982,HDFC Balanced Advantage Fund
2014-01-17,,,,91.05,HDFC Balanced Advantage Fund
2014-01-20,,,,91.729,HDFC Balanced Advantage Fund
2014-01-21,,,,92.087,HDFC Balanced Advantage Fund
2014-01-22,,,,92.423,HDFC Balanced Advantage Fund
2014-01-23,,,,92.447,HDFC Balanced Advantage Fund
2014-01-24,,,,91.041,HDFC Balanced Advantage Fund
2014-01-27,,,,88.782,HDFC Balanced Advantage Fund
2014-01-28,,,,88.903,HDFC Balanced Advantage Fund
2014-01-29,,,,88.765,HDFC Balanced Advantage Fund
2014-01-30,,,,88.04,HDFC Balanced Advantage Fund
2014-01-31,,,,88.777,HDFC Balanced Advantage Fund
2014-02-03,,,,87.514,HDFC Balanced Advantage Fund
2014-02-04,,,,87.809,HDFC Balanced Advantage Fund
2014-02-05,,,,88.022,HDFC Balanced Advantage Fund
2014-02-06,,,,87.865,HDFC Balanced Advantage Fund
2014-02-07,,,,88.354,HDFC Balanced Advantage Fund
2014-02-10,,,,88.133,HDFC Balanced Advantage Fund
2014-02-11,,,,88.518,HDFC Balanced Advantage Fund
2014-02-12,,,,89.012,HDFC Balanced Advantage Fund
2014-02-13,,,,87.659,HDFC Balanced Advantage Fund
2014-02-14,,,,88.162,HDFC Balanced Advantage Fund
2014-02-17,,,,88.33,HDFC Balanced Advantage Fund
2014-02-18,,,,88.912,HDFC Balanced Advantage Fund
2014-02-19,,,,89.094,HDFC Balanced Advantage Fund
2014-02-20,,,,88.185,HDFC Balanced Advantage Fund
2014-02-21,,,,89.348,HDFC Balanced Advantage Fund
2014-02-24,,,,89.634,HDFC Balanced Advantage Fund
2014-02-25,,,,89.907,HDFC Balanced Advantage Fund
2014-02-26,,,,90.307,HDFC Balanced Advantage Fund
2014-02-28,,,,91.2,HDFC Balanced Advantage Fund
2014-03-03,,,,90.449,HDFC Balanced Advantage Fund
2014-03-04,,,,91.462,HDFC Balanced Advantage Fund
2014-03-05,,,,92.325,HDFC Balanced Advantage Fund
2014-03-06,,,,93.5,HDFC Balanced Advantage Fund
2014-03-07,,,,95.223,HDFC Balanced Advantage Fund
2014-03-10,,,,95.426,HDFC Balanced Advantage Fund
2014-03-11,,,,94.834,HDFC Balanced Advantage Fund
2014-03-12,,,,94.82,HDFC Balanced Advantage Fund
2014-03-13,,,,94.719,HDFC Balanced Advantage Fund
2014-03-14,,,,95.11,HDFC Balanced Advantage Fund
2014-03-18,,,,95.383,HDFC Balanced Advantage Fund
2014-03-19,,,,95.58,HDFC Balanced Advantage Fund
2014-03-20,,,,95.014,HDFC Balanced Advantage Fund
2014-03-21,,,,95.215,HDFC Balanced Advantage Fund
2014-03-24,,,,96.297,HDFC Balanced Advantage Fund
2014-03-25,,,,96.454,HDFC Balanced Advantage Fund
2014-03-26,,,,96.751,HDFC Balanced Advantage Fund
2014-03-27,,,,97.243,HDFC Balanced Advantage Fund
2014-03-28,,,,98.183,HDFC Balanced Advantage Fund
2014-03-31,,,,98.611,HDFC Balanced Advantage Fund
2014-04-01,,,,98.759,HDFC Balanced Advantage Fund
2014-04-02,,,,100.01,HDFC Balanced Advantage Fund
2014-04-03,,,,99.572,HDFC Balanced Advantage Fund
2014-04-04,,,,99.471,HDFC Balanced Advantage Fund
2014-04-07,,,,99.287,HDFC Balanced Advantage Fund
2014-04-09,,,,101.294,HDFC Balanced Advantage Fund
2014-04-10,,,,101.897,HDFC Balanced Advantage Fund
2014-04-11,,,,102.015,HDFC Balanced Advantage Fund
2014-04-15,,,,101.299,HDFC Balanced Advantage Fund
2014-04-16,,,,100.45,HDFC Balanced Advantage Fund
2014-04-17,,,,102.261,HDFC Balanced Advantage Fund
2014-04-21,,,,103.019,HDFC Balanced Advantage Fund
2014-04-22,,,,102.992,HDFC Balanced Advantage Fund
2014-04-23,,,,103.061,HDFC Balanced Advantage Fund
2014-04-25,,,,102.409,HDFC Balanced Advantage Fund
2014-04-28,,,,102.668,HDFC Balanced Advantage Fund
2014-04-29,,,,102.192,HDFC Balanced Advantage Fund
2014-04-30,,,,101.386,HDFC Balanced Advantage Fund
2014-05-02,,,,101.683,HDFC Balanced Advantage Fund
2014-05-05,,,,101.769,HDFC Balanced Advantage Fund
2014-05-06,,,,102.151,HDFC Balanced Advantage Fund
2014-05-07,,,,101.354,HDFC Balanced Advantage Fund
2014-05-08,,,,101.496,HDFC Balanced Advantage Fund
2014-05-09,,,,104.235,HDFC Balanced Advantage Fund
2014-05-12,,,,106.342,HDFC Balanced Advantage Fund
2014-05-13,,,,108.434,HDFC Balanced Advantage Fund
2014-05-14,,,,109.004,HDFC Balanced Advantage Fund
2014-05-15,,,,108.919,HDFC Balanced Advantage Fund
2014-05-16,,,,110.586,HDFC Balanced Advantage Fund
2014-05-19,,,,113.143,HDFC Balanced Advantage Fund
2014-05-20,,,,113.267,HDFC Balanced Advantage Fund
2014-05-21,,,,113.421,HDFC Balanced Advantage Fund
2014-05-22,,,,114.165,HDFC Balanced Advantage Fund
2014-05-23,,,,115.951,HDFC Balanced Advantage Fund
2014-05-26,,,,115.349,HDFC Balanced Advantage Fund
2014-05-27,,,,114.279,HDFC Balanced Advantage Fund
2014-05-28,,,,114.364,HDFC Balanced Advantage Fund
2014-05-29,,,,112.877,HDFC Balanced Advantage Fund
2014-05-30,,,,112.391,HDFC Balanced Advantage Fund
2014-06-02,,,,115.162,HDFC Balanced Advantage Fund
2014-06-03,,,,115.942,HDFC Balanced Advantage Fund
2014-06-04,,,,116.449,HDFC Balanced Advantage Fund
2014-06-05,,,,118.314,HDFC Balanced Advantage Fund
2014-06-06,,,,120.36,HDFC Balanced Advantage Fund
2014-06-09,,,,121.32,HDFC Balanced Advantage Fund
2014-06-10,,,,121.376,HDFC Balanced Advantage Fund
2014-06-11,,,,121.109,HDFC Balanced Advantage Fund
2014-06-12,,,,121.609,HDFC Balanced Advantage Fund
2014-06-13,,,,119.325,HDFC Balanced Advantage Fund
2014-06-16,,,,119.471,HDFC Balanced Advantage Fund
2014-06-17,,,,121.464,HDFC Balanced Advantage Fund
2014-06-18,,,,120.438,HDFC Balanced Advantage Fund
2014-06-19,,,,119.929,HDFC Balanced Advantage Fund
2014-06-20,,,,119.253,HDFC Balanced Advantage Fund
2014-06-23,,,,119.007,HDFC Balanced Advantage Fund
2014-06-24,,,,121.218,HDFC Balanced Advantage Fund
2014-06-25,,,,120.514,HDFC Balanced Advantage Fund
2014-06-26,,,,119.276,HDFC Balanced Advantage Fund
2014-06-27,,,,120.046,HDFC Balanced Advantage Fund
2014-06-30,,,,121.967,HDFC Balanced Advantage Fund
2014-07-01,,,,122.348,HDFC Balanced Advantage Fund
2014-07-02,,,,123.531,HDFC Balanced Advantage Fund
2014-07-03,,,,123.354,HDFC Balanced Advantage Fund
2014-07-04,,,,123.917,HDFC Balanced Advantage Fund
2014-07-07,,,,124.212,HDFC Balanced Advantage Fund
2014-07-08,,,,120.993,HDFC Balanced Advantage Fund
2014-07-09,,,,119.807,HDFC Balanced Advantage Fund
2014-07-10,,,,119.566,HDFC Balanced Advantage Fund
2014-07-11,,,,117.025,HDFC Balanced Advantage Fund
2014-07-14,,,,116.963,HDFC Balanced Advantage Fund
2014-07-15,,,,119.024,HDFC Balanced Advantage Fund
2014-07-16,,,,120.81,HDFC Balanced Advantage Fund
2014-07-17,,,,121.525,HDFC Balanced Advantage Fund
2014-07-18,,,,121.784,HDFC Balanced Advantage Fund
2014-07-21,,,,121.713,HDFC Balanced Advantage Fund
2014-07-22,,,,122.565,HDFC Balanced Advantage Fund
2014-07-23,,,,123.239,HDFC Balanced Advantage Fund
2014-07-24,,,,123.478,HDFC Balanced Advantage Fund
2014-07-25,,,,121.851,HDFC Balanced Advantage Fund
2014-07-28,,,,120.957,HDFC Balanced Advantage Fund
2014-07-30,,,,121.556,HDFC Balanced Advantage Fund
2014-07-31,,,,120.989,HDFC Balanced Advantage Fund
2014-08-01,,,,119.941,HDFC Balanced Advantage Fund
2014-08-04,,,,121.524,HDFC Balanced Advantage Fund
2014-08-05,,,,122.122,HDFC Balanced Advantage Fund
2014-08-06,,,,120.979,HDFC Balanced Advantage Fund
2014-08-07,,,,120.382,HDFC Balanced Advantage Fund
2014-08-08,,,,118.774,HDFC Balanced Advantage Fund
2014-08-11,,,,119.981,HDFC Balanced Advantage Fund
2014-08-12,,,,121.135,HDFC Balanced Advantage Fund
2014-08-13,,,,120.53,HDFC Balanced Advantage Fund
2014-08-14,,,,121.455,HDFC Balanced Advantage Fund
2014-08-18,,,,123.457,HDFC Balanced Advantage Fund
2014-08-19,,,,124.215,HDFC Balanced Advantage Fund
2014-08-20,,,,123.779,HDFC Balanced Advantage Fund
2014-08-21,,,,124.286,HDFC Balanced Advantage Fund
2014-08-22,,,,124.585,HDFC Balanced Advantage Fund
2014-08-25,,,,124.151,HDFC Balanced Advantage Fund
2014-08-26,,,,123.732,HDFC Balanced Advantage Fund
2014-08-27,,,,124.943,HDFC Balanced Advantage Fund
2014-08-28,,,,125.303,HDFC Balanced Advantage Fund
2014-09-01,,,,126.74,HDFC Balanced Advantage Fund
2014-09-02,,,,127.284,HDFC Balanced Advantage Fund
2014-09-03,,,,127.933,HDFC Balanced Advantage Fund
2014-09-04,,,,127.247,HDFC Balanced Advantage Fund
2014-09-05,,,,127.713,HDFC Balanced Advantage Fund
2014-09-08,,,,129.537,HDFC Balanced Advantage Fund
2014-09-09,,,,129.636,HDFC Balanced Advantage Fund
2014-09-10,,,,129.12,HDFC Balanced Advantage Fund
2014-09-11,,,,129.733,HDFC Balanced Advantage Fund
2014-09-12,,,,130.376,HDFC Balanced Advantage Fund
2014-09-15,,,,129.625,HDFC Balanced Advantage Fund
2014-09-16,,,,126.546,HDFC Balanced Advantage Fund
2014-09-17,,,,127.557,HDFC Balanced Advantage Fund
2014-09-18,,,,129.828,HDFC Balanced Advantage Fund
2014-09-19,,,,129.326,HDFC Balanced Advantage Fund
2014-09-22,,,,130.062,HDFC Balanced Advantage Fund
2014-09-23,,,,127.328,HDFC Balanced Advantage Fund
2014-09-24,,,,126.274,HDFC Balanced Advantage Fund
2014-09-25,,,,124.036,HDFC Balanced Advantage Fund
2014-09-26,,,,125.361,HDFC Balanced Advantage Fund
2014-09-29,,,,125.546,HDFC Balanced Advantage Fund
2014-09-30,,,,125.714,HDFC Balanced Advantage Fund
2014-10-01,,,,125.406,HDFC Balanced Advantage Fund
2014-10-07,,,,124.055,HDFC Balanced Advantage Fund
2014-10-08,,,,124.029,HDFC Balanced Advantage Fund
2014-10-09,,,,126.132,HDFC Balanced Advantage Fund
2014-10-10,,,,124.638,HDFC Balanced Advantage Fund
2014-10-13,,,,125.195,HDFC Balanced Advantage Fund
2014-10-14,,,,124.889,HDFC Balanced Advantage Fund
2014-10-16,,,,122.693,HDFC Balanced Advantage Fund
2014-10-17,,,,123.516,HDFC Balanced Advantage Fund
2014-10-20,,,,125.088,HDFC Balanced Advantage Fund
2014-10-21,,,,125.702,HDFC Balanced Advantage Fund
2014-10-22,,,,126.607,HDFC Balanced Advantage Fund
2014-10-27,,,,126.423,HDFC Balanced Advantage Fund
2014-10-28,,,,127.176,HDFC Balanced Advantage Fund
2014-10-29,,,,128.033,HDFC Balanced Advantage Fund
2014-10-30,,,,128.896,HDFC Balanced Advantage Fund
2014-10-31,,,,131.365,HDFC Balanced Advantage Fund
2014-11-03,,,,132.044,HDFC Balanced Advantage Fund
2014-11-05,,,,132.409,HDFC Balanced Advantage Fund
2014-11-07,,,,132.419,HDFC Balanced Advantage Fund
2014-11-10,,,,132.25,HDFC Balanced Advantage Fund
2014-11-11,,,,132.577,HDFC Balanced Advantage Fund
2014-11-12,,,,132.784,HDFC Balanced Advantage Fund
2014-11-13,,,,131.934,HDFC Balanced Advantage Fund
2014-11-14,,,,133.033,HDFC Balanced Advantage Fund
2014-11-17,,,,134.24,HDFC Balanced Advantage Fund
2014-11-18,,,,134.419,HDFC Balanced Advantage Fund
2014-11-19,,,,133.33,HDFC Balanced Advantage Fund
2014-11-20,,,,133.876,HDFC Balanced Advantage Fund
2014-11-21,,,,135.028,HDFC Balanced Advantage Fund
2014-11-24,,,,136.155,HDFC Balanced Advantage Fund
2014-11-25,,,,134.657,HDFC Balanced Advantage Fund
2014-11-26,,,,134.909,HDFC Balanced Advantage Fund
2014-11-27,,,,135.17,HDFC Balanced Advantage Fund
2014-11-28,,,,137.097,HDFC Balanced Advantage Fund
2014-12-01,,,,136.276,HDFC Balanced Advantage Fund
2014-12-02,,,,136.424,HDFC Balanced Advantage Fund
2014-12-03,,,,137.203,HDFC Balanced Advantage Fund
2014-12-04,,,,137.837,HDFC Balanced Advantage Fund
2014-12-05,,,,137.44,HDFC Balanced Advantage Fund
2014-12-08,,,,135.371,HDFC Balanced Advantage Fund
2014-12-09,,,,133.19,HDFC Balanced Advantage Fund
2014-12-10,,,,133.939,HDFC Balanced Advantage Fund
2014-12-11,,,,132.968,HDFC Balanced Advantage Fund
2014-12-12,,,,131.991,HDFC Balanced Advantage Fund
2014-12-15,,,,131.123,HDFC Balanced Advantage Fund
2014-12-16,,,,128.415,HDFC Balanced Advantage Fund
2014-12-17,,,,128.516,HDFC Balanced Advantage Fund
2014-12-18,,,,131.292,HDFC Balanced Advantage Fund
2014-12-19,,,,132.34,HDFC Balanced Advantage Fund
2014-12-22,,,,133.247,HDFC Balanced Advantage Fund
2014-12-23,,,,132.312,HDFC Balanced Advantage Fund
2014-12-24,,,,131.431,HDFC Balanced Advantage Fund
2014-12-26,,,,131.728,HDFC Balanced Advantage Fund
2014-12-29,,,,132.374,HDFC Balanced Advantage Fund
2014-12-30,,,,132.609,HDFC Balanced Advantage Fund
2014-12-31,,,,133.401,HDFC Balanced Advantage Fund
2015-01-01,,,,133.653,HDFC Balanced Advantage Fund
2015-01-02,,,,135.052,HDFC Balanced Advantage Fund
2015-01-05,,,,134.931,HDFC Balanced Advantage Fund
2015-01-06,,,,130.634,HDFC Balanced Advantage Fund
2015-01-07,,,,130.921,HDFC Balanced Advantage Fund
2015-01-08,,,,133.083,HDFC Balanced Advantage Fund
2015-01-09,,,,133.908,HDFC Balanced Advantage Fund
2015-01-12,,,,134.242,HDFC Balanced Advantage Fund
2015-01-13,,,,133.857,HDFC Balanced Advantage Fund
2015-01-14,,,,133.01,HDFC Balanced Advantage Fund
2015-01-15,,,,136.087,HDFC Balanced Advantage Fund
2015-01-16,,,,136.004,HDFC Balanced Advantage Fund
2015-01-19,,,,136.722,HDFC Balanced Advantage Fund
2015-01-20,,,,138.307,HDFC Balanced Advantage Fund
2015-01-21,,,,139.091,HDFC Balanced Advantage Fund
2015-01-22,,,,139.441,HDFC Balanced Advantage Fund
2015-01-23,,,,140.575,HDFC Balanced Advantage Fund
2015-01-27,,,,141.867,HDFC Balanced Advantage Fund
2015-01-28,,,,141.919,HDFC Balanced Advantage Fund
2015-01-29,,,,142.06,HDFC Balanced Advantage Fund
2015-01-30,,,,139.446,HDFC Balanced Advantage Fund
2015-02-02,,,,138.955,HDFC Balanced Advantage Fund
2015-02-03,,,,137.921,HDFC Balanced Advantage Fund
2015-02-04,,,,137.212,HDFC Balanced Advantage Fund
2015-02-05,,,,136.441,HDFC Balanced Advantage Fund
2015-02-06,,,,135.145,HDFC Balanced Advantage Fund
2015-02-09,,,,132.665,HDFC Balanced Advantage Fund
2015-02-10,,,,133.155,HDFC Balanced Advantage Fund
2015-02-11,,,,134.572,HDFC Balanced Advantage Fund
2015-02-12,,,,135.74,HDFC Balanced Advantage Fund
2015-02-13,,,,137.281,HDFC Balanced Advantage Fund
2015-02-16,,,,137.259,HDFC Balanced Advantage Fund
2015-02-18,,,,137.776,HDFC Balanced Advantage Fund
2015-02-19,,,,138.57,HDFC Balanced Advantage Fund
2015-02-20,,,,138.627,HDFC Balanced Advantage Fund
2015-02-23,,,,137.322,HDFC Balanced Advantage Fund
2015-02-24,,,,136.884,HDFC Balanced Advantage Fund
2015-02-25,,,,136.617,HDFC Balanced Advantage Fund
2015-02-26,,,,134.917,HDFC Balanced Advantage Fund
2015-02-27,,,,137.756,HDFC Balanced Advantage Fund
2015-03-02,,,,140.277,HDFC Balanced Advantage Fund
2015-03-03,,,,141.486,HDFC Balanced Advantage Fund
2015-03-04,,,,139.768,HDFC Balanced Advantage Fund
2015-03-05,,,,139.997,HDFC Balanced Advantage Fund
2015-03-09,,,,136.935,HDFC Balanced Advantage Fund
2015-03-10,,,,136.539,HDFC Balanced Advantage Fund
2015-03-11,,,,136.172,HDFC Balanced Advantage Fund
2015-03-12,,,,137.504,HDFC Balanced Advantage Fund
2015-03-13,,,,135.503,HDFC Balanced Advantage Fund
2015-03-16,,,,135.635,HDFC Balanced Advantage Fund
2015-03-17,,,,136.811,HDFC Balanced Advantage Fund
2015-03-18,,,,136.885,HDFC Balanced Advantage Fund
2015-03-19,,,,135.715,HDFC Balanced Advantage Fund
2015-03-20,,,,133.828,HDFC Balanced Advantage Fund
2015-03-23,,,,132.891,HDFC Balanced Advantage Fund
2015-03-24,,,,132.649,HDFC Balanced Advantage Fund
2015-03-25,,,,132.416,HDFC Balanced Advantage Fund
2015-03-26,,,,129.633,HDFC Balanced Advantage Fund
2015-03-27,,,,130.254,HDFC Balanced Advantage Fund
2015-03-30,,,,133.013,HDFC Balanced Advantage Fund
2015-03-31,,,,133.34,HDFC Balanced Advantage Fund
2015-04-01,,,,134.848,HDFC Balanced Advantage Fund
2015-04-06,,,,135.64,HDFC Balanced Advantage Fund
2015-04-07,,,,135.86,HDFC Balanced Advantage Fund
2015-04-08,,,,137.157,HDFC Balanced Advantage Fund
2015-04-09,,,,138.43,HDFC Balanced Advantage Fund
2015-04-10,,,,138.901,HDFC Balanced Advantage Fund
2015-04-13,,,,139.662,HDFC Balanced Advantage Fund
2015-04-15,,,,139.259,HDFC Balanced Advantage Fund
2015-04-16,,,,138.842,HDFC Balanced Advantage Fund
2015-04-17,,,,137.819,HDFC Balanced Advantage Fund
2015-04-20,,,,135.356,HDFC Balanced Advantage Fund
2015-04-21,,,,134.932,HDFC Balanced Advantage Fund
2015-04-22,,,,135.086,HDFC Balanced Advantage Fund
2015-04-23,,,,134.465,HDFC Balanced Advantage Fund
2015-04-24,,,,131.961,HDFC Balanced Advantage Fund
2015-04-27,,,,129.971,HDFC Balanced Advantage Fund
2015-04-28,,,,132.249,HDFC Balanced Advantage Fund
2015-04-29,,,,131.512,HDFC Balanced Advantage Fund
2015-04-30,,,,131.002,HDFC Balanced Advantage Fund
2015-05-04,,,,133.33,HDFC Balanced Advantage Fund
2015-05-05,,,,133.577,HDFC Balanced Advantage Fund
2015-05-06,,,,129.449,HDFC Balanced Advantage Fund
2015-05-07,,,,127.606,HDFC Balanced Advantage Fund
2015-05-08,,,,129.632,HDFC Balanced Advantage Fund
2015-05-11,,,,132.909,HDFC Balanced Advantage Fund
2015-05-12,,,,129.785,HDFC Balanced Advantage Fund
2015-05-13,,,,131.708,HDFC Balanced Advantage Fund
2015-05-14,,,,132.1,HDFC Balanced Advantage Fund
2015-05-15,,,,132.325,HDFC Balanced Advantage Fund
2015-05-18,,,,133.755,HDFC Balanced Advantage Fund
2015-05-19,,,,133.649,HDFC Balanced Advantage Fund
2015-05-20,,,,134.217,HDFC Balanced Advantage Fund
2015-05-21,,,,133.676,HDFC Balanced Advantage Fund
2015-05-22,,,,133.514,HDFC Balanced Advantage Fund
2015-05-25,,,,132.67,HDFC Balanced Advantage Fund
2015-05-26,,,,132.156,HDFC Balanced Advantage Fund
2015-05-27,,,,132.378,HDFC Balanced Advantage Fund
2015-05-28,,,,132.323,HDFC Balanced Advantage Fund
2015-05-29,,,,133.989,HDFC Balanced Advantage Fund
2015-06-01,,,,134.528,HDFC Balanced Advantage Fund
2015-06-02,,,,131.55,HDFC Balanced Advantage Fund
2015-06-03,,,,129.818,HDFC Balanced Advantage Fund
2015-06-04,,,,130.256,HDFC Balanced Advantage Fund
2015-06-05,,,,130.146,HDFC Balanced Advantage Fund
2015-06-08,,,,128.779,HDFC Balanced Advantage Fund
2015-06-09,,,,128.522,HDFC Balanced Advantage Fund
2015-06-10,,,,130.017,HDFC Balanced Advantage Fund
2015-06-11,,,,127.674,HDFC Balanced Advantage Fund
2015-06-12,,,,127.849,HDFC Balanced Advantage Fund
2015-06-15,,,,128.107,HDFC Balanced Advantage Fund
2015-06-16,,,,128.846,HDFC Balanced Advantage Fund
2015-06-17,,,,129.799,HDFC Balanced Advantage Fund
2015-06-18,,,,131.226,HDFC Balanced Advantage Fund
2015-06-19,,,,132.148,HDFC Balanced Advantage Fund
2015-06-22,,,,134.24,HDFC Balanced Advantage Fund
2015-06-23,,,,135.035,HDFC Balanced Advantage Fund
2015-06-24,,,,134.115,HDFC Balanced Advantage Fund
2015-06-25,,,,134.442,HDFC Balanced Advantage Fund
2015-06-26,,,,134.129,HDFC Balanced Advantage Fund
2015-06-29,,,,132.893,HDFC Balanced Advantage Fund
2015-06-30,,,,133.666,HDFC Balanced Advantage Fund
2015-07-01,,,,135.26,HDFC Balanced Advantage Fund
2015-07-02,,,,135.304,HDFC Balanced Advantage Fund
2015-07-03,,,,135.63,HDFC Balanced Advantage Fund
2015-07-06,,,,136.621,HDFC Balanced Advantage Fund
2015-07-07,,,,136.746,HDFC Balanced Advantage Fund
2015-07-08,,,,134.716,HDFC Balanced Advantage Fund
2015-07-09,,,,134.356,HDFC Balanced Advantage Fund
2015-07-10,,,,135.328,HDFC Balanced Advantage Fund
2015-07-13,,,,136.792,HDFC Balanced Advantage Fund
2015-07-14,,,,136.687,HDFC Balanced Advantage Fund
2015-07-15,,,,137.701,HDFC Balanced Advantage Fund
2015-07-16,,,,138.678,HDFC Balanced Advantage Fund
2015-07-17,,,,138.848,HDFC Balanced Advantage Fund
2015-07-20,,,,138.505,HDFC Balanced Advantage Fund
2015-07-21,,,,138.021,HDFC Balanced Advantage Fund
2015-07-22,,,,139.572,HDFC Balanced Advantage Fund
2015-07-23,,,,139.458,HDFC Balanced Advantage Fund
2015-07-24,,,,137.728,HDFC Balanced Advantage Fund
2015-07-27,,,,135.226,HDFC Balanced Advantage Fund
2015-07-28,,,,135.054,HDFC Balanced Advantage Fund
2015-07-29,,,,135.629,HDFC Balanced Advantage Fund
2015-07-30,,,,136.988,HDFC Balanced Advantage Fund
2015-07-31,,,,139.047,HDFC Balanced Advantage Fund
2015-08-03,,,,140.212,HDFC Balanced Advantage Fund
2015-08-04,,,,140.248,HDFC Balanced Advantage Fund
2015-08-05,,,,140.99,HDFC Balanced Advantage Fund
2015-08-06,,,,141.18,HDFC Balanced Advantage Fund
2015-08-07,,,,140.929,HDFC Balanced Advantage Fund
2015-08-10,,,,140.592,HDFC Balanced Advantage Fund
2015-08-11,,,,138.737,HDFC Balanced Advantage Fund
2015-08-12,,,,135.719,HDFC Balanced Advantage Fund
2015-08-13,,,,135.953,HDFC Balanced Advantage Fund
2015-08-14,,,,138.835,HDFC Balanced Advantage Fund
2015-08-17,,,,139.111,HDFC Balanced Advantage Fund
2015-08-18,,,,139.488,HDFC Balanced Advantage Fund
2015-08-19,,,,139.716,HDFC Balanced Advantage Fund
2015-08-20,,,,137.027,HDFC Balanced Advantage Fund
2015-08-21,,,,136.209,HDFC Balanced Advantage Fund
2015-08-24,,,,126.785,HDFC Balanced Advantage Fund
2015-08-25,,,,129.018,HDFC Balanced Advantage Fund
2015-08-26,,,,127.677,HDFC Balanced Advantage Fund
2015-08-27,,,,130.805,HDFC Balanced Advantage Fund
2015-08-28,,,,131.509,HDFC Balanced Advantage Fund
2015-08-31,,,,130.689,HDFC Balanced Advantage Fund
2015-09-01,,,,127.312,HDFC Balanced Advantage Fund
2015-09-02,,,,125.927,HDFC Balanced Advantage Fund
2015-09-03,,,,127.848,HDFC Balanced Advantage Fund
2015-09-04,,,,125.285,HDFC Balanced Advantage Fund
2015-09-07,,,,123.375,HDFC Balanced Advantage Fund
2015-09-08,,,,125.884,HDFC Balanced Advantage Fund
2015-09-09,,,,127.808,HDFC Balanced Advantage Fund
2015-09-10,,,,127.624,HDFC Balanced Advantage Fund
2015-09-11,,,,127.786,HDFC Balanced Advantage Fund
2015-09-14,,,,129.603,HDFC Balanced Advantage Fund
2015-09-15,,,,128.361,HDFC Balanced Advantage Fund
2015-09-16,,,,129.13,HDFC Balanced Advantage Fund
2015-09-18,,,,130.504,HDFC Balanced Advantage Fund
2015-09-21,,,,130.782,HDFC Balanced Advantage Fund
2015-09-22,,,,128.04,HDFC Balanced Advantage Fund
2015-09-23,,,,128.866,HDFC Balanced Advantage Fund
2015-09-24,,,,128.937,HDFC Balanced Advantage Fund
2015-09-28,,,,127.488,HDFC Balanced Advantage Fund
2015-09-29,,,,127.996,HDFC Balanced Advantage Fund
2015-09-30,,,,129.267,HDFC Balanced Advantage Fund
2015-10-01,,,,129.031,HDFC Balanced Advantage Fund
2015-10-05,,,,131.851,HDFC Balanced Advantage Fund
2015-10-06,,,,132.285,HDFC Balanced Advantage Fund
2015-10-07,,,,133.061,HDFC Balanced Advantage Fund
2015-10-08,,,,132.513,HDFC Balanced Advantage Fund
2015-10-09,,,,133.639,HDFC Balanced Advantage Fund
2015-10-12,,,,133.243,HDFC Balanced Advantage Fund
2015-10-13,,,,133.438,HDFC Balanced Advantage Fund
2015-10-14,,,,133.284,HDFC Balanced Advantage Fund
2015-10-15,,,,134.436,HDFC Balanced Advantage Fund
2015-10-16,,,,135.641,HDFC Balanced Advantage Fund
2015-10-19,,,,136.399,HDFC Balanced Advantage Fund
2015-10-20,,,,136.562,HDFC Balanced Advantage Fund
2015-10-21,,,,136.74,HDFC Balanced Advantage Fund
2015-10-23,,,,136.942,HDFC Balanced Advantage Fund
2015-10-26,,,,136.252,HDFC Balanced Advantage Fund
2015-10-27,,,,136.051,HDFC Balanced Advantage Fund
2015-10-28,,,,135.13,HDFC Balanced Advantage Fund
2015-10-29,,,,133.992,HDFC Balanced Advantage Fund
2015-10-30,,,,133.257,HDFC Balanced Advantage Fund
2015-11-02,,,,133.267,HDFC Balanced Advantage Fund
2015-11-03,,,,133.493,HDFC Balanced Advantage Fund
2015-11-04,,,,133.226,HDFC Balanced Advantage Fund
2015-11-05,,,,131.954,HDFC Balanced Advantage Fund
2015-11-06,,,,132.127,HDFC Balanced Advantage Fund
2015-11-09,,,,132.318,HDFC Balanced Advantage Fund
2015-11-10,,,,130.585,HDFC Balanced Advantage Fund
2015-11-13,,,,130.812,HDFC Balanced Advantage Fund
2015-11-16,,,,131.228,HDFC Balanced Advantage Fund
2015-11-17,,,,131.095,HDFC Balanced Advantage Fund
2015-11-18,,,,129.172,HDFC Balanced Advantage Fund
2015-11-19,,,,130.957,HDFC Balanced Advantage Fund
2015-11-20,,,,131.783,HDFC Balanced Advantage Fund
2015-11-23,,,,131.913,HDFC Balanced Advantage Fund
2015-11-24,,,,131.644,HDFC Balanced Advantage Fund
2015-11-26,,,,132.463,HDFC Balanced Advantage Fund
2015-11-27,,,,133.497,HDFC Balanced Advantage Fund
2015-11-30,,,,133.708,HDFC Balanced Advantage Fund
2015-12-01,,,,133.784,HDFC Balanced Advantage Fund
2015-12-02,,,,133.369,HDFC Balanced Advantage Fund
2015-12-03,,,,132.205,HDFC Balanced Advantage Fund
2015-12-04,,,,131.21,HDFC Balanced Advantage Fund
2015-12-07,,,,130.646,HDFC Balanced Advantage Fund
2015-12-08,,,,129.531,HDFC Balanced Advantage Fund
2015-12-09,,,,127.585,HDFC Balanced Advantage Fund
2015-12-10,,,,128.885,HDFC Balanced Advantage Fund
2015-12-11,,,,127.791,HDFC Balanced Advantage Fund
2015-12-14,,,,128.352,HDFC Balanced Advantage Fund
2015-12-15,,,,128.959,HDFC Balanced Advantage Fund
2015-12-16,,,,129.962,HDFC Balanced Advantage Fund
2015-12-17,,,,131.764,HDFC Balanced Advantage Fund
2015-12-18,,,,130.675,HDFC Balanced Advantage Fund
2015-12-21,,,,132.001,HDFC Balanced Advantage Fund
2015-12-22,,,,131.529,HDFC Balanced Advantage Fund
2015-12-23,,,,132.538,HDFC Balanced Advantage Fund
2015-12-24,,,,132.812,HDFC Balanced Advantage Fund
2015-12-28,,,,133.562,HDFC Balanced Advantage Fund
2015-12-29,,,,133.726,HDFC Balanced Advantage Fund
2015-12-30,,,,133.036,HDFC Balanced Advantage Fund
2015-12-31,,,,133.617,HDFC Balanced Advantage Fund
2016-01-01,,,,134.513,HDFC Balanced Advantage Fund
2016-01-04,,,,131.605,HDFC Balanced Advantage Fund
2016-01-05,,,,132.132,HDFC Balanced Advantage Fund
2016-01-06,,,,131.789,HDFC Balanced Advantage Fund
2016-01-07,,,,127.984,HDFC Balanced Advantage Fund
2016-01-08,,,,128.973,HDFC Balanced Advantage Fund
2016-01-11,,,,128.465,HDFC Balanced Advantage Fund
2016-01-12,,,,127.385,HDFC Balanced Advantage Fund
2016-01-13,,,,127.567,HDFC Balanced Advantage Fund
2016-01-14,,,,126.712,HDFC Balanced Advantage Fund
2016-01-15,,,,124.347,HDFC Balanced Advantage Fund
2016-01-18,,,,121.778,HDFC Balanced Advantage Fund
2016-01-19,,,,123.225,HDFC Balanced Advantage Fund
2016-01-20,,,,120.73,HDFC Balanced Advantage Fund
2016-01-21,,,,120.335,HDFC Balanced Advantage Fund
2016-01-22,,,,122.8,HDFC Balanced Advantage Fund
2016-01-25,,,,123.113,HDFC Balanced Advantage Fund
2016-01-27,,,,123.574,HDFC Balanced Advantage Fund
2016-01-28,,,,123.136,HDFC Balanced Advantage Fund
2016-01-29,,,,124.366,HDFC Balanced Advantage Fund
2016-02-01,,,,123.637,HDFC Balanced Advantage Fund
2016-02-02,,,,121.668,HDFC Balanced Advantage Fund
2016-02-03,,,,118.821,HDFC Balanced Advantage Fund
2016-02-04,,,,119.093,HDFC Balanced Advantage Fund
2016-02-05,,,,120.381,HDFC Balanced Advantage Fund
2016-02-08,,,,119.45,HDFC Balanced Advantage Fund
2016-02-09,,,,117.762,HDFC Balanced Advantage Fund
2016-02-10,,,,116.365,HDFC Balanced Advantage Fund
2016-02-11,,,,112.072,HDFC Balanced Advantage Fund
2016-02-12,,,,111.591,HDFC Balanced Advantage Fund
2016-02-15,,,,116.115,HDFC Balanced Advantage Fund
2016-02-16,,,,113.713,HDFC Balanced Advantage Fund
2016-02-17,,,,114.897,HDFC Balanced Advantage Fund
2016-02-18,,,,115.632,HDFC Balanced Advantage Fund
2016-02-19,,,,115.758,HDFC Balanced Advantage Fund
2016-02-22,,,,115.941,HDFC Balanced Advantage Fund
2016-02-23,,,,114.172,HDFC Balanced Advantage Fund
2016-02-24,,,,113.208,HDFC Balanced Advantage Fund
2016-02-25,,,,111.582,HDFC Balanced Advantage Fund
2016-02-26,,,,112.545,HDFC Balanced Advantage Fund
2016-02-29,,,,111.925,HDFC Balanced Advantage Fund
2016-03-01,,,,115.47,HDFC Balanced Advantage Fund
2016-03-02,,,,118.314,HDFC Balanced Advantage Fund
2016-03-03,,,,120.064,HDFC Balanced Advantage Fund
2016-03-04,,,,120.929,HDFC Balanced Advantage Fund
2016-03-08,,,,120.753,HDFC Balanced Advantage Fund
2016-03-09,,,,121.407,HDFC Balanced Advantage Fund
2016-03-10,,,,120.654,HDFC Balanced Advantage Fund
2016-03-11,,,,120.82,HDFC Balanced Advantage Fund
2016-03-14,,,,121.715,HDFC Balanced Advantage Fund
2016-03-15,,,,120.836,HDFC Balanced Advantage Fund
2016-03-16,,,,121.729,HDFC Balanced Advantage Fund
2016-03-17,,,,122.313,HDFC Balanced Advantage Fund
2016-03-18,,,,123.856,HDFC Balanced Advantage Fund
2016-03-21,,,,126.051,HDFC Balanced Advantage Fund
2016-03-22,,,,126.625,HDFC Balanced Advantage Fund
2016-03-23,,,,126.807,HDFC Balanced Advantage Fund
2016-03-28,,,,124.292,HDFC Balanced Advantage Fund
2016-03-29,,,,124.467,HDFC Balanced Advantage Fund
2016-03-30,,,,127.286,HDFC Balanced Advantage Fund
2016-03-31,,,,127.238,HDFC Balanced Advantage Fund
2016-04-01,,,,127.442,HDFC Balanced Advantage Fund
2016-04-04,,,,127.873,HDFC Balanced Advantage Fund
2016-04-05,,,,125.146,HDFC Balanced Advantage Fund
2016-04-06,,,,125.563,HDFC Balanced Advantage Fund
2016-04-07,,,,124.585,HDFC Balanced Advantage Fund
2016-04-08,,,,125.033,HDFC Balanced Advantage Fund
2016-04-11,,,,126.693,HDFC Balanced Advantage Fund
2016-04-12,,,,127.621,HDFC Balanced Advantage Fund
2016-04-13,,,,129.749,HDFC Balanced Advantage Fund
2016-04-18,,,,130.673,HDFC Balanced Advantage Fund
2016-04-20,,,,131.121,HDFC Balanced Advantage Fund
2016-04-21,,,,131.718,HDFC Balanced Advantage Fund
2016-04-22,,,,132.017,HDFC Balanced Advantage Fund
2016-04-25,,,,131.093,HDFC Balanced Advantage Fund
2016-04-26,,,,132.777,HDFC Balanced Advantage Fund
2016-04-27,,,,132.371,HDFC Balanced Advantage Fund
2016-04-28,,,,130.464,HDFC Balanced Advantage Fund
2016-04-29,,,,130.476,HDFC Balanced Advantage Fund
2016-05-02,,,,129.856,HDFC Balanced Advantage Fund
2016-05-03,,,,129.259,HDFC Balanced Advantage Fund
2016-05-04,,,,127.926,HDFC Balanced Advantage Fund
2016-05-05,,,,128.245,HDFC Balanced Advantage Fund
2016-05-06,,,,128.029,HDFC Balanced Advantage Fund
2016-05-09,,,,129.933,HDFC Balanced Advantage Fund
2016-05-10,,,,130.272,HDFC Balanced Advantage Fund
2016-05-11,,,,129.472,HDFC Balanced Advantage Fund
2016-05-12,,,,130.596,HDFC Balanced Advantage Fund
2016-05-13,,,,130.221,HDFC Balanced Advantage Fund
2016-05-16,,,,129.806,HDFC Balanced Advantage Fund
2016-05-17,,,,129.994,HDFC Balanced Advantage Fund
2016-05-18,,,,130.229,HDFC Balanced Advantage Fund
2016-05-19,,,,128.396,HDFC Balanced Advantage Fund
2016-05-20,,,,127.412,HDFC Balanced Advantage Fund
2016-05-23,,,,126.884,HDFC Balanced Advantage Fund
2016-05-24,,,,126.495,HDFC Balanced Advantage Fund
2016-05-25,,,,129.235,HDFC Balanced Advantage Fund
2016-05-26,,,,131.771,HDFC Balanced Advantage Fund
2016-05-27,,,,133.363,HDFC Balanced Advantage Fund
2016-05-30,,,,134.201,HDFC Balanced Advantage Fund
2016-05-31,,,,134.815,HDFC Balanced Advantage Fund
2016-06-01,,,,134.508,HDFC Balanced Advantage Fund
2016-06-02,,,,135.431,HDFC Balanced Advantage Fund
2016-06-03,,,,135.567,HDFC Balanced Advantage Fund
2016-06-06,,,,135.655,HDFC Balanced Advantage Fund
2016-06-07,,,,137.133,HDFC Balanced Advantage Fund
2016-06-08,,,,137.497,HDFC Balanced Advantage Fund
2016-06-09,,,,136.689,HDFC Balanced Advantage Fund
2016-06-10,,,,136.42,HDFC Balanced Advantage Fund
2016-06-13,,,,135.018,HDFC Balanced Advantage Fund
2016-06-14,,,,135.583,HDFC Balanced Advantage Fund
2016-06-15,,,,137.496,HDFC Balanced Advantage Fund
2016-06-16,,,,136.678,HDFC Balanced Advantage Fund
2016-06-17,,,,136.995,HDFC Balanced Advantage Fund
2016-06-20,,,,137.845,HDFC Balanced Advantage Fund
2016-06-21,,,,137.54,HDFC Balanced Advantage Fund
2016-06-22,,,,137.197,HDFC Balanced Advantage Fund
2016-06-23,,,,138.011,HDFC Balanced Advantage Fund
2016-06-24,,,,134.686,HDFC Balanced Advantage Fund
2016-06-27,,,,135.571,HDFC Balanced Advantage Fund
2016-06-28,,,,136.13,HDFC Balanced Advantage Fund
2016-06-29,,,,137.838,HDFC Balanced Advantage Fund
2016-06-30,,,,139.276,HDFC Balanced Advantage Fund
2016-07-01,,,,140.229,HDFC Balanced Advantage Fund
2016-07-04,,,,141.807,HDFC Balanced Advantage Fund
2016-07-05,,,,141.212,HDFC Balanced Advantage Fund
2016-07-07,,,,141.183,HDFC Balanced Advantage Fund
2016-07-08,,,,140.863,HDFC Balanced Advantage Fund
2016-07-11,,,,143.373,HDFC Balanced Advantage Fund
2016-07-12,,,,144.323,HDFC Balanced Advantage Fund
2016-07-13,,,,143.898,HDFC Balanced Advantage Fund
2016-07-14,,,,144.912,HDFC Balanced Advantage Fund
2016-07-15,,,,144.572,HDFC Balanced Advantage Fund
2016-07-18,,,,144.035,HDFC Balanced Advantage Fund
2016-07-19,,,,144.496,HDFC Balanced Advantage Fund
2016-07-20,,,,145.397,HDFC Balanced Advantage Fund
2016-07-21,,,,144.13,HDFC Balanced Advantage Fund
2016-07-22,,,,145.059,HDFC Balanced Advantage Fund
2016-07-25,,,,146.66,HDFC Balanced Advantage Fund
2016-07-26,,,,145.874,HDFC Balanced Advantage Fund
2016-07-27,,,,146.024,HDFC Balanced Advantage Fund
2016-07-28,,,,146.642,HDFC Balanced Advantage Fund
2016-07-29,,,,146.188,HDFC Balanced Advantage Fund
2016-08-01,,,,145.374,HDFC Balanced Advantage Fund
2016-08-02,,,,145.007,HDFC Balanced Advantage Fund
2016-08-03,,,,143.523,HDFC Balanced Advantage Fund
2016-08-04,,,,143.927,HDFC Balanced Advantage Fund
2016-08-05,,,,146.188,HDFC Balanced Advantage Fund
2016-08-08,,,,147.221,HDFC Balanced Advantage Fund
2016-08-09,,,,146.95,HDFC Balanced Advantage Fund
2016-08-10,,,,145.378,HDFC Balanced Advantage Fund
2016-08-11,,,,145.211,HDFC Balanced Advantage Fund
2016-08-12,,,,146.657,HDFC Balanced Advantage Fund
2016-08-16,,,,146.987,HDFC Balanced Advantage Fund
2016-08-17,,,,146.936,HDFC Balanced Advantage Fund
2016-08-18,,,,148.036,HDFC Balanced Advantage Fund
2016-08-19,,,,148.82,HDFC Balanced Advantage Fund
2016-08-22,,,,148.127,HDFC Balanced Advantage Fund
2016-08-23,,,,148.058,HDFC Balanced Advantage Fund
2016-08-24,,,,148.6,HDFC Balanced Advantage Fund
2016-08-25,,,,147.461,HDFC Balanced Advantage Fund
2016-08-26,,,,146.826,HDFC Balanced Advantage Fund
2016-08-29,,,,147.503,HDFC Balanced Advantage Fund
2016-08-30,,,,149.442,HDFC Balanced Advantage Fund
2016-08-31,,,,149.962,HDFC Balanced Advantage Fund
2016-09-01,,,,149.091,HDFC Balanced Advantage Fund
2016-09-02,,,,149.965,HDFC Balanced Advantage Fund
2016-09-06,,,,152.271,HDFC Balanced Advantage Fund
2016-09-07,,,,152.271,HDFC Balanced Advantage Fund
2016-09-08,,,,153.114,HDFC Balanced Advantage Fund
2016-09-09,,,,151.816,HDFC Balanced Advantage Fund
2016-09-12,,,,148.651,HDFC Balanced Advantage Fund
2016-09-14,,,,149.272,HDFC Balanced Advantage Fund
2016-09-15,,,,149.379,HDFC Balanced Advantage Fund
2016-09-16,,,,150.372,HDFC Balanced Advantage Fund
2016-09-19,,,,150.801,HDFC Balanced Advantage Fund
2016-09-20,,,,150.377,HDFC Balanced Advantage Fund
2016-09-21,,,,150.329,HDFC Balanced Advantage Fund
2016-09-22,,,,152.214,HDFC Balanced Advantage Fund
2016-09-23,,,,151.521,HDFC Balanced Advantage Fund
2016-09-26,,,,149.988,HDFC Balanced Advantage Fund
2016-09-27,,,,149.338,HDFC Balanced Advantage Fund
2016-09-28,,,,150.383,HDFC Balanced Advantage Fund
2016-09-29,,,,147.021,HDFC Balanced Advantage Fund
2016-09-30,,,,148.342,HDFC Balanced Advantage Fund
2016-10-03,,,,150.673,HDFC Balanced Advantage Fund
2016-10-04,,,,151.459,HDFC Balanced Advantage Fund
2016-10-05,,,,151.634,HDFC Balanced Advantage Fund
2016-10-06,,,,150.893,HDFC Balanced Advantage Fund
2016-10-07,,,,151.103,HDFC Balanced Advantage Fund
2016-10-10,,,,151.439,HDFC Balanced Advantage Fund
2016-10-13,,,,148.929,HDFC Balanced Advantage Fund
2016-10-14,,,,149.593,HDFC Balanced Advantage Fund
2016-10-17,,,,149.075,HDFC Balanced Advantage Fund
2016-10-18,,,,151.784,HDFC Balanced Advantage Fund
2016-10-19,,,,152.476,HDFC Balanced Advantage Fund
2016-10-20,,,,153.583,HDFC Balanced Advantage Fund
2016-10-21,,,,153.66,HDFC Balanced Advantage Fund
2016-10-24,,,,154.148,HDFC Balanced Advantage Fund
2016-10-25,,,,154.114,HDFC Balanced Advantage Fund
2016-10-26,,,,152.212,HDFC Balanced Advantage Fund
2016-10-27,,,,152.015,HDFC Balanced Advantage Fund
2016-10-28,,,,152.462,HDFC Balanced Advantage Fund
2016-11-01,,,,152.541,HDFC Balanced Advantage Fund
2016-11-02,,,,150.128,HDFC Balanced Advantage Fund
2016-11-03,,,,148.88,HDFC Balanced Advantage Fund
2016-11-04,,,,147.702,HDFC Balanced Advantage Fund
2016-11-07,,,,149.381,HDFC Balanced Advantage Fund
2016-11-08,,,,150.026,HDFC Balanced Advantage Fund
2016-11-09,,,,148.069,HDFC Balanced Advantage Fund
2016-11-10,,,,151.473,HDFC Balanced Advantage Fund
2016-11-11,,,,147.507,HDFC Balanced Advantage Fund
2016-11-15,,,,144.484,HDFC Balanced Advantage Fund
2016-11-16,,,,143.922,HDFC Balanced Advantage Fund
2016-11-17,,,,143.586,HDFC Balanced Advantage Fund
2016-11-18,,,,143.219,HDFC Balanced Advantage Fund
2016-11-21,,,,139.856,HDFC Balanced Advantage Fund
2016-11-22,,,,140.984,HDFC Balanced Advantage Fund
2016-11-23,,,,141.862,HDFC Balanced Advantage Fund
2016-11-24,,,,141.138,HDFC Balanced Advantage Fund
2016-11-25,,,,143.114,HDFC Balanced Advantage Fund
2016-11-28,,,,143.689,HDFC Balanced Advantage Fund
2016-11-29,,,,144.083,HDFC Balanced Advantage Fund
2016-11-30,,,,145.644,HDFC Balanced Advantage Fund
2016-12-01,,,,145.047,HDFC Balanced Advantage Fund
2016-12-02,,,,143.163,HDFC Balanced Advantage Fund
2016-12-05,,,,143.868,HDFC Balanced Advantage Fund
2016-12-06,,,,144.209,HDFC Balanced Advantage Fund
2016-12-07,,,,143.429,HDFC Balanced Advantage Fund
2016-12-08,,,,145.641,HDFC Balanced Advantage Fund
2016-12-09,,,,146.271,HDFC Balanced Advantage Fund
2016-12-12,,,,144.886,HDFC Balanced Advantage Fund
2016-12-13,,,,145.682,HDFC Balanced Advantage Fund
2016-12-14,,,,144.834,HDFC Balanced Advantage Fund
2016-12-15,,,,144.695,HDFC Balanced Advantage Fund
2016-12-16,,,,144.4,HDFC Balanced Advantage Fund
2016-12-19,,,,143.877,HDFC Balanced Advantage Fund
2016-12-20,,,,143.031,HDFC Balanced Advantage Fund
2016-12-21,,,,142.964,HDFC Balanced Advantage Fund
2016-12-22,,,,141.098,HDFC Balanced Advantage Fund
2016-12-23,,,,141.163,HDFC Balanced Advantage Fund
2016-12-26,,,,138.817,HDFC Balanced Advantage Fund
2016-12-27,,,,141.079,HDFC Balanced Advantage Fund
2016-12-28,,,,141.085,HDFC Balanced Advantage Fund
2016-12-29,,,,141.869,HDFC Balanced Advantage Fund
2016-12-30,,,,143.316,HDFC Balanced Advantage Fund
2017-01-02,,,,143.831,HDFC Balanced Advantage Fund
2017-01-03,,,,144.325,HDFC Balanced Advantage Fund
2017-01-04,,,,144.38,HDFC Balanced Advantage Fund
2017-01-05,,,,146.312,HDFC Balanced Advantage Fund
2017-01-06,,,,145.72,HDFC Balanced Advantage Fund
2017-01-09,,,,145.563,HDFC Balanced Advantage Fund
2017-01-10,,,,146.52,HDFC Balanced Advantage Fund
2017-01-11,,,,148.081,HDFC Balanced Advantage Fund
2017-01-12,,,,149.085,HDFC Balanced Advantage Fund
2017-01-13,,,,148.856,HDFC Balanced Advantage Fund
2017-01-16,,,,149.53,HDFC Balanced Advantage Fund
2017-01-17,,,,148.863,HDFC Balanced Advantage Fund
2017-01-18,,,,149.219,HDFC Balanced Advantage Fund
2017-01-19,,,,149.834,HDFC Balanced Advantage Fund
2017-01-20,,,,147.475,HDFC Balanced Advantage Fund
2017-01-23,,,,148.003,HDFC Balanced Advantage Fund
2017-01-24,,,,149.591,HDFC Balanced Advantage Fund
2017-01-25,,,,151.335,HDFC Balanced Advantage Fund
2017-01-27,,,,152.269,HDFC Balanced Advantage Fund
2017-01-30,,,,151.959,HDFC Balanced Advantage Fund
2017-01-31,,,,150.434,HDFC Balanced Advantage Fund
2017-02-01,,,,153.578,HDFC Balanced Advantage Fund
2017-02-02,,,,154.534,HDFC Balanced Advantage Fund
2017-02-03,,,,154.884,HDFC Balanced Advantage Fund
2017-02-06,,,,155.952,HDFC Balanced Advantage Fund
2017-02-07,,,,155.56,HDFC Balanced Advantage Fund
2017-02-08,,,,155.897,HDFC Balanced Advantage Fund
2017-02-09,,,,155.824,HDFC Balanced Advantage Fund
2017-02-10,,,,155.658,HDFC Balanced Advantage Fund
2017-02-13,,,,155.371,HDFC Balanced Advantage Fund
2017-02-14,,,,155.099,HDFC Balanced Advantage Fund
2017-02-15,,,,153.339,HDFC Balanced Advantage Fund
2017-02-16,,,,154.874,HDFC Balanced Advantage Fund
2017-02-17,,,,156.056,HDFC Balanced Advantage Fund
2017-02-20,,,,157.414,HDFC Balanced Advantage Fund
2017-02-21,,,,157.768,HDFC Balanced Advantage Fund
2017-02-22,,,,158.128,HDFC Balanced Advantage Fund
2017-02-23,,,,158.081,HDFC Balanced Advantage Fund
2017-02-27,,,,157.528,HDFC Balanced Advantage Fund
2017-02-28,,,,157.447,HDFC Balanced Advantage Fund
2017-03-01,,,,158.439,HDFC Balanced Advantage Fund
2017-03-02,,,,157.361,HDFC Balanced Advantage Fund
2017-03-03,,,,157.597,HDFC Balanced Advantage Fund
2017-03-06,,,,158.627,HDFC Balanced Advantage Fund
2017-03-07,,,,158.368,HDFC Balanced Advantage Fund
2017-03-08,,,,157.729,HDFC Balanced Advantage Fund
2017-03-09,,,,157.585,HDFC Balanced Advantage Fund
2017-03-10,,,,157.405,HDFC Balanced Advantage Fund
2017-03-14,,,,159.736,HDFC Balanced Advantage Fund
2017-03-15,,,,160.086,HDFC Balanced Advantage Fund
2017-03-16,,,,161.64,HDFC Balanced Advantage Fund
2017-03-17,,,,161.488,HDFC Balanced Advantage Fund
2017-03-20,,,,160.917,HDFC Balanced Advantage Fund
2017-03-21,,,,160.422,HDFC Balanced Advantage Fund
2017-03-22,,,,158.838,HDFC Balanced Advantage Fund
2017-03-23,,,,159.707,HDFC Balanced Advantage Fund
2017-03-24,,,,160.515,HDFC Balanced Advantage Fund
2017-03-27,,,,159.348,HDFC Balanced Advantage Fund
2017-03-28,,,,160.4,HDFC Balanced Advantage Fund
2017-03-29,,,,161.66,HDFC Balanced Advantage Fund
2017-03-30,,,,162.444,HDFC Balanced Advantage Fund
2017-03-31,,,,162.916,HDFC Balanced Advantage Fund
2017-04-03,,,,164.338,HDFC Balanced Advantage Fund
2017-04-05,,,,165.752,HDFC Balanced Advantage Fund
2017-04-06,,,,165.63,HDFC Balanced Advantage Fund
2017-04-07,,,,164.373,HDFC Balanced Advantage Fund
2017-04-10,,,,164.591,HDFC Balanced Advantage Fund
2017-04-11,,,,165.708,HDFC Balanced Advantage Fund
2017-04-12,,,,164.968,HDFC Balanced Advantage Fund
2017-04-13,,,,163.812,HDFC Balanced Advantage Fund
2017-04-17,,,,163.915,HDFC Balanced Advantage Fund
2017-04-18,,,,163.302,HDFC Balanced Advantage Fund
2017-04-19,,,,163.393,HDFC Balanced Advantage Fund
2017-04-20,,,,163.866,HDFC Balanced Advantage Fund
2017-04-21,,,,163.999,HDFC Balanced Advantage Fund
2017-04-24,,,,165.951,HDFC Balanced Advantage Fund
2017-04-25,,,,166.982,HDFC Balanced Advantage Fund
2017-04-26,,,,167.302,HDFC Balanced Advantage Fund
2017-04-27,,,,166.924,HDFC Balanced Advantage Fund
2017-04-28,,,,167.308,HDFC Balanced Advantage Fund
2017-05-02,,,,166.89,HDFC Balanced Advantage Fund
2017-05-03,,,,166.662,HDFC Balanced Advantage Fund
2017-05-04,,,,168.214,HDFC Balanced Advantage Fund
2017-05-05,,,,166.512,HDFC Balanced Advantage Fund
2017-05-08,,,,167.291,HDFC Balanced Advantage Fund
2017-05-09,,,,167.672,HDFC Balanced Advantage Fund
2017-05-10,,,,168.678,HDFC Balanced Advantage Fund
2017-05-11,,,,169.212,HDFC Balanced Advantage Fund
2017-05-12,,,,168.873,HDFC Balanced Advantage Fund
2017-05-15,,,,169.916,HDFC Balanced Advantage Fund
2017-05-16,,,,170.761,HDFC Balanced Advantage Fund
2017-05-17,,,,171.735,HDFC Balanced Advantage Fund
2017-05-18,,,,169.869,HDFC Balanced Advantage Fund
2017-05-19,,,,170.21,HDFC Balanced Advantage Fund
2017-05-22,,,,169.835,HDFC Balanced Advantage Fund
2017-05-23,,,,167.565,HDFC Balanced Advantage Fund
2017-05-24,,,,165.952,HDFC Balanced Advantage Fund
2017-05-25,,,,168.925,HDFC Balanced Advantage Fund
2017-05-26,,,,170.806,HDFC Balanced Advantage Fund
2017-05-29,,,,170.27,HDFC Balanced Advantage Fund
2017-05-30,,,,171.228,HDFC Balanced Advantage Fund
2017-05-31,,,,171.432,HDFC Balanced Advantage Fund
2017-06-01,,,,171.026,HDFC Balanced Advantage Fund
2017-06-02,,,,171.143,HDFC Balanced Advantage Fund
2017-06-05,,,,171.644,HDFC Balanced Advantage Fund
2017-06-06,,,,170.896,HDFC Balanced Advantage Fund
2017-06-07,,,,171.871,HDFC Balanced Advantage Fund
2017-06-08,,,,171.736,HDFC Balanced Advantage Fund
2017-06-09,,,,172.733,HDFC Balanced Advantage Fund
2017-06-12,,,,171.449,HDFC Balanced Advantage Fund
2017-06-13,,,,171.51,HDFC Balanced Advantage Fund
2017-06-14,,,,171.776,HDFC Balanced Advantage Fund
2017-06-15,,,,171.549,HDFC Balanced Advantage Fund
2017-06-16,,,,171.848,HDFC Balanced Advantage Fund
2017-06-19,,,,173.209,HDFC Balanced Advantage Fund
2017-06-20,,,,173.24,HDFC Balanced Advantage Fund
2017-06-21,,,,172.855,HDFC Balanced Advantage Fund
2017-06-22,,,,172.528,HDFC Balanced Advantage Fund
2017-06-23,,,,171.179,HDFC Balanced Advantage Fund
2017-06-27,,,,169.774,HDFC Balanced Advantage Fund
2017-06-28,,,,169.397,HDFC Balanced Advantage Fund
2017-06-29,,,,170.239,HDFC Balanced Advantage Fund
2017-06-30,,,,170.573,HDFC Balanced Advantage Fund
2017-07-03,,,,172.486,HDFC Balanced Advantage Fund
2017-07-04,,,,172.192,HDFC Balanced Advantage Fund
2017-07-05,,,,172.642,HDFC Balanced Advantage Fund
2017-07-06,,,,173.417,HDFC Balanced Advantage Fund
2017-07-07,,,,173.43,HDFC Balanced Advantage Fund
2017-07-10,,,,174.987,HDFC Balanced Advantage Fund
2017-07-11,,,,174.897,HDFC Balanced Advantage Fund
2017-07-12,,,,175.784,HDFC Balanced Advantage Fund
2017-07-13,,,,177.456,HDFC Balanced Advantage Fund
2017-07-14,,,,177.76,HDFC Balanced Advantage Fund
2017-07-17,,,,178.036,HDFC Balanced Advantage Fund
2017-07-18,,,,175.829,HDFC Balanced Advantage Fund
2017-07-19,,,,177.165,HDFC Balanced Advantage Fund
2017-07-20,,,,176.818,HDFC Balanced Advantage Fund
2017-07-21,,,,177.146,HDFC Balanced Advantage Fund
2017-07-24,,,,178.035,HDFC Balanced Advantage Fund
2017-07-25,,,,178.582,HDFC Balanced Advantage Fund
2017-07-26,,,,179.759,HDFC Balanced Advantage Fund
2017-07-27,,,,179.001,HDFC Balanced Advantage Fund
2017-07-28,,,,178.325,HDFC Balanced Advantage Fund
2017-07-31,,,,180.122,HDFC Balanced Advantage Fund
2017-08-01,,,,180.553,HDFC Balanced Advantage Fund
2017-08-02,,,,179.754,HDFC Balanced Advantage Fund
2017-08-03,,,,177.962,HDFC Balanced Advantage Fund
2017-08-04,,,,179.002,HDFC Balanced Advantage Fund
2017-08-07,,,,179.492,HDFC Balanced Advantage Fund
2017-08-08,,,,178.067,HDFC Balanced Advantage Fund
2017-08-09,,,,176.659,HDFC Balanced Advantage Fund
2017-08-10,,,,174.125,HDFC Balanced Advantage Fund
2017-08-11,,,,171.643,HDFC Balanced Advantage Fund
2017-08-14,,,,173.937,HDFC Balanced Advantage Fund
2017-08-16,,,,175.555,HDFC Balanced Advantage Fund
2017-08-17,,,,176.476,HDFC Balanced Advantage Fund
2017-08-18,,,,174.924,HDFC Balanced Advantage Fund
2017-08-21,,,,173.207,HDFC Balanced Advantage Fund
2017-08-22,,,,173.166,HDFC Balanced Advantage Fund
2017-08-23,,,,175.167,HDFC Balanced Advantage Fund
2017-08-24,,,,175.602,HDFC Balanced Advantage Fund
2017-08-28,,,,176.408,HDFC Balanced Advantage Fund
2017-08-29,,,,174.555,HDFC Balanced Advantage Fund
2017-08-30,,,,176.005,HDFC Balanced Advantage Fund
2017-08-31,,,,176.37,HDFC Balanced Advantage Fund
2017-09-01,,,,177.062,HDFC Balanced Advantage Fund
2017-09-04,,,,176.063,HDFC Balanced Advantage Fund
2017-09-05,,,,176.82,HDFC Balanced Advantage Fund
2017-09-06,,,,176.216,HDFC Balanced Advantage Fund
2017-09-07,,,,176.413,HDFC Balanced Advantage Fund
2017-09-08,,,,176.6,HDFC Balanced Advantage Fund
2017-09-11,,,,178.203,HDFC Balanced Advantage Fund
2017-09-12,,,,179.946,HDFC Balanced Advantage Fund
2017-09-13,,,,179.555,HDFC Balanced Advantage Fund
2017-09-14,,,,179.709,HDFC Balanced Advantage Fund
2017-09-15,,,,179.633,HDFC Balanced Advantage Fund
2017-09-18,,,,180.685,HDFC Balanced Advantage Fund
2017-09-19,,,,180.717,HDFC Balanced Advantage Fund
2017-09-20,,,,180.649,HDFC Balanced Advantage Fund
2017-09-21,,,,179.849,HDFC Balanced Advantage Fund
2017-09-22,,,,176.215,HDFC Balanced Advantage Fund
2017-09-25,,,,174.699,HDFC Balanced Advantage Fund
2017-09-26,,,,175.43,HDFC Balanced Advantage Fund
2017-09-27,,,,172.414,HDFC Balanced Advantage Fund
2017-09-28,,,,173.062,HDFC Balanced Advantage Fund
2017-09-29,,,,174.372,HDFC Balanced Advantage Fund
2017-10-03,,,,175.162,HDFC Balanced Advantage Fund
2017-10-04,,,,176.067,HDFC Balanced Advantage Fund
2017-10-05,,,,176.44,HDFC Balanced Advantage Fund
2017-10-06,,,,178.177,HDFC Balanced Advantage Fund
2017-10-09,,,,178.376,HDFC Balanced Advantage Fund
2017-10-10,,,,179.091,HDFC Balanced Advantage Fund
2017-10-11,,,,177.638,HDFC Balanced Advantage Fund
2017-10-12,,,,179.445,HDFC Balanced Advantage Fund
2017-10-13,,,,180.061,HDFC Balanced Advantage Fund
2017-10-16,,,,181.359,HDFC Balanced Advantage Fund
2017-10-17,,,,181.834,HDFC Balanced Advantage Fund
2017-10-18,,,,181.029,HDFC Balanced Advantage Fund
2017-10-23,,,,180.741,HDFC Balanced Advantage Fund
2017-10-24,,,,181.897,HDFC Balanced Advantage Fund
2017-10-25,,,,187.85,HDFC Balanced Advantage Fund
2017-10-26,,,,188.934,HDFC Balanced Advantage Fund
2017-10-27,,,,188.807,HDFC Balanced Advantage Fund
2017-10-30,,,,189.739,HDFC Balanced Advantage Fund
2017-10-31,,,,189.006,HDFC Balanced Advantage Fund
2017-11-01,,,,191.485,HDFC Balanced Advantage Fund
2017-11-02,,,,191.281,HDFC Balanced Advantage Fund
2017-11-03,,,,192.232,HDFC Balanced Advantage Fund
2017-11-06,,,,193.084,HDFC Balanced Advantage Fund
2017-11-07,,,,190.32,HDFC Balanced Advantage Fund
2017-11-08,,,,189.021,HDFC Balanced Advantage Fund
2017-11-09,,,,189.239,HDFC Balanced Advantage Fund
2017-11-10,,,,190.396,HDFC Balanced Advantage Fund
2017-11-13,,,,188.615,HDFC Balanced Advantage Fund
2017-11-14,,,,187.835,HDFC Balanced Advantage Fund
2017-11-15,,,,186.469,HDFC Balanced Advantage Fund
2017-11-16,,,,188.751,HDFC Balanced Advantage Fund
2017-11-17,,,,190.265,HDFC Balanced Advantage Fund
2017-11-20,,,,190.864,HDFC Balanced Advantage Fund
2017-11-21,,,,191.206,HDFC Balanced Advantage Fund
2017-11-22,,,,191.937,HDFC Balanced Advantage Fund
2017-11-23,,,,192.375,HDFC Balanced Advantage Fund
2017-11-24,,,,192.744,HDFC Balanced Advantage Fund
2017-11-27,,,,193.247,HDFC Balanced Advantage Fund
2017-11-28,,,,192.38,HDFC Balanced Advantage Fund
2017-11-29,,,,192.331,HDFC Balanced Advantage Fund
2017-11-30,,,,190.31,HDFC Balanced Advantage Fund
2017-12-01,,,,188.229,HDFC Balanced Advantage Fund
2017-12-04,,,,188.031,HDFC Balanced Advantage Fund
2017-12-05,,,,187.771,HDFC Balanced Advantage Fund
2017-12-06,,,,185.814,HDFC Balanced Advantage Fund
2017-12-07,,,,188.182,HDFC Balanced Advantage Fund
2017-12-08,,,,189.948,HDFC Balanced Advantage Fund
2017-12-11,,,,190.762,HDFC Balanced Advantage Fund
2017-12-12,,,,189.738,HDFC Balanced Advantage Fund
2017-12-13,,,,188.341,HDFC Balanced Advantage Fund
2017-12-14,,,,189.13,HDFC Balanced Advantage Fund
2017-12-15,,,,190.371,HDFC Balanced Advantage Fund
2017-12-18,,,,191.661,HDFC Balanced Advantage Fund
2017-12-19,,,,193.303,HDFC Balanced Advantage Fund
2017-12-20,,,,193.573,HDFC Balanced Advantage Fund
2017-12-21,,,,193.975,HDFC Balanced Advantage Fund
2017-12-22,,,,195.187,HDFC Balanced Advantage Fund
2017-12-26,,,,196.047,HDFC Balanced Advantage Fund
2017-12-27,,,,194.957,HDFC Balanced Advantage Fund
2017-12-28,,,,194.967,HDFC Balanced Advantage Fund
2017-12-29,,,,195.34,HDFC Balanced Advantage Fund
2018-01-01,,,,194.191,HDFC Balanced Advantage Fund
2018-01-02,,,,194.281,HDFC Balanced Advantage Fund
2018-01-03,,,,194.633,HDFC Balanced Advantage Fund
2018-01-04,,,,196.579,HDFC Balanced Advantage Fund
2018-01-05,,,,196.811,HDFC Balanced Advantage Fund
2018-01-08,,,,197.96,HDFC Balanced Advantage Fund
2018-01-09,,,,198.269,HDFC Balanced Advantage Fund
2018-01-10,,,,197.957,HDFC Balanced Advantage Fund
2018-01-11,,,,198.052,HDFC Balanced Advantage Fund
2018-01-12,,,,198.306,HDFC Balanced Advantage Fund
2018-01-15,,,,199.126,HDFC Balanced Advantage Fund
2018-01-16,,,,197.421,HDFC Balanced Advantage Fund
2018-01-17,,,,199.471,HDFC Balanced Advantage Fund
2018-01-18,,,,199.22,HDFC Balanced Advantage Fund
2018-01-19,,,,200.315,HDFC Balanced Advantage Fund
2018-01-22,,,,200.781,HDFC Balanced Advantage Fund
2018-01-23,,,,203.798,HDFC Balanced Advantage Fund
2018-01-24,,,,203.795,HDFC Balanced Advantage Fund
2018-01-25,,,,203.308,HDFC Balanced Advantage Fund
2018-01-29,,,,202.926,HDFC Balanced Advantage Fund
2018-01-30,,,,201.823,HDFC Balanced Advantage Fund
2018-01-31,,,,200.794,HDFC Balanced Advantage Fund
2018-02-01,,,,200.47,HDFC Balanced Advantage Fund
2018-02-02,,,,195.794,HDFC Balanced Advantage Fund
2018-02-05,,,,194.116,HDFC Balanced Advantage Fund
2018-02-06,,,,191.072,HDFC Balanced Advantage Fund
2018-02-07,,,,191.823,HDFC Balanced Advantage Fund
2018-02-08,,,,194.048,HDFC Balanced Advantage Fund
2018-02-09,,,,192.482,HDFC Balanced Advantage Fund
2018-02-12,,,,194.023,HDFC Balanced Advantage Fund
2018-02-14,,,,192.849,HDFC Balanced Advantage Fund
2018-02-15,,,,193.858,HDFC Balanced Advantage Fund
2018-02-16,,,,191.807,HDFC Balanced Advantage Fund
2018-02-19,,,,190.108,HDFC Balanced Advantage Fund
2018-02-20,,,,190.117,HDFC Balanced Advantage Fund
2018-02-21,,,,190.624,HDFC Balanced Advantage Fund
2018-02-22,,,,190.063,HDFC Balanced Advantage Fund
2018-02-23,,,,192.08,HDFC Balanced Advantage Fund
2018-02-26,,,,193.475,HDFC Balanced Advantage Fund
2018-02-27,,,,192.377,HDFC Balanced Advantage Fund
2018-02-28,,,,191.505,HDFC Balanced Advantage Fund
2018-03-01,,,,190.509,HDFC Balanced Advantage Fund
2018-03-05,,,,188.418,HDFC Balanced Advantage Fund
2018-03-06,,,,186.307,HDFC Balanced Advantage Fund
2018-03-07,,,,184.095,HDFC Balanced Advantage Fund
2018-03-08,,,,185.825,HDFC Balanced Advantage Fund
2018-03-09,,,,185.048,HDFC Balanced Advantage Fund
2018-03-12,,,,188.194,HDFC Balanced Advantage Fund
2018-03-13,,,,188.872,HDFC Balanced Advantage Fund
2018-03-14,,,,188.394,HDFC Balanced Advantage Fund
2018-03-15,,,,187.457,HDFC Balanced Advantage Fund
2018-03-16,,,,184.806,HDFC Balanced Advantage Fund
2018-03-19,,,,183.532,HDFC Balanced Advantage Fund
2018-03-20,,,,183.698,HDFC Balanced Advantage Fund
2018-03-21,,,,184.134,HDFC Balanced Advantage Fund
2018-03-22,,,,183.459,HDFC Balanced Advantage Fund
2018-03-23,,,,181.168,HDFC Balanced Advantage Fund
2018-03-26,,,,183.57,HDFC Balanced Advantage Fund
2018-03-27,,,,184.963,HDFC Balanced Advantage Fund
2018-03-28,,,,183.742,HDFC Balanced Advantage Fund
2018-04-02,,,,185.34,HDFC Balanced Advantage Fund
2018-04-03,,,,186.386,HDFC Balanced Advantage Fund
2018-04-04,,,,183.728,HDFC Balanced Advantage Fund
2018-04-05,,,,187.261,HDFC Balanced Advantage Fund
2018-04-06,,,,187.505,HDFC Balanced Advantage Fund
2018-04-09,,,,188.133,HDFC Balanced Advantage Fund
2018-04-10,,,,189.029,HDFC Balanced Advantage Fund
2018-04-11,,,,189.071,HDFC Balanced Advantage Fund
2018-04-12,,,,188.854,HDFC Balanced Advantage Fund
2018-04-13,,,,189.167,HDFC Balanced Advantage Fund
2018-04-16,,,,189.699,HDFC Balanced Advantage Fund
2018-04-17,,,,190.265,HDFC Balanced Advantage Fund
2018-04-18,,,,190.017,HDFC Balanced Advantage Fund
2018-04-19,,,,191.126,HDFC Balanced Advantage Fund
2018-04-20,,,,190.458,HDFC Balanced Advantage Fund
2018-04-23,,,,190.42,HDFC Balanced Advantage Fund
2018-04-24,,,,190.482,HDFC Balanced Advantage Fund
2018-04-25,,,,188.979,HDFC Balanced Advantage Fund
2018-04-26,,,,189.215,HDFC Balanced Advantage Fund
2018-04-27,,,,191.159,HDFC Balanced Advantage Fund
2018-04-30,,,,192.09,HDFC Balanced Advantage Fund
2018-05-02,,,,191.114,HDFC Balanced Advantage Fund
2018-05-03,,,,190.818,HDFC Balanced Advantage Fund
2018-05-04,,,,189.703,HDFC Balanced Advantage Fund
2018-05-07,,,,191.55,HDFC Balanced Advantage Fund
2018-05-08,,,,191.921,HDFC Balanced Advantage Fund
2018-05-09,,,,191.846,HDFC Balanced Advantage Fund
2018-05-10,,,,191.354,HDFC Balanced Advantage Fund
2018-05-11,,,,192.753,HDFC Balanced Advantage Fund
2018-05-14,,,,192.952,HDFC Balanced Advantage Fund
2018-05-15,,,,192.384,HDFC Balanced Advantage Fund
2018-05-16,,,,190.735,HDFC Balanced Advantage Fund
2018-05-17,,,,190.123,HDFC Balanced Advantage Fund
2018-05-18,,,,187.383,HDFC Balanced Advantage Fund
2018-05-21,,,,186.757,HDFC Balanced Advantage Fund
2018-05-22,,,,187.658,HDFC Balanced Advantage Fund
2018-05-23,,,,185.077,HDFC Balanced Advantage Fund
2018-05-24,,,,185.666,HDFC Balanced Advantage Fund
2018-05-25,,,,187.798,HDFC Balanced Advantage Fund
2018-05-28,,,,190.621,HDFC Balanced Advantage Fund
2018-05-29,,,,189.757,HDFC Balanced Advantage Fund
2018-05-30,,,,188.688,HDFC Balanced Advantage Fund
2018-05-31,,,,189.613,HDFC Balanced Advantage Fund
2018-06-01,,,,188.366,HDFC Balanced Advantage Fund
2018-06-04,,,,187.017,HDFC Balanced Advantage Fund
2018-06-05,,,,185.515,HDFC Balanced Advantage Fund
2018-06-06,,,,187.072,HDFC Balanced Advantage Fund
2018-06-07,,,,188.907,HDFC Balanced Advantage Fund
2018-06-08,,,,189.176,HDFC Balanced Advantage Fund
2018-06-11,,,,189.266,HDFC Balanced Advantage Fund
2018-06-12,,,,190.283,HDFC Balanced Advantage Fund
2018-06-13,,,,190.823,HDFC Balanced Advantage Fund
2018-06-14,,,,189.717,HDFC Balanced Advantage Fund
2018-06-15,,,,189.142,HDFC Balanced Advantage Fund
2018-06-18,,,,189.162,HDFC Balanced Advantage Fund
2018-06-19,,,,187.72,HDFC Balanced Advantage Fund
2018-06-20,,,,188.138,HDFC Balanced Advantage Fund
2018-06-21,,,,187.415,HDFC Balanced Advantage Fund
2018-06-22,,,,188.164,HDFC Balanced Advantage Fund
2018-06-25,,,,186.364,HDFC Balanced Advantage Fund
2018-06-26,,,,185.94,HDFC Balanced Advantage Fund
2018-06-27,,,,183.315,HDFC Balanced Advantage Fund
2018-06-28,,,,181.87,HDFC Balanced Advantage Fund
2018-06-29,,,,184.636,HDFC Balanced Advantage Fund
2018-07-02,,,,184.143,HDFC Balanced Advantage Fund
2018-07-03,,,,184.54,HDFC Balanced Advantage Fund
2018-07-04,,,,184.44,HDFC Balanced Advantage Fund
2018-07-05,,,,183.118,HDFC Balanced Advantage Fund
2018-07-06,,,,183.571,HDFC Balanced Advantage Fund
2018-07-09,,,,185.405,HDFC Balanced Advantage Fund
2018-07-10,,,,186.674,HDFC Balanced Advantage Fund
2018-07-11,,,,185.496,HDFC Balanced Advantage Fund
2018-07-12,,,,186.043,HDFC Balanced Advantage Fund
2018-07-13,,,,185.165,HDFC Balanced Advantage Fund
2018-07-16,,,,183.069,HDFC Balanced Advantage Fund
2018-07-17,,,,185.05,HDFC Balanced Advantage Fund
2018-07-18,,,,183.883,HDFC Balanced Advantage Fund
2018-07-19,,,,183.393,HDFC Balanced Advantage Fund
2018-07-20,,,,184.326,HDFC Balanced Advantage Fund
2018-07-23,,,,185.946,HDFC Balanced Advantage Fund
2018-07-24,,,,187.826,HDFC Balanced Advantage Fund
2018-07-25,,,,187.791,HDFC Balanced Advantage Fund
2018-07-26,,,,189.898,HDFC Balanced Advantage Fund
2018-07-27,,,,191.599,HDFC Balanced Advantage Fund
2018-07-30,,,,193.594,HDFC Balanced Advantage Fund
2018-07-31,,,,193.389,HDFC Balanced Advantage Fund
2018-08-01,,,,193.266,HDFC Balanced Advantage Fund
2018-08-02,,,,192.881,HDFC Balanced Advantage Fund
2018-08-03,,,,194.772,HDFC Balanced Advantage Fund
2018-08-06,,,,195.819,HDFC Balanced Advantage Fund
2018-08-07,,,,195.236,HDFC Balanced Advantage Fund
2018-08-08,,,,195.617,HDFC Balanced Advantage Fund
2018-08-09,,,,197.595,HDFC Balanced Advantage Fund
2018-08-10,,,,195.547,HDFC Balanced Advantage Fund
2018-08-13,,,,194.168,HDFC Balanced Advantage Fund
2018-08-14,,,,194.971,HDFC Balanced Advantage Fund
2018-08-16,,,,194.902,HDFC Balanced Advantage Fund
2018-08-17,,,,196.682,HDFC Balanced Advantage Fund
2018-08-20,,,,197.738,HDFC Balanced Advantage Fund
2018-08-21,,,,197.849,HDFC Balanced Advantage Fund
2018-08-23,,,,198.159,HDFC Balanced Advantage Fund
2018-08-24,,,,197.54,HDFC Balanced Advantage Fund
2018-08-27,,,,200.167,HDFC Balanced Advantage Fund
2018-08-28,,,,199.626,HDFC Balanced Advantage Fund
2018-08-29,,,,199.693,HDFC Balanced Advantage Fund
2018-08-30,,,,200.568,HDFC Balanced Advantage Fund
2018-08-31,,,,201.192,HDFC Balanced Advantage Fund
2018-09-03,,,,199.684,HDFC Balanced Advantage Fund
2018-09-04,,,,197.747,HDFC Balanced Advantage Fund
2018-09-05,,,,197.581,HDFC Balanced Advantage Fund
2018-09-06,,,,198.815,HDFC Balanced Advantage Fund
2018-09-07,,,,199.805,HDFC Balanced Advantage Fund
2018-09-10,,,,198.24,HDFC Balanced Advantage Fund
2018-09-11,,,,196.19,HDFC Balanced Advantage Fund
2018-09-12,,,,196.888,HDFC Balanced Advantage Fund
2018-09-14,,,,198.668,HDFC Balanced Advantage Fund
2018-09-17,,,,197.651,HDFC Balanced Advantage Fund
2018-09-18,,,,194.683,HDFC Balanced Advantage Fund
2018-09-19,,,,194.895,HDFC Balanced Advantage Fund
2018-09-21,,,,193.644,HDFC Balanced Advantage Fund
2018-09-24,,,,191.298,HDFC Balanced Advantage Fund
2018-09-25,,,,191.868,HDFC Balanced Advantage Fund
2018-09-26,,,,191.849,HDFC Balanced Advantage Fund
2018-09-27,,,,190.762,HDFC Balanced Advantage Fund
2018-09-28,,,,189.295,HDFC Balanced Advantage Fund
2018-10-01,,,,190.908,HDFC Balanced Advantage Fund
2018-10-03,,,,189.422,HDFC Balanced Advantage Fund
2018-10-04,,,,187.72,HDFC Balanced Advantage Fund
2018-10-05,,,,183.741,HDFC Balanced Advantage Fund
2018-10-08,,,,183.64,HDFC Balanced Advantage Fund
2018-10-09,,,,182.787,HDFC Balanced Advantage Fund
2018-10-10,,,,186.296,HDFC Balanced Advantage Fund
2018-10-11,,,,182.911,HDFC Balanced Advantage Fund
2018-10-12,,,,185.723,HDFC Balanced Advantage Fund
2018-10-15,,,,186.152,HDFC Balanced Advantage Fund
2018-10-16,,,,187.707,HDFC Balanced Advantage Fund
2018-10-17,,,,185.493,HDFC Balanced Advantage Fund
2018-10-19,,,,184.507,HDFC Balanced Advantage Fund
2018-10-22,,,,184.255,HDFC Balanced Advantage Fund
2018-10-23,,,,182.733,HDFC Balanced Advantage Fund
2018-10-24,,,,183.179,HDFC Balanced Advantage Fund
2018-10-25,,,,181.982,HDFC Balanced Advantage Fund
2018-10-26,,,,180.863,HDFC Balanced Advantage Fund
2018-10-29,,,,187.117,HDFC Balanced Advantage Fund
2018-10-30,,,,187.363,HDFC Balanced Advantage Fund
2018-10-31,,,,190.194,HDFC Balanced Advantage Fund
2018-11-01,,,,190.328,HDFC Balanced Advantage Fund
2018-11-02,,,,191.578,HDFC Balanced Advantage Fund
2018-11-05,,,,191.402,HDFC Balanced Advantage Fund
2018-11-06,,,,191.235,HDFC Balanced Advantage Fund
2018-11-09,,,,192.468,HDFC Balanced Advantage Fund
2018-11-12,,,,190.622,HDFC Balanced Advantage Fund
2018-11-13,,,,192.183,HDFC Balanced Advantage Fund
2018-11-14,,,,192.641,HDFC Balanced Advantage Fund
2018-11-15,,,,193.372,HDFC Balanced Advantage Fund
2018-11-16,,,,193.31,HDFC Balanced Advantage Fund
2018-11-19,,,,193.615,HDFC Balanced Advantage Fund
2018-11-20,,,,191.934,HDFC Balanced Advantage Fund
2018-11-21,,,,191.325,HDFC Balanced Advantage Fund
2018-11-22,,,,189.99,HDFC Balanced Advantage Fund
2018-11-26,,,,190.764,HDFC Balanced Advantage Fund
2018-11-27,,,,191.736,HDFC Balanced Advantage Fund
2018-11-28,,,,190.938,HDFC Balanced Advantage Fund
2018-11-29,,,,191.545,HDFC Balanced Advantage Fund
2018-11-30,,,,190.955,HDFC Balanced Advantage Fund
2018-12-03,,,,192.236,HDFC Balanced Advantage Fund
2018-12-04,,,,192.604,HDFC Balanced Advantage Fund
2018-12-05,,,,190.237,HDFC Balanced Advantage Fund
2018-12-06,,,,187.93,HDFC Balanced Advantage Fund
2018-12-07,,,,188.449,HDFC Balanced Advantage Fund
2018-12-10,,,,185.988,HDFC Balanced Advantage Fund
2018-12-11,,,,187.187,HDFC Balanced Advantage Fund
2018-12-12,,,,189.961,HDFC Balanced Advantage Fund
2018-12-13,,,,191.085,HDFC Balanced Advantage Fund
2018-12-14,,,,191.971,HDFC Balanced Advantage Fund
2018-12-17,,,,193.187,HDFC Balanced Advantage Fund
2018-12-18,,,,194.149,HDFC Balanced Advantage Fund
2018-12-19,,,,195.608,HDFC Balanced Advantage Fund
2018-12-20,,,,195.196,HDFC Balanced Advantage Fund
2018-12-21,,,,193.214,HDFC Balanced Advantage Fund
2018-12-24,,,,192.478,HDFC Balanced Advantage Fund
2018-12-26,,,,193.174,HDFC Balanced Advantage Fund
2018-12-27,,,,193.948,HDFC Balanced Advantage Fund
2018-12-28,,,,195.414,HDFC Balanced Advantage Fund
2018-12-31,,,,195.728,HDFC Balanced Advantage Fund
2019-01-01,,,,196.701,HDFC Balanced Advantage Fund
2019-01-02,,,,194.865,HDFC Balanced Advantage Fund
2019-01-03,,,,193.361,HDFC Balanced Advantage Fund
2019-01-04,,,,194.522,HDFC Balanced Advantage Fund
2019-01-07,,,,194.967,HDFC Balanced Advantage Fund
2019-01-08,,,,196.444,HDFC Balanced Advantage Fund
2019-01-09,,,,196.331,HDFC Balanced Advantage Fund
2019-01-10,,,,196.458,HDFC Balanced Advantage Fund
2019-01-11,,,,195.864,HDFC Balanced Advantage Fund
2019-01-14,,,,194.867,HDFC Balanced Advantage Fund
2019-01-15,,,,196.425,HDFC Balanced Advantage Fund
2019-01-16,,,,196.914,HDFC Balanced Advantage Fund
2019-01-17,,,,196.689,HDFC Balanced Advantage Fund
2019-01-18,,,,195.591,HDFC Balanced Advantage Fund
2019-01-21,,,,195.403,HDFC Balanced Advantage Fund
2019-01-22,,,,194.49,HDFC Balanced Advantage Fund
2019-01-23,,,,193.153,HDFC Balanced Advantage Fund
2019-01-24,,,,193.359,HDFC Balanced Advantage Fund
2019-01-25,,,,192.22,HDFC Balanced Advantage Fund
2019-01-28,,,,190.186,HDFC Balanced Advantage Fund
2019-01-29,,,,190.244,HDFC Balanced Advantage Fund
2019-01-30,,,,192.119,HDFC Balanced Advantage Fund
2019-01-31,,,,194.416,HDFC Balanced Advantage Fund
2019-02-01,,,,193.267,HDFC Balanced Advantage Fund
2019-02-04,,,,191.884,HDFC Balanced Advantage Fund
2019-02-05,,,,191.129,HDFC Balanced Advantage Fund
2019-02-06,,,,193.19,HDFC Balanced Advantage Fund
2019-02-07,,,,193.509,HDFC Balanced Advantage Fund
2019-02-08,,,,190.96,HDFC Balanced Advantage Fund
2019-02-11,,,,189.71,HDFC Balanced Advantage Fund
2019-02-12,,,,189.096,HDFC Balanced Advantage Fund
2019-02-13,,,,187.313,HDFC Balanced Advantage Fund
2019-02-14,,,,186.851,HDFC Balanced Advantage Fund
2019-02-15,,,,187.002,HDFC Balanced Advantage Fund
2019-02-18,,,,185.858,HDFC Balanced Advantage Fund
2019-02-19,,,,186.351,HDFC Balanced Advantage Fund
2019-02-20,,,,188.694,HDFC Balanced Advantage Fund
2019-02-21,,,,189.681,HDFC Balanced Advantage Fund
2019-02-22,,,,190.408,HDFC Balanced Advantage Fund
2019-02-25,,,,191.03,HDFC Balanced Advantage Fund
2019-02-26,,,,190.031,HDFC Balanced Advantage Fund
2019-02-27,,,,189.952,HDFC Balanced Advantage Fund
2019-02-28,,,,190.959,HDFC Balanced Advantage Fund
2019-03-01,,,,193.266,HDFC Balanced Advantage Fund
2019-03-05,,,,196.302,HDFC Balanced Advantage Fund
2019-03-06,,,,197.404,HDFC Balanced Advantage Fund
2019-03-07,,,,197.734,HDFC Balanced Advantage Fund
2019-03-08,,,,197.305,HDFC Balanced Advantage Fund
2019-03-11,,,,199.989,HDFC Balanced Advantage Fund
2019-03-12,,,,201.591,HDFC Balanced Advantage Fund
2019-03-13,,,,201.966,HDFC Balanced Advantage Fund
2019-03-14,,,,202.207,HDFC Balanced Advantage Fund
2019-03-15,,,,204.112,HDFC Balanced Advantage Fund
2019-03-18,,,,205.13,HDFC Balanced Advantage Fund
2019-03-19,,,,206.619,HDFC Balanced Advantage Fund
2019-03-20,,,,205.407,HDFC Balanced Advantage Fund
2019-03-22,,,,204.793,HDFC Balanced Advantage Fund
2019-03-25,,,,204.247,HDFC Balanced Advantage Fund
2019-03-26,,,,206.293,HDFC Balanced Advantage Fund
2019-03-27,,,,205.862,HDFC Balanced Advantage Fund
2019-03-28,,,,208.068,HDFC Balanced Advantage Fund
2019-03-29,,,,209.082,HDFC Balanced Advantage Fund
2019-04-01,,,,209.761,HDFC Balanced Advantage Fund
2019-04-02,,,,210.358,HDFC Balanced Advantage Fund
2019-04-03,,,,208.142,HDFC Balanced Advantage Fund
2019-04-04,,,,207.38,HDFC Balanced Advantage Fund
2019-04-05,,,,208.009,HDFC Balanced Advantage Fund
2019-04-08,,,,206.89,HDFC Balanced Advantage Fund
2019-04-09,,,,208.14,HDFC Balanced Advantage Fund
2019-04-10,,,,207.074,HDFC Balanced Advantage Fund
2019-04-11,,,,206.939,HDFC Balanced Advantage Fund
2019-04-12,,,,207.868,HDFC Balanced Advantage Fund
2019-04-15,,,,207.893,HDFC Balanced Advantage Fund
2019-04-16,,,,208.801,HDFC Balanced Advantage Fund
2019-04-18,,,,207.497,HDFC Balanced Advantage Fund
2019-04-22,,,,205.136,HDFC Balanced Advantage Fund
2019-04-23,,,,204.776,HDFC Balanced Advantage Fund
2019-04-24,,,,206.633,HDFC Balanced Advantage Fund
2019-04-25,,,,205.223,HDFC Balanced Advantage Fund
2019-04-26,,,,207.432,HDFC Balanced Advantage Fund
2019-04-30,,,,207.199,HDFC Balanced Advantage Fund
2019-05-02,,,,205.83,HDFC Balanced Advantage Fund
2019-05-03,,,,206.088,HDFC Balanced Advantage Fund
2019-05-06,,,,205.352,HDFC Balanced Advantage Fund
2019-05-07,,,,203.369,HDFC Balanced Advantage Fund
2019-05-08,,,,201.288,HDFC Balanced Advantage Fund
2019-05-09,,,,200.292,HDFC Balanced Advantage Fund
2019-05-10,,,,200.493,HDFC Balanced Advantage Fund
2019-05-13,,,,197.536,HDFC Balanced Advantage Fund
2019-05-14,,,,199.166,HDFC Balanced Advantage Fund
2019-05-15,,,,197.976,HDFC Balanced Advantage Fund
2019-05-16,,,,200.097,HDFC Balanced Advantage Fund
2019-05-17,,,,201.275,HDFC Balanced Advantage Fund
2019-05-20,,,,208.392,HDFC Balanced Advantage Fund
2019-05-21,,,,206.026,HDFC Balanced Advantage Fund
2019-05-22,,,,207.102,HDFC Balanced Advantage Fund
2019-05-23,,,,207.078,HDFC Balanced Advantage Fund
2019-05-24,,,,211.663,HDFC Balanced Advantage Fund
2019-05-27,,,,214.739,HDFC Balanced Advantage Fund
2019-05-28,,,,214.956,HDFC Balanced Advantage Fund
2019-05-29,,,,213.054,HDFC Balanced Advantage Fund
2019-05-30,,,,214.61,HDFC Balanced Advantage Fund
2019-05-31,,,,214.151,HDFC Balanced Advantage Fund
2019-06-03,,,,215.475,HDFC Balanced Advantage Fund
2019-06-04,,,,214.951,HDFC Balanced Advantage Fund
2019-06-06,,,,211.839,HDFC Balanced Advantage Fund
2019-06-07,,,,212.257,HDFC Balanced Advantage Fund
2019-06-10,,,,212.498,HDFC Balanced Advantage Fund
2019-06-11,,,,213.48,HDFC Balanced Advantage Fund
2019-06-12,,,,212.531,HDFC Balanced Advantage Fund
2019-06-13,,,,212.967,HDFC Balanced Advantage Fund
2019-06-14,,,,211.971,HDFC Balanced Advantage Fund
2019-06-17,,,,209.835,HDFC Balanced Advantage Fund
2019-06-18,,,,211.223,HDFC Balanced Advantage Fund
2019-06-19,,,,210.956,HDFC Balanced Advantage Fund
2019-06-20,,,,213.596,HDFC Balanced Advantage Fund
2019-06-21,,,,212.766,HDFC Balanced Advantage Fund
2019-06-24,,,,212.595,HDFC Balanced Advantage Fund
2019-06-25,,,,214.435,HDFC Balanced Advantage Fund
2019-06-26,,,,215.808,HDFC Balanced Advantage Fund
2019-06-27,,,,215.79,HDFC Balanced Advantage Fund
2019-06-28,,,,215.525,HDFC Balanced Advantage Fund
2019-07-01,,,,215.41,HDFC Balanced Advantage Fund
2019-07-02,,,,215.982,HDFC Balanced Advantage Fund
2019-07-03,,,,216.439,HDFC Balanced Advantage Fund
2019-07-04,,,,216.72,HDFC Balanced Advantage Fund
2019-07-05,,,,214.661,HDFC Balanced Advantage Fund
2019-07-08,,,,209.801,HDFC Balanced Advantage Fund
2019-07-09,,,,210.353,HDFC Balanced Advantage Fund
2019-07-10,,,,209.112,HDFC Balanced Advantage Fund
2019-07-11,,,,210.237,HDFC Balanced Advantage Fund
2019-07-12,,,,209.971,HDFC Balanced Advantage Fund
2019-07-15,,,,209.991,HDFC Balanced Advantage Fund
2019-07-16,,,,211.681,HDFC Balanced Advantage Fund
2019-07-17,,,,212.007,HDFC Balanced Advantage Fund
2019-07-18,,,,209.268,HDFC Balanced Advantage Fund
2019-07-19,,,,207.375,HDFC Balanced Advantage Fund
2019-07-22,,,,207.084,HDFC Balanced Advantage Fund
2019-07-23,,,,206.503,HDFC Balanced Advantage Fund
2019-07-24,,,,204.546,HDFC Balanced Advantage Fund
2019-07-25,,,,204.263,HDFC Balanced Advantage Fund
2019-07-26,,,,204.694,HDFC Balanced Advantage Fund
2019-07-29,,,,203.969,HDFC Balanced Advantage Fund
2019-07-30,,,,201.489,HDFC Balanced Advantage Fund
2019-07-31,,,,202.692,HDFC Balanced Advantage Fund
2019-08-01,,,,199.714,HDFC Balanced Advantage Fund
2019-08-02,,,,198.501,HDFC Balanced Advantage Fund
2019-08-05,,,,195.974,HDFC Balanced Advantage Fund
2019-08-06,,,,197.269,HDFC Balanced Advantage Fund
2019-08-07,,,,195.24,HDFC Balanced Advantage Fund
2019-08-08,,,,197.93,HDFC Balanced Advantage Fund
2019-08-09,,,,198.154,HDFC Balanced Advantage Fund
2019-08-13,,,,195.279,HDFC Balanced Advantage Fund
2019-08-14,,,,197.507,HDFC Balanced Advantage Fund
2019-08-16,,,,198.263,HDFC Balanced Advantage Fund
2019-08-19,,,,198.306,HDFC Balanced Advantage Fund
2019-08-20,,,,196.956,HDFC Balanced Advantage Fund
2019-08-21,,,,194.69,HDFC Balanced Advantage Fund
2019-08-22,,,,191.416,HDFC Balanced Advantage Fund
2019-08-23,,,,193.03,HDFC Balanced Advantage Fund
2019-08-26,,,,196.028,HDFC Balanced Advantage Fund
2019-08-27,,,,197.72,HDFC Balanced Advantage Fund
2019-08-28,,,,196.709,HDFC Balanced Advantage Fund
2019-08-29,,,,195.267,HDFC Balanced Advantage Fund
2019-08-30,,,,196.103,HDFC Balanced Advantage Fund
2019-09-03,,,,192.55,HDFC Balanced Advantage Fund
2019-09-04,,,,194.177,HDFC Balanced Advantage Fund
2019-09-05,,,,195.293,HDFC Balanced Advantage Fund
2019-09-06,,,,197.02,HDFC Balanced Advantage Fund
2019-09-09,,,,197.999,HDFC Balanced Advantage Fund
2019-09-11,,,,198.698,HDFC Balanced Advantage Fund
2019-09-12,,,,198.332,HDFC Balanced Advantage Fund
2019-09-13,,,,200.429,HDFC Balanced Advantage Fund
2019-09-16,,,,198.946,HDFC Balanced Advantage Fund
2019-09-17,,,,195.344,HDFC Balanced Advantage Fund
2019-09-18,,,,196.432,HDFC Balanced Advantage Fund
2019-09-19,,,,193.652,HDFC Balanced Advantage Fund
2019-09-20,,,,200.621,HDFC Balanced Advantage Fund
2019-09-23,,,,204.883,HDFC Balanced Advantage Fund
2019-09-24,,,,204.044,HDFC Balanced Advantage Fund
2019-09-25,,,,201.074,HDFC Balanced Advantage Fund
2019-09-26,,,,203.553,HDFC Balanced Advantage Fund
2019-09-27,,,,202.657,HDFC Balanced Advantage Fund
2019-09-30,,,,201.509,HDFC Balanced Advantage Fund
2019-10-01,,,,198.698,HDFC Balanced Advantage Fund
2019-10-03,,,,198.794,HDFC Balanced Advantage Fund
2019-10-04,,,,196.87,HDFC Balanced Advantage Fund
2019-10-07,,,,195.078,HDFC Balanced Advantage Fund
2019-10-09,,,,197.806,HDFC Balanced Advantage Fund
2019-10-10,,,,196.116,HDFC Balanced Advantage Fund
2019-10-11,,,,197.097,HDFC Balanced Advantage Fund
2019-10-14,,,,197.128,HDFC Balanced Advantage Fund
2019-10-15,,,,197.885,HDFC Balanced Advantage Fund
2019-10-16,,,,198.3,HDFC Balanced Advantage Fund
2019-10-17,,,,200.141,HDFC Balanced Advantage Fund
2019-10-18,,,,202.172,HDFC Balanced Advantage Fund
2019-10-22,,,,201.228,HDFC Balanced Advantage Fund
2019-10-23,,,,201.962,HDFC Balanced Advantage Fund
2019-10-24,,,,200.211,HDFC Balanced Advantage Fund
2019-10-25,,,,202.186,HDFC Balanced Advantage Fund
2019-10-29,,,,205.281,HDFC Balanced Advantage Fund
2019-10-30,,,,206.684,HDFC Balanced Advantage Fund
2019-10-31,,,,208.697,HDFC Balanced Advantage Fund
2019-11-01,,,,208.925,HDFC Balanced Advantage Fund
2019-11-04,,,,210.09,HDFC Balanced Advantage Fund
2019-11-05,,,,209.271,HDFC Balanced Advantage Fund
2019-11-06,,,,209.886,HDFC Balanced Advantage Fund
2019-11-07,,,,209.862,HDFC Balanced Advantage Fund
2019-11-08,,,,207.94,HDFC Balanced Advantage Fund
2019-11-11,,,,208.604,HDFC Balanced Advantage Fund
2019-11-13,,,,205.868,HDFC Balanced Advantage Fund
2019-11-14,,,,205.898,HDFC Balanced Advantage Fund
2019-11-15,,,,206.734,HDFC Balanced Advantage Fund
2019-11-18,,,,207.669,HDFC Balanced Advantage Fund
2019-11-19,,,,208.92,HDFC Balanced Advantage Fund
2019-11-20,,,,210.062,HDFC Balanced Advantage Fund
2019-11-21,,,,208.724,HDFC Balanced Advantage Fund
2019-11-22,,,,208.63,HDFC Balanced Advantage Fund
2019-11-25,,,,210.304,HDFC Balanced Advantage Fund
2019-11-26,,,,209.684,HDFC Balanced Advantage Fund
2019-11-27,,,,210.027,HDFC Balanced Advantage Fund
2019-11-28,,,,211.938,HDFC Balanced Advantage Fund
2019-11-29,,,,210.224,HDFC Balanced Advantage Fund
2019-12-02,,,,209.64,HDFC Balanced Advantage Fund
2019-12-03,,,,207.946,HDFC Balanced Advantage Fund
2019-12-04,,,,209.147,HDFC Balanced Advantage Fund
2019-12-05,,,,208.261,HDFC Balanced Advantage Fund
2019-12-06,,,,205.641,HDFC Balanced Advantage Fund
2019-12-09,,,,205.701,HDFC Balanced Advantage Fund
2019-12-10,,,,203.723,HDFC Balanced Advantage Fund
2019-12-11,,,,204.379,HDFC Balanced Advantage Fund
2019-12-12,,,,205.993,HDFC Balanced Advantage Fund
2019-12-13,,,,208.552,HDFC Balanced Advantage Fund
2019-12-16,,,,207.883,HDFC Balanced Advantage Fund
2019-12-17,,,,209.391,HDFC Balanced Advantage Fund
2019-12-18,,,,209.062,HDFC Balanced Advantage Fund
2019-12-19,,,,209.205,HDFC Balanced Advantage Fund
2019-12-20,,,,210.256,HDFC Balanced Advantage Fund
2019-12-23,,,,209.508,HDFC Balanced Advantage Fund
2019-12-24,,,,209.155,HDFC Balanced Advantage Fund
2019-12-26,,,,207.972,HDFC Balanced Advantage Fund
2019-12-27,,,,210.741,HDFC Balanced Advantage Fund
2019-12-30,,,,210.648,HDFC Balanced Advantage Fund
2019-12-31,,,,210.604,HDFC Balanced Advantage Fund
2020-01-01,,,,211.241,HDFC Balanced Advantage Fund
2020-01-02,,,,213.141,HDFC Balanced Advantage Fund
2020-01-03,,,,212.136,HDFC Balanced Advantage Fund
2020-01-06,,,,208.011,HDFC Balanced Advantage Fund
2020-01-07,,,,208.385,HDFC Balanced Advantage Fund
2020-01-08,,,,207.461,HDFC Balanced Advantage Fund
2020-01-09,,,,210.74,HDFC Balanced Advantage Fund
2020-01-10,,,,211.639,HDFC Balanced Advantage Fund
2020-01-13,,,,213.278,HDFC Balanced Advantage Fund
2020-01-14,,,,213.662,HDFC Balanced Advantage Fund
2020-01-15,,,,213.681,HDFC Balanced Advantage Fund
2020-01-16,,,,213.084,HDFC Balanced Advantage Fund
2020-01-17,,,,212.598,HDFC Balanced Advantage Fund
2020-01-20,,,,211.35,HDFC Balanced Advantage Fund
2020-01-21,,,,210.161,HDFC Balanced Advantage Fund
2020-01-22,,,,209.298,HDFC Balanced Advantage Fund
2020-01-23,,,,211.49,HDFC Balanced Advantage Fund
2020-01-24,,,,212.54,HDFC Balanced Advantage Fund
2020-01-27,,,,211.155,HDFC Balanced Advantage Fund
2020-01-28,,,,209.844,HDFC Balanced Advantage Fund
2020-01-29,,,,211.072,HDFC Balanced Advantage Fund
2020-01-30,,,,209.806,HDFC Balanced Advantage Fund
2020-01-31,,,,208.256,HDFC Balanced Advantage Fund
2020-02-03,,,,202.249,HDFC Balanced Advantage Fund
2020-02-04,,,,205.986,HDFC Balanced Advantage Fund
2020-02-05,,,,207.989,HDFC Balanced Advantage Fund
2020-02-06,,,,209.319,HDFC Balanced Advantage Fund
2020-02-07,,,,209.685,HDFC Balanced Advantage Fund
2020-02-10,,,,207.69,HDFC Balanced Advantage Fund
2020-02-11,,,,208.958,HDFC Balanced Advantage Fund
2020-02-12,,,,209.102,HDFC Balanced Advantage Fund
2020-02-13,,,,208.859,HDFC Balanced Advantage Fund
2020-02-14,,,,207.303,HDFC Balanced Advantage Fund
2020-02-17,,,,205.465,HDFC Balanced Advantage Fund
2020-02-18,,,,205.68,HDFC Balanced Advantage Fund
2020-02-19,,,,207.911,HDFC Balanced Advantage Fund
2020-02-20,,,,208.673,HDFC Balanced Advantage Fund
2020-02-24,,,,204.799,HDFC Balanced Advantage Fund
2020-02-25,,,,204.568,HDFC Balanced Advantage Fund
2020-02-26,,,,202.559,HDFC Balanced Advantage Fund
2020-02-27,,,,201.567,HDFC Balanced Advantage Fund
2020-02-28,,,,195.075,HDFC Balanced Advantage Fund
2020-03-02,,,,193.2,HDFC Balanced Advantage Fund
2020-03-03,,,,196.875,HDFC Balanced Advantage Fund
2020-03-04,,,,196.119,HDFC Balanced Advantage Fund
2020-03-05,,,,195.889,HDFC Balanced Advantage Fund
2020-03-06,,,,190.822,HDFC Balanced Advantage Fund
2020-03-09,,,,182.655,HDFC Balanced Advantage Fund
2020-03-11,,,,181.542,HDFC Balanced Advantage Fund
2020-03-12,,,,166.703,HDFC Balanced Advantage Fund
2020-03-13,,,,173.922,HDFC Balanced Advantage Fund
2020-03-16,,,,163.878,HDFC Balanced Advantage Fund
2020-03-17,,,,160.956,HDFC Balanced Advantage Fund
2020-03-18,,,,156.654,HDFC Balanced Advantage Fund
2020-03-19,,,,152.12,HDFC Balanced Advantage Fund
2020-03-20,,,,158.266,HDFC Balanced Advantage Fund
2020-03-23,,,,142.611,HDFC Balanced Advantage Fund
2020-03-24,,,,144.505,HDFC Balanced Advantage Fund
2020-03-25,,,,148.661,HDFC Balanced Advantage Fund
2020-03-26,,,,152.656,HDFC Balanced Advantage Fund
2020-03-27,,,,155.034,HDFC Balanced Advantage Fund
2020-03-30,,,,151.595,HDFC Balanced Advantage Fund
2020-03-31,,,,157.176,HDFC Balanced Advantage Fund
2020-04-01,,,,152.819,HDFC Balanced Advantage Fund
2020-04-03,,,,151.077,HDFC Balanced Advantage Fund
2020-04-07,,,,159.061,HDFC Balanced Advantage Fund
2020-04-08,,,,158.572,HDFC Balanced Advantage Fund
2020-04-09,,,,162.91,HDFC Balanced Advantage Fund
2020-04-13,,,,162.905,HDFC Balanced Advantage Fund
2020-04-15,,,,163.257,HDFC Balanced Advantage Fund
2020-04-16,,,,166.145,HDFC Balanced Advantage Fund
2020-04-17,,,,170.273,HDFC Balanced Advantage Fund
2020-04-20,,,,169.174,HDFC Balanced Advantage Fund
2020-04-21,,,,164.93,HDFC Balanced Advantage Fund
2020-04-22,,,,166.54,HDFC Balanced Advantage Fund
2020-04-23,,,,167.362,HDFC Balanced Advantage Fund
2020-04-24,,,,164.787,HDFC Balanced Advantage Fund
2020-04-27,,,,166.101,HDFC Balanced Advantage Fund
2020-04-28,,,,166.244,HDFC Balanced Advantage Fund
2020-04-29,,,,168.739,HDFC Balanced Advantage Fund
2020-04-30,,,,172.498,HDFC Balanced Advantage Fund
2020-05-04,,,,165.535,HDFC Balanced Advantage Fund
2020-05-05,,,,164.28,HDFC Balanced Advantage Fund
2020-05-06,,,,164.378,HDFC Balanced Advantage Fund
2020-05-07,,,,162.976,HDFC Balanced Advantage Fund
2020-05-08,,,,161.759,HDFC Balanced Advantage Fund
2020-05-11,,,,161.278,HDFC Balanced Advantage Fund
2020-05-12,,,,161.697,HDFC Balanced Advantage Fund
2020-05-13,,,,165.928,HDFC Balanced Advantage Fund
2020-05-14,,,,162.896,HDFC Balanced Advantage Fund
2020-05-15,,,,162.573,HDFC Balanced Advantage Fund
2020-05-18,,,,157.604,HDFC Balanced Advantage Fund
2020-05-19,,,,157.753,HDFC Balanced Advantage Fund
2020-05-20,,,,160.176,HDFC Balanced Advantage Fund
2020-05-21,,,,160.898,HDFC Balanced Advantage Fund
2020-05-22,,,,159.737,HDFC Balanced Advantage Fund
2020-05-26,,,,160.43,HDFC Balanced Advantage Fund
2020-05-27,,,,164.13,HDFC Balanced Advantage Fund
2020-05-28,,,,165.943,HDFC Balanced Advantage Fund
2020-05-29,,,,168.075,HDFC Balanced Advantage Fund
2020-06-01,,,,171.388,HDFC Balanced Advantage Fund
2020-06-02,,,,172.427,HDFC Balanced Advantage Fund
2020-06-03,,,,173.31,HDFC Balanced Advantage Fund
2020-06-04,,,,173.427,HDFC Balanced Advantage Fund
2020-06-05,,,,177.469,HDFC Balanced Advantage Fund
2020-06-08,,,,178.738,HDFC Balanced Advantage Fund
2020-06-09,,,,176.722,HDFC Balanced Advantage Fund
2020-06-10,,,,177.495,HDFC Balanced Advantage Fund
2020-06-11,,,,174.437,HDFC Balanced Advantage Fund
2020-06-12,,,,174.691,HDFC Balanced Advantage Fund
2020-06-15,,,,172.144,HDFC Balanced Advantage Fund
2020-06-16,,,,172.481,HDFC Balanced Advantage Fund
2020-06-17,,,,172.016,HDFC Balanced Advantage Fund
2020-06-18,,,,175.614,HDFC Balanced Advantage Fund
2020-06-19,,,,177.61,HDFC Balanced Advantage Fund
2020-06-22,,,,180.907,HDFC Balanced Advantage Fund
2020-06-23,,,,184.117,HDFC Balanced Advantage Fund
2020-06-24,,,,180.553,HDFC Balanced Advantage Fund
2020-06-25,,,,180.789,HDFC Balanced Advantage Fund
2020-06-26,,,,181.793,HDFC Balanced Advantage Fund
2020-06-29,,,,179.002,HDFC Balanced Advantage Fund
2020-06-30,,,,178.498,HDFC Balanced Advantage Fund
2020-07-01,,,,180.108,HDFC Balanced Advantage Fund
2020-07-02,,,,181.258,HDFC Balanced Advantage Fund
2020-07-03,,,,181.919,HDFC Balanced Advantage Fund
2020-07-06,,,,183.695,HDFC Balanced Advantage Fund
2020-07-07,,,,183.145,HDFC Balanced Advantage Fund
2020-07-08,,,,182.571,HDFC Balanced Advantage Fund
2020-07-09,,,,183.701,HDFC Balanced Advantage Fund
2020-07-10,,,,182.512,HDFC Balanced Advantage Fund
2020-07-13,,,,182.226,HDFC Balanced Advantage Fund
2020-07-14,,,,179.11,HDFC Balanced Advantage Fund
2020-07-15,,,,179.153,HDFC Balanced Advantage Fund
2020-07-16,,,,180.629,HDFC Balanced Advantage Fund
2020-07-17,,,,183.451,HDFC Balanced Advantage Fund
2020-07-20,,,,184.219,HDFC Balanced Advantage Fund
2020-07-21,,,,187.193,HDFC Balanced Advantage Fund
2020-07-22,,,,187.232,HDFC Balanced Advantage Fund
2020-07-23,,,,188.727,HDFC Balanced Advantage Fund
2020-07-24,,,,187.197,HDFC Balanced Advantage Fund
2020-07-27,,,,185.132,HDFC Balanced Advantage Fund
2020-07-28,,,,185.825,HDFC Balanced Advantage Fund
2020-07-29,,,,186.23,HDFC Balanced Advantage Fund
2020-07-30,,,,183.866,HDFC Balanced Advantage Fund
2020-07-31,,,,184.762,HDFC Balanced Advantage Fund
2020-08-03,,,,184.196,HDFC Balanced Advantage Fund
2020-08-04,,,,185.269,HDFC Balanced Advantage Fund
2020-08-05,,,,185.738,HDFC Balanced Advantage Fund
2020-08-06,,,,187.413,HDFC Balanced Advantage Fund
2020-08-07,,,,187.228,HDFC Balanced Advantage Fund
2020-08-10,,,,189.922,HDFC Balanced Advantage Fund
2020-08-11,,,,190.912,HDFC Balanced Advantage Fund
2020-08-12,,,,191.582,HDFC Balanced Advantage Fund
2020-08-13,,,,192.357,HDFC Balanced Advantage Fund
2020-08-14,,,,190.828,HDFC Balanced Advantage Fund
2020-08-17,,,,192.564,HDFC Balanced Advantage Fund
2020-08-18,,,,193.641,HDFC Balanced Advantage Fund
2020-08-19,,,,194.613,HDFC Balanced Advantage Fund
2020-08-20,,,,195.548,HDFC Balanced Advantage Fund
2020-08-21,,,,196.879,HDFC Balanced Advantage Fund
2020-08-24,,,,197.009,HDFC Balanced Advantage Fund
2020-08-25,,,,197.291,HDFC Balanced Advantage Fund
2020-08-26,,,,197.822,HDFC Balanced Advantage Fund
2020-08-27,,,,198.144,HDFC Balanced Advantage Fund
2020-08-28,,,,199.757,HDFC Balanced Advantage Fund
2020-08-31,,,,193.369,HDFC Balanced Advantage Fund
2020-09-01,,,,194.572,HDFC Balanced Advantage Fund
2020-09-02,,,,195.47,HDFC Balanced Advantage Fund
2020-09-03,,,,194.9,HDFC Balanced Advantage Fund
2020-09-04,,,,191.307,HDFC Balanced Advantage Fund
2020-09-07,,,,190.847,HDFC Balanced Advantage Fund
2020-09-08,,,,189.158,HDFC Balanced Advantage Fund
2020-09-09,,,,186.978,HDFC Balanced Advantage Fund
2020-09-10,,,,189.015,HDFC Balanced Advantage Fund
2020-09-11,,,,189.19,HDFC Balanced Advantage Fund
2020-09-14,,,,188.956,HDFC Balanced Advantage Fund
2020-09-15,,,,190.17,HDFC Balanced Advantage Fund
2020-09-16,,,,190.556,HDFC Balanced Advantage Fund
2020-09-17,,,,189.388,HDFC Balanced Advantage Fund
2020-09-18,,,,189.592,HDFC Balanced Advantage Fund
2020-09-21,,,,184.916,HDFC Balanced Advantage Fund
2020-09-22,,,,183.229,HDFC Balanced Advantage Fund
2020-09-23,,,,182.119,HDFC Balanced Advantage Fund
2020-09-24,,,,177.204,HDFC Balanced Advantage Fund
2020-09-25,,,,181.219,HDFC Balanced Advantage Fund
2020-09-28,,,,184.787,HDFC Balanced Advantage Fund
2020-09-29,,,,183.373,HDFC Balanced Advantage Fund
2020-09-30,,,,182.769,HDFC Balanced Advantage Fund
2020-10-01,,,,184.905,HDFC Balanced Advantage Fund
2020-10-05,,,,185.283,HDFC Balanced Advantage Fund
2020-10-06,,,,185.951,HDFC Balanced Advantage Fund
2020-10-07,,,,184.804,HDFC Balanced Advantage Fund
2020-10-08,,,,185.081,HDFC Balanced Advantage Fund
2020-10-09,,,,186.971,HDFC Balanced Advantage Fund
2020-10-12,,,,186.361,HDFC Balanced Advantage Fund
2020-10-13,,,,185.589,HDFC Balanced Advantage Fund
2020-10-14,,,,185.533,HDFC Balanced Advantage Fund
2020-10-15,,,,182.549,HDFC Balanced Advantage Fund
2020-10-16,,,,184.634,HDFC Balanced Advantage Fund
2020-10-19,,,,187.442,HDFC Balanced Advantage Fund
2020-10-20,,,,187.41,HDFC Balanced Advantage Fund
2020-10-21,,,,189.09,HDFC Balanced Advantage Fund
2020-10-22,,,,189.639,HDFC Balanced Advantage Fund
2020-10-23,,,,190.784,HDFC Balanced Advantage Fund
2020-10-26,,,,188.871,HDFC Balanced Advantage Fund
2020-10-27,,,,189.85,HDFC Balanced Advantage Fund
2020-10-28,,,,187.957,HDFC Balanced Advantage Fund
2020-10-29,,,,186.756,HDFC Balanced Advantage Fund
2020-10-30,,,,186.897,HDFC Balanced Advantage Fund
2020-11-02,,,,189.357,HDFC Balanced Advantage Fund
2020-11-03,,,,191.564,HDFC Balanced Advantage Fund
2020-11-04,,,,191.55,HDFC Balanced Advantage Fund
2020-11-05,,,,195.463,HDFC Balanced Advantage Fund
2020-11-06,,,,196.12,HDFC Balanced Advantage Fund
2020-11-09,,,,198.852,HDFC Balanced Advantage Fund
2020-11-10,,,,201.544,HDFC Balanced Advantage Fund
2020-11-11,,,,204.645,HDFC Balanced Advantage Fund
2020-11-12,,,,204.103,HDFC Balanced Advantage Fund
2020-11-13,,,,205.316,HDFC Balanced Advantage Fund
2020-11-17,,,,207.492,HDFC Balanced Advantage Fund
2020-11-18,,,,209.053,HDFC Balanced Advantage Fund
2020-11-19,,,,207.579,HDFC Balanced Advantage Fund
2020-11-20,,,,208.685,HDFC Balanced Advantage Fund
2020-11-23,,,,209.137,HDFC Balanced Advantage Fund
2020-11-24,,,,210.933,HDFC Balanced Advantage Fund
2020-11-25,,,,209.746,HDFC Balanced Advantage Fund
2020-11-26,,,,211.448,HDFC Balanced Advantage Fund
2020-11-27,,,,211.155,HDFC Balanced Advantage Fund
2020-12-01,,,,213.294,HDFC Balanced Advantage Fund
2020-12-02,,,,214.292,HDFC Balanced Advantage Fund
2020-12-03,,,,217.101,HDFC Balanced Advantage Fund
2020-12-04,,,,219.611,HDFC Balanced Advantage Fund
2020-12-07,,,,222.834,HDFC Balanced Advantage Fund
2020-12-08,,,,222.548,HDFC Balanced Advantage Fund
2020-12-09,,,,223.842,HDFC Balanced Advantage Fund
2020-12-10,,,,223.17,HDFC Balanced Advantage Fund
2020-12-11,,,,225.591,HDFC Balanced Advantage Fund
2020-12-14,,,,228.152,HDFC Balanced Advantage Fund
2020-12-15,,,,227.231,HDFC Balanced Advantage Fund
2020-12-16,,,,228.18,HDFC Balanced Advantage Fund
2020-12-17,,,,227.455,HDFC Balanced Advantage Fund
2020-12-18,,,,227.963,HDFC Balanced Advantage Fund
2020-12-21,,,,218.459,HDFC Balanced Advantage Fund
2020-12-22,,,,220.988,HDFC Balanced Advantage Fund
2020-12-23,,,,223.649,HDFC Balanced Advantage Fund
2020-12-24,,,,225.426,HDFC Balanced Advantage Fund
2020-12-28,,,,227.691,HDFC Balanced Advantage Fund
2020-12-29,,,,228.025,HDFC Balanced Advantage Fund
2020-12-30,,,,227.886,HDFC Balanced Advantage Fund
2020-12-31,,,,227.882,HDFC Balanced Advantage Fund
2021-01-01,,,,229.118,HDFC Balanced Advantage Fund
2021-01-04,,,,231.609,HDFC Balanced Advantage Fund
2021-01-05,,,,232.309,HDFC Balanced Advantage Fund
2021-01-06,,,,233.112,HDFC Balanced Advantage Fund
2021-01-07,,,,233.95,HDFC Balanced Advantage Fund
2021-01-08,,,,235.796,HDFC Balanced Advantage Fund
2021-01-11,,,,235.891,HDFC Balanced Advantage Fund
2021-01-12,,,,238.013,HDFC Balanced Advantage Fund
2021-01-13,,,,240.427,HDFC Balanced Advantage Fund
2021-01-14,,,,241.236,HDFC Balanced Advantage Fund
2021-01-15,,,,238.972,HDFC Balanced Advantage Fund
2021-01-18,,,,234.895,HDFC Balanced Advantage Fund
2021-01-19,,,,238.045,HDFC Balanced Advantage Fund
2021-01-20,,,,238.931,HDFC Balanced Advantage Fund
2021-01-21,,,,236.437,HDFC Balanced Advantage Fund
2021-01-22,,,,233.293,HDFC Balanced Advantage Fund
2021-01-25,,,,231.944,HDFC Balanced Advantage Fund
2021-01-27,,,,229.431,HDFC Balanced Advantage Fund
2021-01-28,,,,229.308,HDFC Balanced Advantage Fund
2021-01-29,,,,227.699,HDFC Balanced Advantage Fund
2021-02-01,,,,236.307,HDFC Balanced Advantage Fund
2021-02-02,,,,241.791,HDFC Balanced Advantage Fund
2021-02-03,,,,245.003,HDFC Balanced Advantage Fund
2021-02-04,,,,249.252,HDFC Balanced Advantage Fund
2021-02-05,,,,251.027,HDFC Balanced Advantage Fund
2021-02-08,,,,253.747,HDFC Balanced Advantage Fund
2021-02-09,,,,252.676,HDFC Balanced Advantage Fund
2021-02-10,,,,252.584,HDFC Balanced Advantage Fund
2021-02-11,,,,252.307,HDFC Balanced Advantage Fund
2021-02-12,,,,251.905,HDFC Balanced Advantage Fund
2021-02-15,,,,254.688,HDFC Balanced Advantage Fund
2021-02-16,,,,254.749,HDFC Balanced Advantage Fund
2021-02-17,,,,255.956,HDFC Balanced Advantage Fund
2021-02-18,,,,257.977,HDFC Balanced Advantage Fund
2021-02-19,,,,254.078,HDFC Balanced Advantage Fund
2021-02-22,,,,249.679,HDFC Balanced Advantage Fund
2021-02-23,,,,251.437,HDFC Balanced Advantage Fund
2021-02-24,,,,254.546,HDFC Balanced Advantage Fund
2021-02-25,,,,258.285,HDFC Balanced Advantage Fund
2021-02-26,,,,252.162,HDFC Balanced Advantage Fund
2021-03-01,,,,255.27,HDFC Balanced Advantage Fund
2021-03-02,,,,258.128,HDFC Balanced Advantage Fund
2021-03-03,,,,260.969,HDFC Balanced Advantage Fund
2021-03-04,,,,258.898,HDFC Balanced Advantage Fund
2021-03-05,,,,255.429,HDFC Balanced Advantage Fund
2021-03-08,,,,258.154,HDFC Balanced Advantage Fund
2021-03-09,,,,257.183,HDFC Balanced Advantage Fund
2021-03-10,,,,258.258,HDFC Balanced Advantage Fund
2021-03-12,,,,257.034,HDFC Balanced Advantage Fund
2021-03-15,,,,256.313,HDFC Balanced Advantage Fund
2021-03-16,,,,255.963,HDFC Balanced Advantage Fund
2021-03-17,,,,251.888,HDFC Balanced Advantage Fund
2021-03-18,,,,249.156,HDFC Balanced Advantage Fund
2021-03-19,,,,251.181,HDFC Balanced Advantage Fund
2021-03-22,,,,250.901,HDFC Balanced Advantage Fund
2021-03-23,,,,251.506,HDFC Balanced Advantage Fund
2021-03-24,,,,247.24,HDFC Balanced Advantage Fund
2021-03-25,,,,243.874,HDFC Balanced Advantage Fund
2021-03-26,,,,245.562,HDFC Balanced Advantage Fund
2021-03-30,,,,248.057,HDFC Balanced Advantage Fund
2021-03-31,,,,248.127,HDFC Balanced Advantage Fund
2021-04-01,,,,251.496,HDFC Balanced Advantage Fund
2021-04-05,,,,247.147,HDFC Balanced Advantage Fund
2021-04-06,,,,247.442,HDFC Balanced Advantage Fund
2021-04-07,,,,249.397,HDFC Balanced Advantage Fund
2021-04-08,,,,249.581,HDFC Balanced Advantage Fund
2021-04-09,,,,248.762,HDFC Balanced Advantage Fund
2021-04-12,,,,239.872,HDFC Balanced Advantage Fund
2021-04-13,,,,243.878,HDFC Balanced Advantage Fund
2021-04-15,,,,244.403,HDFC Balanced Advantage Fund
2021-04-16,,,,244.516,HDFC Balanced Advantage Fund
2021-04-19,,,,240.67,HDFC Balanced Advantage Fund
2021-04-20,,,,241.014,HDFC Balanced Advantage Fund
2021-04-22,,,,242.122,HDFC Balanced Advantage Fund
2021-04-23,,,,242.368,HDFC Balanced Advantage Fund
2021-04-26,,,,244.368,HDFC Balanced Advantage Fund
2021-04-27,,,,246.246,HDFC Balanced Advantage Fund
2021-04-28,,,,248.192,HDFC Balanced Advantage Fund
2021-04-29,,,,247.317,HDFC Balanced Advantage Fund
2021-04-30,,,,246.761,HDFC Balanced Advantage Fund
2021-05-03,,,,246.897,HDFC Balanced Advantage Fund
2021-05-04,,,,246.776,HDFC Balanced Advantage Fund
2021-05-05,,,,249.634,HDFC Balanced Advantage Fund
2021-05-06,,,,250.283,HDFC Balanced Advantage Fund
2021-05-07,,,,251.585,HDFC Balanced Advantage Fund
2021-05-10,,,,255.597,HDFC Balanced Advantage Fund
2021-05-11,,,,258.39,HDFC Balanced Advantage Fund
2021-05-12,,,,257.848,HDFC Balanced Advantage Fund
2021-05-14,,,,255.799,HDFC Balanced Advantage Fund
2021-05-17,,,,258.892,HDFC Balanced Advantage Fund
2021-05-18,,,,260.078,HDFC Balanced Advantage Fund
2021-05-19,,,,260.726,HDFC Balanced Advantage Fund
2021-05-20,,,,259.912,HDFC Balanced Advantage Fund
2021-05-21,,,,263.356,HDFC Balanced Advantage Fund
2021-05-24,,,,265.217,HDFC Balanced Advantage Fund
2021-05-25,,,,265.487,HDFC Balanced Advantage Fund
2021-05-26,,,,265.451,HDFC Balanced Advantage Fund
2021-05-27,,,,266.497,HDFC Balanced Advantage Fund
2021-05-28,,,,266.198,HDFC Balanced Advantage Fund
2021-05-31,,,,267.418,HDFC Balanced Advantage Fund
2021-06-01,,,,267.448,HDFC Balanced Advantage Fund
2021-06-02,,,,268.772,HDFC Balanced Advantage Fund
2021-06-03,,,,269.968,HDFC Balanced Advantage Fund
2021-06-04,,,,270.685,HDFC Balanced Advantage Fund
2021-06-07,,,,273.598,HDFC Balanced Advantage Fund
2021-06-08,,,,273.581,HDFC Balanced Advantage Fund
2021-06-09,,,,273.094,HDFC Balanced Advantage Fund
2021-06-10,,,,275.124,HDFC Balanced Advantage Fund
2021-06-11,,,,275.499,HDFC Balanced Advantage Fund
2021-06-14,,,,275.121,HDFC Balanced Advantage Fund
2021-06-15,,,,274.897,HDFC Balanced Advantage Fund
2021-06-16,,,,274.149,HDFC Balanced Advantage Fund
2021-06-17,,,,271.849,HDFC Balanced Advantage Fund
2021-06-18,,,,269.085,HDFC Balanced Advantage Fund
2021-06-21,,,,270.791,HDFC Balanced Advantage Fund
2021-06-22,,,,271.037,HDFC Balanced Advantage Fund
2021-06-23,,,,270.321,HDFC Balanced Advantage Fund
2021-06-24,,,,270.08,HDFC Balanced Advantage Fund
2021-06-25,,,,272.241,HDFC Balanced Advantage Fund
2021-06-28,,,,272.619,HDFC Balanced Advantage Fund
2021-06-29,,,,271.75,HDFC Balanced Advantage Fund
2021-06-30,,,,271.625,HDFC Balanced Advantage Fund
2021-07-01,,,,271.331,HDFC Balanced Advantage Fund
2021-07-02,,,,272.15,HDFC Balanced Advantage Fund
2021-07-05,,,,274.222,HDFC Balanced Advantage Fund
2021-07-06,,,,272.978,HDFC Balanced Advantage Fund
2021-07-07,,,,273.73,HDFC Balanced Advantage Fund
2021-07-08,,,,272.23,HDFC Balanced Advantage Fund
2021-07-09,,,,272.282,HDFC Balanced Advantage Fund
2021-07-12,,,,272.807,HDFC Balanced Advantage Fund
2021-07-13,,,,274.566,HDFC Balanced Advantage Fund
2021-07-14,,,,275.491,HDFC Balanced Advantage Fund
2021-07-15,,,,275.729,HDFC Balanced Advantage Fund
2021-07-16,,,,275.681,HDFC Balanced Advantage Fund
2021-07-19,,,,275.638,HDFC Balanced Advantage Fund
2021-07-20,,,,273.356,HDFC Balanced Advantage Fund
2021-07-22,,,,275.485,HDFC Balanced Advantage Fund
2021-07-23,,,,276.737,HDFC Balanced Advantage Fund
2021-07-26,,,,276.287,HDFC Balanced Advantage Fund
2021-07-27,,,,275.182,HDFC Balanced Advantage Fund
2021-07-28,,,,274.857,HDFC Balanced Advantage Fund
2021-07-29,,,,276.536,HDFC Balanced Advantage Fund
2021-07-30,,,,276.689,HDFC Balanced Advantage Fund
2021-08-02,,,,278.592,HDFC Balanced Advantage Fund
2021-08-03,,,,280.549,HDFC Balanced Advantage Fund
2021-08-04,,,,280.927,HDFC Balanced Advantage Fund
2021-08-05,,,,279.866,HDFC Balanced Advantage Fund
2021-08-06,,,,279.862,HDFC Balanced Advantage Fund
2021-08-09,,,,278.571,HDFC Balanced Advantage Fund
2021-08-10,,,,276.011,HDFC Balanced Advantage Fund
2021-08-11,,,,276.086,HDFC Balanced Advantage Fund
2021-08-12,,,,277.645,HDFC Balanced Advantage Fund
2021-08-13,,,,278.092,HDFC Balanced Advantage Fund
2021-08-16,,,,277.59,HDFC Balanced Advantage Fund
2021-08-17,,,,275.917,HDFC Balanced Advantage Fund
2021-08-18,,,,275.458,HDFC Balanced Advantage Fund
2021-08-20,,,,271.47,HDFC Balanced Advantage Fund
2021-08-23,,,,270.154,HDFC Balanced Advantage Fund
2021-08-24,,,,272.956,HDFC Balanced Advantage Fund
2021-08-25,,,,273.766,HDFC Balanced Advantage Fund
2021-08-26,,,,273.099,HDFC Balanced Advantage Fund
2021-08-27,,,,274.806,HDFC Balanced Advantage Fund
2021-08-30,,,,278.406,HDFC Balanced Advantage Fund
2021-08-31,,,,280.02,HDFC Balanced Advantage Fund
2021-09-01,,,,280.247,HDFC Balanced Advantage Fund
2021-09-02,,,,281.122,HDFC Balanced Advantage Fund
2021-09-03,,,,282.159,HDFC Balanced Advantage Fund
2021-09-06,,,,281.744,HDFC Balanced Advantage Fund
2021-09-07,,,,281.15,HDFC Balanced Advantage Fund
2021-09-08,,,,282.402,HDFC Balanced Advantage Fund
2021-09-09,,,,282.961,HDFC Balanced Advantage Fund
2021-09-13,,,,284.192,HDFC Balanced Advantage Fund
2021-09-14,,,,285.071,HDFC Balanced Advantage Fund
2021-09-15,,,,288.145,HDFC Balanced Advantage Fund
2021-09-16,,,,290.487,HDFC Balanced Advantage Fund
2021-09-17,,,,288.844,HDFC Balanced Advantage Fund
2021-09-20,,,,285.214,HDFC Balanced Advantage Fund
2021-09-21,,,,285.975,HDFC Balanced Advantage Fund
2021-09-22,,,,287.075,HDFC Balanced Advantage Fund
2021-09-23,,,,289.886,HDFC Balanced Advantage Fund
2021-09-24,,,,287.891,HDFC Balanced Advantage Fund
2021-09-27,,,,288.611,HDFC Balanced Advantage Fund
2021-09-28,,,,290.964,HDFC Balanced Advantage Fund
2021-09-29,,,,294.891,HDFC Balanced Advantage Fund
2021-09-30,,,,294.417,HDFC Balanced Advantage Fund
2021-10-01,,,,294.092,HDFC Balanced Advantage Fund
2021-10-04,,,,296.646,HDFC Balanced Advantage Fund
2021-10-05,,,,298.211,HDFC Balanced Advantage Fund
2021-10-06,,,,295.746,HDFC Balanced Advantage Fund
2021-10-07,,,,297.146,HDFC Balanced Advantage Fund
2021-10-08,,,,297.015,HDFC Balanced Advantage Fund
2021-10-11,,,,300.146,HDFC Balanced Advantage Fund
2021-10-12,,,,301.057,HDFC Balanced Advantage Fund
2021-10-13,,,,302.64,HDFC Balanced Advantage Fund
2021-10-14,,,,305.119,HDFC Balanced Advantage Fund
2021-10-18,,,,307.852,HDFC Balanced Advantage Fund
2021-10-19,,,,304.152,HDFC Balanced Advantage Fund
2021-10-20,,,,302.199,HDFC Balanced Advantage Fund
2021-10-21,,,,303.377,HDFC Balanced Advantage Fund
2021-10-22,,,,301.207,HDFC Balanced Advantage Fund
2021-10-25,,,,301.215,HDFC Balanced Advantage Fund
2021-10-26,,,,302.64,HDFC Balanced Advantage Fund
2021-10-27,,,,303.231,HDFC Balanced Advantage Fund
2021-10-28,,,,297.448,HDFC Balanced Advantage Fund
2021-10-29,,,,296.13,HDFC Balanced Advantage Fund
2021-11-01,,,,299.151,HDFC Balanced Advantage Fund
2021-11-02,,,,299.918,HDFC Balanced Advantage Fund
2021-11-03,,,,300.193,HDFC Balanced Advantage Fund
2021-11-08,,,,303.45,HDFC Balanced Advantage Fund
2021-11-09,,,,303.831,HDFC Balanced Advantage Fund
2021-11-10,,,,303.516,HDFC Balanced Advantage Fund
2021-11-11,,,,302.198,HDFC Balanced Advantage Fund
2021-11-12,,,,302.766,HDFC Balanced Advantage Fund
2021-11-15,,,,301.358,HDFC Balanced Advantage Fund
2021-11-16,,,,299.433,HDFC Balanced Advantage Fund
2021-11-17,,,,299.089,HDFC Balanced Advantage Fund
2021-11-18,,,,297.132,HDFC Balanced Advantage Fund
2021-11-22,,,,292.391,HDFC Balanced Advantage Fund
2021-11-23,,,,295.016,HDFC Balanced Advantage Fund
2021-11-24,,,,295.432,HDFC Balanced Advantage Fund
2021-11-25,,,,295.306,HDFC Balanced Advantage Fund
2021-11-26,,,,289.685,HDFC Balanced Advantage Fund
2021-11-29,,,,287.422,HDFC Balanced Advantage Fund
2021-11-30,,,,287.339,HDFC Balanced Advantage Fund
2021-12-01,,,,289.571,HDFC Balanced Advantage Fund
2021-12-02,,,,291.418,HDFC Balanced Advantage Fund
2021-12-03,,,,290.658,HDFC Balanced Advantage Fund
2021-12-06,,,,288.461,HDFC Balanced Advantage Fund
2021-12-07,,,,290.911,HDFC Balanced Advantage Fund
2021-12-08,,,,293.693,HDFC Balanced Advantage Fund
2021-12-09,,,,294.482,HDFC Balanced Advantage Fund
2021-12-10,,,,294.607,HDFC Balanced Advantage Fund
2021-12-13,,,,293.768,HDFC Balanced Advantage Fund
2021-12-14,,,,293.864,HDFC Balanced Advantage Fund
2021-12-15,,,,292.433,HDFC Balanced Advantage Fund
2021-12-16,,,,291.581,HDFC Balanced Advantage Fund
2021-12-17,,,,288.19,HDFC Balanced Advantage Fund
2021-12-20,,,,282.719,HDFC Balanced Advantage Fund
2021-12-21,,,,284.263,HDFC Balanced Advantage Fund
2021-12-22,,,,286.414,HDFC Balanced Advantage Fund
2021-12-23,,,,288.31,HDFC Balanced Advantage Fund
2021-12-24,,,,286.277,HDFC Balanced Advantage Fund
2021-12-27,,,,286.899,HDFC Balanced Advantage Fund
2021-12-28,,,,289.057,HDFC Balanced Advantage Fund
2021-12-29,,,,288.413,HDFC Balanced Advantage Fund
2021-12-30,,,,288.33,HDFC Balanced Advantage Fund
2021-12-31,,,,289.664,HDFC Balanced Advantage Fund
2022-01-03,,,,292.896,HDFC Balanced Advantage Fund
2022-01-04,,,,294.972,HDFC Balanced Advantage Fund
2022-01-05,,,,296.51,HDFC Balanced Advantage Fund
2022-01-06,,,,296.448,HDFC Balanced Advantage Fund
2022-01-07,,,,296.969,HDFC Balanced Advantage Fund
2022-01-10,,,,300.113,HDFC Balanced Advantage Fund
2022-01-11,,,,299.911,HDFC Balanced Advantage Fund
2022-01-12,,,,301.599,HDFC Balanced Advantage Fund
2022-01-13,,,,303.282,HDFC Balanced Advantage Fund
2022-01-14,,,,303.161,HDFC Balanced Advantage Fund
2022-01-17,,,,304.363,HDFC Balanced Advantage Fund
2022-01-18,,,,301.858,HDFC Balanced Advantage Fund
2022-01-19,,,,302.598,HDFC Balanced Advantage Fund
2022-01-20,,,,302.078,HDFC Balanced Advantage Fund
2022-01-21,,,,298.493,HDFC Balanced Advantage Fund
2022-01-24,,,,294.69,HDFC Balanced Advantage Fund
2022-01-25,,,,298.617,HDFC Balanced Advantage Fund
2022-01-27,,,,299.243,HDFC Balanced Advantage Fund
2022-01-28,,,,300.084,HDFC Balanced Advantage Fund
2022-01-31,,,,302.774,HDFC Balanced Advantage Fund
2022-02-01,,,,303.59,HDFC Balanced Advantage Fund
2022-02-02,,,,305.523,HDFC Balanced Advantage Fund
2022-02-03,,,,304.498,HDFC Balanced Advantage Fund
2022-02-04,,,,302.927,HDFC Balanced Advantage Fund
2022-02-07,,,,301.753,HDFC Balanced Advantage Fund
2022-02-08,,,,301.415,HDFC Balanced Advantage Fund
2022-02-09,,,,303.56,HDFC Balanced Advantage Fund
2022-02-10,,,,304.677,HDFC Balanced Advantage Fund
2022-02-11,,,,302.738,HDFC Balanced Advantage Fund
2022-02-14,,,,295.549,HDFC Balanced Advantage Fund
2022-02-15,,,,299.987,HDFC Balanced Advantage Fund
2022-02-16,,,,299.396,HDFC Balanced Advantage Fund
2022-02-17,,,,298.259,HDFC Balanced Advantage Fund
2022-02-18,,,,298.236,HDFC Balanced Advantage Fund
2022-02-21,,,,296.263,HDFC Balanced Advantage Fund
2022-02-22,,,,293.904,HDFC Balanced Advantage Fund
2022-02-23,,,,294.206,HDFC Balanced Advantage Fund
2022-02-24,,,,284.888,HDFC Balanced Advantage Fund
2022-02-25,,,,290.97,HDFC Balanced Advantage Fund
2022-02-28,,,,293.467,HDFC Balanced Advantage Fund
2022-03-02,,,,293.432,HDFC Balanced Advantage Fund
2022-03-03,,,,293.484,HDFC Balanced Advantage Fund
2022-03-04,,,,290.752,HDFC Balanced Advantage Fund
2022-03-07,,,,287.383,HDFC Balanced Advantage Fund
2022-03-08,,,,289.357,HDFC Balanced Advantage Fund
2022-03-09,,,,291.374,HDFC Balanced Advantage Fund
2022-03-10,,,,293.288,HDFC Balanced Advantage Fund
2022-03-11,,,,294.812,HDFC Balanced Advantage Fund
2022-03-14,,,,296.394,HDFC Balanced Advantage Fund
2022-03-15,,,,294.508,HDFC Balanced Advantage Fund
2022-03-16,,,,297.717,HDFC Balanced Advantage Fund
2022-03-17,,,,300.524,HDFC Balanced Advantage Fund
2022-03-21,,,,299.287,HDFC Balanced Advantage Fund
2022-03-22,,,,300.844,HDFC Balanced Advantage Fund
2022-03-23,,,,300.222,HDFC Balanced Advantage Fund
2022-03-24,,,,300.673,HDFC Balanced Advantage Fund
2022-03-25,,,,300.151,HDFC Balanced Advantage Fund
2022-03-28,,,,301.492,HDFC Balanced Advantage Fund
2022-03-29,,,,301.342,HDFC Balanced Advantage Fund
2022-03-30,,,,302.08,HDFC Balanced Advantage Fund
2022-03-31,,,,302.156,HDFC Balanced Advantage Fund
2022-04-01,,,,306.724,HDFC Balanced Advantage Fund
2022-04-04,,,,310.105,HDFC Balanced Advantage Fund
2022-04-05,,,,310.979,HDFC Balanced Advantage Fund
2022-04-06,,,,312.305,HDFC Balanced Advantage Fund
2022-04-07,,,,311.717,HDFC Balanced Advantage Fund
2022-04-08,,,,313.762,HDFC Balanced Advantage Fund
2022-04-11,,,,314.186,HDFC Balanced Advantage Fund
2022-04-12,,,,311.851,HDFC Balanced Advantage Fund
2022-04-13,,,,312.179,HDFC Balanced Advantage Fund
2022-04-18,,,,312.352,HDFC Balanced Advantage Fund
2022-04-19,,,,311.486,HDFC Balanced Advantage Fund
2022-04-20,,,,311.779,HDFC Balanced Advantage Fund
2022-04-21,,,,314.61,HDFC Balanced Advantage Fund
2022-04-22,,,,312.24,HDFC Balanced Advantage Fund
2022-04-25,,,,307.805,HDFC Balanced Advantage Fund
2022-04-26,,,,310.623,HDFC Balanced Advantage Fund
2022-04-27,,,,308.266,HDFC Balanced Advantage Fund
2022-04-28,,,,310.421,HDFC Balanced Advantage Fund
2022-04-29,,,,307.437,HDFC Balanced Advantage Fund
2022-05-02,,,,307.428,HDFC Balanced Advantage Fund
2022-05-04,,,,303.628,HDFC Balanced Advantage Fund
2022-05-05,,,,303.653,HDFC Balanced Advantage Fund
2022-05-06,,,,302.35,HDFC Balanced Advantage Fund
2022-05-09,,,,300.348,HDFC Balanced Advantage Fund
2022-05-10,,,,297.909,HDFC Balanced Advantage Fund
2022-05-11,,,,296.247,HDFC Balanced Advantage Fund
2022-05-12,,,,292.418,HDFC Balanced Advantage Fund
2022-05-13,,,,291.231,HDFC Balanced Advantage Fund
2022-05-16,,,,293.299,HDFC Balanced Advantage Fund
2022-05-17,,,,298.839,HDFC Balanced Advantage Fund
2022-05-18,,,,297.791,HDFC Balanced Advantage Fund
2022-05-19,,,,294.52,HDFC Balanced Advantage Fund
2022-05-20,,,,299.326,HDFC Balanced Advantage Fund
2022-05-23,,,,298.834,HDFC Balanced Advantage Fund
2022-05-24,,,,297.501,HDFC Balanced Advantage Fund
2022-05-25,,,,296.603,HDFC Balanced Advantage Fund
2022-05-26,,,,299.185,HDFC Balanced Advantage Fund
2022-05-27,,,,300.202,HDFC Balanced Advantage Fund
2022-05-30,,,,303.259,HDFC Balanced Advantage Fund
2022-05-31,,,,303.729,HDFC Balanced Advantage Fund
2022-06-01,,,,304.312,HDFC Balanced Advantage Fund
2022-06-02,,,,305.284,HDFC Balanced Advantage Fund
2022-06-03,,,,303.741,HDFC Balanced Advantage Fund
2022-06-06,,,,303.052,HDFC Balanced Advantage Fund
2022-06-07,,,,302.55,HDFC Balanced Advantage Fund
2022-06-08,,,,302.711,HDFC Balanced Advantage Fund
2022-06-09,,,,303.511,HDFC Balanced Advantage Fund
2022-06-10,,,,301.565,HDFC Balanced Advantage Fund
2022-06-13,,,,295.581,HDFC Balanced Advantage Fund
2022-06-14,,,,295.503,HDFC Balanced Advantage Fund
2022-06-15,,,,295.106,HDFC Balanced Advantage Fund
2022-06-16,,,,290.437,HDFC Balanced Advantage Fund
2022-06-17,,,,289.97,HDFC Balanced Advantage Fund
2022-06-20,,,,288.162,HDFC Balanced Advantage Fund
2022-06-21,,,,293.09,HDFC Balanced Advantage Fund
2022-06-22,,,,290.835,HDFC Balanced Advantage Fund
2022-06-23,,,,291.966,HDFC Balanced Advantage Fund
2022-06-24,,,,293.41,HDFC Balanced Advantage Fund
2022-06-27,,,,295.754,HDFC Balanced Advantage Fund
2022-06-28,,,,296.522,HDFC Balanced Advantage Fund
2022-06-29,,,,296.18,HDFC Balanced Advantage Fund
2022-06-30,,,,296.125,HDFC Balanced Advantage Fund
2022-07-01,,,,296.69,HDFC Balanced Advantage Fund
2022-07-04,,,,298.272,HDFC Balanced Advantage Fund
2022-07-05,,,,297.799,HDFC Balanced Advantage Fund
2022-07-06,,,,299.614,HDFC Balanced Advantage Fund
2022-07-07,,,,302.219,HDFC Balanced Advantage Fund
2022-07-08,,,,304.117,HDFC Balanced Advantage Fund
2022-07-11,,,,304.785,HDFC Balanced Advantage Fund
2022-07-12,,,,303.432,HDFC Balanced Advantage Fund
2022-07-13,,,,302.451,HDFC Balanced Advantage Fund
2022-07-14,,,,301.658,HDFC Balanced Advantage Fund
2022-07-15,,,,302.74,HDFC Balanced Advantage Fund
2022-07-18,,,,305.667,HDFC Balanced Advantage Fund
2022-07-19,,,,307.297,HDFC Balanced Advantage Fund
2022-07-20,,,,308.821,HDFC Balanced Advantage Fund
2022-07-21,,,,309.947,HDFC Balanced Advantage Fund
2022-07-22,,,,310.478,HDFC Balanced Advantage Fund
2022-07-25,,,,310.889,HDFC Balanced Advantage Fund
2022-07-26,,,,309.437,HDFC Balanced Advantage Fund
2022-07-27,,,,311.806,HDFC Balanced Advantage Fund
2022-07-28,,,,313.662,HDFC Balanced Advantage Fund
2022-07-29,,,,316.375,HDFC Balanced Advantage Fund
2022-08-01,,,,318.967,HDFC Balanced Advantage Fund
2022-08-02,,,,319.75,HDFC Balanced Advantage Fund
2022-08-03,,,,319.571,HDFC Balanced Advantage Fund
2022-08-04,,,,318.647,HDFC Balanced Advantage Fund
2022-08-05,,,,318.836,HDFC Balanced Advantage Fund
2022-08-08,,,,320.719,HDFC Balanced Advantage Fund
2022-08-10,,,,321.203,HDFC Balanced Advantage Fund
2022-08-11,,,,323.259,HDFC Balanced Advantage Fund
2022-08-12,,,,324.596,HDFC Balanced Advantage Fund
2022-08-16,,,,325.884,HDFC Balanced Advantage Fund
2022-08-17,,,,327.594,HDFC Balanced Advantage Fund
2022-08-18,,,,327.616,HDFC Balanced Advantage Fund
2022-08-19,,,,325.348,HDFC Balanced Advantage Fund
2022-08-22,,,,322.677,HDFC Balanced Advantage Fund
2022-08-23,,,,324.67,HDFC Balanced Advantage Fund
2022-08-24,,,,325.287,HDFC Balanced Advantage Fund
2022-08-25,,,,325.012,HDFC Balanced Advantage Fund
2022-08-26,,,,326.375,HDFC Balanced Advantage Fund
2022-08-29,,,,324.09,HDFC Balanced Advantage Fund
2022-08-30,,,,329.222,HDFC Balanced Advantage Fund
2022-09-01,,,,327.642,HDFC Balanced Advantage Fund
2022-09-02,,,,328.02,HDFC Balanced Advantage Fund
2022-09-05,,,,329.548,HDFC Balanced Advantage Fund
2022-09-06,,,,330.078,HDFC Balanced Advantage Fund
2022-09-07,,,,330.572,HDFC Balanced Advantage Fund
2022-09-08,,,,332.531,HDFC Balanced Advantage Fund
2022-09-09,,,,332.788,HDFC Balanced Advantage Fund
2022-09-12,,,,333.708,HDFC Balanced Advantage Fund
2022-09-13,,,,334.774,HDFC Balanced Advantage Fund
2022-09-14,,,,334.767,HDFC Balanced Advantage Fund
2022-09-15,,,,334.772,HDFC Balanced Advantage Fund
2022-09-16,,,,330.581,HDFC Balanced Advantage Fund
2022-09-19,,,,331.386,HDFC Balanced Advantage Fund
2022-09-20,,,,333.218,HDFC Balanced Advantage Fund
2022-09-21,,,,331.912,HDFC Balanced Advantage Fund
2022-09-22,,,,330.81,HDFC Balanced Advantage Fund
2022-09-23,,,,326.466,HDFC Balanced Advantage Fund
2022-09-26,,,,321.305,HDFC Balanced Advantage Fund
2022-09-27,,,,321.155,HDFC Balanced Advantage Fund
2022-09-28,,,,319.084,HDFC Balanced Advantage Fund
2022-09-29,,,,319.621,HDFC Balanced Advantage Fund
2022-09-30,,,,322.226,HDFC Balanced Advantage Fund
2022-10-03,,,,320.613,HDFC Balanced Advantage Fund
2022-10-04,,,,325.842,HDFC Balanced Advantage Fund
2022-10-06,,,,328.04,HDFC Balanced Advantage Fund
2022-10-07,,,,327.398,HDFC Balanced Advantage Fund
2022-10-10,,,,326.707,HDFC Balanced Advantage Fund
2022-10-11,,,,323.728,HDFC Balanced Advantage Fund
2022-10-12,,,,325.611,HDFC Balanced Advantage Fund
2022-10-13,,,,324.367,HDFC Balanced Advantage Fund
2022-10-14,,,,325.942,HDFC Balanced Advantage Fund
2022-10-17,,,,327.837,HDFC Balanced Advantage Fund
2022-10-18,,,,330.799,HDFC Balanced Advantage Fund
2022-10-19,,,,330.406,HDFC Balanced Advantage Fund
2022-10-20,,,,330.995,HDFC Balanced Advantage Fund
2022-10-21,,,,330.921,HDFC Balanced Advantage Fund
2022-10-25,,,,334.405,HDFC Balanced Advantage Fund
2022-10-27,,,,336.079,HDFC Balanced Advantage Fund
2022-10-28,,,,336.15,HDFC Balanced Advantage Fund
2022-10-31,,,,338.291,HDFC Balanced Advantage Fund
2022-11-01,,,,339.763,HDFC Balanced Advantage Fund
2022-11-02,,,,339.39,HDFC Balanced Advantage Fund
2022-11-03,,,,339.423,HDFC Balanced Advantage Fund
2022-11-04,,,,339.561,HDFC Balanced Advantage Fund
2022-11-07,,,,342.244,HDFC Balanced Advantage Fund
2022-11-09,,,,342.194,HDFC Balanced Advantage Fund
2022-11-10,,,,340.391,HDFC Balanced Advantage Fund
2022-11-11,,,,343.377,HDFC Balanced Advantage Fund
2022-11-14,,,,342.421,HDFC Balanced Advantage Fund
2022-11-15,,,,343.456,HDFC Balanced Advantage Fund
2022-11-16,,,,343.712,HDFC Balanced Advantage Fund
2022-11-17,,,,343.347,HDFC Balanced Advantage Fund
2022-11-18,,,,342.373,HDFC Balanced Advantage Fund
2022-11-21,,,,341.136,HDFC Balanced Advantage Fund
2022-11-22,,,,342.429,HDFC Balanced Advantage Fund
2022-11-23,,,,343.362,HDFC Balanced Advantage Fund
2022-11-24,,,,345.958,HDFC Balanced Advantage Fund
2022-11-25,,,,347.293,HDFC Balanced Advantage Fund
2022-11-28,,,,348.482,HDFC Balanced Advantage Fund
2022-11-29,,,,348.463,HDFC Balanced Advantage Fund
2022-11-30,,,,349.536,HDFC Balanced Advantage Fund
2022-12-01,,,,350.517,HDFC Balanced Advantage Fund
2022-12-02,,,,349.97,HDFC Balanced Advantage Fund
2022-12-05,,,,350.733,HDFC Balanced Advantage Fund
2022-12-06,,,,349.663,HDFC Balanced Advantage Fund
2022-12-07,,,,349.597,HDFC Balanced Advantage Fund
2022-12-08,,,,350.813,HDFC Balanced Advantage Fund
2022-12-09,,,,349.641,HDFC Balanced Advantage Fund
2022-12-12,,,,350.642,HDFC Balanced Advantage Fund
2022-12-13,,,,351.838,HDFC Balanced Advantage Fund
2022-12-14,,,,352.946,HDFC Balanced Advantage Fund
2022-12-15,,,,350.268,HDFC Balanced Advantage Fund
2022-12-16,,,,347.611,HDFC Balanced Advantage Fund
2022-12-19,,,,349.253,HDFC Balanced Advantage Fund
2022-12-20,,,,349.122,HDFC Balanced Advantage Fund
2022-12-21,,,,345.463,HDFC Balanced Advantage Fund
2022-12-22,,,,343.741,HDFC Balanced Advantage Fund
2022-12-23,,,,338.429,HDFC Balanced Advantage Fund
2022-12-26,,,,343.326,HDFC Balanced Advantage Fund
2022-12-27,,,,344.641,HDFC Balanced Advantage Fund
2022-12-28,,,,344.954,HDFC Balanced Advantage Fund
2022-12-29,,,,346.371,HDFC Balanced Advantage Fund
2022-12-30,,,,346.334,HDFC Balanced Advantage Fund
2023-01-02,,,,348.365,HDFC Balanced Advantage Fund
2023-01-03,,,,349.306,HDFC Balanced Advantage Fund
2023-01-04,,,,346.705,HDFC Balanced Advantage Fund
2023-01-05,,,,347.324,HDFC Balanced Advantage Fund
2023-01-06,,,,345.809,HDFC Balanced Advantage Fund
2023-01-09,,,,348.128,HDFC Balanced Advantage Fund
2023-01-10,,,,345.906,HDFC Balanced Advantage Fund
2023-01-11,,,,345.601,HDFC Balanced Advantage Fund
2023-01-12,,,,345.291,HDFC Balanced Advantage Fund
2023-01-13,,,,346.511,HDFC Balanced Advantage Fund
2023-01-16,,,,345.892,HDFC Balanced Advantage Fund
2023-01-17,,,,346.523,HDFC Balanced Advantage Fund
2023-01-18,,,,348.079,HDFC Balanced Advantage Fund
2023-01-19,,,,348.313,HDFC Balanced Advantage Fund
2023-01-20,,,,348.382,HDFC Balanced Advantage Fund
2023-01-23,,,,349.795,HDFC Balanced Advantage Fund
2023-01-24,,,,349.127,HDFC Balanced Advantage Fund
2023-01-25,,,,345.981,HDFC Balanced Advantage Fund
2023-01-27,,,,341.543,HDFC Balanced Advantage Fund
2023-01-30,,,,341.512,HDFC Balanced Advantage Fund
2023-01-31,,,,344.149,HDFC Balanced Advantage Fund
2023-02-01,,,,342.256,HDFC Balanced Advantage Fund
2023-02-02,,,,342.277,HDFC Balanced Advantage Fund
2023-02-03,,,,344.426,HDFC Balanced Advantage Fund
2023-02-06,,,,344.63,HDFC Balanced Advantage Fund
2023-02-07,,,,344.414,HDFC Balanced Advantage Fund
2023-02-08,,,,345.333,HDFC Balanced Advantage Fund
2023-02-09,,,,345.579,HDFC Balanced Advantage Fund
2023-02-10,,,,345.277,HDFC Balanced Advantage Fund
2023-02-13,,,,343.744,HDFC Balanced Advantage Fund
2023-02-14,,,,344.676,HDFC Balanced Advantage Fund
2023-02-15,,,,345.707,HDFC Balanced Advantage Fund
2023-02-16,,,,346.861,HDFC Balanced Advantage Fund
2023-02-17,,,,345.992,HDFC Balanced Advantage Fund
2023-02-20,,,,345.07,HDFC Balanced Advantage Fund
2023-02-21,,,,344.752,HDFC Balanced Advantage Fund
2023-02-22,,,,342.109,HDFC Balanced Advantage Fund
2023-02-23,,,,342.206,HDFC Balanced Advantage Fund
2023-02-24,,,,342.042,HDFC Balanced Advantage Fund
2023-02-27,,,,341.186,HDFC Balanced Advantage Fund
2023-02-28,,,,340.588,HDFC Balanced Advantage Fund
2023-03-01,,,,343.024,HDFC Balanced Advantage Fund
2023-03-02,,,,342.393,HDFC Balanced Advantage Fund
2023-03-03,,,,345.641,HDFC Balanced Advantage Fund
2023-03-06,,,,347.649,HDFC Balanced Advantage Fund
2023-03-08,,,,349.046,HDFC Balanced Advantage Fund
2023-03-09,,,,347.926,HDFC Balanced Advantage Fund
2023-03-10,,,,346.213,HDFC Balanced Advantage Fund
2023-03-13,,,,342.788,HDFC Balanced Advantage Fund
2023-03-14,,,,341.714,HDFC Balanced Advantage Fund
2023-03-15,,,,340.946,HDFC Balanced Advantage Fund
2023-03-16,,,,341.596,HDFC Balanced Advantage Fund
2023-03-17,,,,342.392,HDFC Balanced Advantage Fund
2023-03-20,,,,340.835,HDFC Balanced Advantage Fund
2023-03-21,,,,342.236,HDFC Balanced Advantage Fund
2023-03-22,,,,342.369,HDFC Balanced Advantage Fund
2023-03-23,,,,341.37,HDFC Balanced Advantage Fund
2023-03-24,,,,339.661,HDFC Balanced Advantage Fund
2023-03-27,,,,339.46,HDFC Balanced Advantage Fund
2023-03-28,,,,339.034,HDFC Balanced Advantage Fund
2023-03-29,,,,341.813,HDFC Balanced Advantage Fund
2023-03-31,,,,344.595,HDFC Balanced Advantage Fund
2023-04-03,,,,345.771,HDFC Balanced Advantage Fund
2023-04-05,,,,347.301,HDFC Balanced Advantage Fund
2023-04-06,,,,348.338,HDFC Balanced Advantage Fund
2023-04-10,,,,349.207,HDFC Balanced Advantage Fund
2023-04-11,,,,350.415,HDFC Balanced Advantage Fund
2023-04-12,,,,351.003,HDFC Balanced Advantage Fund
2023-04-13,,,,350.493,HDFC Balanced Advantage Fund
2023-04-17,,,,350.028,HDFC Balanced Advantage Fund
2023-04-18,,,,350.254,HDFC Balanced Advantage Fund
2023-04-19,,,,349.692,HDFC Balanced Advantage Fund
2023-04-20,,,,350.337,HDFC Balanced Advantage Fund
2023-04-21,,,,350.31,HDFC Balanced Advantage Fund
2023-04-24,,,,352.107,HDFC Balanced Advantage Fund
2023-04-25,,,,352.47,HDFC Balanced Advantage Fund
2023-04-26,,,,353.235,HDFC Balanced Advantage Fund
2023-04-27,,,,354.334,HDFC Balanced Advantage Fund
2023-04-28,,,,356.817,HDFC Balanced Advantage Fund
2023-05-02,,,,358.29,HDFC Balanced Advantage Fund
2023-05-03,,,,358.587,HDFC Balanced Advantage Fund
2023-05-04,,,,360.031,HDFC Balanced Advantage Fund
2023-05-05,,,,357.738,HDFC Balanced Advantage Fund
2023-05-08,,,,359.118,HDFC Balanced Advantage Fund
2023-05-09,,,,357.952,HDFC Balanced Advantage Fund
2023-05-10,,,,358.508,HDFC Balanced Advantage Fund
2023-05-11,,,,358.314,HDFC Balanced Advantage Fund
2023-05-12,,,,358.252,HDFC Balanced Advantage Fund
2023-05-15,,,,360.261,HDFC Balanced Advantage Fund
2023-05-16,,,,360.392,HDFC Balanced Advantage Fund
2023-05-17,,,,360.002,HDFC Balanced Advantage Fund
2023-05-18,,,,358.744,HDFC Balanced Advantage Fund
2023-05-19,,,,358.876,HDFC Balanced Advantage Fund
2023-05-22,,,,359.421,HDFC Balanced Advantage Fund
2023-05-23,,,,359.894,HDFC Balanced Advantage Fund
2023-05-24,,,,359.703,HDFC Balanced Advantage Fund
2023-05-25,,,,359.859,HDFC Balanced Advantage Fund
2023-05-26,,,,361.112,HDFC Balanced Advantage Fund
2023-05-29,,,,362.812,HDFC Balanced Advantage Fund
2023-05-30,,,,363.439,HDFC Balanced Advantage Fund
2023-05-31,,,,362.993,HDFC Balanced Advantage Fund
2023-06-01,,,,362.278,HDFC Balanced Advantage Fund
2023-06-02,,,,363.597,HDFC Balanced Advantage Fund
2023-06-05,,,,364.752,HDFC Balanced Advantage Fund
2023-06-06,,,,365.269,HDFC Balanced Advantage Fund
2023-06-07,,,,366.901,HDFC Balanced Advantage Fund
2023-06-08,,,,366.303,HDFC Balanced Advantage Fund
2023-06-09,,,,366.388,HDFC Balanced Advantage Fund
2023-06-12,,,,367.939,HDFC Balanced Advantage Fund
2023-06-13,,,,368.866,HDFC Balanced Advantage Fund
2023-06-14,,,,368.57,HDFC Balanced Advantage Fund
2023-06-15,,,,367.971,HDFC Balanced Advantage Fund
2023-06-16,,,,369.979,HDFC Balanced Advantage Fund
2023-06-19,,,,370.074,HDFC Balanced Advantage Fund
2023-06-20,,,,371.313,HDFC Balanced Advantage Fund
2023-06-21,,,,372.119,HDFC Balanced Advantage Fund
2023-06-22,,,,370.75,HDFC Balanced Advantage Fund
2023-06-23,,,,369.116,HDFC Balanced Advantage Fund
2023-06-26,,,,369.532,HDFC Balanced Advantage Fund
2023-06-27,,,,371.457,HDFC Balanced Advantage Fund
2023-06-28,,,,373.515,HDFC Balanced Advantage Fund
2023-06-30,,,,375.621,HDFC Balanced Advantage Fund
2023-07-03,,,,377.65,HDFC Balanced Advantage Fund
2023-07-04,,,,377.936,HDFC Balanced Advantage Fund
2023-07-05,,,,378.465,HDFC Balanced Advantage Fund
2023-07-06,,,,380.282,HDFC Balanced Advantage Fund
2023-07-07,,,,379.3,HDFC Balanced Advantage Fund
2023-07-10,,,,379.279,HDFC Balanced Advantage Fund
2023-07-11,,,,381.366,HDFC Balanced Advantage Fund
2023-07-12,,,,380.98,HDFC Balanced Advantage Fund
2023-07-13,,,,380.147,HDFC Balanced Advantage Fund
2023-07-14,,,,381.386,HDFC Balanced Advantage Fund
2023-07-17,,,,383.021,HDFC Balanced Advantage Fund
2023-07-18,,,,382.799,HDFC Balanced Advantage Fund
2023-07-19,,,,384.763,HDFC Balanced Advantage Fund
2023-07-20,,,,386.333,HDFC Balanced Advantage Fund
2023-07-21,,,,385.572,HDFC Balanced Advantage Fund
2023-07-24,,,,387.088,HDFC Balanced Advantage Fund
2023-07-25,,,,387.5,HDFC Balanced Advantage Fund
2023-07-26,,,,388.942,HDFC Balanced Advantage Fund
2023-07-27,,,,389.42,HDFC Balanced Advantage Fund
2023-07-28,,,,389.962,HDFC Balanced Advantage Fund
2023-07-31,,,,393.032,HDFC Balanced Advantage Fund
2023-08-01,,,,394.185,HDFC Balanced Advantage Fund
2023-08-02,,,,390.749,HDFC Balanced Advantage Fund
2023-08-03,,,,390.084,HDFC Balanced Advantage Fund
2023-08-04,,,,390.554,HDFC Balanced Advantage Fund
2023-08-07,,,,392.176,HDFC Balanced Advantage Fund
2023-08-08,,,,392.625,HDFC Balanced Advantage Fund
2023-08-09,,,,393.614,HDFC Balanced Advantage Fund
2023-08-10,,,,392.762,HDFC Balanced Advantage Fund
2023-08-11,,,,391.661,HDFC Balanced Advantage Fund
2023-08-14,,,,391.542,HDFC Balanced Advantage Fund
2023-08-16,,,,393.416,HDFC Balanced Advantage Fund
2023-08-17,,,,393.462,HDFC Balanced Advantage Fund
2023-08-18,,,,392.694,HDFC Balanced Advantage Fund
2023-08-21,,,,394.338,HDFC Balanced Advantage Fund
2023-08-22,,,,395.214,HDFC Balanced Advantage Fund
2023-08-23,,,,396.761,HDFC Balanced Advantage Fund
2023-08-24,,,,396.435,HDFC Balanced Advantage Fund
2023-08-25,,,,394.707,HDFC Balanced Advantage Fund
2023-08-28,,,,396.266,HDFC Balanced Advantage Fund
2023-08-29,,,,396.868,HDFC Balanced Advantage Fund
2023-08-30,,,,396.83,HDFC Balanced Advantage Fund
2023-08-31,,,,396.01,HDFC Balanced Advantage Fund
2023-09-01,,,,398.597,HDFC Balanced Advantage Fund
2023-09-04,,,,401.566,HDFC Balanced Advantage Fund
2023-09-05,,,,402.634,HDFC Balanced Advantage Fund
2023-09-06,,,,402.08,HDFC Balanced Advantage Fund
2023-09-07,,,,406.118,HDFC Balanced Advantage Fund
2023-09-08,,,,409.974,HDFC Balanced Advantage Fund
2023-09-11,,,,411.873,HDFC Balanced Advantage Fund
2023-09-12,,,,406.318,HDFC Balanced Advantage Fund
2023-09-13,,,,408.069,HDFC Balanced Advantage Fund
2023-09-14,,,,409.303,HDFC Balanced Advantage Fund
2023-09-15,,,,410.113,HDFC Balanced Advantage Fund
2023-09-18,,,,410.351,HDFC Balanced Advantage Fund
2023-09-20,,,,409.34,HDFC Balanced Advantage Fund
2023-09-21,,,,406.863,HDFC Balanced Advantage Fund
2023-09-22,,,,407.362,HDFC Balanced Advantage Fund
2023-09-25,,,,407.473,HDFC Balanced Advantage Fund
2023-09-26,,,,407.67,HDFC Balanced Advantage Fund
2023-09-27,,,,409.436,HDFC Balanced Advantage Fund
2023-09-29,,,,410.693,HDFC Balanced Advantage Fund
2023-10-03,,,,409.971,HDFC Balanced Advantage Fund
2023-10-04,,,,407.013,HDFC Balanced Advantage Fund
2023-10-05,,,,408.197,HDFC Balanced Advantage Fund
2023-10-06,,,,409.358,HDFC Balanced Advantage Fund
2023-10-09,,,,406.581,HDFC Balanced Advantage Fund
2023-10-10,,,,410.339,HDFC Balanced Advantage Fund
2023-10-11,,,,411.679,HDFC Balanced Advantage Fund
2023-10-12,,,,412.444,HDFC Balanced Advantage Fund
2023-10-13,,,,411.986,HDFC Balanced Advantage Fund
2023-10-16,,,,412.91,HDFC Balanced Advantage Fund
2023-10-17,,,,414.744,HDFC Balanced Advantage Fund
2023-10-18,,,,412.588,HDFC Balanced Advantage Fund
2023-10-19,,,,412.06,HDFC Balanced Advantage Fund
2023-10-20,,,,410.114,HDFC Balanced Advantage Fund
2023-10-23,,,,404.779,HDFC Balanced Advantage Fund
2023-10-25,,,,402.444,HDFC Balanced Advantage Fund
2023-10-26,,,,400.17,HDFC Balanced Advantage Fund
2023-10-27,,,,403.771,HDFC Balanced Advantage Fund
2023-10-30,,,,404.54,HDFC Balanced Advantage Fund
2023-10-31,,,,404.639,HDFC Balanced Advantage Fund
2023-11-01,,,,403.286,HDFC Balanced Advantage Fund
2023-11-02,,,,406.557,HDFC Balanced Advantage Fund
2023-11-03,,,,408.422,HDFC Balanced Advantage Fund
2023-11-06,,,,410.311,HDFC Balanced Advantage Fund
2023-11-07,,,,410.839,HDFC Balanced Advantage Fund
2023-11-08,,,,412.403,HDFC Balanced Advantage Fund
2023-11-09,,,,413.225,HDFC Balanced Advantage Fund
2023-11-10,,,,414.405,HDFC Balanced Advantage Fund
2023-11-13,,,,417.881,HDFC Balanced Advantage Fund
2023-11-15,,,,420.585,HDFC Balanced Advantage Fund
2023-11-16,,,,421.142,HDFC Balanced Advantage Fund
2023-11-17,,,,421.852,HDFC Balanced Advantage Fund
2023-11-20,,,,422.176,HDFC Balanced Advantage Fund
2023-11-21,,,,423.075,HDFC Balanced Advantage Fund
2023-11-22,,,,422.844,HDFC Balanced Advantage Fund
2023-11-23,,,,423.381,HDFC Balanced Advantage Fund
2023-11-24,,,,423.67,HDFC Balanced Advantage Fund
2023-11-28,,,,425.222,HDFC Balanced Advantage Fund
2023-11-29,,,,427.634,HDFC Balanced Advantage Fund
2023-11-30,,,,429.193,HDFC Balanced Advantage Fund
2023-12-01,,,,433.436,HDFC Balanced Advantage Fund
2023-12-04,,,,439.381,HDFC Balanced Advantage Fund
2023-12-05,,,,441.534,HDFC Balanced Advantage Fund
2023-12-06,,,,442.766,HDFC Balanced Advantage Fund
2023-12-07,,,,443.298,HDFC Balanced Advantage Fund
2023-12-08,,,,444.121,HDFC Balanced Advantage Fund
2023-12-11,,,,445.286,HDFC Balanced Advantage Fund
2023-12-12,,,,443.649,HDFC Balanced Advantage Fund
2023-12-13,,,,447.327,HDFC Balanced Advantage Fund
2023-12-14,,,,449.987,HDFC Balanced Advantage Fund
2023-12-15,,,,452.594,HDFC Balanced Advantage Fund
2023-12-18,,,,452.555,HDFC Balanced Advantage Fund
2023-12-19,,,,454.18,HDFC Balanced Advantage Fund
2023-12-20,,,,446.26,HDFC Balanced Advantage Fund
2023-12-21,,,,449.619,HDFC Balanced Advantage Fund
2023-12-22,,,,450.986,HDFC Balanced Advantage Fund
2023-12-26,,,,454.26,HDFC Balanced Advantage Fund
2023-12-27,,,,455.322,HDFC Balanced Advantage Fund
2023-12-28,,,,458.059,HDFC Balanced Advantage Fund
2023-12-29,,,,457.604,HDFC Balanced Advantage Fund
2024-01-01,,,,459.395,HDFC Balanced Advantage Fund
2024-01-02,,,,459.003,HDFC Balanced Advantage Fund
2024-01-03,,,,458.688,HDFC Balanced Advantage Fund
2024-01-04,,,,461.256,HDFC Balanced Advantage Fund
2024-01-05,,,,461.937,HDFC Balanced Advantage Fund
2024-01-08,,,,459.969,HDFC Balanced Advantage Fund
2024-01-09,,,,460.751,HDFC Balanced Advantage Fund
2024-01-10,,,,460.192,HDFC Balanced Advantage Fund
2024-01-11,,,,461.328,HDFC Balanced Advantage Fund
2024-01-12,,,,463.435,HDFC Balanced Advantage Fund
2024-01-15,,,,467.005,HDFC Balanced Advantage Fund
2024-01-16,,,,466.277,HDFC Balanced Advantage Fund
2024-01-17,,,,462.508,HDFC Balanced Advantage Fund
2024-01-18,,,,462.048,HDFC Balanced Advantage Fund
2024-01-19,,,,466.615,HDFC Balanced Advantage Fund
2024-01-23,,,,461.405,HDFC Balanced Advantage Fund
2024-01-24,,,,467.227,HDFC Balanced Advantage Fund
2024-01-25,,,,467.226,HDFC Balanced Advantage Fund
2024-01-29,,,,474.083,HDFC Balanced Advantage Fund
2024-01-30,,,,472.766,HDFC Balanced Advantage Fund
2024-01-31,,,,475.663,HDFC Balanced Advantage Fund
2024-02-01,,,,476.492,HDFC Balanced Advantage Fund
2024-02-02,,,,479.229,HDFC Balanced Advantage Fund
2024-02-05,,,,480.681,HDFC Balanced Advantage Fund
2024-02-06,,,,482.802,HDFC Balanced Advantage Fund
2024-02-07,,,,483.447,HDFC Balanced Advantage Fund
2024-02-08,,,,483.821,HDFC Balanced Advantage Fund
2024-02-09,,,,480.407,HDFC Balanced Advantage Fund
2024-02-12,,,,471.713,HDFC Balanced Advantage Fund
2024-02-13,,,,475.065,HDFC Balanced Advantage Fund
2024-02-14,,,,480.203,HDFC Balanced Advantage Fund
2024-02-15,,,,483.947,HDFC Balanced Advantage Fund
2024-02-16,,,,485.074,HDFC Balanced Advantage Fund
2024-02-19,,,,485.008,HDFC Balanced Advantage Fund
2024-02-20,,,,485.488,HDFC Balanced Advantage Fund
2024-02-21,,,,481.616,HDFC Balanced Advantage Fund
2024-02-22,,,,484.758,HDFC Balanced Advantage Fund
2024-02-23,,,,484.773,HDFC Balanced Advantage Fund
2024-02-26,,,,484.875,HDFC Balanced Advantage Fund
2024-02-27,,,,484.403,HDFC Balanced Advantage Fund
2024-02-28,,,,480.186,HDFC Balanced Advantage Fund
2024-02-29,,,,481.392,HDFC Balanced Advantage Fund
2024-03-01,,,,486.462,HDFC Balanced Advantage Fund
2024-03-04,,,,488.551,HDFC Balanced Advantage Fund
2024-03-05,,,,489.537,HDFC Balanced Advantage Fund
2024-03-06,,,,488.799,HDFC Balanced Advantage Fund
2024-03-07,,,,489.434,HDFC Balanced Advantage Fund
2024-03-11,,,,487.357,HDFC Balanced Advantage Fund
2024-03-12,,,,484.636,HDFC Balanced Advantage Fund
2024-03-13,,,,474.192,HDFC Balanced Advantage Fund
2024-03-14,,,,478.838,HDFC Balanced Advantage Fund
2024-03-15,,,,476.044,HDFC Balanced Advantage Fund
2024-03-18,,,,475.562,HDFC Balanced Advantage Fund
2024-03-19,,,,472.024,HDFC Balanced Advantage Fund
2024-03-20,,,,472.183,HDFC Balanced Advantage Fund
2024-03-21,,,,477.671,HDFC Balanced Advantage Fund
2024-03-22,,,,479.525,HDFC Balanced Advantage Fund
2024-03-26,,,,480.774,HDFC Balanced Advantage Fund
2024-03-27,,,,481.455,HDFC Balanced Advantage Fund
2024-03-28,,,,484.081,HDFC Balanced Advantage Fund
2024-03-31,,,,484.131,HDFC Balanced Advantage Fund
2024-04-01,,,,487.999,HDFC Balanced Advantage Fund
2024-04-02,,,,489.216,HDFC Balanced Advantage Fund
2024-04-03,,,,491.233,HDFC Balanced Advantage Fund
2024-04-04,,,,491.544,HDFC Balanced Advantage Fund
2024-04-05,,,,492.247,HDFC Balanced Advantage Fund
2024-04-08,,,,493.283,HDFC Balanced Advantage Fund
2024-04-09,,,,492.351,HDFC Balanced Advantage Fund
2024-04-10,,,,494.914,HDFC Balanced Advantage Fund
2024-04-12,,,,492.171,HDFC Balanced Advantage Fund
2024-04-15,,,,488.712,HDFC Balanced Advantage Fund
2024-04-16,,,,489.257,HDFC Balanced Advantage Fund
2024-04-18,,,,487.678,HDFC Balanced Advantage Fund
2024-04-19,,,,488.369,HDFC Balanced Advantage Fund
2024-04-22,,,,491.224,HDFC Balanced Advantage Fund
2024-04-23,,,,492.284,HDFC Balanced Advantage Fund
2024-04-24,,,,494.113,HDFC Balanced Advantage Fund
2024-04-25,,,,498.365,HDFC Balanced Advantage Fund
2024-04-26,,,,497.578,HDFC Balanced Advantage Fund
2024-04-29,,,,500.729,HDFC Balanced Advantage Fund
2024-04-30,,,,502.145,HDFC Balanced Advantage Fund
2024-05-02,,,,504.817,HDFC Balanced Advantage Fund
2024-05-03,,,,504.797,HDFC Balanced Advantage Fund
2024-05-06,,,,500.036,HDFC Balanced Advantage Fund
2024-05-07,,,,496.345,HDFC Balanced Advantage Fund
2024-05-08,,,,499.637,HDFC Balanced Advantage Fund
2024-05-09,,,,493.329,HDFC Balanced Advantage Fund
2024-05-10,,,,495.18,HDFC Balanced Advantage Fund
2024-05-13,,,,495.303,HDFC Balanced Advantage Fund
2024-05-14,,,,498.772,HDFC Balanced Advantage Fund
2024-05-15,,,,501.161,HDFC Balanced Advantage Fund
2024-05-16,,,,504.437,HDFC Balanced Advantage Fund
2024-05-17,,,,507.329,HDFC Balanced Advantage Fund
2024-05-21,,,,511.27,HDFC Balanced Advantage Fund
2024-05-22,,,,512.351,HDFC Balanced Advantage Fund
2024-05-23,,,,515.618,HDFC Balanced Advantage Fund
2024-05-24,,,,517.447,HDFC Balanced Advantage Fund
2024-05-27,,,,517.465,HDFC Balanced Advantage Fund
2024-05-28,,,,515.425,HDFC Balanced Advantage Fund
2024-05-29,,,,514.675,HDFC Balanced Advantage Fund
2024-05-30,,,,512.491,HDFC Balanced Advantage Fund
2024-05-31,,,,514.692,HDFC Balanced Advantage Fund
2024-06-03,,,,529.403,HDFC Balanced Advantage Fund
2024-06-04,,,,497.066,HDFC Balanced Advantage Fund
2024-06-05,,,,503.286,HDFC Balanced Advantage Fund
2024-06-06,,,,510.285,HDFC Balanced Advantage Fund
2024-06-07,,,,515.762,HDFC Balanced Advantage Fund
2024-06-10,,,,517.035,HDFC Balanced Advantage Fund
2024-06-11,,,,517.961,HDFC Balanced Advantage Fund
2024-06-12,,,,520.1,HDFC Balanced Advantage Fund
2024-06-13,,,,522.369,HDFC Balanced Advantage Fund
2024-06-14,,,,524.651,HDFC Balanced Advantage Fund
2024-06-18,,,,526.77,HDFC Balanced Advantage Fund
2024-06-19,,,,524.452,HDFC Balanced Advantage Fund
2024-06-20,,,,524.795,HDFC Balanced Advantage Fund
2024-06-21,,,,524.244,HDFC Balanced Advantage Fund
2024-06-24,,,,525.17,HDFC Balanced Advantage Fund
2024-06-25,,,,527.08,HDFC Balanced Advantage Fund
2024-06-26,,,,528.743,HDFC Balanced Advantage Fund
2024-06-27,,,,529.503,HDFC Balanced Advantage Fund
2024-06-28,,,,530.001,HDFC Balanced Advantage Fund
2024-07-01,,,,531.748,HDFC Balanced Advantage Fund
2024-07-02,,,,531.409,HDFC Balanced Advantage Fund
2024-07-03,,,,534.765,HDFC Balanced Advantage Fund
2024-07-04,,,,536.397,HDFC Balanced Advantage Fund
2024-07-05,,,,538.299,HDFC Balanced Advantage Fund
2024-07-08,,,,538.987,HDFC Balanced Advantage Fund
2024-07-09,,,,540.3,HDFC Balanced Advantage Fund
2024-07-10,,,,539.126,HDFC Balanced Advantage Fund
2024-07-11,,,,540.924,HDFC Balanced Advantage Fund
2024-07-12,,,,540.909,HDFC Balanced Advantage Fund
2024-07-15,,,,542.785,HDFC Balanced Advantage Fund
2024-07-16,,,,543.429,HDFC Balanced Advantage Fund
2024-07-18,,,,542.609,HDFC Balanced Advantage Fund
2024-07-19,,,,538.18,HDFC Balanced Advantage Fund
2024-07-22,,,,540.173,HDFC Balanced Advantage Fund
2024-07-23,,,,538.387,HDFC Balanced Advantage Fund
2024-07-24,,,,540.059,HDFC Balanced Advantage Fund
2024-07-25,,,,540.253,HDFC Balanced Advantage Fund
2024-07-26,,,,545.102,HDFC Balanced Advantage Fund
2024-07-29,,,,547.109,HDFC Balanced Advantage Fund
2024-07-30,,,,548.614,HDFC Balanced Advantage Fund
2024-07-31,,,,549.509,HDFC Balanced Advantage Fund
2024-08-01,,,,549.619,HDFC Balanced Advantage Fund
2024-08-02,,,,545.28,HDFC Balanced Advantage Fund
2024-08-05,,,,537.764,HDFC Balanced Advantage Fund
2024-08-06,,,,535.126,HDFC Balanced Advantage Fund
2024-08-07,,,,541.157,HDFC Balanced Advantage Fund
2024-08-08,,,,539.856,HDFC Balanced Advantage Fund
2024-08-09,,,,542.381,HDFC Balanced Advantage Fund
2024-08-12,,,,542.128,HDFC Balanced Advantage Fund
2024-08-13,,,,538.969,HDFC Balanced Advantage Fund
2024-08-14,,,,538.391,HDFC Balanced Advantage Fund
2024-08-16,,,,542.524,HDFC Balanced Advantage Fund
2024-08-19,,,,544.234,HDFC Balanced Advantage Fund
2024-08-20,,,,545.537,HDFC Balanced Advantage Fund
2024-08-21,,,,546.513,HDFC Balanced Advantage Fund
2024-08-22,,,,546.653,HDFC Balanced Advantage Fund
2024-08-23,,,,547.021,HDFC Balanced Advantage Fund
2024-08-26,,,,548.572,HDFC Balanced Advantage Fund
2024-08-27,,,,549.921,HDFC Balanced Advantage Fund
2024-08-28,,,,549.79,HDFC Balanced Advantage Fund
2024-08-29,,,,549.81,HDFC Balanced Advantage Fund
2024-08-30,,,,551.388,HDFC Balanced Advantage Fund
2024-09-02,,,,551.038,HDFC Balanced Advantage Fund
2024-09-03,,,,551.969,HDFC Balanced Advantage Fund
2024-09-04,,,,551.238,HDFC Balanced Advantage Fund
2024-09-05,,,,550.887,HDFC Balanced Advantage Fund
2024-09-06,,,,546.27,HDFC Balanced Advantage Fund
2024-09-09,,,,545.388,HDFC Balanced Advantage Fund
2024-09-10,,,,547.117,HDFC Balanced Advantage Fund
2024-09-11,,,,544.949,HDFC Balanced Advantage Fund
2024-09-12,,,,549.356,HDFC Balanced Advantage Fund
2024-09-13,,,,549.361,HDFC Balanced Advantage Fund
2024-09-16,,,,549.959,HDFC Balanced Advantage Fund
2024-09-17,,,,549.476,HDFC Balanced Advantage Fund
2024-09-18,,,,548.752,HDFC Balanced Advantage Fund
2024-09-19,,,,546.991,HDFC Balanced Advantage Fund
2024-09-20,,,,550.563,HDFC Balanced Advantage Fund
2024-09-23,,,,553.358,HDFC Balanced Advantage Fund
2024-09-24,,,,553.84,HDFC Balanced Advantage Fund
2024-09-25,,,,554.578,HDFC Balanced Advantage Fund
2024-09-26,,,,555.339,HDFC Balanced Advantage Fund
2024-09-27,,,,556.25,HDFC Balanced Advantage Fund
2024-09-30,,,,553.791,HDFC Balanced Advantage Fund
2024-10-01,,,,553.752,HDFC Balanced Advantage Fund
2024-10-03,,,,548.273,HDFC Balanced Advantage Fund
2024-10-04,,,,546.021,HDFC Balanced Advantage Fund
2024-10-07,,,,540.73,HDFC Balanced Advantage Fund
2024-10-08,,,,545.445,HDFC Balanced Advantage Fund
2024-10-09,,,,546.364,HDFC Balanced Advantage Fund
2024-10-10,,,,546.881,HDFC Balanced Advantage Fund
2024-10-11,,,,546.772,HDFC Balanced Advantage Fund
2024-10-14,,,,549.144,HDFC Balanced Advantage Fund
2024-10-15,,,,550.133,HDFC Balanced Advantage Fund
2024-10-16,,,,549.683,HDFC Balanced Advantage Fund
2024-10-17,,,,546.881,HDFC Balanced Advantage Fund
2024-10-18,,,,548.191,HDFC Balanced Advantage Fund
2024-10-21,,,,546.311,HDFC Balanced Advantage Fund
2024-10-22,,,,540.098,HDFC Balanced Advantage Fund
2024-10-23,,,,540.034,HDFC Balanced Advantage Fund
2024-10-24,,,,540.377,HDFC Balanced Advantage Fund
2024-10-25,,,,536.066,HDFC Balanced Advantage Fund
2024-10-28,,,,537.572,HDFC Balanced Advantage Fund
2024-10-29,,,,541.095,HDFC Balanced Advantage Fund
2024-10-30,,,,540.206,HDFC Balanced Advantage Fund
2024-10-31,,,,540.626,HDFC Balanced Advantage Fund
2024-11-04,,,,538.114,HDFC Balanced Advantage Fund
2024-11-05,,,,540.653,HDFC Balanced Advantage Fund
2024-11-06,,,,544.227,HDFC Balanced Advantage Fund
2024-11-07,,,,542.194,HDFC Balanced Advantage Fund
2024-11-08,,,,539.505,HDFC Balanced Advantage Fund
2024-11-11,,,,539.401,HDFC Balanced Advantage Fund
2024-11-12,,,,535.463,HDFC Balanced Advantage Fund
2024-11-13,,,,530.046,HDFC Balanced Advantage Fund
2024-11-14,,,,530.165,HDFC Balanced Advantage Fund
2024-11-18,,,,528.962,HDFC Balanced Advantage Fund
2024-11-19,,,,530.524,HDFC Balanced Advantage Fund
2024-11-21,,,,527.371,HDFC Balanced Advantage Fund
2024-11-22,,,,532.98,HDFC Balanced Advantage Fund
2024-11-25,,,,538.425,HDFC Balanced Advantage Fund
2024-11-26,,,,538.037,HDFC Balanced Advantage Fund
2024-11-27,,,,540.0,HDFC Balanced Advantage Fund
2024-11-28,,,,538.275,HDFC Balanced Advantage Fund
2024-11-29,,,,541.356,HDFC Balanced Advantage Fund
2024-12-02,,,,542.469,HDFC Balanced Advantage Fund
2024-12-03,,,,545.358,HDFC Balanced Advantage Fund
2024-12-04,,,,546.851,HDFC Balanced Advantage Fund
2024-12-05,,,,549.097,HDFC Balanced Advantage Fund
2024-12-06,,,,549.573,HDFC Balanced Advantage Fund
2024-12-09,,,,549.669,HDFC Balanced Advantage Fund
2024-12-10,,,,549.813,HDFC Balanced Advantage Fund
2024-12-11,,,,550.294,HDFC Balanced Advantage Fund
2024-12-12,,,,548.32,HDFC Balanced Advantage Fund
2024-12-13,,,,549.901,HDFC Balanced Advantage Fund
2024-12-16,,,,549.797,HDFC Balanced Advantage Fund
2024-12-17,,,,546.246,HDFC Balanced Advantage Fund
2024-12-18,,,,543.908,HDFC Balanced Advantage Fund
2024-12-19,,,,541.405,HDFC Balanced Advantage Fund
2024-12-20,,,,536.284,HDFC Balanced Advantage Fund
2024-12-23,,,,537.734,HDFC Balanced Advantage Fund
2024-12-24,,,,537.935,HDFC Balanced Advantage Fund
2024-12-26,,,,538.225,HDFC Balanced Advantage Fund
2024-12-27,,,,538.303,HDFC Balanced Advantage Fund
2024-12-30,,,,536.365,HDFC Balanced Advantage Fund
2024-12-31,,,,537.425,HDFC Balanced Advantage Fund
2025-01-01,,,,539.181,HDFC Balanced Advantage Fund
2025-01-02,,,,543.032,HDFC Balanced Advantage Fund
2025-01-03,,,,541.659,HDFC Balanced Advantage Fund
2025-01-06,,,,534.626,HDFC Balanced Advantage Fund
2025-01-07,,,,536.746,HDFC Balanced Advantage Fund
2025-01-08,,,,534.761,HDFC Balanced Advantage Fund
2025-01-09,,,,531.381,HDFC Balanced Advantage Fund
2025-01-10,,,,527.706,HDFC Balanced Advantage Fund
2025-01-13,,,,520.914,HDFC Balanced Advantage Fund
2025-01-14,,,,524.86,HDFC Balanced Advantage Fund
2025-01-15,,,,525.498,HDFC Balanced Advantage Fund
2025-01-16,,,,528.588,HDFC Balanced Advantage Fund
2025-01-17,,,,528.409,HDFC Balanced Advantage Fund
2025-01-20,,,,530.515,HDFC Balanced Advantage Fund
2025-01-21,,,,525.69,HDFC Balanced Advantage Fund
2025-01-22,,,,525.062,HDFC Balanced Advantage Fund
2025-01-23,,,,525.595,HDFC Balanced Advantage Fund
2025-01-24,,,,522.621,HDFC Balanced Advantage Fund
2025-01-27,,,,517.987,HDFC Balanced Advantage Fund
2025-01-28,,,,517.355,HDFC Balanced Advantage Fund
2025-01-29,,,,521.152,HDFC Balanced Advantage Fund
2025-01-30,,,,522.544,HDFC Balanced Advantage Fund
2025-01-31,,,,526.938,HDFC Balanced Advantage Fund
2025-02-03,,,,520.927,HDFC Balanced Advantage Fund
2025-02-04,,,,526.922,HDFC Balanced Advantage Fund
2025-02-05,,,,528.019,HDFC Balanced Advantage Fund
2025-02-06,,,,526.868,HDFC Balanced Advantage Fund
2025-02-07,,,,526.161,HDFC Balanced Advantage Fund
2025-02-10,,,,522.515,HDFC Balanced Advantage Fund
2025-02-11,,,,517.051,HDFC Balanced Advantage Fund
2025-02-12,,,,516.676,HDFC Balanced Advantage Fund
2025-02-13,,,,517.151,HDFC Balanced Advantage Fund
2025-02-14,,,,513.26,HDFC Balanced Advantage Fund
2025-02-17,,,,513.722,HDFC Balanced Advantage Fund
2025-02-18,,,,513.367,HDFC Balanced Advantage Fund
2025-02-19,,,,515.26,HDFC Balanced Advantage Fund
2025-02-20,,,,516.507,HDFC Balanced Advantage Fund
2025-02-21,,,,514.758,HDFC Balanced Advantage Fund
2025-02-24,,,,511.481,HDFC Balanced Advantage Fund
2025-02-25,,,,510.695,HDFC Balanced Advantage Fund
2025-02-27,,,,509.541,HDFC Balanced Advantage Fund
2025-02-28,,,,504.367,HDFC Balanced Advantage Fund
2025-03-03,,,,504.003,HDFC Balanced Advantage Fund
2025-03-04,,,,504.958,HDFC Balanced Advantage Fund
2025-03-05,,,,510.167,HDFC Balanced Advantage Fund
2025-03-06,,,,513.864,HDFC Balanced Advantage Fund
2025-03-07,,,,513.712,HDFC Balanced Advantage Fund
2025-03-10,,,,511.114,HDFC Balanced Advantage Fund
2025-03-11,,,,510.914,HDFC Balanced Advantage Fund
2025-03-12,,,,510.329,HDFC Balanced Advantage Fund
2025-03-13,,,,509.448,HDFC Balanced Advantage Fund
2025-03-17,,,,510.594,HDFC Balanced Advantage Fund
2025-03-18,,,,515.62,HDFC Balanced Advantage Fund
2025-03-19,,,,519.239,HDFC Balanced Advantage Fund
2025-03-20,,,,522.586,HDFC Balanced Advantage Fund
2025-03-21,,,,526.446,HDFC Balanced Advantage Fund
2025-03-24,,,,531.722,HDFC Balanced Advantage Fund
2025-03-25,,,,530.191,HDFC Balanced Advantage Fund
2025-03-26,,,,527.274,HDFC Balanced Advantage Fund
2025-03-27,,,,529.877,HDFC Balanced Advantage Fund
2025-03-28,,,,528.953,HDFC Balanced Advantage Fund
2025-03-31,,,,529.002,HDFC Balanced Advantage Fund
2025-04-01,,,,525.476,HDFC Balanced Advantage Fund
2025-04-02,,,,528.784,HDFC Balanced Advantage Fund
2025-04-03,,,,529.151,HDFC Balanced Advantage Fund
2025-04-04,,,,522.485,HDFC Balanced Advantage Fund
2025-04-07,,,,512.4,HDFC Balanced Advantage Fund
2025-04-08,,,,517.682,HDFC Balanced Advantage Fund
2025-04-09,,,,515.028,HDFC Balanced Advantage Fund
2025-04-11,,,,521.217,HDFC Balanced Advantage Fund
2025-04-15,,,,528.912,HDFC Balanced Advantage Fund
2025-04-16,,,,530.765,HDFC Balanced Advantage Fund
2025-04-17,,,,535.494,HDFC Balanced Advantage Fund
2025-04-21,,,,541.109,HDFC Balanced Advantage Fund
2025-04-22,,,,541.535,HDFC Balanced Advantage Fund
2025-04-23,,,,543.777,HDFC Balanced Advantage Fund
2025-04-24,,,,543.197,HDFC Balanced Advantage Fund
2025-04-25,,,,538.23,HDFC Balanced Advantage Fund
2025-04-28,,,,542.81,HDFC Balanced Advantage Fund
2025-04-29,,,,542.895,HDFC Balanced Advantage Fund
2025-04-30,,,,541.935,HDFC Balanced Advantage Fund
2025-05-02,,,,541.949,HDFC Balanced Advantage Fund
2025-05-05,,,,544.341,HDFC Balanced Advantage Fund
2025-05-06,,,,540.383,HDFC Balanced Advantage Fund
2025-05-07,,,,541.493,HDFC Balanced Advantage Fund
2025-05-08,,,,538.104,HDFC Balanced Advantage Fund
2025-05-09,,,,535.915,HDFC Balanced Advantage Fund
2025-05-12,,,,547.841,HDFC Balanced Advantage Fund
2025-05-13,,,,545.92,HDFC Balanced Advantage Fund
2025-05-14,,,,548.947,HDFC Balanced Advantage Fund
2025-05-15,,,,553.531,HDFC Balanced Advantage Fund
2025-05-16,,,,555.118,HDFC Balanced Advantage Fund
2025-05-19,,,,554.801,HDFC Balanced Advantage Fund
2025-05-20,,,,551.196,HDFC Balanced Advantage Fund
2025-05-21,,,,553.821,HDFC Balanced Advantage Fund
2025-05-22,,,,551.772,HDFC Balanced Advantage Fund
2025-05-23,,,,554.427,HDFC Balanced Advantage Fund
2025-05-26,,,,556.778,HDFC Balanced Advantage Fund
2025-05-27,,,,555.36,HDFC Balanced Advantage Fund
2025-05-28,,,,555.573,HDFC Balanced Advantage Fund
2025-05-29,,,,556.912,HDFC Balanced Advantage Fund
2025-05-30,,,,555.871,HDFC Balanced Advantage Fund
2025-06-02,,,,556.082,HDFC Balanced Advantage Fund
2025-06-03,,,,554.338,HDFC Balanced Advantage Fund
2025-06-04,,,,555.646,HDFC Balanced Advantage Fund
2025-06-05,,,,557.21,HDFC Balanced Advantage Fund
2025-06-06,,,,560.175,HDFC Balanced Advantage Fund
2025-06-09,,,,562.751,HDFC Balanced Advantage Fund
2025-06-10,,,,562.448,HDFC Balanced Advantage Fund
2025-06-11,,,,562.714,HDFC Balanced Advantage Fund
2025-06-12,,,,557.889,HDFC Balanced Advantage Fund
2025-06-13,,,,555.432,HDFC Balanced Advantage Fund
2025-06-16,,,,558.219,HDFC Balanced Advantage Fund
2025-06-17,,,,557.199,HDFC Balanced Advantage Fund
2025-06-18,,,,556.605,HDFC Balanced Advantage Fund
2025-06-19,,,,554.18,HDFC Balanced Advantage Fund
2025-06-20,,,,558.931,HDFC Balanced Advantage Fund
2025-06-23,,,,558.24,HDFC Balanced Advantage Fund
2025-06-24,,,,559.297,HDFC Balanced Advantage Fund
2025-06-25,,,,561.64,HDFC Balanced Advantage Fund
2025-06-26,,,,565.157,HDFC Balanced Advantage Fund
2025-06-27,,,,566.954,HDFC Balanced Advantage Fund
2025-06-30,,,,566.651,HDFC Balanced Advantage Fund
2025-07-01,,,,566.731,HDFC Balanced Advantage Fund
2025-07-02,,,,565.577,HDFC Balanced Advantage Fund
2025-07-03,,,,564.895,HDFC Balanced Advantage Fund
2025-07-04,,,,566.011,HDFC Balanced Advantage Fund
2025-07-07,,,,565.952,HDFC Balanced Advantage Fund
2025-07-08,,,,566.648,HDFC Balanced Advantage Fund
2025-07-09,,,,566.375,HDFC Balanced Advantage Fund
2025-07-10,,,,564.947,HDFC Balanced Advantage Fund
2025-07-11,,,,562.555,HDFC Balanced Advantage Fund
2025-07-14,,,,562.426,HDFC Balanced Advantage Fund
2025-07-15,,,,564.397,HDFC Balanced Advantage Fund
2025-07-16,,,,564.948,HDFC Balanced Advantage Fund
2025-07-17,,,,563.654,HDFC Balanced Advantage Fund
2025-07-18,,,,561.801,HDFC Balanced Advantage Fund
2025-07-21,,,,562.918,HDFC Balanced Advantage Fund
2025-07-22,,,,561.827,HDFC Balanced Advantage Fund
2025-07-23,,,,563.684,HDFC Balanced Advantage Fund
2025-07-24,,,,562.111,HDFC Balanced Advantage Fund
2025-07-25,,,,558.2,HDFC Balanced Advantage Fund
2025-07-28,,,,555.14,HDFC Balanced Advantage Fund
2025-07-29,,,,557.78,HDFC Balanced Advantage Fund
2025-07-30,,,,558.774,HDFC Balanced Advantage Fund
2025-07-31,,,,556.665,HDFC Balanced Advantage Fund
2025-08-01,,,,552.842,HDFC Balanced Advantage Fund
2025-08-04,,,,555.805,HDFC Balanced Advantage Fund
2025-08-05,,,,555.582,HDFC Balanced Advantage Fund
2025-08-06,,,,553.361,HDFC Balanced Advantage Fund
2025-08-07,,,,553.718,HDFC Balanced Advantage Fund
2025-08-08,,,,550.689,HDFC Balanced Advantage Fund
2025-08-11,,,,553.361,HDFC Balanced Advantage Fund
2025-08-12,,,,552.823,HDFC Balanced Advantage Fund
2025-08-13,,,,554.585,HDFC Balanced Advantage Fund
2025-08-14,,,,554.783,HDFC Balanced Advantage Fund
2025-08-18,,,,556.948,HDFC Balanced Advantage Fund
2025-08-19,,,,558.403,HDFC Balanced Advantage Fund
2025-08-20,,,,559.409,HDFC Balanced Advantage Fund
2025-08-21,,,,559.498,HDFC Balanced Advantage Fund
2025-08-22,,,,557.284,HDFC Balanced Advantage Fund
2025-08-25,,,,558.485,HDFC Balanced Advantage Fund
2025-08-26,,,,554.111,HDFC Balanced Advantage Fund
2025-08-28,,,,550.912,HDFC Balanced Advantage Fund
2025-08-29,,,,549.667,HDFC Balanced Advantage Fund
2025-09-01,,,,552.44,HDFC Balanced Advantage Fund
2025-09-02,,,,552.806,HDFC Balanced Advantage Fund
2025-09-03,,,,555.222,HDFC Balanced Advantage Fund
2025-09-04,,,,554.298,HDFC Balanced Advantage Fund
2025-09-05,,,,554.511,HDFC Balanced Advantage Fund
2025-09-08,,,,554.952,HDFC Balanced Advantage Fund
2025-09-09,,,,555.991,HDFC Balanced Advantage Fund
2025-09-10,,,,558.154,HDFC Balanced Advantage Fund
2025-09-11,,,,559.175,HDFC Balanced Advantage Fund
2025-09-12,,,,561.07,HDFC Balanced Advantage Fund
2025-09-15,,,,561.699,HDFC Balanced Advantage Fund
2025-09-16,,,,564.19,HDFC Balanced Advantage Fund
2025-09-17,,,,565.86,HDFC Balanced Advantage Fund
2025-09-18,,,,566.861,HDFC Balanced Advantage Fund
2025-09-19,,,,567.255,HDFC Balanced Advantage Fund
2025-09-22,,,,565.051,HDFC Balanced Advantage Fund
2025-09-23,,,,565.17,HDFC Balanced Advantage Fund
2025-09-24,,,,563.488,HDFC Balanced Advantage Fund
2025-09-25,,,,561.653,HDFC Balanced Advantage Fund
2025-09-26,,,,557.472,HDFC Balanced Advantage Fund
2025-09-30,,,,557.899,HDFC Balanced Advantage Fund
2025-10-01,,,,560.737,HDFC Balanced Advantage Fund
2025-10-03,,,,562.698,HDFC Balanced Advantage Fund
2025-10-06,,,,564.38,HDFC Balanced Advantage Fund
2025-10-07,,,,564.793,HDFC Balanced Advantage Fund
2025-10-08,,,,563.77,HDFC Balanced Advantage Fund
2025-10-09,,,,565.69,HDFC Balanced Advantage Fund
2025-10-10,,,,567.357,HDFC Balanced Advantage Fund
2025-10-13,,,,566.774,HDFC Balanced Advantage Fund
2025-10-14,,,,565.12,HDFC Balanced Advantage Fund
2025-10-15,,,,567.931,HDFC Balanced Advantage Fund
2025-10-16,,,,570.475,HDFC Balanced Advantage Fund
2025-10-17,,,,571.074,HDFC Balanced Advantage Fund
2025-10-20,,,,573.441,HDFC Balanced Advantage Fund
2025-10-23,,,,574.047,HDFC Balanced Advantage Fund
2025-10-24,,,,572.876,HDFC Balanced Advantage Fund
2025-10-27,,,,575.834,HDFC Balanced Advantage Fund
2025-10-28,,,,575.379,HDFC Balanced Advantage Fund
2025-10-29,,,,578.304,HDFC Balanced Advantage Fund
2025-10-30,,,,576.48,HDFC Balanced Advantage Fund
2025-10-31,,,,575.042,HDFC Balanced Advantage Fund
2025-11-03,,,,576.421,HDFC Balanced Advantage Fund
2025-11-04,,,,574.327,HDFC Balanced Advantage Fund
2025-11-06,,,,572.118,HDFC Balanced Advantage Fund
2025-11-07,,,,572.045,HDFC Balanced Advantage Fund
2025-11-10,,,,573.59,HDFC Balanced Advantage Fund
2025-11-11,,,,575.546,HDFC Balanced Advantage Fund
2025-11-12,,,,578.096,HDFC Balanced Advantage Fund
2025-11-13,,,,578.058,HDFC Balanced Advantage Fund
2025-11-14,,,,578.521,HDFC Balanced Advantage Fund
2025-11-17,,,,580.245,HDFC Balanced Advantage Fund
2025-11-18,,,,579.078,HDFC Balanced Advantage Fund
2025-11-19,,,,580.446,HDFC Balanced Advantage Fund
2025-11-20,,,,581.065,HDFC Balanced Advantage Fund
2025-11-21,,,,578.621,HDFC Balanced Advantage Fund
2025-11-24,,,,576.374,HDFC Balanced Advantage Fund
2025-11-25,,,,576.086,HDFC Balanced Advantage Fund
2025-11-26,,,,580.655,HDFC Balanced Advantage Fund
2025-11-27,,,,580.461,HDFC Balanced Advantage Fund
2025-11-28,,,,580.133,HDFC Balanced Advantage Fund
2025-12-01,,,,579.501,HDFC Balanced Advantage Fund
2025-12-02,,,,577.85,HDFC Balanced Advantage Fund
2025-12-03,,,,576.614,HDFC Balanced Advantage Fund
2025-12-04,,,,577.017,HDFC Balanced Advantage Fund
2025-12-05,,,,578.243,HDFC Balanced Advantage Fund
2025-12-08,,,,573.539,HDFC Balanced Advantage Fund
2025-12-09,,,,573.591,HDFC Balanced Advantage Fund
2025-12-10,,,,572.116,HDFC Balanced Advantage Fund
2025-12-11,,,,573.959,HDFC Balanced Advantage Fund
2025-12-12,,,,576.663,HDFC Balanced Advantage Fund
2025-12-15,,,,576.639,HDFC Balanced Advantage Fund
2025-12-16,,,,574.073,HDFC Balanced Advantage Fund
2025-12-17,,,,573.36,HDFC Balanced Advantage Fund
2025-12-18,,,,573.168,HDFC Balanced Advantage Fund
2025-12-19,,,,575.954,HDFC Balanced Advantage Fund
2025-12-22,,,,578.738,HDFC Balanced Advantage Fund
2025-12-23,,,,579.495,HDFC Balanced Advantage Fund
2025-12-24,,,,579.127,HDFC Balanced Advantage Fund
2025-12-26,,,,578.19,HDFC Balanced Advantage Fund
2025-12-29,,,,576.884,HDFC Balanced Advantage Fund
2025-12-30,,,,576.062,HDFC Balanced Advantage Fund
2025-12-31,,,,579.717,HDFC Balanced Advantage Fund
2026-01-01,,,,580.319,HDFC Balanced Advantage Fund
2026-01-02,,,,584.219,HDFC Balanced Advantage Fund
2026-01-05,,,,582.914,HDFC Balanced Advantage Fund
2026-01-06,,,,582.542,HDFC Balanced Advantage Fund
2026-01-07,,,,582.852,HDFC Balanced Advantage Fund
2026-01-08,,,,577.681,HDFC Balanced Advantage Fund
2026-01-09,,,,574.426,HDFC Balanced Advantage Fund
2026-01-12,,,,575.886,HDFC Balanced Advantage Fund
2026-01-13,,,,574.464,HDFC Balanced Advantage Fund
2026-01-14,,,,574.645,HDFC Balanced Advantage Fund
2026-01-16,,,,575.266,HDFC Balanced Advantage Fund
2026-01-19,,,,573.065,HDFC Balanced Advantage Fund
2026-01-20,,,,566.781,HDFC Balanced Advantage Fund
2026-01-21,,,,564.818,HDFC Balanced Advantage Fund
2026-01-22,,,,568.357,HDFC Balanced Advantage Fund
2026-01-23,,,,563.343,HDFC Balanced Advantage Fund
2026-01-27,,,,565.336,HDFC Balanced Advantage Fund
2026-01-28,,,,569.495,HDFC Balanced Advantage Fund
2026-01-29,,,,570.94,HDFC Balanced Advantage Fund
2026-01-30,,,,570.364,HDFC Balanced Advantage Fund
2026-02-02,,,,565.857,HDFC Balanced Advantage Fund
2026-02-03,,,,575.854,HDFC Balanced Advantage Fund
2026-02-04,,,,577.293,HDFC Balanced Advantage Fund
2026-02-05,,,,575.436,HDFC Balanced Advantage Fund
2026-02-06,,,,575.407,HDFC Balanced Advantage Fund
2026-02-09,,,,579.425,HDFC Balanced Advantage Fund
2026-02-10,,,,580.632,HDFC Balanced Advantage Fund
2026-02-11,,,,581.336,HDFC Balanced Advantage Fund
2026-02-12,,,,578.609,HDFC Balanced Advantage Fund
2026-02-13,,,,573.801,HDFC Balanced Advantage Fund
2026-02-16,,,,577.069,HDFC Balanced Advantage Fund
2026-02-17,,,,578.847,HDFC Balanced Advantage Fund
2026-02-18,,,,580.62,HDFC Balanced Advantage Fund
2026-02-19,,,,574.493,HDFC Balanced Advantage Fund
2026-02-20,,,,576.21,HDFC Balanced Advantage Fund
2026-02-23,,,,578.212,HDFC Balanced Advantage Fund
2026-02-24,,,,574.823,HDFC Balanced Advantage Fund
2026-02-25,,,,576.407,HDFC Balanced Advantage Fund
2026-02-26,,,,577.234,HDFC Balanced Advantage Fund
2026-02-27,,,,572.916,HDFC Balanced Advantage Fund
2026-03-02,,,,566.857,HDFC Balanced Advantage Fund
2026-03-04,,,,559.596,HDFC Balanced Advantage Fund
2026-03-05,,,,564.639,HDFC Balanced Advantage Fund
2026-03-06,,,,560.345,HDFC Balanced Advantage Fund
2026-03-09,,,,552.007,HDFC Balanced Advantage Fund
2026-03-10,,,,556.776,HDFC Balanced Advantage Fund
2026-03-11,,,,551.882,HDFC Balanced Advantage Fund
2026-03-12,,,,549.818,HDFC Balanced Advantage Fund
2026-03-13,,,,540.975,HDFC Balanced Advantage Fund
2026-03-16,,,,542.716,HDFC Balanced Advantage Fund
2026-03-17,,,,545.668,HDFC Balanced Advantage Fund
2026-03-18,,,,549.631,HDFC Balanced Advantage Fund
2026-03-19,,,,537.908,HDFC Balanced Advantage Fund
2026-03-20,,,,540.477,HDFC Balanced Advantage Fund
2026-03-23,,,,529.208,HDFC Balanced Advantage Fund
2026-03-24,,,,535.183,HDFC Balanced Advantage Fund
2026-03-25,,,,541.367,HDFC Balanced Advantage Fund
2026-03-27,,,,533.511,HDFC Balanced Advantage Fund
2026-03-30,,,,524.732,HDFC Balanced Advantage Fund
2026-03-31,,,,524.754,HDFC Balanced Advantage Fund
2026-04-01,,,,531.01,HDFC Balanced Advantage Fund
2026-04-02,,,,531.019,HDFC Balanced Advantage Fund
2026-04-06,,,,535.361,HDFC Balanced Advantage Fund
2026-04-07,,,,538.07,HDFC Balanced Advantage Fund
2026-04-08,,,,553.091,HDFC Balanced Advantage Fund
2026-04-09,,,,550.349,HDFC Balanced Advantage Fund
2026-04-10,,,,554.984,HDFC Balanced Advantage Fund
2026-04-13,,,,552.319,HDFC Balanced Advantage Fund
2026-04-15,,,,559.718,HDFC Balanced Advantage Fund
2026-04-16,,,,560.939,HDFC Balanced Advantage Fund
2026-04-17,,,,563.697,HDFC Balanced Advantage Fund
2026-04-20,,,,564.34,HDFC Balanced Advantage Fund
2026-04-21,,,,567.341,HDFC Balanced Advantage Fund
2026-04-22,,,,565.246,HDFC Balanced Advantage Fund
2026-04-23,,,,562.249,HDFC Balanced Advantage Fund
2026-04-24,,,,557.754,HDFC Balanced Advantage Fund
2026-04-27,,,,562.371,HDFC Balanced Advantage Fund
2026-04-28,,,,560.361,HDFC Balanced Advantage Fund
2026-04-29,,,,562.178,HDFC Balanced Advantage Fund
2026-04-30,,,,558.922,HDFC Balanced Advantage Fund
2026-05-04,,,,560.938,HDFC Balanced Advantage Fund
2026-05-05,,,,559.579,HDFC Balanced Advantage Fund
2026-05-06,,,,565.409,HDFC Balanced Advantage Fund
2026-05-07,,,,566.255,HDFC Balanced Advantage Fund
2026-05-08,,,,562.968,HDFC Balanced Advantage Fund
2026-05-11,,,,556.26,HDFC Balanced Advantage Fund
2026-05-12,,,,548.667,HDFC Balanced Advantage Fund
2026-05-13,,,,549.526,HDFC Balanced Advantage Fund
2026-05-14,,,,552.304,HDFC Balanced Advantage Fund
2026-05-15,,,,550.564,HDFC Balanced Advantage Fund
2026-05-18,,,,548.419,HDFC Balanced Advantage Fund
2026-05-19,,,,549.304,HDFC Balanced Advantage Fund
2026-05-20,,,,550.005,HDFC Balanced Advantage Fund
2026-05-21,,,,550.735,HDFC Balanced Advantage Fund
2026-05-22,,,,551.957,HDFC Balanced Advantage Fund
2026-05-25,,,,557.558,HDFC Balanced Advantage Fund
2026-05-26,,,,555.773,HDFC Balanced Advantage Fund
2026-05-27,,,,556.38,HDFC Balanced Advantage Fund
2026-05-29,,,,551.346,HDFC Balanced Advantage Fund
2026-06-01,,,,548.482,HDFC Balanced Advantage Fund
2026-06-02,,,,549.71,HDFC Balanced Advantage Fund
2026-06-03,,,,549.062,HDFC Balanced Advantage Fund
2026-06-04,,,,550.204,HDFC Balanced Advantage Fund
2026-06-05,,,,550.223,HDFC Balanced Advantage Fund
2026-06-08,,,,546.098,HDFC Balanced Advantage Fund
2026-06-09,,,,549.755,HDFC Balanced Advantage Fund
2026-06-10,,,,548.19,HDFC Balanced Advantage Fund
2026-06-11,,,,546.882,HDFC Balanced Advantage Fund
2026-06-12,,,,555.438,HDFC Balanced Advantage Fund
2026-06-15,,,,560.052,HDFC Balanced Advantage Fund
2026-06-16,,,,562.218,HDFC Balanced Advantage Fund
2026-06-17,,,,564.461,HDFC Balanced Advantage Fund
2026-06-18,,,,565.825,HDFC Balanced Advantage Fund
2026-06-19,,,,564.707,HDFC Balanced Advantage Fund
2026-06-22,,,,566.795,HDFC Balanced Advantage Fund
2026-06-23,,,,563.161,HDFC Balanced Advantage Fund
2026-06-24,,,,566.014,HDFC Balanced Advantage Fund
2026-06-25,,,,565.896,HDFC Balanced Advantage Fund
2026-06-29,,,,564.321,HDFC Balanced Advantage Fund
2026-06-30,,,,564.487,HDFC Balanced Advantage Fund
2026-07-01,,,,566.494,HDFC Balanced Advantage Fund
2026-07-02,,,,569.65,HDFC Balanced Advantage Fund
2026-07-03,,,,570.771,HDFC Balanced Advantage Fund
2026-07-06,,,,572.924,HDFC Balanced Advantage Fund
2026-07-07,,,,572.206,HDFC Balanced Advantage Fund
2026-07-08,,,,562.814,HDFC Balanced Advantage Fund
2026-07-09,,,,565.71,HDFC Balanced Advantage Fund
2026-07-10,,,,570.133,HDFC Balanced Advantage Fund
2026-07-13,,,,570.722,HDFC Balanced Advantage Fund
2026-07-14,,,,566.922,HDFC Balanced Advantage Fund
2026-07-15,,,,568.5,HDFC Balanced Advantage Fund
2026-07-16,,,,568.409,HDFC Balanced Advantage Fund
2026-07-17,,,,570.885,HDFC Balanced Advantage Fund
2026-07-20,,,,570.247,HDFC Balanced Advantage Fund
2026-07-21,,,,570.03,HDFC Balanced Advantage Fund
2026-07-22,,,,565.195,HDFC Balanced Advantage Fund
2026-07-23,,,,562.632,HDFC Balanced Advantage Fund
2026-07-24,,,,562.129,HDFC Balanced Advantage Fund
2026-07-27,,,,566.898,HDFC Balanced Advantage Fund
2026-07-28,,,,566.227,HDFC Balanced Advantage Fund
2026-07-29,,,,570.945,HDFC Balanced Advantage Fund
2026-07-30,,,,570.779,HDFC Balanced Advantage Fund
2026-07-31,,,,572.345,HDFC Balanced Advantage Fund
2026-08-03,,,,578.515,HDFC Balanced Advantage Fund
2026-08-04,,,,576.442,HDFC Balanced Advantage Fund
2026-08-05,,,,577.272,HDFC Balanced Advantage Fund
2026-08-06,,,,578.268,HDFC Balanced Advantage Fund
2026-08-07,,,,578.299,HDFC Balanced Advantage Fund
2026-08-10,,,,576.974,HDFC Balanced Advantage Fund
2026-08-11,,,,575.991,HDFC Balanced Advantage Fund
2026-08-12,,,,576.674,HDFC Balanced Advantage Fund
2026-08-13,,,,576.561,HDFC Balanced Advantage Fund
2026-08-14,,,,575.273,HDFC Balanced Advantage Fund
2026-08-17,,,,574.087,HDFC Balanced Advantage Fund
2026-08-18,,,,572.384,HDFC Balanced Advantage Fund
2026-08-19,,,,571.215,HDFC Balanced Advantage Fund
2026-08-20,,,,572.87,HDFC Balanced Advantage Fund
2026-08-21,,,,572.894,HDFC Balanced Advantage Fund
2026-08-24,,,,572.491,HDFC Balanced Advantage Fund
2026-08-25,,,,574.166,HDFC Balanced Advantage Fund
2026-08-26,,,,573.397,HDFC Balanced Advantage Fund
2026-08-27,,,,571.624,HDFC Balanced Advantage Fund
2026-08-28,,,,572.286,HDFC Balanced Advantage Fund
2026-08-31,,,,571.997,HDFC Balanced Advantage Fund
2026-09-01,,,,570.199,HDFC Balanced Advantage Fund
2026-09-02,,,,568.286,HDFC Balanced Advantage Fund
2026-09-03,,,,568.783,HDFC Balanced Advantage Fund
2026-09-04,,,,568.889,HDFC Balanced Advantage Fund
2026-09-07,,,,567.478,HDFC Balanced Advantage Fund
2026-09-08,,,,565.84,HDFC Balanced Advantage Fund
2026-09-09,,,,562.797,HDFC Balanced Advantage Fund
2026-09-10,,,,562.868,HDFC Balanced Advantage Fund
2026-09-11,,,,561.377,HDFC Balanced Advantage Fund
2026-09-15,,,,554.931,HDFC Balanced Advantage Fund
2026-09-16,,,,556.706,HDFC Balanced Advantage Fund
2026-09-17,,,,558.784,HDFC Balanced Advantage Fund
