Date,Open,High,Low,Close,Index
2013-01-02,,,,17.4,ICICI Prudential Balanced Advantage Fund
2013-01-03,,,,17.45,ICICI Prudential Balanced Advantage Fund
2013-01-04,,,,17.46,ICICI Prudential Balanced Advantage Fund
2013-01-07,,,,17.46,ICICI Prudential Balanced Advantage Fund
2013-01-08,,,,17.46,ICICI Prudential Balanced Advantage Fund
2013-01-09,,,,17.46,ICICI Prudential Balanced Advantage Fund
2013-01-10,,,,17.45,ICICI Prudential Balanced Advantage Fund
2013-01-11,,,,17.39,ICICI Prudential Balanced Advantage Fund
2013-01-14,,,,17.49,ICICI Prudential Balanced Advantage Fund
2013-01-15,,,,17.55,ICICI Prudential Balanced Advantage Fund
2013-01-16,,,,17.44,ICICI Prudential Balanced Advantage Fund
2013-01-17,,,,17.5,ICICI Prudential Balanced Advantage Fund
2013-01-18,,,,17.49,ICICI Prudential Balanced Advantage Fund
2013-01-21,,,,17.52,ICICI Prudential Balanced Advantage Fund
2013-01-22,,,,17.47,ICICI Prudential Balanced Advantage Fund
2013-01-23,,,,17.43,ICICI Prudential Balanced Advantage Fund
2013-01-24,,,,17.33,ICICI Prudential Balanced Advantage Fund
2013-01-25,,,,17.45,ICICI Prudential Balanced Advantage Fund
2013-01-28,,,,17.46,ICICI Prudential Balanced Advantage Fund
2013-01-29,,,,17.42,ICICI Prudential Balanced Advantage Fund
2013-01-30,,,,17.43,ICICI Prudential Balanced Advantage Fund
2013-01-31,,,,17.38,ICICI Prudential Balanced Advantage Fund
2013-02-01,,,,17.32,ICICI Prudential Balanced Advantage Fund
2013-02-04,,,,17.3,ICICI Prudential Balanced Advantage Fund
2013-02-05,,,,17.22,ICICI Prudential Balanced Advantage Fund
2013-02-06,,,,17.23,ICICI Prudential Balanced Advantage Fund
2013-02-07,,,,17.19,ICICI Prudential Balanced Advantage Fund
2013-02-08,,,,17.13,ICICI Prudential Balanced Advantage Fund
2013-02-11,,,,17.12,ICICI Prudential Balanced Advantage Fund
2013-02-12,,,,17.15,ICICI Prudential Balanced Advantage Fund
2013-02-13,,,,17.17,ICICI Prudential Balanced Advantage Fund
2013-02-14,,,,17.09,ICICI Prudential Balanced Advantage Fund
2013-02-15,,,,17.02,ICICI Prudential Balanced Advantage Fund
2013-02-18,,,,17.05,ICICI Prudential Balanced Advantage Fund
2013-02-19,,,,17.14,ICICI Prudential Balanced Advantage Fund
2013-02-20,,,,17.15,ICICI Prudential Balanced Advantage Fund
2013-02-21,,,,16.99,ICICI Prudential Balanced Advantage Fund
2013-02-22,,,,17.0,ICICI Prudential Balanced Advantage Fund
2013-02-25,,,,16.98,ICICI Prudential Balanced Advantage Fund
2013-02-26,,,,16.83,ICICI Prudential Balanced Advantage Fund
2013-02-27,,,,16.88,ICICI Prudential Balanced Advantage Fund
2013-02-28,,,,16.73,ICICI Prudential Balanced Advantage Fund
2013-03-01,,,,16.79,ICICI Prudential Balanced Advantage Fund
2013-03-04,,,,16.77,ICICI Prudential Balanced Advantage Fund
2013-03-05,,,,16.89,ICICI Prudential Balanced Advantage Fund
2013-03-06,,,,16.97,ICICI Prudential Balanced Advantage Fund
2013-03-07,,,,17.03,ICICI Prudential Balanced Advantage Fund
2013-03-08,,,,17.14,ICICI Prudential Balanced Advantage Fund
2013-03-11,,,,17.13,ICICI Prudential Balanced Advantage Fund
2013-03-12,,,,17.08,ICICI Prudential Balanced Advantage Fund
2013-03-13,,,,16.95,ICICI Prudential Balanced Advantage Fund
2013-03-14,,,,17.03,ICICI Prudential Balanced Advantage Fund
2013-03-15,,,,16.97,ICICI Prudential Balanced Advantage Fund
2013-03-18,,,,16.92,ICICI Prudential Balanced Advantage Fund
2013-03-19,,,,16.8,ICICI Prudential Balanced Advantage Fund
2013-03-20,,,,16.68,ICICI Prudential Balanced Advantage Fund
2013-03-21,,,,16.61,ICICI Prudential Balanced Advantage Fund
2013-03-22,,,,16.59,ICICI Prudential Balanced Advantage Fund
2013-03-25,,,,16.56,ICICI Prudential Balanced Advantage Fund
2013-03-26,,,,16.54,ICICI Prudential Balanced Advantage Fund
2013-03-28,,,,16.64,ICICI Prudential Balanced Advantage Fund
2013-04-01,,,,16.69,ICICI Prudential Balanced Advantage Fund
2013-04-02,,,,16.8,ICICI Prudential Balanced Advantage Fund
2013-04-03,,,,16.66,ICICI Prudential Balanced Advantage Fund
2013-04-04,,,,16.48,ICICI Prudential Balanced Advantage Fund
2013-04-05,,,,16.5,ICICI Prudential Balanced Advantage Fund
2013-04-08,,,,16.5,ICICI Prudential Balanced Advantage Fund
2013-04-09,,,,16.39,ICICI Prudential Balanced Advantage Fund
2013-04-10,,,,16.51,ICICI Prudential Balanced Advantage Fund
2013-04-11,,,,16.55,ICICI Prudential Balanced Advantage Fund
2013-04-12,,,,16.45,ICICI Prudential Balanced Advantage Fund
2013-04-15,,,,16.49,ICICI Prudential Balanced Advantage Fund
2013-04-16,,,,16.66,ICICI Prudential Balanced Advantage Fund
2013-04-17,,,,16.68,ICICI Prudential Balanced Advantage Fund
2013-04-18,,,,16.81,ICICI Prudential Balanced Advantage Fund
2013-04-22,,,,16.95,ICICI Prudential Balanced Advantage Fund
2013-04-23,,,,16.92,ICICI Prudential Balanced Advantage Fund
2013-04-25,,,,17.05,ICICI Prudential Balanced Advantage Fund
2013-04-26,,,,17.06,ICICI Prudential Balanced Advantage Fund
2013-04-29,,,,17.11,ICICI Prudential Balanced Advantage Fund
2013-04-30,,,,17.18,ICICI Prudential Balanced Advantage Fund
2013-05-02,,,,17.24,ICICI Prudential Balanced Advantage Fund
2013-05-03,,,,17.14,ICICI Prudential Balanced Advantage Fund
2013-05-06,,,,17.24,ICICI Prudential Balanced Advantage Fund
2013-05-07,,,,17.34,ICICI Prudential Balanced Advantage Fund
2013-05-08,,,,17.34,ICICI Prudential Balanced Advantage Fund
2013-05-09,,,,17.31,ICICI Prudential Balanced Advantage Fund
2013-05-10,,,,17.38,ICICI Prudential Balanced Advantage Fund
2013-05-13,,,,17.24,ICICI Prudential Balanced Advantage Fund
2013-05-14,,,,17.3,ICICI Prudential Balanced Advantage Fund
2013-05-15,,,,17.48,ICICI Prudential Balanced Advantage Fund
2013-05-16,,,,17.53,ICICI Prudential Balanced Advantage Fund
2013-05-17,,,,17.55,ICICI Prudential Balanced Advantage Fund
2013-05-20,,,,17.53,ICICI Prudential Balanced Advantage Fund
2013-05-21,,,,17.47,ICICI Prudential Balanced Advantage Fund
2013-05-22,,,,17.42,ICICI Prudential Balanced Advantage Fund
2013-05-23,,,,17.23,ICICI Prudential Balanced Advantage Fund
2013-05-24,,,,17.26,ICICI Prudential Balanced Advantage Fund
2013-05-27,,,,17.37,ICICI Prudential Balanced Advantage Fund
2013-05-28,,,,17.42,ICICI Prudential Balanced Advantage Fund
2013-05-29,,,,17.37,ICICI Prudential Balanced Advantage Fund
2013-05-30,,,,17.4,ICICI Prudential Balanced Advantage Fund
2013-05-31,,,,17.27,ICICI Prudential Balanced Advantage Fund
2013-06-03,,,,17.25,ICICI Prudential Balanced Advantage Fund
2013-06-04,,,,17.23,ICICI Prudential Balanced Advantage Fund
2013-06-05,,,,17.25,ICICI Prudential Balanced Advantage Fund
2013-06-06,,,,17.27,ICICI Prudential Balanced Advantage Fund
2013-06-07,,,,17.21,ICICI Prudential Balanced Advantage Fund
2013-06-10,,,,17.14,ICICI Prudential Balanced Advantage Fund
2013-06-11,,,,17.02,ICICI Prudential Balanced Advantage Fund
2013-06-12,,,,17.03,ICICI Prudential Balanced Advantage Fund
2013-06-13,,,,16.91,ICICI Prudential Balanced Advantage Fund
2013-06-14,,,,17.05,ICICI Prudential Balanced Advantage Fund
2013-06-17,,,,17.11,ICICI Prudential Balanced Advantage Fund
2013-06-18,,,,17.08,ICICI Prudential Balanced Advantage Fund
2013-06-19,,,,17.11,ICICI Prudential Balanced Advantage Fund
2013-06-20,,,,16.83,ICICI Prudential Balanced Advantage Fund
2013-06-21,,,,16.82,ICICI Prudential Balanced Advantage Fund
2013-06-24,,,,16.64,ICICI Prudential Balanced Advantage Fund
2013-06-25,,,,16.64,ICICI Prudential Balanced Advantage Fund
2013-06-26,,,,16.61,ICICI Prudential Balanced Advantage Fund
2013-06-27,,,,16.72,ICICI Prudential Balanced Advantage Fund
2013-06-28,,,,16.99,ICICI Prudential Balanced Advantage Fund
2013-07-01,,,,17.12,ICICI Prudential Balanced Advantage Fund
2013-07-02,,,,17.09,ICICI Prudential Balanced Advantage Fund
2013-07-03,,,,16.93,ICICI Prudential Balanced Advantage Fund
2013-07-04,,,,17.06,ICICI Prudential Balanced Advantage Fund
2013-07-05,,,,17.11,ICICI Prudential Balanced Advantage Fund
2013-07-08,,,,17.02,ICICI Prudential Balanced Advantage Fund
2013-07-09,,,,17.13,ICICI Prudential Balanced Advantage Fund
2013-07-10,,,,17.09,ICICI Prudential Balanced Advantage Fund
2013-07-11,,,,17.24,ICICI Prudential Balanced Advantage Fund
2013-07-12,,,,17.36,ICICI Prudential Balanced Advantage Fund
2013-07-15,,,,17.41,ICICI Prudential Balanced Advantage Fund
2013-07-16,,,,17.22,ICICI Prudential Balanced Advantage Fund
2013-07-17,,,,17.16,ICICI Prudential Balanced Advantage Fund
2013-07-18,,,,17.26,ICICI Prudential Balanced Advantage Fund
2013-07-19,,,,17.27,ICICI Prudential Balanced Advantage Fund
2013-07-22,,,,17.28,ICICI Prudential Balanced Advantage Fund
2013-07-23,,,,17.32,ICICI Prudential Balanced Advantage Fund
2013-07-24,,,,17.15,ICICI Prudential Balanced Advantage Fund
2013-07-25,,,,17.05,ICICI Prudential Balanced Advantage Fund
2013-07-26,,,,17.03,ICICI Prudential Balanced Advantage Fund
2013-07-29,,,,16.97,ICICI Prudential Balanced Advantage Fund
2013-07-30,,,,16.83,ICICI Prudential Balanced Advantage Fund
2013-07-31,,,,16.8,ICICI Prudential Balanced Advantage Fund
2013-08-01,,,,16.82,ICICI Prudential Balanced Advantage Fund
2013-08-02,,,,16.71,ICICI Prudential Balanced Advantage Fund
2013-08-05,,,,16.76,ICICI Prudential Balanced Advantage Fund
2013-08-06,,,,16.51,ICICI Prudential Balanced Advantage Fund
2013-08-07,,,,16.5,ICICI Prudential Balanced Advantage Fund
2013-08-08,,,,16.64,ICICI Prudential Balanced Advantage Fund
2013-08-12,,,,16.76,ICICI Prudential Balanced Advantage Fund
2013-08-13,,,,16.94,ICICI Prudential Balanced Advantage Fund
2013-08-14,,,,17.01,ICICI Prudential Balanced Advantage Fund
2013-08-16,,,,16.66,ICICI Prudential Balanced Advantage Fund
2013-08-19,,,,16.39,ICICI Prudential Balanced Advantage Fund
2013-08-20,,,,16.4,ICICI Prudential Balanced Advantage Fund
2013-08-21,,,,16.24,ICICI Prudential Balanced Advantage Fund
2013-08-22,,,,16.41,ICICI Prudential Balanced Advantage Fund
2013-08-23,,,,16.56,ICICI Prudential Balanced Advantage Fund
2013-08-26,,,,16.6,ICICI Prudential Balanced Advantage Fund
2013-08-27,,,,16.14,ICICI Prudential Balanced Advantage Fund
2013-08-28,,,,16.09,ICICI Prudential Balanced Advantage Fund
2013-08-29,,,,16.35,ICICI Prudential Balanced Advantage Fund
2013-08-30,,,,16.49,ICICI Prudential Balanced Advantage Fund
2013-09-02,,,,16.65,ICICI Prudential Balanced Advantage Fund
2013-09-03,,,,16.28,ICICI Prudential Balanced Advantage Fund
2013-09-04,,,,16.49,ICICI Prudential Balanced Advantage Fund
2013-09-05,,,,16.8,ICICI Prudential Balanced Advantage Fund
2013-09-06,,,,16.97,ICICI Prudential Balanced Advantage Fund
2013-09-10,,,,17.27,ICICI Prudential Balanced Advantage Fund
2013-09-11,,,,17.39,ICICI Prudential Balanced Advantage Fund
2013-09-12,,,,17.31,ICICI Prudential Balanced Advantage Fund
2013-09-13,,,,17.3,ICICI Prudential Balanced Advantage Fund
2013-09-16,,,,17.32,ICICI Prudential Balanced Advantage Fund
2013-09-17,,,,17.39,ICICI Prudential Balanced Advantage Fund
2013-09-18,,,,17.49,ICICI Prudential Balanced Advantage Fund
2013-09-19,,,,17.86,ICICI Prudential Balanced Advantage Fund
2013-09-20,,,,17.7,ICICI Prudential Balanced Advantage Fund
2013-09-23,,,,17.54,ICICI Prudential Balanced Advantage Fund
2013-09-24,,,,17.53,ICICI Prudential Balanced Advantage Fund
2013-09-25,,,,17.5,ICICI Prudential Balanced Advantage Fund
2013-09-26,,,,17.54,ICICI Prudential Balanced Advantage Fund
2013-09-27,,,,17.48,ICICI Prudential Balanced Advantage Fund
2013-09-30,,,,17.41,ICICI Prudential Balanced Advantage Fund
2013-10-01,,,,17.48,ICICI Prudential Balanced Advantage Fund
2013-10-03,,,,17.68,ICICI Prudential Balanced Advantage Fund
2013-10-04,,,,17.73,ICICI Prudential Balanced Advantage Fund
2013-10-07,,,,17.77,ICICI Prudential Balanced Advantage Fund
2013-10-08,,,,17.85,ICICI Prudential Balanced Advantage Fund
2013-10-09,,,,17.98,ICICI Prudential Balanced Advantage Fund
2013-10-10,,,,18.06,ICICI Prudential Balanced Advantage Fund
2013-10-11,,,,18.16,ICICI Prudential Balanced Advantage Fund
2013-10-14,,,,18.18,ICICI Prudential Balanced Advantage Fund
2013-10-15,,,,18.14,ICICI Prudential Balanced Advantage Fund
2013-10-17,,,,18.08,ICICI Prudential Balanced Advantage Fund
2013-10-18,,,,18.28,ICICI Prudential Balanced Advantage Fund
2013-10-21,,,,18.33,ICICI Prudential Balanced Advantage Fund
2013-10-22,,,,18.33,ICICI Prudential Balanced Advantage Fund
2013-10-23,,,,18.34,ICICI Prudential Balanced Advantage Fund
2013-10-24,,,,18.36,ICICI Prudential Balanced Advantage Fund
2013-10-25,,,,18.33,ICICI Prudential Balanced Advantage Fund
2013-10-28,,,,18.25,ICICI Prudential Balanced Advantage Fund
2013-10-29,,,,18.41,ICICI Prudential Balanced Advantage Fund
2013-10-30,,,,18.46,ICICI Prudential Balanced Advantage Fund
2013-10-31,,,,18.54,ICICI Prudential Balanced Advantage Fund
2013-11-01,,,,18.58,ICICI Prudential Balanced Advantage Fund
2013-11-05,,,,18.6,ICICI Prudential Balanced Advantage Fund
2013-11-06,,,,18.59,ICICI Prudential Balanced Advantage Fund
2013-11-07,,,,18.55,ICICI Prudential Balanced Advantage Fund
2013-11-08,,,,18.54,ICICI Prudential Balanced Advantage Fund
2013-11-11,,,,18.46,ICICI Prudential Balanced Advantage Fund
2013-11-12,,,,18.39,ICICI Prudential Balanced Advantage Fund
2013-11-13,,,,18.32,ICICI Prudential Balanced Advantage Fund
2013-11-14,,,,18.46,ICICI Prudential Balanced Advantage Fund
2013-11-18,,,,18.66,ICICI Prudential Balanced Advantage Fund
2013-11-19,,,,18.69,ICICI Prudential Balanced Advantage Fund
2013-11-20,,,,18.59,ICICI Prudential Balanced Advantage Fund
2013-11-21,,,,18.39,ICICI Prudential Balanced Advantage Fund
2013-11-22,,,,18.41,ICICI Prudential Balanced Advantage Fund
2013-11-25,,,,18.62,ICICI Prudential Balanced Advantage Fund
2013-11-26,,,,18.54,ICICI Prudential Balanced Advantage Fund
2013-11-27,,,,18.57,ICICI Prudential Balanced Advantage Fund
2013-11-28,,,,18.62,ICICI Prudential Balanced Advantage Fund
2013-11-29,,,,18.77,ICICI Prudential Balanced Advantage Fund
2013-12-02,,,,18.85,ICICI Prudential Balanced Advantage Fund
2013-12-03,,,,18.83,ICICI Prudential Balanced Advantage Fund
2013-12-04,,,,18.78,ICICI Prudential Balanced Advantage Fund
2013-12-05,,,,18.91,ICICI Prudential Balanced Advantage Fund
2013-12-06,,,,18.94,ICICI Prudential Balanced Advantage Fund
2013-12-09,,,,19.08,ICICI Prudential Balanced Advantage Fund
2013-12-10,,,,19.04,ICICI Prudential Balanced Advantage Fund
2013-12-11,,,,19.01,ICICI Prudential Balanced Advantage Fund
2013-12-12,,,,18.93,ICICI Prudential Balanced Advantage Fund
2013-12-13,,,,18.82,ICICI Prudential Balanced Advantage Fund
2013-12-16,,,,18.83,ICICI Prudential Balanced Advantage Fund
2013-12-17,,,,18.84,ICICI Prudential Balanced Advantage Fund
2013-12-18,,,,18.97,ICICI Prudential Balanced Advantage Fund
2013-12-19,,,,18.94,ICICI Prudential Balanced Advantage Fund
2013-12-20,,,,19.13,ICICI Prudential Balanced Advantage Fund
2013-12-23,,,,19.16,ICICI Prudential Balanced Advantage Fund
2013-12-24,,,,19.12,ICICI Prudential Balanced Advantage Fund
2013-12-26,,,,19.18,ICICI Prudential Balanced Advantage Fund
2013-12-27,,,,19.25,ICICI Prudential Balanced Advantage Fund
2013-12-30,,,,19.23,ICICI Prudential Balanced Advantage Fund
2013-12-31,,,,19.25,ICICI Prudential Balanced Advantage Fund
2014-01-01,,,,19.26,ICICI Prudential Balanced Advantage Fund
2014-01-02,,,,19.12,ICICI Prudential Balanced Advantage Fund
2014-01-03,,,,19.15,ICICI Prudential Balanced Advantage Fund
2014-01-06,,,,19.12,ICICI Prudential Balanced Advantage Fund
2014-01-07,,,,19.09,ICICI Prudential Balanced Advantage Fund
2014-01-08,,,,19.12,ICICI Prudential Balanced Advantage Fund
2014-01-09,,,,19.08,ICICI Prudential Balanced Advantage Fund
2014-01-10,,,,19.07,ICICI Prudential Balanced Advantage Fund
2014-01-13,,,,19.19,ICICI Prudential Balanced Advantage Fund
2014-01-14,,,,19.15,ICICI Prudential Balanced Advantage Fund
2014-01-15,,,,19.29,ICICI Prudential Balanced Advantage Fund
2014-01-16,,,,19.23,ICICI Prudential Balanced Advantage Fund
2014-01-17,,,,19.13,ICICI Prudential Balanced Advantage Fund
2014-01-20,,,,19.19,ICICI Prudential Balanced Advantage Fund
2014-01-21,,,,19.21,ICICI Prudential Balanced Advantage Fund
2014-01-22,,,,19.26,ICICI Prudential Balanced Advantage Fund
2014-01-23,,,,19.23,ICICI Prudential Balanced Advantage Fund
2014-01-24,,,,19.08,ICICI Prudential Balanced Advantage Fund
2014-01-27,,,,18.83,ICICI Prudential Balanced Advantage Fund
2014-01-28,,,,18.78,ICICI Prudential Balanced Advantage Fund
2014-01-29,,,,18.77,ICICI Prudential Balanced Advantage Fund
2014-01-30,,,,18.64,ICICI Prudential Balanced Advantage Fund
2014-01-31,,,,18.78,ICICI Prudential Balanced Advantage Fund
2014-02-03,,,,18.67,ICICI Prudential Balanced Advantage Fund
2014-02-04,,,,18.72,ICICI Prudential Balanced Advantage Fund
2014-02-05,,,,18.79,ICICI Prudential Balanced Advantage Fund
2014-02-06,,,,18.82,ICICI Prudential Balanced Advantage Fund
2014-02-07,,,,18.88,ICICI Prudential Balanced Advantage Fund
2014-02-10,,,,18.87,ICICI Prudential Balanced Advantage Fund
2014-02-11,,,,18.91,ICICI Prudential Balanced Advantage Fund
2014-02-12,,,,18.99,ICICI Prudential Balanced Advantage Fund
2014-02-13,,,,18.76,ICICI Prudential Balanced Advantage Fund
2014-02-14,,,,18.84,ICICI Prudential Balanced Advantage Fund
2014-02-17,,,,18.89,ICICI Prudential Balanced Advantage Fund
2014-02-18,,,,18.98,ICICI Prudential Balanced Advantage Fund
2014-02-19,,,,19.05,ICICI Prudential Balanced Advantage Fund
2014-02-20,,,,18.95,ICICI Prudential Balanced Advantage Fund
2014-02-21,,,,19.05,ICICI Prudential Balanced Advantage Fund
2014-02-24,,,,19.09,ICICI Prudential Balanced Advantage Fund
2014-02-25,,,,19.13,ICICI Prudential Balanced Advantage Fund
2014-02-26,,,,19.22,ICICI Prudential Balanced Advantage Fund
2014-02-28,,,,19.29,ICICI Prudential Balanced Advantage Fund
2014-03-03,,,,19.2,ICICI Prudential Balanced Advantage Fund
2014-03-04,,,,19.34,ICICI Prudential Balanced Advantage Fund
2014-03-05,,,,19.44,ICICI Prudential Balanced Advantage Fund
2014-03-06,,,,19.6,ICICI Prudential Balanced Advantage Fund
2014-03-07,,,,19.75,ICICI Prudential Balanced Advantage Fund
2014-03-10,,,,19.79,ICICI Prudential Balanced Advantage Fund
2014-03-11,,,,19.77,ICICI Prudential Balanced Advantage Fund
2014-03-12,,,,19.77,ICICI Prudential Balanced Advantage Fund
2014-03-13,,,,19.74,ICICI Prudential Balanced Advantage Fund
2014-03-14,,,,19.75,ICICI Prudential Balanced Advantage Fund
2014-03-18,,,,19.83,ICICI Prudential Balanced Advantage Fund
2014-03-19,,,,19.85,ICICI Prudential Balanced Advantage Fund
2014-03-20,,,,19.77,ICICI Prudential Balanced Advantage Fund
2014-03-21,,,,19.8,ICICI Prudential Balanced Advantage Fund
2014-03-24,,,,19.95,ICICI Prudential Balanced Advantage Fund
2014-03-25,,,,19.98,ICICI Prudential Balanced Advantage Fund
2014-03-26,,,,20.02,ICICI Prudential Balanced Advantage Fund
2014-03-27,,,,20.08,ICICI Prudential Balanced Advantage Fund
2014-03-28,,,,20.2,ICICI Prudential Balanced Advantage Fund
2014-03-31,,,,20.25,ICICI Prudential Balanced Advantage Fund
2014-04-01,,,,20.23,ICICI Prudential Balanced Advantage Fund
2014-04-02,,,,20.33,ICICI Prudential Balanced Advantage Fund
2014-04-03,,,,20.25,ICICI Prudential Balanced Advantage Fund
2014-04-04,,,,20.18,ICICI Prudential Balanced Advantage Fund
2014-04-07,,,,20.18,ICICI Prudential Balanced Advantage Fund
2014-04-09,,,,20.37,ICICI Prudential Balanced Advantage Fund
2014-04-10,,,,20.41,ICICI Prudential Balanced Advantage Fund
2014-04-11,,,,20.41,ICICI Prudential Balanced Advantage Fund
2014-04-15,,,,20.33,ICICI Prudential Balanced Advantage Fund
2014-04-16,,,,20.23,ICICI Prudential Balanced Advantage Fund
2014-04-17,,,,20.4,ICICI Prudential Balanced Advantage Fund
2014-04-21,,,,20.46,ICICI Prudential Balanced Advantage Fund
2014-04-22,,,,20.48,ICICI Prudential Balanced Advantage Fund
2014-04-23,,,,20.55,ICICI Prudential Balanced Advantage Fund
2014-04-25,,,,20.48,ICICI Prudential Balanced Advantage Fund
2014-04-28,,,,20.48,ICICI Prudential Balanced Advantage Fund
2014-04-29,,,,20.43,ICICI Prudential Balanced Advantage Fund
2014-04-30,,,,20.39,ICICI Prudential Balanced Advantage Fund
2014-05-02,,,,20.43,ICICI Prudential Balanced Advantage Fund
2014-05-05,,,,20.46,ICICI Prudential Balanced Advantage Fund
2014-05-06,,,,20.5,ICICI Prudential Balanced Advantage Fund
2014-05-07,,,,20.43,ICICI Prudential Balanced Advantage Fund
2014-05-08,,,,20.47,ICICI Prudential Balanced Advantage Fund
2014-05-09,,,,20.78,ICICI Prudential Balanced Advantage Fund
2014-05-12,,,,20.99,ICICI Prudential Balanced Advantage Fund
2014-05-13,,,,21.12,ICICI Prudential Balanced Advantage Fund
2014-05-14,,,,21.15,ICICI Prudential Balanced Advantage Fund
2014-05-15,,,,21.14,ICICI Prudential Balanced Advantage Fund
2014-05-16,,,,21.25,ICICI Prudential Balanced Advantage Fund
2014-05-19,,,,21.44,ICICI Prudential Balanced Advantage Fund
2014-05-20,,,,21.51,ICICI Prudential Balanced Advantage Fund
2014-05-21,,,,21.54,ICICI Prudential Balanced Advantage Fund
2014-05-22,,,,21.61,ICICI Prudential Balanced Advantage Fund
2014-05-23,,,,21.76,ICICI Prudential Balanced Advantage Fund
2014-05-26,,,,21.69,ICICI Prudential Balanced Advantage Fund
2014-05-27,,,,21.68,ICICI Prudential Balanced Advantage Fund
2014-05-28,,,,21.78,ICICI Prudential Balanced Advantage Fund
2014-05-29,,,,21.61,ICICI Prudential Balanced Advantage Fund
2014-05-30,,,,21.62,ICICI Prudential Balanced Advantage Fund
2014-06-02,,,,21.91,ICICI Prudential Balanced Advantage Fund
2014-06-03,,,,22.02,ICICI Prudential Balanced Advantage Fund
2014-06-04,,,,22.13,ICICI Prudential Balanced Advantage Fund
2014-06-05,,,,22.22,ICICI Prudential Balanced Advantage Fund
2014-06-06,,,,22.41,ICICI Prudential Balanced Advantage Fund
2014-06-09,,,,22.45,ICICI Prudential Balanced Advantage Fund
2014-06-10,,,,22.42,ICICI Prudential Balanced Advantage Fund
2014-06-11,,,,22.41,ICICI Prudential Balanced Advantage Fund
2014-06-12,,,,22.45,ICICI Prudential Balanced Advantage Fund
2014-06-13,,,,22.3,ICICI Prudential Balanced Advantage Fund
2014-06-16,,,,22.3,ICICI Prudential Balanced Advantage Fund
2014-06-17,,,,22.46,ICICI Prudential Balanced Advantage Fund
2014-06-18,,,,22.4,ICICI Prudential Balanced Advantage Fund
2014-06-19,,,,22.35,ICICI Prudential Balanced Advantage Fund
2014-06-20,,,,22.3,ICICI Prudential Balanced Advantage Fund
2014-06-23,,,,22.3,ICICI Prudential Balanced Advantage Fund
2014-06-24,,,,22.4,ICICI Prudential Balanced Advantage Fund
2014-06-25,,,,22.38,ICICI Prudential Balanced Advantage Fund
2014-06-26,,,,22.29,ICICI Prudential Balanced Advantage Fund
2014-06-27,,,,22.34,ICICI Prudential Balanced Advantage Fund
2014-06-30,,,,22.49,ICICI Prudential Balanced Advantage Fund
2014-07-01,,,,22.6,ICICI Prudential Balanced Advantage Fund
2014-07-02,,,,22.74,ICICI Prudential Balanced Advantage Fund
2014-07-03,,,,22.78,ICICI Prudential Balanced Advantage Fund
2014-07-04,,,,22.89,ICICI Prudential Balanced Advantage Fund
2014-07-07,,,,22.92,ICICI Prudential Balanced Advantage Fund
2014-07-08,,,,22.69,ICICI Prudential Balanced Advantage Fund
2014-07-09,,,,22.59,ICICI Prudential Balanced Advantage Fund
2014-07-10,,,,22.57,ICICI Prudential Balanced Advantage Fund
2014-07-11,,,,22.44,ICICI Prudential Balanced Advantage Fund
2014-07-14,,,,22.39,ICICI Prudential Balanced Advantage Fund
2014-07-15,,,,22.58,ICICI Prudential Balanced Advantage Fund
2014-07-16,,,,22.77,ICICI Prudential Balanced Advantage Fund
2014-07-17,,,,22.86,ICICI Prudential Balanced Advantage Fund
2014-07-18,,,,22.89,ICICI Prudential Balanced Advantage Fund
2014-07-21,,,,22.92,ICICI Prudential Balanced Advantage Fund
2014-07-22,,,,22.97,ICICI Prudential Balanced Advantage Fund
2014-07-23,,,,22.97,ICICI Prudential Balanced Advantage Fund
2014-07-24,,,,23.0,ICICI Prudential Balanced Advantage Fund
2014-07-25,,,,22.93,ICICI Prudential Balanced Advantage Fund
2014-07-28,,,,22.92,ICICI Prudential Balanced Advantage Fund
2014-07-30,,,,22.99,ICICI Prudential Balanced Advantage Fund
2014-07-31,,,,22.93,ICICI Prudential Balanced Advantage Fund
2014-08-01,,,,22.79,ICICI Prudential Balanced Advantage Fund
2014-08-04,,,,22.9,ICICI Prudential Balanced Advantage Fund
2014-08-05,,,,22.99,ICICI Prudential Balanced Advantage Fund
2014-08-06,,,,22.92,ICICI Prudential Balanced Advantage Fund
2014-08-07,,,,22.91,ICICI Prudential Balanced Advantage Fund
2014-08-08,,,,22.79,ICICI Prudential Balanced Advantage Fund
2014-08-11,,,,22.87,ICICI Prudential Balanced Advantage Fund
2014-08-12,,,,22.94,ICICI Prudential Balanced Advantage Fund
2014-08-13,,,,22.95,ICICI Prudential Balanced Advantage Fund
2014-08-14,,,,23.09,ICICI Prudential Balanced Advantage Fund
2014-08-18,,,,23.22,ICICI Prudential Balanced Advantage Fund
2014-08-19,,,,23.28,ICICI Prudential Balanced Advantage Fund
2014-08-20,,,,23.28,ICICI Prudential Balanced Advantage Fund
2014-08-21,,,,23.3,ICICI Prudential Balanced Advantage Fund
2014-08-22,,,,23.38,ICICI Prudential Balanced Advantage Fund
2014-08-25,,,,23.39,ICICI Prudential Balanced Advantage Fund
2014-08-26,,,,23.41,ICICI Prudential Balanced Advantage Fund
2014-08-27,,,,23.49,ICICI Prudential Balanced Advantage Fund
2014-08-28,,,,23.52,ICICI Prudential Balanced Advantage Fund
2014-09-01,,,,23.66,ICICI Prudential Balanced Advantage Fund
2014-09-02,,,,23.79,ICICI Prudential Balanced Advantage Fund
2014-09-03,,,,23.84,ICICI Prudential Balanced Advantage Fund
2014-09-04,,,,23.86,ICICI Prudential Balanced Advantage Fund
2014-09-05,,,,23.85,ICICI Prudential Balanced Advantage Fund
2014-09-08,,,,23.99,ICICI Prudential Balanced Advantage Fund
2014-09-09,,,,23.99,ICICI Prudential Balanced Advantage Fund
2014-09-10,,,,23.95,ICICI Prudential Balanced Advantage Fund
2014-09-11,,,,24.07,ICICI Prudential Balanced Advantage Fund
2014-09-12,,,,24.07,ICICI Prudential Balanced Advantage Fund
2014-09-15,,,,24.07,ICICI Prudential Balanced Advantage Fund
2014-09-16,,,,23.83,ICICI Prudential Balanced Advantage Fund
2014-09-17,,,,23.88,ICICI Prudential Balanced Advantage Fund
2014-09-18,,,,24.03,ICICI Prudential Balanced Advantage Fund
2014-09-19,,,,24.06,ICICI Prudential Balanced Advantage Fund
2014-09-22,,,,24.04,ICICI Prudential Balanced Advantage Fund
2014-09-23,,,,23.89,ICICI Prudential Balanced Advantage Fund
2014-09-24,,,,23.85,ICICI Prudential Balanced Advantage Fund
2014-09-25,,,,23.74,ICICI Prudential Balanced Advantage Fund
2014-09-26,,,,23.84,ICICI Prudential Balanced Advantage Fund
2014-09-29,,,,23.87,ICICI Prudential Balanced Advantage Fund
2014-09-30,,,,23.85,ICICI Prudential Balanced Advantage Fund
2014-10-01,,,,23.83,ICICI Prudential Balanced Advantage Fund
2014-10-07,,,,23.78,ICICI Prudential Balanced Advantage Fund
2014-10-08,,,,23.76,ICICI Prudential Balanced Advantage Fund
2014-10-09,,,,23.85,ICICI Prudential Balanced Advantage Fund
2014-10-10,,,,23.74,ICICI Prudential Balanced Advantage Fund
2014-10-13,,,,23.81,ICICI Prudential Balanced Advantage Fund
2014-10-14,,,,23.79,ICICI Prudential Balanced Advantage Fund
2014-10-16,,,,23.58,ICICI Prudential Balanced Advantage Fund
2014-10-17,,,,23.66,ICICI Prudential Balanced Advantage Fund
2014-10-20,,,,23.84,ICICI Prudential Balanced Advantage Fund
2014-10-21,,,,23.93,ICICI Prudential Balanced Advantage Fund
2014-10-22,,,,24.01,ICICI Prudential Balanced Advantage Fund
2014-10-27,,,,24.09,ICICI Prudential Balanced Advantage Fund
2014-10-28,,,,24.13,ICICI Prudential Balanced Advantage Fund
2014-10-29,,,,24.22,ICICI Prudential Balanced Advantage Fund
2014-10-30,,,,24.37,ICICI Prudential Balanced Advantage Fund
2014-10-31,,,,24.57,ICICI Prudential Balanced Advantage Fund
2014-11-03,,,,24.57,ICICI Prudential Balanced Advantage Fund
2014-11-05,,,,24.59,ICICI Prudential Balanced Advantage Fund
2014-11-07,,,,24.62,ICICI Prudential Balanced Advantage Fund
2014-11-10,,,,24.67,ICICI Prudential Balanced Advantage Fund
2014-11-11,,,,24.71,ICICI Prudential Balanced Advantage Fund
2014-11-12,,,,24.72,ICICI Prudential Balanced Advantage Fund
2014-11-13,,,,24.66,ICICI Prudential Balanced Advantage Fund
2014-11-14,,,,24.74,ICICI Prudential Balanced Advantage Fund
2014-11-17,,,,24.75,ICICI Prudential Balanced Advantage Fund
2014-11-18,,,,24.8,ICICI Prudential Balanced Advantage Fund
2014-11-19,,,,24.77,ICICI Prudential Balanced Advantage Fund
2014-11-20,,,,24.82,ICICI Prudential Balanced Advantage Fund
2014-11-21,,,,24.86,ICICI Prudential Balanced Advantage Fund
2014-11-24,,,,24.92,ICICI Prudential Balanced Advantage Fund
2014-11-25,,,,24.84,ICICI Prudential Balanced Advantage Fund
2014-11-26,,,,24.9,ICICI Prudential Balanced Advantage Fund
2014-11-27,,,,24.93,ICICI Prudential Balanced Advantage Fund
2014-11-28,,,,24.98,ICICI Prudential Balanced Advantage Fund
2014-12-01,,,,24.91,ICICI Prudential Balanced Advantage Fund
2014-12-02,,,,24.92,ICICI Prudential Balanced Advantage Fund
2014-12-03,,,,25.02,ICICI Prudential Balanced Advantage Fund
2014-12-04,,,,25.05,ICICI Prudential Balanced Advantage Fund
2014-12-05,,,,25.01,ICICI Prudential Balanced Advantage Fund
2014-12-08,,,,24.94,ICICI Prudential Balanced Advantage Fund
2014-12-09,,,,24.85,ICICI Prudential Balanced Advantage Fund
2014-12-10,,,,24.91,ICICI Prudential Balanced Advantage Fund
2014-12-11,,,,24.82,ICICI Prudential Balanced Advantage Fund
2014-12-12,,,,24.69,ICICI Prudential Balanced Advantage Fund
2014-12-15,,,,24.68,ICICI Prudential Balanced Advantage Fund
2014-12-16,,,,24.43,ICICI Prudential Balanced Advantage Fund
2014-12-17,,,,24.36,ICICI Prudential Balanced Advantage Fund
2014-12-18,,,,24.62,ICICI Prudential Balanced Advantage Fund
2014-12-19,,,,24.76,ICICI Prudential Balanced Advantage Fund
2014-12-22,,,,24.93,ICICI Prudential Balanced Advantage Fund
2014-12-23,,,,24.86,ICICI Prudential Balanced Advantage Fund
2014-12-24,,,,24.74,ICICI Prudential Balanced Advantage Fund
2014-12-26,,,,24.79,ICICI Prudential Balanced Advantage Fund
2014-12-29,,,,24.91,ICICI Prudential Balanced Advantage Fund
2014-12-30,,,,24.96,ICICI Prudential Balanced Advantage Fund
2014-12-31,,,,25.04,ICICI Prudential Balanced Advantage Fund
2015-01-01,,,,25.04,ICICI Prudential Balanced Advantage Fund
2015-01-02,,,,25.11,ICICI Prudential Balanced Advantage Fund
2015-01-05,,,,25.08,ICICI Prudential Balanced Advantage Fund
2015-01-06,,,,24.77,ICICI Prudential Balanced Advantage Fund
2015-01-07,,,,24.77,ICICI Prudential Balanced Advantage Fund
2015-01-08,,,,24.97,ICICI Prudential Balanced Advantage Fund
2015-01-09,,,,25.05,ICICI Prudential Balanced Advantage Fund
2015-01-12,,,,25.11,ICICI Prudential Balanced Advantage Fund
2015-01-13,,,,25.12,ICICI Prudential Balanced Advantage Fund
2015-01-14,,,,25.04,ICICI Prudential Balanced Advantage Fund
2015-01-15,,,,25.28,ICICI Prudential Balanced Advantage Fund
2015-01-16,,,,25.36,ICICI Prudential Balanced Advantage Fund
2015-01-19,,,,25.41,ICICI Prudential Balanced Advantage Fund
2015-01-20,,,,25.53,ICICI Prudential Balanced Advantage Fund
2015-01-21,,,,25.54,ICICI Prudential Balanced Advantage Fund
2015-01-22,,,,25.53,ICICI Prudential Balanced Advantage Fund
2015-01-23,,,,25.6,ICICI Prudential Balanced Advantage Fund
2015-01-27,,,,25.63,ICICI Prudential Balanced Advantage Fund
2015-01-28,,,,25.7,ICICI Prudential Balanced Advantage Fund
2015-01-29,,,,25.69,ICICI Prudential Balanced Advantage Fund
2015-01-30,,,,25.62,ICICI Prudential Balanced Advantage Fund
2015-02-02,,,,25.63,ICICI Prudential Balanced Advantage Fund
2015-02-03,,,,25.58,ICICI Prudential Balanced Advantage Fund
2015-02-04,,,,25.58,ICICI Prudential Balanced Advantage Fund
2015-02-05,,,,25.56,ICICI Prudential Balanced Advantage Fund
2015-02-06,,,,25.49,ICICI Prudential Balanced Advantage Fund
2015-02-09,,,,25.43,ICICI Prudential Balanced Advantage Fund
2015-02-10,,,,25.49,ICICI Prudential Balanced Advantage Fund
2015-02-11,,,,25.58,ICICI Prudential Balanced Advantage Fund
2015-02-12,,,,25.73,ICICI Prudential Balanced Advantage Fund
2015-02-13,,,,25.82,ICICI Prudential Balanced Advantage Fund
2015-02-16,,,,25.81,ICICI Prudential Balanced Advantage Fund
2015-02-18,,,,25.92,ICICI Prudential Balanced Advantage Fund
2015-02-19,,,,25.95,ICICI Prudential Balanced Advantage Fund
2015-02-20,,,,25.95,ICICI Prudential Balanced Advantage Fund
2015-02-23,,,,25.89,ICICI Prudential Balanced Advantage Fund
2015-02-24,,,,25.84,ICICI Prudential Balanced Advantage Fund
2015-02-25,,,,25.85,ICICI Prudential Balanced Advantage Fund
2015-02-26,,,,25.77,ICICI Prudential Balanced Advantage Fund
2015-02-27,,,,25.96,ICICI Prudential Balanced Advantage Fund
2015-03-02,,,,26.06,ICICI Prudential Balanced Advantage Fund
2015-03-03,,,,26.1,ICICI Prudential Balanced Advantage Fund
2015-03-04,,,,26.0,ICICI Prudential Balanced Advantage Fund
2015-03-05,,,,26.08,ICICI Prudential Balanced Advantage Fund
2015-03-09,,,,25.95,ICICI Prudential Balanced Advantage Fund
2015-03-10,,,,25.95,ICICI Prudential Balanced Advantage Fund
2015-03-11,,,,25.98,ICICI Prudential Balanced Advantage Fund
2015-03-12,,,,26.11,ICICI Prudential Balanced Advantage Fund
2015-03-13,,,,26.0,ICICI Prudential Balanced Advantage Fund
2015-03-16,,,,25.93,ICICI Prudential Balanced Advantage Fund
2015-03-17,,,,26.04,ICICI Prudential Balanced Advantage Fund
2015-03-18,,,,25.96,ICICI Prudential Balanced Advantage Fund
2015-03-19,,,,25.91,ICICI Prudential Balanced Advantage Fund
2015-03-20,,,,25.84,ICICI Prudential Balanced Advantage Fund
2015-03-23,,,,25.8,ICICI Prudential Balanced Advantage Fund
2015-03-24,,,,25.81,ICICI Prudential Balanced Advantage Fund
2015-03-25,,,,25.83,ICICI Prudential Balanced Advantage Fund
2015-03-26,,,,25.69,ICICI Prudential Balanced Advantage Fund
2015-03-27,,,,25.63,ICICI Prudential Balanced Advantage Fund
2015-03-30,,,,25.84,ICICI Prudential Balanced Advantage Fund
2015-03-31,,,,25.87,ICICI Prudential Balanced Advantage Fund
2015-04-01,,,,25.96,ICICI Prudential Balanced Advantage Fund
2015-04-06,,,,26.07,ICICI Prudential Balanced Advantage Fund
2015-04-07,,,,26.13,ICICI Prudential Balanced Advantage Fund
2015-04-08,,,,26.21,ICICI Prudential Balanced Advantage Fund
2015-04-09,,,,26.27,ICICI Prudential Balanced Advantage Fund
2015-04-10,,,,26.29,ICICI Prudential Balanced Advantage Fund
2015-04-13,,,,26.33,ICICI Prudential Balanced Advantage Fund
2015-04-15,,,,26.25,ICICI Prudential Balanced Advantage Fund
2015-04-16,,,,26.25,ICICI Prudential Balanced Advantage Fund
2015-04-17,,,,26.14,ICICI Prudential Balanced Advantage Fund
2015-04-20,,,,25.91,ICICI Prudential Balanced Advantage Fund
2015-04-21,,,,25.84,ICICI Prudential Balanced Advantage Fund
2015-04-22,,,,25.8,ICICI Prudential Balanced Advantage Fund
2015-04-23,,,,25.76,ICICI Prudential Balanced Advantage Fund
2015-04-24,,,,25.59,ICICI Prudential Balanced Advantage Fund
2015-04-27,,,,25.43,ICICI Prudential Balanced Advantage Fund
2015-04-28,,,,25.58,ICICI Prudential Balanced Advantage Fund
2015-04-29,,,,25.62,ICICI Prudential Balanced Advantage Fund
2015-04-30,,,,25.56,ICICI Prudential Balanced Advantage Fund
2015-05-04,,,,25.88,ICICI Prudential Balanced Advantage Fund
2015-05-05,,,,25.87,ICICI Prudential Balanced Advantage Fund
2015-05-06,,,,25.54,ICICI Prudential Balanced Advantage Fund
2015-05-07,,,,25.48,ICICI Prudential Balanced Advantage Fund
2015-05-08,,,,25.65,ICICI Prudential Balanced Advantage Fund
2015-05-11,,,,25.86,ICICI Prudential Balanced Advantage Fund
2015-05-12,,,,25.65,ICICI Prudential Balanced Advantage Fund
2015-05-13,,,,25.84,ICICI Prudential Balanced Advantage Fund
2015-05-14,,,,25.9,ICICI Prudential Balanced Advantage Fund
2015-05-15,,,,25.91,ICICI Prudential Balanced Advantage Fund
2015-05-18,,,,26.06,ICICI Prudential Balanced Advantage Fund
2015-05-19,,,,26.1,ICICI Prudential Balanced Advantage Fund
2015-05-20,,,,26.16,ICICI Prudential Balanced Advantage Fund
2015-05-21,,,,26.18,ICICI Prudential Balanced Advantage Fund
2015-05-22,,,,26.23,ICICI Prudential Balanced Advantage Fund
2015-05-25,,,,26.19,ICICI Prudential Balanced Advantage Fund
2015-05-26,,,,26.15,ICICI Prudential Balanced Advantage Fund
2015-05-27,,,,26.1,ICICI Prudential Balanced Advantage Fund
2015-05-28,,,,26.05,ICICI Prudential Balanced Advantage Fund
2015-05-29,,,,26.26,ICICI Prudential Balanced Advantage Fund
2015-06-01,,,,26.24,ICICI Prudential Balanced Advantage Fund
2015-06-02,,,,25.98,ICICI Prudential Balanced Advantage Fund
2015-06-03,,,,25.87,ICICI Prudential Balanced Advantage Fund
2015-06-04,,,,25.86,ICICI Prudential Balanced Advantage Fund
2015-06-05,,,,25.88,ICICI Prudential Balanced Advantage Fund
2015-06-08,,,,25.75,ICICI Prudential Balanced Advantage Fund
2015-06-09,,,,25.73,ICICI Prudential Balanced Advantage Fund
2015-06-10,,,,25.9,ICICI Prudential Balanced Advantage Fund
2015-06-11,,,,25.65,ICICI Prudential Balanced Advantage Fund
2015-06-12,,,,25.65,ICICI Prudential Balanced Advantage Fund
2015-06-15,,,,25.69,ICICI Prudential Balanced Advantage Fund
2015-06-16,,,,25.76,ICICI Prudential Balanced Advantage Fund
2015-06-17,,,,25.84,ICICI Prudential Balanced Advantage Fund
2015-06-18,,,,26.0,ICICI Prudential Balanced Advantage Fund
2015-06-19,,,,26.1,ICICI Prudential Balanced Advantage Fund
2015-06-22,,,,26.23,ICICI Prudential Balanced Advantage Fund
2015-06-23,,,,26.29,ICICI Prudential Balanced Advantage Fund
2015-06-24,,,,26.2,ICICI Prudential Balanced Advantage Fund
2015-06-25,,,,26.21,ICICI Prudential Balanced Advantage Fund
2015-06-26,,,,26.21,ICICI Prudential Balanced Advantage Fund
2015-06-29,,,,26.09,ICICI Prudential Balanced Advantage Fund
2015-06-30,,,,26.18,ICICI Prudential Balanced Advantage Fund
2015-07-01,,,,26.36,ICICI Prudential Balanced Advantage Fund
2015-07-02,,,,26.41,ICICI Prudential Balanced Advantage Fund
2015-07-03,,,,26.47,ICICI Prudential Balanced Advantage Fund
2015-07-06,,,,26.6,ICICI Prudential Balanced Advantage Fund
2015-07-07,,,,26.61,ICICI Prudential Balanced Advantage Fund
2015-07-08,,,,26.44,ICICI Prudential Balanced Advantage Fund
2015-07-09,,,,26.4,ICICI Prudential Balanced Advantage Fund
2015-07-10,,,,26.46,ICICI Prudential Balanced Advantage Fund
2015-07-13,,,,26.59,ICICI Prudential Balanced Advantage Fund
2015-07-14,,,,26.6,ICICI Prudential Balanced Advantage Fund
2015-07-15,,,,26.69,ICICI Prudential Balanced Advantage Fund
2015-07-16,,,,26.79,ICICI Prudential Balanced Advantage Fund
2015-07-17,,,,26.84,ICICI Prudential Balanced Advantage Fund
2015-07-20,,,,26.85,ICICI Prudential Balanced Advantage Fund
2015-07-21,,,,26.76,ICICI Prudential Balanced Advantage Fund
2015-07-22,,,,26.91,ICICI Prudential Balanced Advantage Fund
2015-07-23,,,,26.98,ICICI Prudential Balanced Advantage Fund
2015-07-24,,,,26.89,ICICI Prudential Balanced Advantage Fund
2015-07-27,,,,26.69,ICICI Prudential Balanced Advantage Fund
2015-07-28,,,,26.67,ICICI Prudential Balanced Advantage Fund
2015-07-29,,,,26.75,ICICI Prudential Balanced Advantage Fund
2015-07-30,,,,26.88,ICICI Prudential Balanced Advantage Fund
2015-07-31,,,,27.09,ICICI Prudential Balanced Advantage Fund
2015-08-03,,,,27.1,ICICI Prudential Balanced Advantage Fund
2015-08-04,,,,27.16,ICICI Prudential Balanced Advantage Fund
2015-08-05,,,,27.28,ICICI Prudential Balanced Advantage Fund
2015-08-06,,,,27.27,ICICI Prudential Balanced Advantage Fund
2015-08-07,,,,27.24,ICICI Prudential Balanced Advantage Fund
2015-08-10,,,,27.17,ICICI Prudential Balanced Advantage Fund
2015-08-11,,,,27.13,ICICI Prudential Balanced Advantage Fund
2015-08-12,,,,26.98,ICICI Prudential Balanced Advantage Fund
2015-08-13,,,,26.98,ICICI Prudential Balanced Advantage Fund
2015-08-14,,,,27.21,ICICI Prudential Balanced Advantage Fund
2015-08-17,,,,27.15,ICICI Prudential Balanced Advantage Fund
2015-08-18,,,,27.16,ICICI Prudential Balanced Advantage Fund
2015-08-19,,,,27.21,ICICI Prudential Balanced Advantage Fund
2015-08-20,,,,27.04,ICICI Prudential Balanced Advantage Fund
2015-08-21,,,,26.94,ICICI Prudential Balanced Advantage Fund
2015-08-24,,,,25.95,ICICI Prudential Balanced Advantage Fund
2015-08-25,,,,26.14,ICICI Prudential Balanced Advantage Fund
2015-08-26,,,,25.99,ICICI Prudential Balanced Advantage Fund
2015-08-27,,,,26.38,ICICI Prudential Balanced Advantage Fund
2015-08-28,,,,26.51,ICICI Prudential Balanced Advantage Fund
2015-08-31,,,,26.46,ICICI Prudential Balanced Advantage Fund
2015-09-01,,,,26.12,ICICI Prudential Balanced Advantage Fund
2015-09-02,,,,26.0,ICICI Prudential Balanced Advantage Fund
2015-09-03,,,,26.25,ICICI Prudential Balanced Advantage Fund
2015-09-04,,,,25.88,ICICI Prudential Balanced Advantage Fund
2015-09-07,,,,25.61,ICICI Prudential Balanced Advantage Fund
2015-09-08,,,,25.88,ICICI Prudential Balanced Advantage Fund
2015-09-09,,,,26.21,ICICI Prudential Balanced Advantage Fund
2015-09-10,,,,26.1,ICICI Prudential Balanced Advantage Fund
2015-09-11,,,,26.09,ICICI Prudential Balanced Advantage Fund
2015-09-14,,,,26.31,ICICI Prudential Balanced Advantage Fund
2015-09-15,,,,26.23,ICICI Prudential Balanced Advantage Fund
2015-09-16,,,,26.33,ICICI Prudential Balanced Advantage Fund
2015-09-18,,,,26.56,ICICI Prudential Balanced Advantage Fund
2015-09-21,,,,26.56,ICICI Prudential Balanced Advantage Fund
2015-09-22,,,,26.23,ICICI Prudential Balanced Advantage Fund
2015-09-23,,,,26.29,ICICI Prudential Balanced Advantage Fund
2015-09-24,,,,26.36,ICICI Prudential Balanced Advantage Fund
2015-09-28,,,,26.24,ICICI Prudential Balanced Advantage Fund
2015-09-29,,,,26.33,ICICI Prudential Balanced Advantage Fund
2015-09-30,,,,26.57,ICICI Prudential Balanced Advantage Fund
2015-10-01,,,,26.49,ICICI Prudential Balanced Advantage Fund
2015-10-05,,,,26.87,ICICI Prudential Balanced Advantage Fund
2015-10-06,,,,26.91,ICICI Prudential Balanced Advantage Fund
2015-10-07,,,,26.98,ICICI Prudential Balanced Advantage Fund
2015-10-08,,,,26.88,ICICI Prudential Balanced Advantage Fund
2015-10-09,,,,26.98,ICICI Prudential Balanced Advantage Fund
2015-10-12,,,,26.94,ICICI Prudential Balanced Advantage Fund
2015-10-13,,,,26.92,ICICI Prudential Balanced Advantage Fund
2015-10-14,,,,26.9,ICICI Prudential Balanced Advantage Fund
2015-10-15,,,,26.99,ICICI Prudential Balanced Advantage Fund
2015-10-16,,,,27.11,ICICI Prudential Balanced Advantage Fund
2015-10-19,,,,27.19,ICICI Prudential Balanced Advantage Fund
2015-10-20,,,,27.2,ICICI Prudential Balanced Advantage Fund
2015-10-21,,,,27.18,ICICI Prudential Balanced Advantage Fund
2015-10-23,,,,27.24,ICICI Prudential Balanced Advantage Fund
2015-10-26,,,,27.21,ICICI Prudential Balanced Advantage Fund
2015-10-27,,,,27.2,ICICI Prudential Balanced Advantage Fund
2015-10-28,,,,27.13,ICICI Prudential Balanced Advantage Fund
2015-10-29,,,,27.02,ICICI Prudential Balanced Advantage Fund
2015-10-30,,,,26.95,ICICI Prudential Balanced Advantage Fund
2015-11-02,,,,26.99,ICICI Prudential Balanced Advantage Fund
2015-11-03,,,,27.06,ICICI Prudential Balanced Advantage Fund
2015-11-04,,,,27.0,ICICI Prudential Balanced Advantage Fund
2015-11-05,,,,26.84,ICICI Prudential Balanced Advantage Fund
2015-11-06,,,,26.86,ICICI Prudential Balanced Advantage Fund
2015-11-09,,,,26.84,ICICI Prudential Balanced Advantage Fund
2015-11-10,,,,26.54,ICICI Prudential Balanced Advantage Fund
2015-11-13,,,,26.55,ICICI Prudential Balanced Advantage Fund
2015-11-16,,,,26.63,ICICI Prudential Balanced Advantage Fund
2015-11-17,,,,26.71,ICICI Prudential Balanced Advantage Fund
2015-11-18,,,,26.51,ICICI Prudential Balanced Advantage Fund
2015-11-19,,,,26.83,ICICI Prudential Balanced Advantage Fund
2015-11-20,,,,26.9,ICICI Prudential Balanced Advantage Fund
2015-11-23,,,,26.89,ICICI Prudential Balanced Advantage Fund
2015-11-24,,,,26.87,ICICI Prudential Balanced Advantage Fund
2015-11-26,,,,26.99,ICICI Prudential Balanced Advantage Fund
2015-11-27,,,,27.07,ICICI Prudential Balanced Advantage Fund
2015-11-30,,,,27.08,ICICI Prudential Balanced Advantage Fund
2015-12-01,,,,27.18,ICICI Prudential Balanced Advantage Fund
2015-12-02,,,,27.1,ICICI Prudential Balanced Advantage Fund
2015-12-03,,,,26.98,ICICI Prudential Balanced Advantage Fund
2015-12-04,,,,26.78,ICICI Prudential Balanced Advantage Fund
2015-12-07,,,,26.73,ICICI Prudential Balanced Advantage Fund
2015-12-08,,,,26.54,ICICI Prudential Balanced Advantage Fund
2015-12-09,,,,26.29,ICICI Prudential Balanced Advantage Fund
2015-12-10,,,,26.47,ICICI Prudential Balanced Advantage Fund
2015-12-11,,,,26.28,ICICI Prudential Balanced Advantage Fund
2015-12-14,,,,26.35,ICICI Prudential Balanced Advantage Fund
2015-12-15,,,,26.44,ICICI Prudential Balanced Advantage Fund
2015-12-16,,,,26.57,ICICI Prudential Balanced Advantage Fund
2015-12-17,,,,26.83,ICICI Prudential Balanced Advantage Fund
2015-12-18,,,,26.66,ICICI Prudential Balanced Advantage Fund
2015-12-21,,,,26.82,ICICI Prudential Balanced Advantage Fund
2015-12-22,,,,26.72,ICICI Prudential Balanced Advantage Fund
2015-12-23,,,,26.9,ICICI Prudential Balanced Advantage Fund
2015-12-24,,,,26.9,ICICI Prudential Balanced Advantage Fund
2015-12-28,,,,27.05,ICICI Prudential Balanced Advantage Fund
2015-12-29,,,,27.06,ICICI Prudential Balanced Advantage Fund
2015-12-30,,,,26.99,ICICI Prudential Balanced Advantage Fund
2015-12-31,,,,27.07,ICICI Prudential Balanced Advantage Fund
2016-01-01,,,,27.17,ICICI Prudential Balanced Advantage Fund
2016-01-04,,,,26.83,ICICI Prudential Balanced Advantage Fund
2016-01-05,,,,26.81,ICICI Prudential Balanced Advantage Fund
2016-01-06,,,,26.7,ICICI Prudential Balanced Advantage Fund
2016-01-07,,,,26.28,ICICI Prudential Balanced Advantage Fund
2016-01-08,,,,26.43,ICICI Prudential Balanced Advantage Fund
2016-01-11,,,,26.31,ICICI Prudential Balanced Advantage Fund
2016-01-12,,,,26.21,ICICI Prudential Balanced Advantage Fund
2016-01-13,,,,26.27,ICICI Prudential Balanced Advantage Fund
2016-01-14,,,,26.16,ICICI Prudential Balanced Advantage Fund
2016-01-15,,,,25.84,ICICI Prudential Balanced Advantage Fund
2016-01-18,,,,25.56,ICICI Prudential Balanced Advantage Fund
2016-01-19,,,,25.78,ICICI Prudential Balanced Advantage Fund
2016-01-20,,,,25.53,ICICI Prudential Balanced Advantage Fund
2016-01-21,,,,25.5,ICICI Prudential Balanced Advantage Fund
2016-01-22,,,,25.83,ICICI Prudential Balanced Advantage Fund
2016-01-25,,,,25.9,ICICI Prudential Balanced Advantage Fund
2016-01-27,,,,25.9,ICICI Prudential Balanced Advantage Fund
2016-01-28,,,,25.83,ICICI Prudential Balanced Advantage Fund
2016-01-29,,,,26.14,ICICI Prudential Balanced Advantage Fund
2016-02-01,,,,26.18,ICICI Prudential Balanced Advantage Fund
2016-02-02,,,,25.88,ICICI Prudential Balanced Advantage Fund
2016-02-03,,,,25.58,ICICI Prudential Balanced Advantage Fund
2016-02-04,,,,25.72,ICICI Prudential Balanced Advantage Fund
2016-02-05,,,,25.97,ICICI Prudential Balanced Advantage Fund
2016-02-08,,,,25.78,ICICI Prudential Balanced Advantage Fund
2016-02-09,,,,25.46,ICICI Prudential Balanced Advantage Fund
2016-02-10,,,,25.28,ICICI Prudential Balanced Advantage Fund
2016-02-11,,,,24.67,ICICI Prudential Balanced Advantage Fund
2016-02-12,,,,24.58,ICICI Prudential Balanced Advantage Fund
2016-02-15,,,,25.07,ICICI Prudential Balanced Advantage Fund
2016-02-16,,,,24.72,ICICI Prudential Balanced Advantage Fund
2016-02-17,,,,24.78,ICICI Prudential Balanced Advantage Fund
2016-02-18,,,,25.04,ICICI Prudential Balanced Advantage Fund
2016-02-19,,,,25.09,ICICI Prudential Balanced Advantage Fund
2016-02-22,,,,25.1,ICICI Prudential Balanced Advantage Fund
2016-02-23,,,,24.75,ICICI Prudential Balanced Advantage Fund
2016-02-24,,,,24.52,ICICI Prudential Balanced Advantage Fund
2016-02-25,,,,24.35,ICICI Prudential Balanced Advantage Fund
2016-02-26,,,,24.52,ICICI Prudential Balanced Advantage Fund
2016-02-29,,,,24.51,ICICI Prudential Balanced Advantage Fund
2016-03-01,,,,25.08,ICICI Prudential Balanced Advantage Fund
2016-03-02,,,,25.42,ICICI Prudential Balanced Advantage Fund
2016-03-03,,,,25.62,ICICI Prudential Balanced Advantage Fund
2016-03-04,,,,25.69,ICICI Prudential Balanced Advantage Fund
2016-03-08,,,,25.69,ICICI Prudential Balanced Advantage Fund
2016-03-09,,,,25.78,ICICI Prudential Balanced Advantage Fund
2016-03-10,,,,25.66,ICICI Prudential Balanced Advantage Fund
2016-03-11,,,,25.69,ICICI Prudential Balanced Advantage Fund
2016-03-14,,,,25.84,ICICI Prudential Balanced Advantage Fund
2016-03-15,,,,25.68,ICICI Prudential Balanced Advantage Fund
2016-03-16,,,,25.78,ICICI Prudential Balanced Advantage Fund
2016-03-17,,,,25.9,ICICI Prudential Balanced Advantage Fund
2016-03-18,,,,26.11,ICICI Prudential Balanced Advantage Fund
2016-03-21,,,,26.38,ICICI Prudential Balanced Advantage Fund
2016-03-22,,,,26.41,ICICI Prudential Balanced Advantage Fund
2016-03-23,,,,26.43,ICICI Prudential Balanced Advantage Fund
2016-03-28,,,,26.2,ICICI Prudential Balanced Advantage Fund
2016-03-29,,,,26.11,ICICI Prudential Balanced Advantage Fund
2016-03-30,,,,26.48,ICICI Prudential Balanced Advantage Fund
2016-03-31,,,,26.53,ICICI Prudential Balanced Advantage Fund
2016-04-01,,,,26.51,ICICI Prudential Balanced Advantage Fund
2016-04-04,,,,26.64,ICICI Prudential Balanced Advantage Fund
2016-04-05,,,,26.27,ICICI Prudential Balanced Advantage Fund
2016-04-06,,,,26.29,ICICI Prudential Balanced Advantage Fund
2016-04-07,,,,26.22,ICICI Prudential Balanced Advantage Fund
2016-04-08,,,,26.29,ICICI Prudential Balanced Advantage Fund
2016-04-11,,,,26.54,ICICI Prudential Balanced Advantage Fund
2016-04-12,,,,26.6,ICICI Prudential Balanced Advantage Fund
2016-04-13,,,,26.92,ICICI Prudential Balanced Advantage Fund
2016-04-18,,,,27.14,ICICI Prudential Balanced Advantage Fund
2016-04-20,,,,27.25,ICICI Prudential Balanced Advantage Fund
2016-04-21,,,,27.2,ICICI Prudential Balanced Advantage Fund
2016-04-22,,,,27.22,ICICI Prudential Balanced Advantage Fund
2016-04-25,,,,27.16,ICICI Prudential Balanced Advantage Fund
2016-04-26,,,,27.35,ICICI Prudential Balanced Advantage Fund
2016-04-27,,,,27.38,ICICI Prudential Balanced Advantage Fund
2016-04-28,,,,27.12,ICICI Prudential Balanced Advantage Fund
2016-04-29,,,,27.13,ICICI Prudential Balanced Advantage Fund
2016-05-02,,,,27.12,ICICI Prudential Balanced Advantage Fund
2016-05-03,,,,26.97,ICICI Prudential Balanced Advantage Fund
2016-05-04,,,,26.84,ICICI Prudential Balanced Advantage Fund
2016-05-05,,,,26.9,ICICI Prudential Balanced Advantage Fund
2016-05-06,,,,26.89,ICICI Prudential Balanced Advantage Fund
2016-05-09,,,,27.13,ICICI Prudential Balanced Advantage Fund
2016-05-10,,,,27.16,ICICI Prudential Balanced Advantage Fund
2016-05-11,,,,27.09,ICICI Prudential Balanced Advantage Fund
2016-05-12,,,,27.22,ICICI Prudential Balanced Advantage Fund
2016-05-13,,,,27.12,ICICI Prudential Balanced Advantage Fund
2016-05-16,,,,27.15,ICICI Prudential Balanced Advantage Fund
2016-05-17,,,,27.26,ICICI Prudential Balanced Advantage Fund
2016-05-18,,,,27.22,ICICI Prudential Balanced Advantage Fund
2016-05-19,,,,27.05,ICICI Prudential Balanced Advantage Fund
2016-05-20,,,,26.95,ICICI Prudential Balanced Advantage Fund
2016-05-23,,,,26.92,ICICI Prudential Balanced Advantage Fund
2016-05-24,,,,26.97,ICICI Prudential Balanced Advantage Fund
2016-05-25,,,,27.34,ICICI Prudential Balanced Advantage Fund
2016-05-26,,,,27.59,ICICI Prudential Balanced Advantage Fund
2016-05-27,,,,27.71,ICICI Prudential Balanced Advantage Fund
2016-05-30,,,,27.81,ICICI Prudential Balanced Advantage Fund
2016-05-31,,,,27.76,ICICI Prudential Balanced Advantage Fund
2016-06-01,,,,27.8,ICICI Prudential Balanced Advantage Fund
2016-06-02,,,,27.87,ICICI Prudential Balanced Advantage Fund
2016-06-03,,,,27.86,ICICI Prudential Balanced Advantage Fund
2016-06-06,,,,27.81,ICICI Prudential Balanced Advantage Fund
2016-06-07,,,,27.94,ICICI Prudential Balanced Advantage Fund
2016-06-08,,,,28.0,ICICI Prudential Balanced Advantage Fund
2016-06-09,,,,27.98,ICICI Prudential Balanced Advantage Fund
2016-06-10,,,,27.94,ICICI Prudential Balanced Advantage Fund
2016-06-13,,,,27.82,ICICI Prudential Balanced Advantage Fund
2016-06-14,,,,27.87,ICICI Prudential Balanced Advantage Fund
2016-06-15,,,,28.09,ICICI Prudential Balanced Advantage Fund
2016-06-16,,,,27.99,ICICI Prudential Balanced Advantage Fund
2016-06-17,,,,28.05,ICICI Prudential Balanced Advantage Fund
2016-06-20,,,,28.15,ICICI Prudential Balanced Advantage Fund
2016-06-21,,,,28.13,ICICI Prudential Balanced Advantage Fund
2016-06-22,,,,28.15,ICICI Prudential Balanced Advantage Fund
2016-06-23,,,,28.22,ICICI Prudential Balanced Advantage Fund
2016-06-24,,,,27.88,ICICI Prudential Balanced Advantage Fund
2016-06-27,,,,27.97,ICICI Prudential Balanced Advantage Fund
2016-06-28,,,,28.07,ICICI Prudential Balanced Advantage Fund
2016-06-29,,,,28.27,ICICI Prudential Balanced Advantage Fund
2016-06-30,,,,28.5,ICICI Prudential Balanced Advantage Fund
2016-07-01,,,,28.69,ICICI Prudential Balanced Advantage Fund
2016-07-04,,,,28.8,ICICI Prudential Balanced Advantage Fund
2016-07-05,,,,28.73,ICICI Prudential Balanced Advantage Fund
2016-07-07,,,,28.72,ICICI Prudential Balanced Advantage Fund
2016-07-08,,,,28.67,ICICI Prudential Balanced Advantage Fund
2016-07-11,,,,28.9,ICICI Prudential Balanced Advantage Fund
2016-07-12,,,,29.04,ICICI Prudential Balanced Advantage Fund
2016-07-13,,,,29.02,ICICI Prudential Balanced Advantage Fund
2016-07-14,,,,29.1,ICICI Prudential Balanced Advantage Fund
2016-07-15,,,,29.07,ICICI Prudential Balanced Advantage Fund
2016-07-18,,,,29.0,ICICI Prudential Balanced Advantage Fund
2016-07-19,,,,29.06,ICICI Prudential Balanced Advantage Fund
2016-07-20,,,,29.2,ICICI Prudential Balanced Advantage Fund
2016-07-21,,,,29.14,ICICI Prudential Balanced Advantage Fund
2016-07-22,,,,29.22,ICICI Prudential Balanced Advantage Fund
2016-07-25,,,,29.39,ICICI Prudential Balanced Advantage Fund
2016-07-26,,,,29.33,ICICI Prudential Balanced Advantage Fund
2016-07-27,,,,29.38,ICICI Prudential Balanced Advantage Fund
2016-07-28,,,,29.5,ICICI Prudential Balanced Advantage Fund
2016-07-29,,,,29.52,ICICI Prudential Balanced Advantage Fund
2016-08-01,,,,29.56,ICICI Prudential Balanced Advantage Fund
2016-08-02,,,,29.55,ICICI Prudential Balanced Advantage Fund
2016-08-03,,,,29.42,ICICI Prudential Balanced Advantage Fund
2016-08-04,,,,29.45,ICICI Prudential Balanced Advantage Fund
2016-08-05,,,,29.68,ICICI Prudential Balanced Advantage Fund
2016-08-08,,,,29.74,ICICI Prudential Balanced Advantage Fund
2016-08-09,,,,29.7,ICICI Prudential Balanced Advantage Fund
2016-08-10,,,,29.48,ICICI Prudential Balanced Advantage Fund
2016-08-11,,,,29.53,ICICI Prudential Balanced Advantage Fund
2016-08-12,,,,29.59,ICICI Prudential Balanced Advantage Fund
2016-08-16,,,,29.61,ICICI Prudential Balanced Advantage Fund
2016-08-17,,,,29.66,ICICI Prudential Balanced Advantage Fund
2016-08-18,,,,29.73,ICICI Prudential Balanced Advantage Fund
2016-08-19,,,,29.72,ICICI Prudential Balanced Advantage Fund
2016-08-22,,,,29.66,ICICI Prudential Balanced Advantage Fund
2016-08-23,,,,29.62,ICICI Prudential Balanced Advantage Fund
2016-08-24,,,,29.73,ICICI Prudential Balanced Advantage Fund
2016-08-25,,,,29.66,ICICI Prudential Balanced Advantage Fund
2016-08-26,,,,29.64,ICICI Prudential Balanced Advantage Fund
2016-08-29,,,,29.64,ICICI Prudential Balanced Advantage Fund
2016-08-30,,,,29.88,ICICI Prudential Balanced Advantage Fund
2016-08-31,,,,29.96,ICICI Prudential Balanced Advantage Fund
2016-09-01,,,,29.94,ICICI Prudential Balanced Advantage Fund
2016-09-02,,,,29.98,ICICI Prudential Balanced Advantage Fund
2016-09-06,,,,30.22,ICICI Prudential Balanced Advantage Fund
2016-09-07,,,,30.26,ICICI Prudential Balanced Advantage Fund
2016-09-08,,,,30.37,ICICI Prudential Balanced Advantage Fund
2016-09-09,,,,30.24,ICICI Prudential Balanced Advantage Fund
2016-09-12,,,,29.97,ICICI Prudential Balanced Advantage Fund
2016-09-14,,,,29.99,ICICI Prudential Balanced Advantage Fund
2016-09-15,,,,30.03,ICICI Prudential Balanced Advantage Fund
2016-09-16,,,,30.14,ICICI Prudential Balanced Advantage Fund
2016-09-19,,,,30.18,ICICI Prudential Balanced Advantage Fund
2016-09-20,,,,30.21,ICICI Prudential Balanced Advantage Fund
2016-09-21,,,,30.22,ICICI Prudential Balanced Advantage Fund
2016-09-22,,,,30.39,ICICI Prudential Balanced Advantage Fund
2016-09-23,,,,30.35,ICICI Prudential Balanced Advantage Fund
2016-09-26,,,,30.18,ICICI Prudential Balanced Advantage Fund
2016-09-27,,,,30.18,ICICI Prudential Balanced Advantage Fund
2016-09-28,,,,30.19,ICICI Prudential Balanced Advantage Fund
2016-09-29,,,,29.79,ICICI Prudential Balanced Advantage Fund
2016-09-30,,,,29.89,ICICI Prudential Balanced Advantage Fund
2016-10-03,,,,30.23,ICICI Prudential Balanced Advantage Fund
2016-10-04,,,,30.32,ICICI Prudential Balanced Advantage Fund
2016-10-05,,,,30.36,ICICI Prudential Balanced Advantage Fund
2016-10-06,,,,30.31,ICICI Prudential Balanced Advantage Fund
2016-10-07,,,,30.25,ICICI Prudential Balanced Advantage Fund
2016-10-10,,,,30.27,ICICI Prudential Balanced Advantage Fund
2016-10-13,,,,30.04,ICICI Prudential Balanced Advantage Fund
2016-10-14,,,,30.06,ICICI Prudential Balanced Advantage Fund
2016-10-17,,,,29.94,ICICI Prudential Balanced Advantage Fund
2016-10-18,,,,30.27,ICICI Prudential Balanced Advantage Fund
2016-10-19,,,,30.31,ICICI Prudential Balanced Advantage Fund
2016-10-20,,,,30.35,ICICI Prudential Balanced Advantage Fund
2016-10-21,,,,30.41,ICICI Prudential Balanced Advantage Fund
2016-10-24,,,,30.41,ICICI Prudential Balanced Advantage Fund
2016-10-25,,,,30.39,ICICI Prudential Balanced Advantage Fund
2016-10-26,,,,30.27,ICICI Prudential Balanced Advantage Fund
2016-10-27,,,,30.21,ICICI Prudential Balanced Advantage Fund
2016-10-28,,,,30.3,ICICI Prudential Balanced Advantage Fund
2016-11-01,,,,30.35,ICICI Prudential Balanced Advantage Fund
2016-11-02,,,,30.1,ICICI Prudential Balanced Advantage Fund
2016-11-03,,,,29.99,ICICI Prudential Balanced Advantage Fund
2016-11-04,,,,29.79,ICICI Prudential Balanced Advantage Fund
2016-11-07,,,,29.97,ICICI Prudential Balanced Advantage Fund
2016-11-08,,,,29.99,ICICI Prudential Balanced Advantage Fund
2016-11-09,,,,29.79,ICICI Prudential Balanced Advantage Fund
2016-11-10,,,,30.11,ICICI Prudential Balanced Advantage Fund
2016-11-11,,,,29.58,ICICI Prudential Balanced Advantage Fund
2016-11-15,,,,29.17,ICICI Prudential Balanced Advantage Fund
2016-11-16,,,,29.25,ICICI Prudential Balanced Advantage Fund
2016-11-17,,,,29.18,ICICI Prudential Balanced Advantage Fund
2016-11-18,,,,29.18,ICICI Prudential Balanced Advantage Fund
2016-11-21,,,,28.91,ICICI Prudential Balanced Advantage Fund
2016-11-22,,,,29.08,ICICI Prudential Balanced Advantage Fund
2016-11-23,,,,29.23,ICICI Prudential Balanced Advantage Fund
2016-11-24,,,,29.12,ICICI Prudential Balanced Advantage Fund
2016-11-25,,,,29.46,ICICI Prudential Balanced Advantage Fund
2016-11-28,,,,29.47,ICICI Prudential Balanced Advantage Fund
2016-11-29,,,,29.52,ICICI Prudential Balanced Advantage Fund
2016-11-30,,,,29.76,ICICI Prudential Balanced Advantage Fund
2016-12-01,,,,29.67,ICICI Prudential Balanced Advantage Fund
2016-12-02,,,,29.45,ICICI Prudential Balanced Advantage Fund
2016-12-05,,,,29.57,ICICI Prudential Balanced Advantage Fund
2016-12-06,,,,29.54,ICICI Prudential Balanced Advantage Fund
2016-12-07,,,,29.39,ICICI Prudential Balanced Advantage Fund
2016-12-08,,,,29.7,ICICI Prudential Balanced Advantage Fund
2016-12-09,,,,29.7,ICICI Prudential Balanced Advantage Fund
2016-12-12,,,,29.52,ICICI Prudential Balanced Advantage Fund
2016-12-13,,,,29.59,ICICI Prudential Balanced Advantage Fund
2016-12-14,,,,29.42,ICICI Prudential Balanced Advantage Fund
2016-12-15,,,,29.33,ICICI Prudential Balanced Advantage Fund
2016-12-16,,,,29.32,ICICI Prudential Balanced Advantage Fund
2016-12-19,,,,29.22,ICICI Prudential Balanced Advantage Fund
2016-12-20,,,,29.15,ICICI Prudential Balanced Advantage Fund
2016-12-21,,,,29.12,ICICI Prudential Balanced Advantage Fund
2016-12-22,,,,28.93,ICICI Prudential Balanced Advantage Fund
2016-12-23,,,,28.93,ICICI Prudential Balanced Advantage Fund
2016-12-26,,,,28.76,ICICI Prudential Balanced Advantage Fund
2016-12-27,,,,29.01,ICICI Prudential Balanced Advantage Fund
2016-12-28,,,,29.11,ICICI Prudential Balanced Advantage Fund
2016-12-29,,,,29.34,ICICI Prudential Balanced Advantage Fund
2016-12-30,,,,29.48,ICICI Prudential Balanced Advantage Fund
2017-01-02,,,,29.56,ICICI Prudential Balanced Advantage Fund
2017-01-03,,,,29.65,ICICI Prudential Balanced Advantage Fund
2017-01-04,,,,29.62,ICICI Prudential Balanced Advantage Fund
2017-01-05,,,,29.79,ICICI Prudential Balanced Advantage Fund
2017-01-06,,,,29.73,ICICI Prudential Balanced Advantage Fund
2017-01-09,,,,29.72,ICICI Prudential Balanced Advantage Fund
2017-01-10,,,,29.77,ICICI Prudential Balanced Advantage Fund
2017-01-11,,,,29.97,ICICI Prudential Balanced Advantage Fund
2017-01-12,,,,30.05,ICICI Prudential Balanced Advantage Fund
2017-01-13,,,,30.03,ICICI Prudential Balanced Advantage Fund
2017-01-16,,,,30.05,ICICI Prudential Balanced Advantage Fund
2017-01-17,,,,30.07,ICICI Prudential Balanced Advantage Fund
2017-01-18,,,,30.15,ICICI Prudential Balanced Advantage Fund
2017-01-19,,,,30.19,ICICI Prudential Balanced Advantage Fund
2017-01-20,,,,29.99,ICICI Prudential Balanced Advantage Fund
2017-01-23,,,,30.02,ICICI Prudential Balanced Advantage Fund
2017-01-24,,,,30.18,ICICI Prudential Balanced Advantage Fund
2017-01-25,,,,30.33,ICICI Prudential Balanced Advantage Fund
2017-01-27,,,,30.44,ICICI Prudential Balanced Advantage Fund
2017-01-30,,,,30.47,ICICI Prudential Balanced Advantage Fund
2017-01-31,,,,30.31,ICICI Prudential Balanced Advantage Fund
2017-02-01,,,,30.52,ICICI Prudential Balanced Advantage Fund
2017-02-02,,,,30.67,ICICI Prudential Balanced Advantage Fund
2017-02-03,,,,30.77,ICICI Prudential Balanced Advantage Fund
2017-02-06,,,,30.95,ICICI Prudential Balanced Advantage Fund
2017-02-07,,,,30.87,ICICI Prudential Balanced Advantage Fund
2017-02-08,,,,30.82,ICICI Prudential Balanced Advantage Fund
2017-02-09,,,,30.78,ICICI Prudential Balanced Advantage Fund
2017-02-10,,,,30.84,ICICI Prudential Balanced Advantage Fund
2017-02-13,,,,30.85,ICICI Prudential Balanced Advantage Fund
2017-02-14,,,,30.79,ICICI Prudential Balanced Advantage Fund
2017-02-15,,,,30.67,ICICI Prudential Balanced Advantage Fund
2017-02-16,,,,30.82,ICICI Prudential Balanced Advantage Fund
2017-02-17,,,,30.91,ICICI Prudential Balanced Advantage Fund
2017-02-20,,,,31.0,ICICI Prudential Balanced Advantage Fund
2017-02-21,,,,31.07,ICICI Prudential Balanced Advantage Fund
2017-02-22,,,,31.05,ICICI Prudential Balanced Advantage Fund
2017-02-23,,,,31.08,ICICI Prudential Balanced Advantage Fund
2017-02-27,,,,31.02,ICICI Prudential Balanced Advantage Fund
2017-02-28,,,,31.03,ICICI Prudential Balanced Advantage Fund
2017-03-01,,,,31.12,ICICI Prudential Balanced Advantage Fund
2017-03-02,,,,31.0,ICICI Prudential Balanced Advantage Fund
2017-03-03,,,,31.01,ICICI Prudential Balanced Advantage Fund
2017-03-06,,,,31.08,ICICI Prudential Balanced Advantage Fund
2017-03-07,,,,31.03,ICICI Prudential Balanced Advantage Fund
2017-03-08,,,,30.98,ICICI Prudential Balanced Advantage Fund
2017-03-09,,,,30.97,ICICI Prudential Balanced Advantage Fund
2017-03-10,,,,30.98,ICICI Prudential Balanced Advantage Fund
2017-03-14,,,,31.24,ICICI Prudential Balanced Advantage Fund
2017-03-15,,,,31.27,ICICI Prudential Balanced Advantage Fund
2017-03-16,,,,31.46,ICICI Prudential Balanced Advantage Fund
2017-03-17,,,,31.47,ICICI Prudential Balanced Advantage Fund
2017-03-20,,,,31.43,ICICI Prudential Balanced Advantage Fund
2017-03-21,,,,31.42,ICICI Prudential Balanced Advantage Fund
2017-03-22,,,,31.37,ICICI Prudential Balanced Advantage Fund
2017-03-23,,,,31.47,ICICI Prudential Balanced Advantage Fund
2017-03-24,,,,31.5,ICICI Prudential Balanced Advantage Fund
2017-03-27,,,,31.43,ICICI Prudential Balanced Advantage Fund
2017-03-28,,,,31.52,ICICI Prudential Balanced Advantage Fund
2017-03-29,,,,31.62,ICICI Prudential Balanced Advantage Fund
2017-03-30,,,,31.71,ICICI Prudential Balanced Advantage Fund
2017-03-31,,,,31.71,ICICI Prudential Balanced Advantage Fund
2017-04-03,,,,31.78,ICICI Prudential Balanced Advantage Fund
2017-04-05,,,,31.92,ICICI Prudential Balanced Advantage Fund
2017-04-06,,,,31.88,ICICI Prudential Balanced Advantage Fund
2017-04-07,,,,31.81,ICICI Prudential Balanced Advantage Fund
2017-04-10,,,,31.89,ICICI Prudential Balanced Advantage Fund
2017-04-11,,,,32.0,ICICI Prudential Balanced Advantage Fund
2017-04-12,,,,31.96,ICICI Prudential Balanced Advantage Fund
2017-04-13,,,,31.94,ICICI Prudential Balanced Advantage Fund
2017-04-17,,,,31.85,ICICI Prudential Balanced Advantage Fund
2017-04-18,,,,31.77,ICICI Prudential Balanced Advantage Fund
2017-04-19,,,,31.83,ICICI Prudential Balanced Advantage Fund
2017-04-20,,,,31.87,ICICI Prudential Balanced Advantage Fund
2017-04-21,,,,31.81,ICICI Prudential Balanced Advantage Fund
2017-04-24,,,,31.91,ICICI Prudential Balanced Advantage Fund
2017-04-25,,,,32.08,ICICI Prudential Balanced Advantage Fund
2017-04-26,,,,32.08,ICICI Prudential Balanced Advantage Fund
2017-04-27,,,,32.05,ICICI Prudential Balanced Advantage Fund
2017-04-28,,,,32.1,ICICI Prudential Balanced Advantage Fund
2017-05-02,,,,32.08,ICICI Prudential Balanced Advantage Fund
2017-05-03,,,,32.06,ICICI Prudential Balanced Advantage Fund
2017-05-04,,,,32.16,ICICI Prudential Balanced Advantage Fund
2017-05-05,,,,32.02,ICICI Prudential Balanced Advantage Fund
2017-05-08,,,,32.12,ICICI Prudential Balanced Advantage Fund
2017-05-09,,,,32.12,ICICI Prudential Balanced Advantage Fund
2017-05-10,,,,32.27,ICICI Prudential Balanced Advantage Fund
2017-05-11,,,,32.22,ICICI Prudential Balanced Advantage Fund
2017-05-12,,,,32.23,ICICI Prudential Balanced Advantage Fund
2017-05-15,,,,32.43,ICICI Prudential Balanced Advantage Fund
2017-05-16,,,,32.52,ICICI Prudential Balanced Advantage Fund
2017-05-17,,,,32.5,ICICI Prudential Balanced Advantage Fund
2017-05-18,,,,32.3,ICICI Prudential Balanced Advantage Fund
2017-05-19,,,,32.3,ICICI Prudential Balanced Advantage Fund
2017-05-22,,,,32.25,ICICI Prudential Balanced Advantage Fund
2017-05-23,,,,32.13,ICICI Prudential Balanced Advantage Fund
2017-05-24,,,,32.0,ICICI Prudential Balanced Advantage Fund
2017-05-25,,,,32.16,ICICI Prudential Balanced Advantage Fund
2017-05-26,,,,32.29,ICICI Prudential Balanced Advantage Fund
2017-05-29,,,,32.16,ICICI Prudential Balanced Advantage Fund
2017-05-30,,,,32.26,ICICI Prudential Balanced Advantage Fund
2017-05-31,,,,32.36,ICICI Prudential Balanced Advantage Fund
2017-06-01,,,,32.41,ICICI Prudential Balanced Advantage Fund
2017-06-02,,,,32.51,ICICI Prudential Balanced Advantage Fund
2017-06-05,,,,32.57,ICICI Prudential Balanced Advantage Fund
2017-06-06,,,,32.55,ICICI Prudential Balanced Advantage Fund
2017-06-07,,,,32.65,ICICI Prudential Balanced Advantage Fund
2017-06-08,,,,32.7,ICICI Prudential Balanced Advantage Fund
2017-06-09,,,,32.75,ICICI Prudential Balanced Advantage Fund
2017-06-12,,,,32.71,ICICI Prudential Balanced Advantage Fund
2017-06-13,,,,32.72,ICICI Prudential Balanced Advantage Fund
2017-06-14,,,,32.73,ICICI Prudential Balanced Advantage Fund
2017-06-15,,,,32.7,ICICI Prudential Balanced Advantage Fund
2017-06-16,,,,32.7,ICICI Prudential Balanced Advantage Fund
2017-06-19,,,,32.78,ICICI Prudential Balanced Advantage Fund
2017-06-20,,,,32.82,ICICI Prudential Balanced Advantage Fund
2017-06-21,,,,32.81,ICICI Prudential Balanced Advantage Fund
2017-06-22,,,,32.75,ICICI Prudential Balanced Advantage Fund
2017-06-23,,,,32.61,ICICI Prudential Balanced Advantage Fund
2017-06-27,,,,32.51,ICICI Prudential Balanced Advantage Fund
2017-06-28,,,,32.54,ICICI Prudential Balanced Advantage Fund
2017-06-29,,,,32.56,ICICI Prudential Balanced Advantage Fund
2017-06-30,,,,32.63,ICICI Prudential Balanced Advantage Fund
2017-07-03,,,,32.7,ICICI Prudential Balanced Advantage Fund
2017-07-04,,,,32.66,ICICI Prudential Balanced Advantage Fund
2017-07-05,,,,32.74,ICICI Prudential Balanced Advantage Fund
2017-07-06,,,,32.83,ICICI Prudential Balanced Advantage Fund
2017-07-07,,,,32.83,ICICI Prudential Balanced Advantage Fund
2017-07-10,,,,32.98,ICICI Prudential Balanced Advantage Fund
2017-07-11,,,,32.93,ICICI Prudential Balanced Advantage Fund
2017-07-12,,,,33.05,ICICI Prudential Balanced Advantage Fund
2017-07-13,,,,33.17,ICICI Prudential Balanced Advantage Fund
2017-07-14,,,,33.14,ICICI Prudential Balanced Advantage Fund
2017-07-17,,,,33.22,ICICI Prudential Balanced Advantage Fund
2017-07-18,,,,33.22,ICICI Prudential Balanced Advantage Fund
2017-07-19,,,,33.39,ICICI Prudential Balanced Advantage Fund
2017-07-20,,,,33.37,ICICI Prudential Balanced Advantage Fund
2017-07-21,,,,33.43,ICICI Prudential Balanced Advantage Fund
2017-07-24,,,,33.49,ICICI Prudential Balanced Advantage Fund
2017-07-25,,,,33.46,ICICI Prudential Balanced Advantage Fund
2017-07-26,,,,33.48,ICICI Prudential Balanced Advantage Fund
2017-07-27,,,,33.43,ICICI Prudential Balanced Advantage Fund
2017-07-28,,,,33.41,ICICI Prudential Balanced Advantage Fund
2017-07-31,,,,33.5,ICICI Prudential Balanced Advantage Fund
2017-08-01,,,,33.57,ICICI Prudential Balanced Advantage Fund
2017-08-02,,,,33.57,ICICI Prudential Balanced Advantage Fund
2017-08-03,,,,33.48,ICICI Prudential Balanced Advantage Fund
2017-08-04,,,,33.62,ICICI Prudential Balanced Advantage Fund
2017-08-07,,,,33.76,ICICI Prudential Balanced Advantage Fund
2017-08-08,,,,33.66,ICICI Prudential Balanced Advantage Fund
2017-08-09,,,,33.46,ICICI Prudential Balanced Advantage Fund
2017-08-10,,,,33.21,ICICI Prudential Balanced Advantage Fund
2017-08-11,,,,33.08,ICICI Prudential Balanced Advantage Fund
2017-08-14,,,,33.3,ICICI Prudential Balanced Advantage Fund
2017-08-16,,,,33.52,ICICI Prudential Balanced Advantage Fund
2017-08-17,,,,33.49,ICICI Prudential Balanced Advantage Fund
2017-08-18,,,,33.49,ICICI Prudential Balanced Advantage Fund
2017-08-21,,,,33.34,ICICI Prudential Balanced Advantage Fund
2017-08-22,,,,33.3,ICICI Prudential Balanced Advantage Fund
2017-08-23,,,,33.41,ICICI Prudential Balanced Advantage Fund
2017-08-24,,,,33.46,ICICI Prudential Balanced Advantage Fund
2017-08-28,,,,33.56,ICICI Prudential Balanced Advantage Fund
2017-08-29,,,,33.4,ICICI Prudential Balanced Advantage Fund
2017-08-30,,,,33.53,ICICI Prudential Balanced Advantage Fund
2017-08-31,,,,33.6,ICICI Prudential Balanced Advantage Fund
2017-09-01,,,,33.71,ICICI Prudential Balanced Advantage Fund
2017-09-04,,,,33.63,ICICI Prudential Balanced Advantage Fund
2017-09-05,,,,33.69,ICICI Prudential Balanced Advantage Fund
2017-09-06,,,,33.72,ICICI Prudential Balanced Advantage Fund
2017-09-07,,,,33.79,ICICI Prudential Balanced Advantage Fund
2017-09-08,,,,33.8,ICICI Prudential Balanced Advantage Fund
2017-09-11,,,,33.92,ICICI Prudential Balanced Advantage Fund
2017-09-12,,,,34.06,ICICI Prudential Balanced Advantage Fund
2017-09-13,,,,34.0,ICICI Prudential Balanced Advantage Fund
2017-09-14,,,,34.02,ICICI Prudential Balanced Advantage Fund
2017-09-15,,,,34.04,ICICI Prudential Balanced Advantage Fund
2017-09-18,,,,34.09,ICICI Prudential Balanced Advantage Fund
2017-09-19,,,,34.12,ICICI Prudential Balanced Advantage Fund
2017-09-20,,,,34.08,ICICI Prudential Balanced Advantage Fund
2017-09-21,,,,34.01,ICICI Prudential Balanced Advantage Fund
2017-09-22,,,,33.74,ICICI Prudential Balanced Advantage Fund
2017-09-25,,,,33.62,ICICI Prudential Balanced Advantage Fund
2017-09-26,,,,33.69,ICICI Prudential Balanced Advantage Fund
2017-09-27,,,,33.47,ICICI Prudential Balanced Advantage Fund
2017-09-28,,,,33.59,ICICI Prudential Balanced Advantage Fund
2017-09-29,,,,33.72,ICICI Prudential Balanced Advantage Fund
2017-10-03,,,,33.82,ICICI Prudential Balanced Advantage Fund
2017-10-04,,,,33.81,ICICI Prudential Balanced Advantage Fund
2017-10-05,,,,33.79,ICICI Prudential Balanced Advantage Fund
2017-10-06,,,,33.93,ICICI Prudential Balanced Advantage Fund
2017-10-09,,,,33.94,ICICI Prudential Balanced Advantage Fund
2017-10-10,,,,34.01,ICICI Prudential Balanced Advantage Fund
2017-10-11,,,,33.97,ICICI Prudential Balanced Advantage Fund
2017-10-12,,,,34.12,ICICI Prudential Balanced Advantage Fund
2017-10-13,,,,34.18,ICICI Prudential Balanced Advantage Fund
2017-10-16,,,,34.21,ICICI Prudential Balanced Advantage Fund
2017-10-17,,,,34.27,ICICI Prudential Balanced Advantage Fund
2017-10-18,,,,34.17,ICICI Prudential Balanced Advantage Fund
2017-10-23,,,,34.18,ICICI Prudential Balanced Advantage Fund
2017-10-24,,,,34.26,ICICI Prudential Balanced Advantage Fund
2017-10-25,,,,34.56,ICICI Prudential Balanced Advantage Fund
2017-10-26,,,,34.66,ICICI Prudential Balanced Advantage Fund
2017-10-27,,,,34.62,ICICI Prudential Balanced Advantage Fund
2017-10-30,,,,34.75,ICICI Prudential Balanced Advantage Fund
2017-10-31,,,,34.78,ICICI Prudential Balanced Advantage Fund
2017-11-01,,,,34.89,ICICI Prudential Balanced Advantage Fund
2017-11-02,,,,34.89,ICICI Prudential Balanced Advantage Fund
2017-11-03,,,,34.92,ICICI Prudential Balanced Advantage Fund
2017-11-06,,,,34.95,ICICI Prudential Balanced Advantage Fund
2017-11-07,,,,34.75,ICICI Prudential Balanced Advantage Fund
2017-11-08,,,,34.73,ICICI Prudential Balanced Advantage Fund
2017-11-09,,,,34.78,ICICI Prudential Balanced Advantage Fund
2017-11-10,,,,34.86,ICICI Prudential Balanced Advantage Fund
2017-11-13,,,,34.77,ICICI Prudential Balanced Advantage Fund
2017-11-14,,,,34.68,ICICI Prudential Balanced Advantage Fund
2017-11-15,,,,34.59,ICICI Prudential Balanced Advantage Fund
2017-11-16,,,,34.68,ICICI Prudential Balanced Advantage Fund
2017-11-17,,,,34.8,ICICI Prudential Balanced Advantage Fund
2017-11-20,,,,34.86,ICICI Prudential Balanced Advantage Fund
2017-11-21,,,,34.9,ICICI Prudential Balanced Advantage Fund
2017-11-22,,,,34.88,ICICI Prudential Balanced Advantage Fund
2017-11-23,,,,34.89,ICICI Prudential Balanced Advantage Fund
2017-11-24,,,,34.94,ICICI Prudential Balanced Advantage Fund
2017-11-27,,,,35.04,ICICI Prudential Balanced Advantage Fund
2017-11-28,,,,35.06,ICICI Prudential Balanced Advantage Fund
2017-11-29,,,,35.09,ICICI Prudential Balanced Advantage Fund
2017-11-30,,,,35.0,ICICI Prudential Balanced Advantage Fund
2017-12-01,,,,34.9,ICICI Prudential Balanced Advantage Fund
2017-12-04,,,,34.96,ICICI Prudential Balanced Advantage Fund
2017-12-05,,,,34.93,ICICI Prudential Balanced Advantage Fund
2017-12-06,,,,34.84,ICICI Prudential Balanced Advantage Fund
2017-12-07,,,,35.03,ICICI Prudential Balanced Advantage Fund
2017-12-08,,,,35.17,ICICI Prudential Balanced Advantage Fund
2017-12-11,,,,35.22,ICICI Prudential Balanced Advantage Fund
2017-12-12,,,,35.13,ICICI Prudential Balanced Advantage Fund
2017-12-13,,,,35.03,ICICI Prudential Balanced Advantage Fund
2017-12-14,,,,35.08,ICICI Prudential Balanced Advantage Fund
2017-12-15,,,,35.21,ICICI Prudential Balanced Advantage Fund
2017-12-18,,,,35.31,ICICI Prudential Balanced Advantage Fund
2017-12-19,,,,35.47,ICICI Prudential Balanced Advantage Fund
2017-12-20,,,,35.45,ICICI Prudential Balanced Advantage Fund
2017-12-21,,,,35.47,ICICI Prudential Balanced Advantage Fund
2017-12-22,,,,35.52,ICICI Prudential Balanced Advantage Fund
2017-12-26,,,,35.55,ICICI Prudential Balanced Advantage Fund
2017-12-27,,,,35.51,ICICI Prudential Balanced Advantage Fund
2017-12-28,,,,35.45,ICICI Prudential Balanced Advantage Fund
2017-12-29,,,,35.55,ICICI Prudential Balanced Advantage Fund
2018-01-01,,,,35.49,ICICI Prudential Balanced Advantage Fund
2018-01-02,,,,35.43,ICICI Prudential Balanced Advantage Fund
2018-01-03,,,,35.46,ICICI Prudential Balanced Advantage Fund
2018-01-04,,,,35.53,ICICI Prudential Balanced Advantage Fund
2018-01-05,,,,35.68,ICICI Prudential Balanced Advantage Fund
2018-01-08,,,,35.75,ICICI Prudential Balanced Advantage Fund
2018-01-09,,,,35.76,ICICI Prudential Balanced Advantage Fund
2018-01-10,,,,35.74,ICICI Prudential Balanced Advantage Fund
2018-01-11,,,,35.74,ICICI Prudential Balanced Advantage Fund
2018-01-12,,,,35.73,ICICI Prudential Balanced Advantage Fund
2018-01-15,,,,35.7,ICICI Prudential Balanced Advantage Fund
2018-01-16,,,,35.56,ICICI Prudential Balanced Advantage Fund
2018-01-17,,,,35.71,ICICI Prudential Balanced Advantage Fund
2018-01-18,,,,35.6,ICICI Prudential Balanced Advantage Fund
2018-01-19,,,,35.66,ICICI Prudential Balanced Advantage Fund
2018-01-22,,,,35.7,ICICI Prudential Balanced Advantage Fund
2018-01-23,,,,35.8,ICICI Prudential Balanced Advantage Fund
2018-01-24,,,,35.77,ICICI Prudential Balanced Advantage Fund
2018-01-25,,,,35.67,ICICI Prudential Balanced Advantage Fund
2018-01-29,,,,35.59,ICICI Prudential Balanced Advantage Fund
2018-01-30,,,,35.53,ICICI Prudential Balanced Advantage Fund
2018-01-31,,,,35.49,ICICI Prudential Balanced Advantage Fund
2018-02-01,,,,35.48,ICICI Prudential Balanced Advantage Fund
2018-02-02,,,,35.19,ICICI Prudential Balanced Advantage Fund
2018-02-05,,,,35.17,ICICI Prudential Balanced Advantage Fund
2018-02-06,,,,35.06,ICICI Prudential Balanced Advantage Fund
2018-02-07,,,,35.2,ICICI Prudential Balanced Advantage Fund
2018-02-08,,,,35.39,ICICI Prudential Balanced Advantage Fund
2018-02-09,,,,35.33,ICICI Prudential Balanced Advantage Fund
2018-02-12,,,,35.44,ICICI Prudential Balanced Advantage Fund
2018-02-14,,,,35.39,ICICI Prudential Balanced Advantage Fund
2018-02-15,,,,35.32,ICICI Prudential Balanced Advantage Fund
2018-02-16,,,,35.2,ICICI Prudential Balanced Advantage Fund
2018-02-19,,,,35.09,ICICI Prudential Balanced Advantage Fund
2018-02-20,,,,35.08,ICICI Prudential Balanced Advantage Fund
2018-02-21,,,,35.04,ICICI Prudential Balanced Advantage Fund
2018-02-22,,,,34.97,ICICI Prudential Balanced Advantage Fund
2018-02-23,,,,35.16,ICICI Prudential Balanced Advantage Fund
2018-02-26,,,,35.29,ICICI Prudential Balanced Advantage Fund
2018-02-27,,,,35.27,ICICI Prudential Balanced Advantage Fund
2018-02-28,,,,35.24,ICICI Prudential Balanced Advantage Fund
2018-03-01,,,,35.21,ICICI Prudential Balanced Advantage Fund
2018-03-05,,,,35.08,ICICI Prudential Balanced Advantage Fund
2018-03-06,,,,34.98,ICICI Prudential Balanced Advantage Fund
2018-03-07,,,,34.9,ICICI Prudential Balanced Advantage Fund
2018-03-08,,,,35.01,ICICI Prudential Balanced Advantage Fund
2018-03-09,,,,35.02,ICICI Prudential Balanced Advantage Fund
2018-03-12,,,,35.18,ICICI Prudential Balanced Advantage Fund
2018-03-13,,,,35.28,ICICI Prudential Balanced Advantage Fund
2018-03-14,,,,35.28,ICICI Prudential Balanced Advantage Fund
2018-03-15,,,,35.25,ICICI Prudential Balanced Advantage Fund
2018-03-16,,,,35.08,ICICI Prudential Balanced Advantage Fund
2018-03-19,,,,34.91,ICICI Prudential Balanced Advantage Fund
2018-03-20,,,,34.98,ICICI Prudential Balanced Advantage Fund
2018-03-21,,,,35.0,ICICI Prudential Balanced Advantage Fund
2018-03-22,,,,34.95,ICICI Prudential Balanced Advantage Fund
2018-03-23,,,,34.85,ICICI Prudential Balanced Advantage Fund
2018-03-26,,,,35.02,ICICI Prudential Balanced Advantage Fund
2018-03-27,,,,35.27,ICICI Prudential Balanced Advantage Fund
2018-03-28,,,,35.19,ICICI Prudential Balanced Advantage Fund
2018-04-02,,,,35.36,ICICI Prudential Balanced Advantage Fund
2018-04-03,,,,35.47,ICICI Prudential Balanced Advantage Fund
2018-04-04,,,,35.34,ICICI Prudential Balanced Advantage Fund
2018-04-05,,,,35.59,ICICI Prudential Balanced Advantage Fund
2018-04-06,,,,35.63,ICICI Prudential Balanced Advantage Fund
2018-04-09,,,,35.72,ICICI Prudential Balanced Advantage Fund
2018-04-10,,,,35.68,ICICI Prudential Balanced Advantage Fund
2018-04-11,,,,35.65,ICICI Prudential Balanced Advantage Fund
2018-04-12,,,,35.67,ICICI Prudential Balanced Advantage Fund
2018-04-13,,,,35.68,ICICI Prudential Balanced Advantage Fund
2018-04-16,,,,35.76,ICICI Prudential Balanced Advantage Fund
2018-04-17,,,,35.82,ICICI Prudential Balanced Advantage Fund
2018-04-18,,,,35.78,ICICI Prudential Balanced Advantage Fund
2018-04-19,,,,35.82,ICICI Prudential Balanced Advantage Fund
2018-04-20,,,,35.79,ICICI Prudential Balanced Advantage Fund
2018-04-23,,,,35.88,ICICI Prudential Balanced Advantage Fund
2018-04-24,,,,35.89,ICICI Prudential Balanced Advantage Fund
2018-04-25,,,,35.83,ICICI Prudential Balanced Advantage Fund
2018-04-26,,,,35.81,ICICI Prudential Balanced Advantage Fund
2018-04-27,,,,35.86,ICICI Prudential Balanced Advantage Fund
2018-04-30,,,,35.93,ICICI Prudential Balanced Advantage Fund
2018-05-02,,,,35.83,ICICI Prudential Balanced Advantage Fund
2018-05-03,,,,35.74,ICICI Prudential Balanced Advantage Fund
2018-05-04,,,,35.63,ICICI Prudential Balanced Advantage Fund
2018-05-07,,,,35.78,ICICI Prudential Balanced Advantage Fund
2018-05-08,,,,35.81,ICICI Prudential Balanced Advantage Fund
2018-05-09,,,,35.72,ICICI Prudential Balanced Advantage Fund
2018-05-10,,,,35.67,ICICI Prudential Balanced Advantage Fund
2018-05-11,,,,35.73,ICICI Prudential Balanced Advantage Fund
2018-05-14,,,,35.71,ICICI Prudential Balanced Advantage Fund
2018-05-15,,,,35.67,ICICI Prudential Balanced Advantage Fund
2018-05-16,,,,35.62,ICICI Prudential Balanced Advantage Fund
2018-05-17,,,,35.6,ICICI Prudential Balanced Advantage Fund
2018-05-18,,,,35.51,ICICI Prudential Balanced Advantage Fund
2018-05-21,,,,35.37,ICICI Prudential Balanced Advantage Fund
2018-05-22,,,,35.47,ICICI Prudential Balanced Advantage Fund
2018-05-23,,,,35.38,ICICI Prudential Balanced Advantage Fund
2018-05-24,,,,35.4,ICICI Prudential Balanced Advantage Fund
2018-05-25,,,,35.61,ICICI Prudential Balanced Advantage Fund
2018-05-28,,,,35.8,ICICI Prudential Balanced Advantage Fund
2018-05-29,,,,35.77,ICICI Prudential Balanced Advantage Fund
2018-05-30,,,,35.75,ICICI Prudential Balanced Advantage Fund
2018-05-31,,,,35.85,ICICI Prudential Balanced Advantage Fund
2018-06-01,,,,35.69,ICICI Prudential Balanced Advantage Fund
2018-06-04,,,,35.56,ICICI Prudential Balanced Advantage Fund
2018-06-05,,,,35.48,ICICI Prudential Balanced Advantage Fund
2018-06-06,,,,35.6,ICICI Prudential Balanced Advantage Fund
2018-06-07,,,,35.7,ICICI Prudential Balanced Advantage Fund
2018-06-08,,,,35.77,ICICI Prudential Balanced Advantage Fund
2018-06-11,,,,35.78,ICICI Prudential Balanced Advantage Fund
2018-06-12,,,,35.83,ICICI Prudential Balanced Advantage Fund
2018-06-13,,,,35.85,ICICI Prudential Balanced Advantage Fund
2018-06-14,,,,35.83,ICICI Prudential Balanced Advantage Fund
2018-06-15,,,,35.8,ICICI Prudential Balanced Advantage Fund
2018-06-18,,,,35.8,ICICI Prudential Balanced Advantage Fund
2018-06-19,,,,35.69,ICICI Prudential Balanced Advantage Fund
2018-06-20,,,,35.7,ICICI Prudential Balanced Advantage Fund
2018-06-21,,,,35.68,ICICI Prudential Balanced Advantage Fund
2018-06-22,,,,35.73,ICICI Prudential Balanced Advantage Fund
2018-06-25,,,,35.65,ICICI Prudential Balanced Advantage Fund
2018-06-26,,,,35.64,ICICI Prudential Balanced Advantage Fund
2018-06-27,,,,35.47,ICICI Prudential Balanced Advantage Fund
2018-06-28,,,,35.38,ICICI Prudential Balanced Advantage Fund
2018-06-29,,,,35.55,ICICI Prudential Balanced Advantage Fund
2018-07-02,,,,35.48,ICICI Prudential Balanced Advantage Fund
2018-07-03,,,,35.54,ICICI Prudential Balanced Advantage Fund
2018-07-04,,,,35.63,ICICI Prudential Balanced Advantage Fund
2018-07-05,,,,35.59,ICICI Prudential Balanced Advantage Fund
2018-07-06,,,,35.62,ICICI Prudential Balanced Advantage Fund
2018-07-09,,,,35.75,ICICI Prudential Balanced Advantage Fund
2018-07-10,,,,35.89,ICICI Prudential Balanced Advantage Fund
2018-07-11,,,,35.8,ICICI Prudential Balanced Advantage Fund
2018-07-12,,,,35.85,ICICI Prudential Balanced Advantage Fund
2018-07-13,,,,35.74,ICICI Prudential Balanced Advantage Fund
2018-07-16,,,,35.6,ICICI Prudential Balanced Advantage Fund
2018-07-17,,,,35.72,ICICI Prudential Balanced Advantage Fund
2018-07-18,,,,35.67,ICICI Prudential Balanced Advantage Fund
2018-07-19,,,,35.62,ICICI Prudential Balanced Advantage Fund
2018-07-20,,,,35.73,ICICI Prudential Balanced Advantage Fund
2018-07-23,,,,35.85,ICICI Prudential Balanced Advantage Fund
2018-07-24,,,,35.98,ICICI Prudential Balanced Advantage Fund
2018-07-25,,,,35.93,ICICI Prudential Balanced Advantage Fund
2018-07-26,,,,36.0,ICICI Prudential Balanced Advantage Fund
2018-07-27,,,,36.13,ICICI Prudential Balanced Advantage Fund
2018-07-30,,,,36.2,ICICI Prudential Balanced Advantage Fund
2018-07-31,,,,36.25,ICICI Prudential Balanced Advantage Fund
2018-08-01,,,,36.23,ICICI Prudential Balanced Advantage Fund
2018-08-02,,,,36.18,ICICI Prudential Balanced Advantage Fund
2018-08-03,,,,36.3,ICICI Prudential Balanced Advantage Fund
2018-08-06,,,,36.37,ICICI Prudential Balanced Advantage Fund
2018-08-07,,,,36.36,ICICI Prudential Balanced Advantage Fund
2018-08-08,,,,36.39,ICICI Prudential Balanced Advantage Fund
2018-08-09,,,,36.43,ICICI Prudential Balanced Advantage Fund
2018-08-10,,,,36.39,ICICI Prudential Balanced Advantage Fund
2018-08-13,,,,36.26,ICICI Prudential Balanced Advantage Fund
2018-08-14,,,,36.35,ICICI Prudential Balanced Advantage Fund
2018-08-16,,,,36.31,ICICI Prudential Balanced Advantage Fund
2018-08-17,,,,36.41,ICICI Prudential Balanced Advantage Fund
2018-08-20,,,,36.48,ICICI Prudential Balanced Advantage Fund
2018-08-21,,,,36.55,ICICI Prudential Balanced Advantage Fund
2018-08-23,,,,36.56,ICICI Prudential Balanced Advantage Fund
2018-08-24,,,,36.54,ICICI Prudential Balanced Advantage Fund
2018-08-27,,,,36.67,ICICI Prudential Balanced Advantage Fund
2018-08-28,,,,36.66,ICICI Prudential Balanced Advantage Fund
2018-08-29,,,,36.63,ICICI Prudential Balanced Advantage Fund
2018-08-30,,,,36.65,ICICI Prudential Balanced Advantage Fund
2018-08-31,,,,36.69,ICICI Prudential Balanced Advantage Fund
2018-09-03,,,,36.64,ICICI Prudential Balanced Advantage Fund
2018-09-04,,,,36.44,ICICI Prudential Balanced Advantage Fund
2018-09-05,,,,36.41,ICICI Prudential Balanced Advantage Fund
2018-09-06,,,,36.47,ICICI Prudential Balanced Advantage Fund
2018-09-07,,,,36.55,ICICI Prudential Balanced Advantage Fund
2018-09-10,,,,36.39,ICICI Prudential Balanced Advantage Fund
2018-09-11,,,,36.26,ICICI Prudential Balanced Advantage Fund
2018-09-12,,,,36.33,ICICI Prudential Balanced Advantage Fund
2018-09-14,,,,36.52,ICICI Prudential Balanced Advantage Fund
2018-09-17,,,,36.42,ICICI Prudential Balanced Advantage Fund
2018-09-18,,,,36.27,ICICI Prudential Balanced Advantage Fund
2018-09-19,,,,36.22,ICICI Prudential Balanced Advantage Fund
2018-09-21,,,,36.14,ICICI Prudential Balanced Advantage Fund
2018-09-24,,,,35.82,ICICI Prudential Balanced Advantage Fund
2018-09-25,,,,35.94,ICICI Prudential Balanced Advantage Fund
2018-09-26,,,,35.92,ICICI Prudential Balanced Advantage Fund
2018-09-27,,,,35.82,ICICI Prudential Balanced Advantage Fund
2018-09-28,,,,35.73,ICICI Prudential Balanced Advantage Fund
2018-10-01,,,,35.75,ICICI Prudential Balanced Advantage Fund
2018-10-03,,,,35.57,ICICI Prudential Balanced Advantage Fund
2018-10-04,,,,35.27,ICICI Prudential Balanced Advantage Fund
2018-10-05,,,,34.87,ICICI Prudential Balanced Advantage Fund
2018-10-08,,,,34.85,ICICI Prudential Balanced Advantage Fund
2018-10-09,,,,34.76,ICICI Prudential Balanced Advantage Fund
2018-10-10,,,,35.15,ICICI Prudential Balanced Advantage Fund
2018-10-11,,,,34.8,ICICI Prudential Balanced Advantage Fund
2018-10-12,,,,35.25,ICICI Prudential Balanced Advantage Fund
2018-10-15,,,,35.32,ICICI Prudential Balanced Advantage Fund
2018-10-16,,,,35.48,ICICI Prudential Balanced Advantage Fund
2018-10-17,,,,35.27,ICICI Prudential Balanced Advantage Fund
2018-10-19,,,,35.09,ICICI Prudential Balanced Advantage Fund
2018-10-22,,,,35.01,ICICI Prudential Balanced Advantage Fund
2018-10-23,,,,34.83,ICICI Prudential Balanced Advantage Fund
2018-10-24,,,,35.0,ICICI Prudential Balanced Advantage Fund
2018-10-25,,,,34.84,ICICI Prudential Balanced Advantage Fund
2018-10-26,,,,34.73,ICICI Prudential Balanced Advantage Fund
2018-10-29,,,,35.12,ICICI Prudential Balanced Advantage Fund
2018-10-30,,,,35.1,ICICI Prudential Balanced Advantage Fund
2018-10-31,,,,35.43,ICICI Prudential Balanced Advantage Fund
2018-11-01,,,,35.44,ICICI Prudential Balanced Advantage Fund
2018-11-02,,,,35.81,ICICI Prudential Balanced Advantage Fund
2018-11-05,,,,35.8,ICICI Prudential Balanced Advantage Fund
2018-11-06,,,,35.75,ICICI Prudential Balanced Advantage Fund
2018-11-09,,,,35.89,ICICI Prudential Balanced Advantage Fund
2018-11-12,,,,35.66,ICICI Prudential Balanced Advantage Fund
2018-11-13,,,,35.82,ICICI Prudential Balanced Advantage Fund
2018-11-14,,,,35.84,ICICI Prudential Balanced Advantage Fund
2018-11-15,,,,35.91,ICICI Prudential Balanced Advantage Fund
2018-11-16,,,,36.04,ICICI Prudential Balanced Advantage Fund
2018-11-19,,,,36.16,ICICI Prudential Balanced Advantage Fund
2018-11-20,,,,35.99,ICICI Prudential Balanced Advantage Fund
2018-11-21,,,,35.99,ICICI Prudential Balanced Advantage Fund
2018-11-22,,,,35.9,ICICI Prudential Balanced Advantage Fund
2018-11-26,,,,36.05,ICICI Prudential Balanced Advantage Fund
2018-11-27,,,,36.15,ICICI Prudential Balanced Advantage Fund
2018-11-28,,,,36.13,ICICI Prudential Balanced Advantage Fund
2018-11-29,,,,36.31,ICICI Prudential Balanced Advantage Fund
2018-11-30,,,,36.36,ICICI Prudential Balanced Advantage Fund
2018-12-03,,,,36.42,ICICI Prudential Balanced Advantage Fund
2018-12-04,,,,36.4,ICICI Prudential Balanced Advantage Fund
2018-12-05,,,,36.23,ICICI Prudential Balanced Advantage Fund
2018-12-06,,,,35.96,ICICI Prudential Balanced Advantage Fund
2018-12-07,,,,36.09,ICICI Prudential Balanced Advantage Fund
2018-12-10,,,,35.77,ICICI Prudential Balanced Advantage Fund
2018-12-11,,,,35.96,ICICI Prudential Balanced Advantage Fund
2018-12-12,,,,36.35,ICICI Prudential Balanced Advantage Fund
2018-12-13,,,,36.48,ICICI Prudential Balanced Advantage Fund
2018-12-14,,,,36.55,ICICI Prudential Balanced Advantage Fund
2018-12-17,,,,36.67,ICICI Prudential Balanced Advantage Fund
2018-12-18,,,,36.74,ICICI Prudential Balanced Advantage Fund
2018-12-19,,,,36.93,ICICI Prudential Balanced Advantage Fund
2018-12-20,,,,36.89,ICICI Prudential Balanced Advantage Fund
2018-12-21,,,,36.67,ICICI Prudential Balanced Advantage Fund
2018-12-24,,,,36.46,ICICI Prudential Balanced Advantage Fund
2018-12-26,,,,36.58,ICICI Prudential Balanced Advantage Fund
2018-12-27,,,,36.64,ICICI Prudential Balanced Advantage Fund
2018-12-28,,,,36.81,ICICI Prudential Balanced Advantage Fund
2018-12-31,,,,36.85,ICICI Prudential Balanced Advantage Fund
2019-01-01,,,,36.9,ICICI Prudential Balanced Advantage Fund
2019-01-02,,,,36.67,ICICI Prudential Balanced Advantage Fund
2019-01-03,,,,36.47,ICICI Prudential Balanced Advantage Fund
2019-01-04,,,,36.59,ICICI Prudential Balanced Advantage Fund
2019-01-07,,,,36.67,ICICI Prudential Balanced Advantage Fund
2019-01-08,,,,36.72,ICICI Prudential Balanced Advantage Fund
2019-01-09,,,,36.8,ICICI Prudential Balanced Advantage Fund
2019-01-10,,,,36.78,ICICI Prudential Balanced Advantage Fund
2019-01-11,,,,36.77,ICICI Prudential Balanced Advantage Fund
2019-01-14,,,,36.66,ICICI Prudential Balanced Advantage Fund
2019-01-15,,,,36.82,ICICI Prudential Balanced Advantage Fund
2019-01-16,,,,36.83,ICICI Prudential Balanced Advantage Fund
2019-01-17,,,,36.81,ICICI Prudential Balanced Advantage Fund
2019-01-18,,,,36.72,ICICI Prudential Balanced Advantage Fund
2019-01-21,,,,36.75,ICICI Prudential Balanced Advantage Fund
2019-01-22,,,,36.72,ICICI Prudential Balanced Advantage Fund
2019-01-23,,,,36.59,ICICI Prudential Balanced Advantage Fund
2019-01-24,,,,36.58,ICICI Prudential Balanced Advantage Fund
2019-01-25,,,,36.4,ICICI Prudential Balanced Advantage Fund
2019-01-28,,,,36.21,ICICI Prudential Balanced Advantage Fund
2019-01-29,,,,36.22,ICICI Prudential Balanced Advantage Fund
2019-01-30,,,,36.27,ICICI Prudential Balanced Advantage Fund
2019-01-31,,,,36.52,ICICI Prudential Balanced Advantage Fund
2019-02-01,,,,36.57,ICICI Prudential Balanced Advantage Fund
2019-02-04,,,,36.52,ICICI Prudential Balanced Advantage Fund
2019-02-05,,,,36.52,ICICI Prudential Balanced Advantage Fund
2019-02-06,,,,36.69,ICICI Prudential Balanced Advantage Fund
2019-02-07,,,,36.78,ICICI Prudential Balanced Advantage Fund
2019-02-08,,,,36.55,ICICI Prudential Balanced Advantage Fund
2019-02-11,,,,36.43,ICICI Prudential Balanced Advantage Fund
2019-02-12,,,,36.35,ICICI Prudential Balanced Advantage Fund
2019-02-13,,,,36.27,ICICI Prudential Balanced Advantage Fund
2019-02-14,,,,36.2,ICICI Prudential Balanced Advantage Fund
2019-02-15,,,,36.13,ICICI Prudential Balanced Advantage Fund
2019-02-18,,,,35.98,ICICI Prudential Balanced Advantage Fund
2019-02-19,,,,35.99,ICICI Prudential Balanced Advantage Fund
2019-02-20,,,,36.22,ICICI Prudential Balanced Advantage Fund
2019-02-21,,,,36.33,ICICI Prudential Balanced Advantage Fund
2019-02-22,,,,36.4,ICICI Prudential Balanced Advantage Fund
2019-02-25,,,,36.57,ICICI Prudential Balanced Advantage Fund
2019-02-26,,,,36.53,ICICI Prudential Balanced Advantage Fund
2019-02-27,,,,36.49,ICICI Prudential Balanced Advantage Fund
2019-02-28,,,,36.54,ICICI Prudential Balanced Advantage Fund
2019-03-01,,,,36.68,ICICI Prudential Balanced Advantage Fund
2019-03-05,,,,36.96,ICICI Prudential Balanced Advantage Fund
2019-03-06,,,,37.06,ICICI Prudential Balanced Advantage Fund
2019-03-07,,,,37.05,ICICI Prudential Balanced Advantage Fund
2019-03-08,,,,37.07,ICICI Prudential Balanced Advantage Fund
2019-03-11,,,,37.36,ICICI Prudential Balanced Advantage Fund
2019-03-12,,,,37.53,ICICI Prudential Balanced Advantage Fund
2019-03-13,,,,37.53,ICICI Prudential Balanced Advantage Fund
2019-03-14,,,,37.53,ICICI Prudential Balanced Advantage Fund
2019-03-15,,,,37.64,ICICI Prudential Balanced Advantage Fund
2019-03-18,,,,37.7,ICICI Prudential Balanced Advantage Fund
2019-03-19,,,,37.77,ICICI Prudential Balanced Advantage Fund
2019-03-20,,,,37.71,ICICI Prudential Balanced Advantage Fund
2019-03-22,,,,37.67,ICICI Prudential Balanced Advantage Fund
2019-03-25,,,,37.55,ICICI Prudential Balanced Advantage Fund
2019-03-26,,,,37.7,ICICI Prudential Balanced Advantage Fund
2019-03-27,,,,37.66,ICICI Prudential Balanced Advantage Fund
2019-03-28,,,,37.82,ICICI Prudential Balanced Advantage Fund
2019-03-29,,,,37.96,ICICI Prudential Balanced Advantage Fund
2019-04-01,,,,38.03,ICICI Prudential Balanced Advantage Fund
2019-04-02,,,,38.1,ICICI Prudential Balanced Advantage Fund
2019-04-03,,,,37.97,ICICI Prudential Balanced Advantage Fund
2019-04-04,,,,37.97,ICICI Prudential Balanced Advantage Fund
2019-04-05,,,,38.02,ICICI Prudential Balanced Advantage Fund
2019-04-08,,,,37.96,ICICI Prudential Balanced Advantage Fund
2019-04-09,,,,38.01,ICICI Prudential Balanced Advantage Fund
2019-04-10,,,,37.94,ICICI Prudential Balanced Advantage Fund
2019-04-11,,,,37.97,ICICI Prudential Balanced Advantage Fund
2019-04-12,,,,38.05,ICICI Prudential Balanced Advantage Fund
2019-04-15,,,,38.16,ICICI Prudential Balanced Advantage Fund
2019-04-16,,,,38.3,ICICI Prudential Balanced Advantage Fund
2019-04-18,,,,38.24,ICICI Prudential Balanced Advantage Fund
2019-04-22,,,,38.05,ICICI Prudential Balanced Advantage Fund
2019-04-23,,,,38.01,ICICI Prudential Balanced Advantage Fund
2019-04-24,,,,38.16,ICICI Prudential Balanced Advantage Fund
2019-04-25,,,,38.09,ICICI Prudential Balanced Advantage Fund
2019-04-26,,,,38.17,ICICI Prudential Balanced Advantage Fund
2019-04-30,,,,38.22,ICICI Prudential Balanced Advantage Fund
2019-05-02,,,,38.17,ICICI Prudential Balanced Advantage Fund
2019-05-03,,,,38.19,ICICI Prudential Balanced Advantage Fund
2019-05-06,,,,38.06,ICICI Prudential Balanced Advantage Fund
2019-05-07,,,,37.99,ICICI Prudential Balanced Advantage Fund
2019-05-08,,,,37.83,ICICI Prudential Balanced Advantage Fund
2019-05-09,,,,37.76,ICICI Prudential Balanced Advantage Fund
2019-05-10,,,,37.73,ICICI Prudential Balanced Advantage Fund
2019-05-13,,,,37.5,ICICI Prudential Balanced Advantage Fund
2019-05-14,,,,37.6,ICICI Prudential Balanced Advantage Fund
2019-05-15,,,,37.55,ICICI Prudential Balanced Advantage Fund
2019-05-16,,,,37.66,ICICI Prudential Balanced Advantage Fund
2019-05-17,,,,37.86,ICICI Prudential Balanced Advantage Fund
2019-05-20,,,,38.45,ICICI Prudential Balanced Advantage Fund
2019-05-21,,,,38.32,ICICI Prudential Balanced Advantage Fund
2019-05-22,,,,38.35,ICICI Prudential Balanced Advantage Fund
2019-05-23,,,,38.26,ICICI Prudential Balanced Advantage Fund
2019-05-24,,,,38.56,ICICI Prudential Balanced Advantage Fund
2019-05-27,,,,38.78,ICICI Prudential Balanced Advantage Fund
2019-05-28,,,,38.78,ICICI Prudential Balanced Advantage Fund
2019-05-29,,,,38.69,ICICI Prudential Balanced Advantage Fund
2019-05-30,,,,38.81,ICICI Prudential Balanced Advantage Fund
2019-05-31,,,,38.85,ICICI Prudential Balanced Advantage Fund
2019-06-03,,,,39.02,ICICI Prudential Balanced Advantage Fund
2019-06-04,,,,38.95,ICICI Prudential Balanced Advantage Fund
2019-06-06,,,,38.72,ICICI Prudential Balanced Advantage Fund
2019-06-07,,,,38.73,ICICI Prudential Balanced Advantage Fund
2019-06-10,,,,38.81,ICICI Prudential Balanced Advantage Fund
2019-06-11,,,,38.86,ICICI Prudential Balanced Advantage Fund
2019-06-12,,,,38.8,ICICI Prudential Balanced Advantage Fund
2019-06-13,,,,38.87,ICICI Prudential Balanced Advantage Fund
2019-06-14,,,,38.73,ICICI Prudential Balanced Advantage Fund
2019-06-17,,,,38.49,ICICI Prudential Balanced Advantage Fund
2019-06-18,,,,38.55,ICICI Prudential Balanced Advantage Fund
2019-06-19,,,,38.55,ICICI Prudential Balanced Advantage Fund
2019-06-20,,,,38.8,ICICI Prudential Balanced Advantage Fund
2019-06-21,,,,38.67,ICICI Prudential Balanced Advantage Fund
2019-06-24,,,,38.64,ICICI Prudential Balanced Advantage Fund
2019-06-25,,,,38.75,ICICI Prudential Balanced Advantage Fund
2019-06-26,,,,38.81,ICICI Prudential Balanced Advantage Fund
2019-06-27,,,,38.85,ICICI Prudential Balanced Advantage Fund
2019-06-28,,,,38.84,ICICI Prudential Balanced Advantage Fund
2019-07-01,,,,38.94,ICICI Prudential Balanced Advantage Fund
2019-07-02,,,,39.01,ICICI Prudential Balanced Advantage Fund
2019-07-03,,,,39.05,ICICI Prudential Balanced Advantage Fund
2019-07-04,,,,39.1,ICICI Prudential Balanced Advantage Fund
2019-07-05,,,,38.92,ICICI Prudential Balanced Advantage Fund
2019-07-08,,,,38.48,ICICI Prudential Balanced Advantage Fund
2019-07-09,,,,38.53,ICICI Prudential Balanced Advantage Fund
2019-07-10,,,,38.41,ICICI Prudential Balanced Advantage Fund
2019-07-11,,,,38.56,ICICI Prudential Balanced Advantage Fund
2019-07-12,,,,38.54,ICICI Prudential Balanced Advantage Fund
2019-07-15,,,,38.58,ICICI Prudential Balanced Advantage Fund
2019-07-16,,,,38.7,ICICI Prudential Balanced Advantage Fund
2019-07-17,,,,38.76,ICICI Prudential Balanced Advantage Fund
2019-07-18,,,,38.59,ICICI Prudential Balanced Advantage Fund
2019-07-19,,,,38.31,ICICI Prudential Balanced Advantage Fund
2019-07-22,,,,38.2,ICICI Prudential Balanced Advantage Fund
2019-07-23,,,,38.22,ICICI Prudential Balanced Advantage Fund
2019-07-24,,,,38.14,ICICI Prudential Balanced Advantage Fund
2019-07-25,,,,38.15,ICICI Prudential Balanced Advantage Fund
2019-07-26,,,,38.2,ICICI Prudential Balanced Advantage Fund
2019-07-29,,,,38.03,ICICI Prudential Balanced Advantage Fund
2019-07-30,,,,37.87,ICICI Prudential Balanced Advantage Fund
2019-07-31,,,,37.95,ICICI Prudential Balanced Advantage Fund
2019-08-01,,,,37.71,ICICI Prudential Balanced Advantage Fund
2019-08-02,,,,37.74,ICICI Prudential Balanced Advantage Fund
2019-08-05,,,,37.5,ICICI Prudential Balanced Advantage Fund
2019-08-06,,,,37.69,ICICI Prudential Balanced Advantage Fund
2019-08-07,,,,37.52,ICICI Prudential Balanced Advantage Fund
2019-08-08,,,,37.82,ICICI Prudential Balanced Advantage Fund
2019-08-09,,,,38.0,ICICI Prudential Balanced Advantage Fund
2019-08-13,,,,37.59,ICICI Prudential Balanced Advantage Fund
2019-08-14,,,,37.8,ICICI Prudential Balanced Advantage Fund
2019-08-16,,,,37.81,ICICI Prudential Balanced Advantage Fund
2019-08-19,,,,37.85,ICICI Prudential Balanced Advantage Fund
2019-08-20,,,,37.76,ICICI Prudential Balanced Advantage Fund
2019-08-21,,,,37.61,ICICI Prudential Balanced Advantage Fund
2019-08-22,,,,37.33,ICICI Prudential Balanced Advantage Fund
2019-08-23,,,,37.52,ICICI Prudential Balanced Advantage Fund
2019-08-26,,,,37.95,ICICI Prudential Balanced Advantage Fund
2019-08-27,,,,38.1,ICICI Prudential Balanced Advantage Fund
2019-08-28,,,,37.96,ICICI Prudential Balanced Advantage Fund
2019-08-29,,,,37.8,ICICI Prudential Balanced Advantage Fund
2019-08-30,,,,37.94,ICICI Prudential Balanced Advantage Fund
2019-09-03,,,,37.52,ICICI Prudential Balanced Advantage Fund
2019-09-04,,,,37.62,ICICI Prudential Balanced Advantage Fund
2019-09-05,,,,37.68,ICICI Prudential Balanced Advantage Fund
2019-09-06,,,,37.9,ICICI Prudential Balanced Advantage Fund
2019-09-09,,,,38.03,ICICI Prudential Balanced Advantage Fund
2019-09-11,,,,38.15,ICICI Prudential Balanced Advantage Fund
2019-09-12,,,,38.02,ICICI Prudential Balanced Advantage Fund
2019-09-13,,,,38.21,ICICI Prudential Balanced Advantage Fund
2019-09-16,,,,38.12,ICICI Prudential Balanced Advantage Fund
2019-09-17,,,,37.75,ICICI Prudential Balanced Advantage Fund
2019-09-18,,,,37.82,ICICI Prudential Balanced Advantage Fund
2019-09-19,,,,37.58,ICICI Prudential Balanced Advantage Fund
2019-09-20,,,,38.83,ICICI Prudential Balanced Advantage Fund
2019-09-23,,,,39.58,ICICI Prudential Balanced Advantage Fund
2019-09-24,,,,39.48,ICICI Prudential Balanced Advantage Fund
2019-09-25,,,,39.12,ICICI Prudential Balanced Advantage Fund
2019-09-26,,,,39.39,ICICI Prudential Balanced Advantage Fund
2019-09-27,,,,39.32,ICICI Prudential Balanced Advantage Fund
2019-09-30,,,,39.26,ICICI Prudential Balanced Advantage Fund
2019-10-01,,,,39.07,ICICI Prudential Balanced Advantage Fund
2019-10-03,,,,38.96,ICICI Prudential Balanced Advantage Fund
2019-10-04,,,,38.66,ICICI Prudential Balanced Advantage Fund
2019-10-07,,,,38.58,ICICI Prudential Balanced Advantage Fund
2019-10-09,,,,38.91,ICICI Prudential Balanced Advantage Fund
2019-10-10,,,,38.75,ICICI Prudential Balanced Advantage Fund
2019-10-11,,,,38.88,ICICI Prudential Balanced Advantage Fund
2019-10-14,,,,39.0,ICICI Prudential Balanced Advantage Fund
2019-10-15,,,,39.21,ICICI Prudential Balanced Advantage Fund
2019-10-16,,,,39.23,ICICI Prudential Balanced Advantage Fund
2019-10-17,,,,39.58,ICICI Prudential Balanced Advantage Fund
2019-10-18,,,,39.71,ICICI Prudential Balanced Advantage Fund
2019-10-22,,,,39.62,ICICI Prudential Balanced Advantage Fund
2019-10-23,,,,39.73,ICICI Prudential Balanced Advantage Fund
2019-10-24,,,,39.76,ICICI Prudential Balanced Advantage Fund
2019-10-25,,,,39.74,ICICI Prudential Balanced Advantage Fund
2019-10-29,,,,40.13,ICICI Prudential Balanced Advantage Fund
2019-10-30,,,,40.3,ICICI Prudential Balanced Advantage Fund
2019-10-31,,,,40.35,ICICI Prudential Balanced Advantage Fund
2019-11-01,,,,40.34,ICICI Prudential Balanced Advantage Fund
2019-11-04,,,,40.4,ICICI Prudential Balanced Advantage Fund
2019-11-05,,,,40.35,ICICI Prudential Balanced Advantage Fund
2019-11-06,,,,40.45,ICICI Prudential Balanced Advantage Fund
2019-11-07,,,,40.47,ICICI Prudential Balanced Advantage Fund
2019-11-08,,,,40.35,ICICI Prudential Balanced Advantage Fund
2019-11-11,,,,40.39,ICICI Prudential Balanced Advantage Fund
2019-11-13,,,,40.32,ICICI Prudential Balanced Advantage Fund
2019-11-14,,,,40.39,ICICI Prudential Balanced Advantage Fund
2019-11-15,,,,40.42,ICICI Prudential Balanced Advantage Fund
2019-11-18,,,,40.42,ICICI Prudential Balanced Advantage Fund
2019-11-19,,,,40.49,ICICI Prudential Balanced Advantage Fund
2019-11-20,,,,40.52,ICICI Prudential Balanced Advantage Fund
2019-11-21,,,,40.43,ICICI Prudential Balanced Advantage Fund
2019-11-22,,,,40.39,ICICI Prudential Balanced Advantage Fund
2019-11-25,,,,40.67,ICICI Prudential Balanced Advantage Fund
2019-11-26,,,,40.62,ICICI Prudential Balanced Advantage Fund
2019-11-27,,,,40.77,ICICI Prudential Balanced Advantage Fund
2019-11-28,,,,40.89,ICICI Prudential Balanced Advantage Fund
2019-11-29,,,,40.76,ICICI Prudential Balanced Advantage Fund
2019-12-02,,,,40.72,ICICI Prudential Balanced Advantage Fund
2019-12-03,,,,40.61,ICICI Prudential Balanced Advantage Fund
2019-12-04,,,,40.71,ICICI Prudential Balanced Advantage Fund
2019-12-05,,,,40.63,ICICI Prudential Balanced Advantage Fund
2019-12-06,,,,40.45,ICICI Prudential Balanced Advantage Fund
2019-12-09,,,,40.45,ICICI Prudential Balanced Advantage Fund
2019-12-10,,,,40.3,ICICI Prudential Balanced Advantage Fund
2019-12-11,,,,40.4,ICICI Prudential Balanced Advantage Fund
2019-12-12,,,,40.51,ICICI Prudential Balanced Advantage Fund
2019-12-13,,,,40.74,ICICI Prudential Balanced Advantage Fund
2019-12-16,,,,40.69,ICICI Prudential Balanced Advantage Fund
2019-12-17,,,,40.85,ICICI Prudential Balanced Advantage Fund
2019-12-18,,,,40.91,ICICI Prudential Balanced Advantage Fund
2019-12-19,,,,40.96,ICICI Prudential Balanced Advantage Fund
2019-12-20,,,,41.0,ICICI Prudential Balanced Advantage Fund
2019-12-23,,,,41.03,ICICI Prudential Balanced Advantage Fund
2019-12-24,,,,41.0,ICICI Prudential Balanced Advantage Fund
2019-12-26,,,,40.91,ICICI Prudential Balanced Advantage Fund
2019-12-27,,,,41.15,ICICI Prudential Balanced Advantage Fund
2019-12-30,,,,41.16,ICICI Prudential Balanced Advantage Fund
2019-12-31,,,,41.06,ICICI Prudential Balanced Advantage Fund
2020-01-01,,,,41.1,ICICI Prudential Balanced Advantage Fund
2020-01-02,,,,41.25,ICICI Prudential Balanced Advantage Fund
2020-01-03,,,,41.16,ICICI Prudential Balanced Advantage Fund
2020-01-06,,,,40.76,ICICI Prudential Balanced Advantage Fund
2020-01-07,,,,40.87,ICICI Prudential Balanced Advantage Fund
2020-01-08,,,,40.85,ICICI Prudential Balanced Advantage Fund
2020-01-09,,,,41.17,ICICI Prudential Balanced Advantage Fund
2020-01-10,,,,41.25,ICICI Prudential Balanced Advantage Fund
2020-01-13,,,,41.35,ICICI Prudential Balanced Advantage Fund
2020-01-14,,,,41.42,ICICI Prudential Balanced Advantage Fund
2020-01-15,,,,41.45,ICICI Prudential Balanced Advantage Fund
2020-01-16,,,,41.53,ICICI Prudential Balanced Advantage Fund
2020-01-17,,,,41.54,ICICI Prudential Balanced Advantage Fund
2020-01-20,,,,41.39,ICICI Prudential Balanced Advantage Fund
2020-01-21,,,,41.3,ICICI Prudential Balanced Advantage Fund
2020-01-22,,,,41.22,ICICI Prudential Balanced Advantage Fund
2020-01-23,,,,41.38,ICICI Prudential Balanced Advantage Fund
2020-01-24,,,,41.58,ICICI Prudential Balanced Advantage Fund
2020-01-27,,,,41.4,ICICI Prudential Balanced Advantage Fund
2020-01-28,,,,41.28,ICICI Prudential Balanced Advantage Fund
2020-01-29,,,,41.42,ICICI Prudential Balanced Advantage Fund
2020-01-30,,,,41.28,ICICI Prudential Balanced Advantage Fund
2020-01-31,,,,41.16,ICICI Prudential Balanced Advantage Fund
2020-02-03,,,,40.74,ICICI Prudential Balanced Advantage Fund
2020-02-04,,,,41.2,ICICI Prudential Balanced Advantage Fund
2020-02-05,,,,41.43,ICICI Prudential Balanced Advantage Fund
2020-02-06,,,,41.58,ICICI Prudential Balanced Advantage Fund
2020-02-07,,,,41.58,ICICI Prudential Balanced Advantage Fund
2020-02-10,,,,41.4,ICICI Prudential Balanced Advantage Fund
2020-02-11,,,,41.48,ICICI Prudential Balanced Advantage Fund
2020-02-12,,,,41.59,ICICI Prudential Balanced Advantage Fund
2020-02-13,,,,41.55,ICICI Prudential Balanced Advantage Fund
2020-02-14,,,,41.43,ICICI Prudential Balanced Advantage Fund
2020-02-17,,,,41.27,ICICI Prudential Balanced Advantage Fund
2020-02-18,,,,41.22,ICICI Prudential Balanced Advantage Fund
2020-02-19,,,,41.44,ICICI Prudential Balanced Advantage Fund
2020-02-20,,,,41.42,ICICI Prudential Balanced Advantage Fund
2020-02-24,,,,40.98,ICICI Prudential Balanced Advantage Fund
2020-02-25,,,,40.91,ICICI Prudential Balanced Advantage Fund
2020-02-26,,,,40.68,ICICI Prudential Balanced Advantage Fund
2020-02-27,,,,40.55,ICICI Prudential Balanced Advantage Fund
2020-02-28,,,,39.81,ICICI Prudential Balanced Advantage Fund
2020-03-02,,,,39.5,ICICI Prudential Balanced Advantage Fund
2020-03-03,,,,39.91,ICICI Prudential Balanced Advantage Fund
2020-03-04,,,,39.7,ICICI Prudential Balanced Advantage Fund
2020-03-05,,,,39.78,ICICI Prudential Balanced Advantage Fund
2020-03-06,,,,39.28,ICICI Prudential Balanced Advantage Fund
2020-03-09,,,,38.07,ICICI Prudential Balanced Advantage Fund
2020-03-11,,,,37.96,ICICI Prudential Balanced Advantage Fund
2020-03-12,,,,35.67,ICICI Prudential Balanced Advantage Fund
2020-03-13,,,,36.47,ICICI Prudential Balanced Advantage Fund
2020-03-16,,,,34.78,ICICI Prudential Balanced Advantage Fund
2020-03-17,,,,34.16,ICICI Prudential Balanced Advantage Fund
2020-03-18,,,,32.83,ICICI Prudential Balanced Advantage Fund
2020-03-19,,,,32.24,ICICI Prudential Balanced Advantage Fund
2020-03-20,,,,33.49,ICICI Prudential Balanced Advantage Fund
2020-03-23,,,,30.35,ICICI Prudential Balanced Advantage Fund
2020-03-24,,,,30.94,ICICI Prudential Balanced Advantage Fund
2020-03-25,,,,32.12,ICICI Prudential Balanced Advantage Fund
2020-03-26,,,,32.86,ICICI Prudential Balanced Advantage Fund
2020-03-27,,,,33.02,ICICI Prudential Balanced Advantage Fund
2020-03-30,,,,32.2,ICICI Prudential Balanced Advantage Fund
2020-03-31,,,,33.0,ICICI Prudential Balanced Advantage Fund
2020-04-01,,,,32.05,ICICI Prudential Balanced Advantage Fund
2020-04-03,,,,31.57,ICICI Prudential Balanced Advantage Fund
2020-04-07,,,,33.34,ICICI Prudential Balanced Advantage Fund
2020-04-08,,,,33.35,ICICI Prudential Balanced Advantage Fund
2020-04-09,,,,34.48,ICICI Prudential Balanced Advantage Fund
2020-04-13,,,,34.15,ICICI Prudential Balanced Advantage Fund
2020-04-15,,,,34.12,ICICI Prudential Balanced Advantage Fund
2020-04-16,,,,34.49,ICICI Prudential Balanced Advantage Fund
2020-04-17,,,,35.37,ICICI Prudential Balanced Advantage Fund
2020-04-20,,,,35.26,ICICI Prudential Balanced Advantage Fund
2020-04-21,,,,34.43,ICICI Prudential Balanced Advantage Fund
2020-04-22,,,,34.85,ICICI Prudential Balanced Advantage Fund
2020-04-23,,,,35.11,ICICI Prudential Balanced Advantage Fund
2020-04-24,,,,34.62,ICICI Prudential Balanced Advantage Fund
2020-04-27,,,,34.92,ICICI Prudential Balanced Advantage Fund
2020-04-28,,,,35.01,ICICI Prudential Balanced Advantage Fund
2020-04-29,,,,35.4,ICICI Prudential Balanced Advantage Fund
2020-04-30,,,,36.2,ICICI Prudential Balanced Advantage Fund
2020-05-04,,,,34.94,ICICI Prudential Balanced Advantage Fund
2020-05-05,,,,34.71,ICICI Prudential Balanced Advantage Fund
2020-05-06,,,,34.94,ICICI Prudential Balanced Advantage Fund
2020-05-07,,,,34.73,ICICI Prudential Balanced Advantage Fund
2020-05-08,,,,34.81,ICICI Prudential Balanced Advantage Fund
2020-05-11,,,,34.88,ICICI Prudential Balanced Advantage Fund
2020-05-12,,,,34.91,ICICI Prudential Balanced Advantage Fund
2020-05-13,,,,35.38,ICICI Prudential Balanced Advantage Fund
2020-05-14,,,,34.82,ICICI Prudential Balanced Advantage Fund
2020-05-15,,,,34.81,ICICI Prudential Balanced Advantage Fund
2020-05-18,,,,33.92,ICICI Prudential Balanced Advantage Fund
2020-05-19,,,,34.17,ICICI Prudential Balanced Advantage Fund
2020-05-20,,,,34.68,ICICI Prudential Balanced Advantage Fund
2020-05-21,,,,34.9,ICICI Prudential Balanced Advantage Fund
2020-05-22,,,,34.76,ICICI Prudential Balanced Advantage Fund
2020-05-26,,,,34.85,ICICI Prudential Balanced Advantage Fund
2020-05-27,,,,35.4,ICICI Prudential Balanced Advantage Fund
2020-05-28,,,,35.9,ICICI Prudential Balanced Advantage Fund
2020-05-29,,,,36.17,ICICI Prudential Balanced Advantage Fund
2020-06-01,,,,36.85,ICICI Prudential Balanced Advantage Fund
2020-06-02,,,,37.21,ICICI Prudential Balanced Advantage Fund
2020-06-03,,,,37.38,ICICI Prudential Balanced Advantage Fund
2020-06-04,,,,37.43,ICICI Prudential Balanced Advantage Fund
2020-06-05,,,,37.92,ICICI Prudential Balanced Advantage Fund
2020-06-08,,,,37.85,ICICI Prudential Balanced Advantage Fund
2020-06-09,,,,37.5,ICICI Prudential Balanced Advantage Fund
2020-06-10,,,,37.57,ICICI Prudential Balanced Advantage Fund
2020-06-11,,,,37.06,ICICI Prudential Balanced Advantage Fund
2020-06-12,,,,37.27,ICICI Prudential Balanced Advantage Fund
2020-06-15,,,,36.9,ICICI Prudential Balanced Advantage Fund
2020-06-16,,,,37.13,ICICI Prudential Balanced Advantage Fund
2020-06-17,,,,37.17,ICICI Prudential Balanced Advantage Fund
2020-06-18,,,,37.61,ICICI Prudential Balanced Advantage Fund
2020-06-19,,,,38.03,ICICI Prudential Balanced Advantage Fund
2020-06-22,,,,38.29,ICICI Prudential Balanced Advantage Fund
2020-06-23,,,,38.69,ICICI Prudential Balanced Advantage Fund
2020-06-24,,,,38.22,ICICI Prudential Balanced Advantage Fund
2020-06-25,,,,38.22,ICICI Prudential Balanced Advantage Fund
2020-06-26,,,,38.39,ICICI Prudential Balanced Advantage Fund
2020-06-29,,,,38.17,ICICI Prudential Balanced Advantage Fund
2020-06-30,,,,38.17,ICICI Prudential Balanced Advantage Fund
2020-07-01,,,,38.4,ICICI Prudential Balanced Advantage Fund
2020-07-02,,,,38.72,ICICI Prudential Balanced Advantage Fund
2020-07-03,,,,38.86,ICICI Prudential Balanced Advantage Fund
2020-07-06,,,,39.26,ICICI Prudential Balanced Advantage Fund
2020-07-07,,,,39.38,ICICI Prudential Balanced Advantage Fund
2020-07-08,,,,39.15,ICICI Prudential Balanced Advantage Fund
2020-07-09,,,,39.38,ICICI Prudential Balanced Advantage Fund
2020-07-10,,,,39.29,ICICI Prudential Balanced Advantage Fund
2020-07-13,,,,39.37,ICICI Prudential Balanced Advantage Fund
2020-07-14,,,,38.94,ICICI Prudential Balanced Advantage Fund
2020-07-15,,,,38.95,ICICI Prudential Balanced Advantage Fund
2020-07-16,,,,39.15,ICICI Prudential Balanced Advantage Fund
2020-07-17,,,,39.51,ICICI Prudential Balanced Advantage Fund
2020-07-20,,,,39.77,ICICI Prudential Balanced Advantage Fund
2020-07-21,,,,40.08,ICICI Prudential Balanced Advantage Fund
2020-07-22,,,,40.08,ICICI Prudential Balanced Advantage Fund
2020-07-23,,,,40.34,ICICI Prudential Balanced Advantage Fund
2020-07-24,,,,40.25,ICICI Prudential Balanced Advantage Fund
2020-07-27,,,,40.0,ICICI Prudential Balanced Advantage Fund
2020-07-28,,,,40.27,ICICI Prudential Balanced Advantage Fund
2020-07-29,,,,40.1,ICICI Prudential Balanced Advantage Fund
2020-07-30,,,,39.97,ICICI Prudential Balanced Advantage Fund
2020-07-31,,,,39.95,ICICI Prudential Balanced Advantage Fund
2020-08-03,,,,39.69,ICICI Prudential Balanced Advantage Fund
2020-08-04,,,,40.1,ICICI Prudential Balanced Advantage Fund
2020-08-05,,,,40.24,ICICI Prudential Balanced Advantage Fund
2020-08-06,,,,40.44,ICICI Prudential Balanced Advantage Fund
2020-08-07,,,,40.43,ICICI Prudential Balanced Advantage Fund
2020-08-10,,,,40.64,ICICI Prudential Balanced Advantage Fund
2020-08-11,,,,40.69,ICICI Prudential Balanced Advantage Fund
2020-08-12,,,,40.82,ICICI Prudential Balanced Advantage Fund
2020-08-13,,,,40.98,ICICI Prudential Balanced Advantage Fund
2020-08-14,,,,40.7,ICICI Prudential Balanced Advantage Fund
2020-08-17,,,,40.92,ICICI Prudential Balanced Advantage Fund
2020-08-18,,,,41.26,ICICI Prudential Balanced Advantage Fund
2020-08-19,,,,41.36,ICICI Prudential Balanced Advantage Fund
2020-08-20,,,,41.28,ICICI Prudential Balanced Advantage Fund
2020-08-21,,,,41.36,ICICI Prudential Balanced Advantage Fund
2020-08-24,,,,41.52,ICICI Prudential Balanced Advantage Fund
2020-08-25,,,,41.56,ICICI Prudential Balanced Advantage Fund
2020-08-26,,,,41.68,ICICI Prudential Balanced Advantage Fund
2020-08-27,,,,41.68,ICICI Prudential Balanced Advantage Fund
2020-08-28,,,,41.88,ICICI Prudential Balanced Advantage Fund
2020-08-31,,,,41.16,ICICI Prudential Balanced Advantage Fund
2020-09-01,,,,41.49,ICICI Prudential Balanced Advantage Fund
2020-09-02,,,,41.69,ICICI Prudential Balanced Advantage Fund
2020-09-03,,,,41.68,ICICI Prudential Balanced Advantage Fund
2020-09-04,,,,41.27,ICICI Prudential Balanced Advantage Fund
2020-09-07,,,,41.25,ICICI Prudential Balanced Advantage Fund
2020-09-08,,,,41.05,ICICI Prudential Balanced Advantage Fund
2020-09-09,,,,40.97,ICICI Prudential Balanced Advantage Fund
2020-09-10,,,,41.26,ICICI Prudential Balanced Advantage Fund
2020-09-11,,,,41.29,ICICI Prudential Balanced Advantage Fund
2020-09-14,,,,41.35,ICICI Prudential Balanced Advantage Fund
2020-09-15,,,,41.54,ICICI Prudential Balanced Advantage Fund
2020-09-16,,,,41.66,ICICI Prudential Balanced Advantage Fund
2020-09-17,,,,41.49,ICICI Prudential Balanced Advantage Fund
2020-09-18,,,,41.53,ICICI Prudential Balanced Advantage Fund
2020-09-21,,,,40.83,ICICI Prudential Balanced Advantage Fund
2020-09-22,,,,40.59,ICICI Prudential Balanced Advantage Fund
2020-09-23,,,,40.51,ICICI Prudential Balanced Advantage Fund
2020-09-24,,,,39.77,ICICI Prudential Balanced Advantage Fund
2020-09-25,,,,40.43,ICICI Prudential Balanced Advantage Fund
2020-09-28,,,,40.95,ICICI Prudential Balanced Advantage Fund
2020-09-29,,,,40.9,ICICI Prudential Balanced Advantage Fund
2020-09-30,,,,40.94,ICICI Prudential Balanced Advantage Fund
2020-10-01,,,,41.28,ICICI Prudential Balanced Advantage Fund
2020-10-05,,,,41.37,ICICI Prudential Balanced Advantage Fund
2020-10-06,,,,41.59,ICICI Prudential Balanced Advantage Fund
2020-10-07,,,,41.69,ICICI Prudential Balanced Advantage Fund
2020-10-08,,,,41.86,ICICI Prudential Balanced Advantage Fund
2020-10-09,,,,42.07,ICICI Prudential Balanced Advantage Fund
2020-10-12,,,,41.96,ICICI Prudential Balanced Advantage Fund
2020-10-13,,,,41.93,ICICI Prudential Balanced Advantage Fund
2020-10-14,,,,41.96,ICICI Prudential Balanced Advantage Fund
2020-10-15,,,,41.4,ICICI Prudential Balanced Advantage Fund
2020-10-16,,,,41.59,ICICI Prudential Balanced Advantage Fund
2020-10-19,,,,41.85,ICICI Prudential Balanced Advantage Fund
2020-10-20,,,,41.91,ICICI Prudential Balanced Advantage Fund
2020-10-21,,,,42.01,ICICI Prudential Balanced Advantage Fund
2020-10-22,,,,41.94,ICICI Prudential Balanced Advantage Fund
2020-10-23,,,,42.09,ICICI Prudential Balanced Advantage Fund
2020-10-26,,,,41.73,ICICI Prudential Balanced Advantage Fund
2020-10-27,,,,41.98,ICICI Prudential Balanced Advantage Fund
2020-10-28,,,,41.71,ICICI Prudential Balanced Advantage Fund
2020-10-29,,,,41.65,ICICI Prudential Balanced Advantage Fund
2020-10-30,,,,41.6,ICICI Prudential Balanced Advantage Fund
2020-11-02,,,,41.74,ICICI Prudential Balanced Advantage Fund
2020-11-03,,,,42.0,ICICI Prudential Balanced Advantage Fund
2020-11-04,,,,42.2,ICICI Prudential Balanced Advantage Fund
2020-11-05,,,,42.66,ICICI Prudential Balanced Advantage Fund
2020-11-06,,,,42.9,ICICI Prudential Balanced Advantage Fund
2020-11-09,,,,43.36,ICICI Prudential Balanced Advantage Fund
2020-11-10,,,,43.72,ICICI Prudential Balanced Advantage Fund
2020-11-11,,,,43.92,ICICI Prudential Balanced Advantage Fund
2020-11-12,,,,43.84,ICICI Prudential Balanced Advantage Fund
2020-11-13,,,,43.91,ICICI Prudential Balanced Advantage Fund
2020-11-17,,,,44.16,ICICI Prudential Balanced Advantage Fund
2020-11-18,,,,44.28,ICICI Prudential Balanced Advantage Fund
2020-11-19,,,,44.04,ICICI Prudential Balanced Advantage Fund
2020-11-20,,,,44.18,ICICI Prudential Balanced Advantage Fund
2020-11-23,,,,44.3,ICICI Prudential Balanced Advantage Fund
2020-11-24,,,,44.47,ICICI Prudential Balanced Advantage Fund
2020-11-25,,,,44.19,ICICI Prudential Balanced Advantage Fund
2020-11-26,,,,44.36,ICICI Prudential Balanced Advantage Fund
2020-11-27,,,,44.41,ICICI Prudential Balanced Advantage Fund
2020-12-01,,,,44.82,ICICI Prudential Balanced Advantage Fund
2020-12-02,,,,44.78,ICICI Prudential Balanced Advantage Fund
2020-12-03,,,,44.93,ICICI Prudential Balanced Advantage Fund
2020-12-04,,,,45.18,ICICI Prudential Balanced Advantage Fund
2020-12-07,,,,45.4,ICICI Prudential Balanced Advantage Fund
2020-12-08,,,,45.48,ICICI Prudential Balanced Advantage Fund
2020-12-09,,,,45.62,ICICI Prudential Balanced Advantage Fund
2020-12-10,,,,45.49,ICICI Prudential Balanced Advantage Fund
2020-12-11,,,,45.63,ICICI Prudential Balanced Advantage Fund
2020-12-14,,,,45.74,ICICI Prudential Balanced Advantage Fund
2020-12-15,,,,45.7,ICICI Prudential Balanced Advantage Fund
2020-12-16,,,,45.77,ICICI Prudential Balanced Advantage Fund
2020-12-17,,,,45.75,ICICI Prudential Balanced Advantage Fund
2020-12-18,,,,45.8,ICICI Prudential Balanced Advantage Fund
2020-12-21,,,,45.05,ICICI Prudential Balanced Advantage Fund
2020-12-22,,,,45.2,ICICI Prudential Balanced Advantage Fund
2020-12-23,,,,45.49,ICICI Prudential Balanced Advantage Fund
2020-12-24,,,,45.7,ICICI Prudential Balanced Advantage Fund
2020-12-28,,,,45.92,ICICI Prudential Balanced Advantage Fund
2020-12-29,,,,45.96,ICICI Prudential Balanced Advantage Fund
2020-12-30,,,,46.02,ICICI Prudential Balanced Advantage Fund
2020-12-31,,,,46.14,ICICI Prudential Balanced Advantage Fund
2021-01-01,,,,46.18,ICICI Prudential Balanced Advantage Fund
2021-01-04,,,,46.42,ICICI Prudential Balanced Advantage Fund
2021-01-05,,,,46.55,ICICI Prudential Balanced Advantage Fund
2021-01-06,,,,46.54,ICICI Prudential Balanced Advantage Fund
2021-01-07,,,,46.6,ICICI Prudential Balanced Advantage Fund
2021-01-08,,,,46.87,ICICI Prudential Balanced Advantage Fund
2021-01-11,,,,47.01,ICICI Prudential Balanced Advantage Fund
2021-01-12,,,,47.16,ICICI Prudential Balanced Advantage Fund
2021-01-13,,,,47.19,ICICI Prudential Balanced Advantage Fund
2021-01-14,,,,47.18,ICICI Prudential Balanced Advantage Fund
2021-01-15,,,,46.94,ICICI Prudential Balanced Advantage Fund
2021-01-18,,,,46.67,ICICI Prudential Balanced Advantage Fund
2021-01-19,,,,46.93,ICICI Prudential Balanced Advantage Fund
2021-01-20,,,,47.06,ICICI Prudential Balanced Advantage Fund
2021-01-21,,,,46.92,ICICI Prudential Balanced Advantage Fund
2021-01-22,,,,46.68,ICICI Prudential Balanced Advantage Fund
2021-01-25,,,,46.56,ICICI Prudential Balanced Advantage Fund
2021-01-27,,,,46.21,ICICI Prudential Balanced Advantage Fund
2021-01-28,,,,46.08,ICICI Prudential Balanced Advantage Fund
2021-01-29,,,,45.89,ICICI Prudential Balanced Advantage Fund
2021-02-01,,,,46.84,ICICI Prudential Balanced Advantage Fund
2021-02-02,,,,47.38,ICICI Prudential Balanced Advantage Fund
2021-02-03,,,,47.64,ICICI Prudential Balanced Advantage Fund
2021-02-04,,,,47.81,ICICI Prudential Balanced Advantage Fund
2021-02-05,,,,47.73,ICICI Prudential Balanced Advantage Fund
2021-02-08,,,,48.02,ICICI Prudential Balanced Advantage Fund
2021-02-09,,,,48.06,ICICI Prudential Balanced Advantage Fund
2021-02-10,,,,48.08,ICICI Prudential Balanced Advantage Fund
2021-02-11,,,,48.18,ICICI Prudential Balanced Advantage Fund
2021-02-12,,,,48.27,ICICI Prudential Balanced Advantage Fund
2021-02-15,,,,48.54,ICICI Prudential Balanced Advantage Fund
2021-02-16,,,,48.53,ICICI Prudential Balanced Advantage Fund
2021-02-17,,,,48.59,ICICI Prudential Balanced Advantage Fund
2021-02-18,,,,48.56,ICICI Prudential Balanced Advantage Fund
2021-02-19,,,,48.31,ICICI Prudential Balanced Advantage Fund
2021-02-22,,,,48.01,ICICI Prudential Balanced Advantage Fund
2021-02-23,,,,48.11,ICICI Prudential Balanced Advantage Fund
2021-02-24,,,,48.39,ICICI Prudential Balanced Advantage Fund
2021-02-25,,,,48.49,ICICI Prudential Balanced Advantage Fund
2021-02-26,,,,47.99,ICICI Prudential Balanced Advantage Fund
2021-03-01,,,,48.24,ICICI Prudential Balanced Advantage Fund
2021-03-02,,,,48.49,ICICI Prudential Balanced Advantage Fund
2021-03-03,,,,48.83,ICICI Prudential Balanced Advantage Fund
2021-03-04,,,,48.71,ICICI Prudential Balanced Advantage Fund
2021-03-05,,,,48.51,ICICI Prudential Balanced Advantage Fund
2021-03-08,,,,48.53,ICICI Prudential Balanced Advantage Fund
2021-03-09,,,,48.54,ICICI Prudential Balanced Advantage Fund
2021-03-10,,,,48.65,ICICI Prudential Balanced Advantage Fund
2021-03-12,,,,48.45,ICICI Prudential Balanced Advantage Fund
2021-03-15,,,,48.38,ICICI Prudential Balanced Advantage Fund
2021-03-16,,,,48.35,ICICI Prudential Balanced Advantage Fund
2021-03-17,,,,48.07,ICICI Prudential Balanced Advantage Fund
2021-03-18,,,,47.87,ICICI Prudential Balanced Advantage Fund
2021-03-19,,,,48.09,ICICI Prudential Balanced Advantage Fund
2021-03-22,,,,48.04,ICICI Prudential Balanced Advantage Fund
2021-03-23,,,,48.18,ICICI Prudential Balanced Advantage Fund
2021-03-24,,,,47.84,ICICI Prudential Balanced Advantage Fund
2021-03-25,,,,47.52,ICICI Prudential Balanced Advantage Fund
2021-03-26,,,,47.78,ICICI Prudential Balanced Advantage Fund
2021-03-30,,,,48.15,ICICI Prudential Balanced Advantage Fund
2021-03-31,,,,48.04,ICICI Prudential Balanced Advantage Fund
2021-04-01,,,,48.26,ICICI Prudential Balanced Advantage Fund
2021-04-05,,,,48.0,ICICI Prudential Balanced Advantage Fund
2021-04-06,,,,47.94,ICICI Prudential Balanced Advantage Fund
2021-04-07,,,,48.19,ICICI Prudential Balanced Advantage Fund
2021-04-08,,,,48.27,ICICI Prudential Balanced Advantage Fund
2021-04-09,,,,48.19,ICICI Prudential Balanced Advantage Fund
2021-04-12,,,,47.44,ICICI Prudential Balanced Advantage Fund
2021-04-13,,,,47.78,ICICI Prudential Balanced Advantage Fund
2021-04-15,,,,47.83,ICICI Prudential Balanced Advantage Fund
2021-04-16,,,,47.92,ICICI Prudential Balanced Advantage Fund
2021-04-19,,,,47.63,ICICI Prudential Balanced Advantage Fund
2021-04-20,,,,47.59,ICICI Prudential Balanced Advantage Fund
2021-04-22,,,,47.78,ICICI Prudential Balanced Advantage Fund
2021-04-23,,,,47.73,ICICI Prudential Balanced Advantage Fund
2021-04-26,,,,47.97,ICICI Prudential Balanced Advantage Fund
2021-04-27,,,,48.23,ICICI Prudential Balanced Advantage Fund
2021-04-28,,,,48.62,ICICI Prudential Balanced Advantage Fund
2021-04-29,,,,48.59,ICICI Prudential Balanced Advantage Fund
2021-04-30,,,,48.35,ICICI Prudential Balanced Advantage Fund
2021-05-03,,,,48.35,ICICI Prudential Balanced Advantage Fund
2021-05-04,,,,48.2,ICICI Prudential Balanced Advantage Fund
2021-05-05,,,,48.38,ICICI Prudential Balanced Advantage Fund
2021-05-06,,,,48.53,ICICI Prudential Balanced Advantage Fund
2021-05-07,,,,48.64,ICICI Prudential Balanced Advantage Fund
2021-05-10,,,,48.84,ICICI Prudential Balanced Advantage Fund
2021-05-11,,,,48.9,ICICI Prudential Balanced Advantage Fund
2021-05-12,,,,48.77,ICICI Prudential Balanced Advantage Fund
2021-05-14,,,,48.62,ICICI Prudential Balanced Advantage Fund
2021-05-17,,,,48.98,ICICI Prudential Balanced Advantage Fund
2021-05-18,,,,49.28,ICICI Prudential Balanced Advantage Fund
2021-05-19,,,,49.27,ICICI Prudential Balanced Advantage Fund
2021-05-20,,,,49.15,ICICI Prudential Balanced Advantage Fund
2021-05-21,,,,49.45,ICICI Prudential Balanced Advantage Fund
2021-05-24,,,,49.52,ICICI Prudential Balanced Advantage Fund
2021-05-25,,,,49.62,ICICI Prudential Balanced Advantage Fund
2021-05-26,,,,49.64,ICICI Prudential Balanced Advantage Fund
2021-05-27,,,,49.64,ICICI Prudential Balanced Advantage Fund
2021-05-28,,,,49.68,ICICI Prudential Balanced Advantage Fund
2021-05-31,,,,49.86,ICICI Prudential Balanced Advantage Fund
2021-06-01,,,,49.78,ICICI Prudential Balanced Advantage Fund
2021-06-02,,,,49.95,ICICI Prudential Balanced Advantage Fund
2021-06-03,,,,50.12,ICICI Prudential Balanced Advantage Fund
2021-06-04,,,,50.12,ICICI Prudential Balanced Advantage Fund
2021-06-07,,,,50.3,ICICI Prudential Balanced Advantage Fund
2021-06-08,,,,50.3,ICICI Prudential Balanced Advantage Fund
2021-06-09,,,,50.19,ICICI Prudential Balanced Advantage Fund
2021-06-10,,,,50.32,ICICI Prudential Balanced Advantage Fund
2021-06-11,,,,50.31,ICICI Prudential Balanced Advantage Fund
2021-06-14,,,,50.34,ICICI Prudential Balanced Advantage Fund
2021-06-15,,,,50.44,ICICI Prudential Balanced Advantage Fund
2021-06-16,,,,50.29,ICICI Prudential Balanced Advantage Fund
2021-06-17,,,,50.18,ICICI Prudential Balanced Advantage Fund
2021-06-18,,,,50.11,ICICI Prudential Balanced Advantage Fund
2021-06-21,,,,50.22,ICICI Prudential Balanced Advantage Fund
2021-06-22,,,,50.31,ICICI Prudential Balanced Advantage Fund
2021-06-23,,,,50.23,ICICI Prudential Balanced Advantage Fund
2021-06-24,,,,50.28,ICICI Prudential Balanced Advantage Fund
2021-06-25,,,,50.42,ICICI Prudential Balanced Advantage Fund
2021-06-28,,,,50.42,ICICI Prudential Balanced Advantage Fund
2021-06-29,,,,50.3,ICICI Prudential Balanced Advantage Fund
2021-06-30,,,,50.31,ICICI Prudential Balanced Advantage Fund
2021-07-01,,,,50.29,ICICI Prudential Balanced Advantage Fund
2021-07-02,,,,50.35,ICICI Prudential Balanced Advantage Fund
2021-07-05,,,,50.49,ICICI Prudential Balanced Advantage Fund
2021-07-06,,,,50.46,ICICI Prudential Balanced Advantage Fund
2021-07-07,,,,50.53,ICICI Prudential Balanced Advantage Fund
2021-07-08,,,,50.34,ICICI Prudential Balanced Advantage Fund
2021-07-09,,,,50.33,ICICI Prudential Balanced Advantage Fund
2021-07-12,,,,50.39,ICICI Prudential Balanced Advantage Fund
2021-07-13,,,,50.62,ICICI Prudential Balanced Advantage Fund
2021-07-14,,,,50.65,ICICI Prudential Balanced Advantage Fund
2021-07-15,,,,50.69,ICICI Prudential Balanced Advantage Fund
2021-07-16,,,,50.7,ICICI Prudential Balanced Advantage Fund
2021-07-19,,,,50.57,ICICI Prudential Balanced Advantage Fund
2021-07-20,,,,50.28,ICICI Prudential Balanced Advantage Fund
2021-07-22,,,,50.55,ICICI Prudential Balanced Advantage Fund
2021-07-23,,,,50.65,ICICI Prudential Balanced Advantage Fund
2021-07-26,,,,50.66,ICICI Prudential Balanced Advantage Fund
2021-07-27,,,,50.62,ICICI Prudential Balanced Advantage Fund
2021-07-28,,,,50.59,ICICI Prudential Balanced Advantage Fund
2021-07-29,,,,50.73,ICICI Prudential Balanced Advantage Fund
2021-07-30,,,,50.82,ICICI Prudential Balanced Advantage Fund
2021-08-02,,,,50.98,ICICI Prudential Balanced Advantage Fund
2021-08-03,,,,51.26,ICICI Prudential Balanced Advantage Fund
2021-08-04,,,,51.38,ICICI Prudential Balanced Advantage Fund
2021-08-05,,,,51.4,ICICI Prudential Balanced Advantage Fund
2021-08-06,,,,51.32,ICICI Prudential Balanced Advantage Fund
2021-08-09,,,,51.31,ICICI Prudential Balanced Advantage Fund
2021-08-10,,,,51.28,ICICI Prudential Balanced Advantage Fund
2021-08-11,,,,51.3,ICICI Prudential Balanced Advantage Fund
2021-08-12,,,,51.4,ICICI Prudential Balanced Advantage Fund
2021-08-13,,,,51.49,ICICI Prudential Balanced Advantage Fund
2021-08-16,,,,51.47,ICICI Prudential Balanced Advantage Fund
2021-08-17,,,,51.45,ICICI Prudential Balanced Advantage Fund
2021-08-18,,,,51.39,ICICI Prudential Balanced Advantage Fund
2021-08-20,,,,51.1,ICICI Prudential Balanced Advantage Fund
2021-08-23,,,,51.1,ICICI Prudential Balanced Advantage Fund
2021-08-24,,,,51.3,ICICI Prudential Balanced Advantage Fund
2021-08-25,,,,51.35,ICICI Prudential Balanced Advantage Fund
2021-08-26,,,,51.35,ICICI Prudential Balanced Advantage Fund
2021-08-27,,,,51.46,ICICI Prudential Balanced Advantage Fund
2021-08-30,,,,51.79,ICICI Prudential Balanced Advantage Fund
2021-08-31,,,,52.01,ICICI Prudential Balanced Advantage Fund
2021-09-01,,,,52.02,ICICI Prudential Balanced Advantage Fund
2021-09-02,,,,52.12,ICICI Prudential Balanced Advantage Fund
2021-09-03,,,,52.22,ICICI Prudential Balanced Advantage Fund
2021-09-06,,,,52.23,ICICI Prudential Balanced Advantage Fund
2021-09-07,,,,52.21,ICICI Prudential Balanced Advantage Fund
2021-09-08,,,,52.23,ICICI Prudential Balanced Advantage Fund
2021-09-09,,,,52.29,ICICI Prudential Balanced Advantage Fund
2021-09-13,,,,52.26,ICICI Prudential Balanced Advantage Fund
2021-09-14,,,,52.33,ICICI Prudential Balanced Advantage Fund
2021-09-15,,,,52.53,ICICI Prudential Balanced Advantage Fund
2021-09-16,,,,52.69,ICICI Prudential Balanced Advantage Fund
2021-09-17,,,,52.62,ICICI Prudential Balanced Advantage Fund
2021-09-20,,,,52.41,ICICI Prudential Balanced Advantage Fund
2021-09-21,,,,52.5,ICICI Prudential Balanced Advantage Fund
2021-09-22,,,,52.56,ICICI Prudential Balanced Advantage Fund
2021-09-23,,,,52.81,ICICI Prudential Balanced Advantage Fund
2021-09-24,,,,52.77,ICICI Prudential Balanced Advantage Fund
2021-09-27,,,,52.91,ICICI Prudential Balanced Advantage Fund
2021-09-28,,,,52.84,ICICI Prudential Balanced Advantage Fund
2021-09-29,,,,52.9,ICICI Prudential Balanced Advantage Fund
2021-09-30,,,,52.86,ICICI Prudential Balanced Advantage Fund
2021-10-01,,,,52.84,ICICI Prudential Balanced Advantage Fund
2021-10-04,,,,53.05,ICICI Prudential Balanced Advantage Fund
2021-10-05,,,,53.22,ICICI Prudential Balanced Advantage Fund
2021-10-06,,,,53.03,ICICI Prudential Balanced Advantage Fund
2021-10-07,,,,53.27,ICICI Prudential Balanced Advantage Fund
2021-10-08,,,,53.33,ICICI Prudential Balanced Advantage Fund
2021-10-11,,,,53.51,ICICI Prudential Balanced Advantage Fund
2021-10-12,,,,53.56,ICICI Prudential Balanced Advantage Fund
2021-10-13,,,,53.77,ICICI Prudential Balanced Advantage Fund
2021-10-14,,,,53.92,ICICI Prudential Balanced Advantage Fund
2021-10-18,,,,53.97,ICICI Prudential Balanced Advantage Fund
2021-10-19,,,,53.88,ICICI Prudential Balanced Advantage Fund
2021-10-20,,,,53.66,ICICI Prudential Balanced Advantage Fund
2021-10-21,,,,53.62,ICICI Prudential Balanced Advantage Fund
2021-10-22,,,,53.66,ICICI Prudential Balanced Advantage Fund
2021-10-25,,,,53.76,ICICI Prudential Balanced Advantage Fund
2021-10-26,,,,53.93,ICICI Prudential Balanced Advantage Fund
2021-10-27,,,,53.99,ICICI Prudential Balanced Advantage Fund
2021-10-28,,,,53.65,ICICI Prudential Balanced Advantage Fund
2021-10-29,,,,53.53,ICICI Prudential Balanced Advantage Fund
2021-11-01,,,,53.78,ICICI Prudential Balanced Advantage Fund
2021-11-02,,,,53.88,ICICI Prudential Balanced Advantage Fund
2021-11-03,,,,53.88,ICICI Prudential Balanced Advantage Fund
2021-11-08,,,,54.11,ICICI Prudential Balanced Advantage Fund
2021-11-09,,,,54.22,ICICI Prudential Balanced Advantage Fund
2021-11-10,,,,54.29,ICICI Prudential Balanced Advantage Fund
2021-11-11,,,,54.12,ICICI Prudential Balanced Advantage Fund
2021-11-12,,,,54.3,ICICI Prudential Balanced Advantage Fund
2021-11-15,,,,54.23,ICICI Prudential Balanced Advantage Fund
2021-11-16,,,,54.19,ICICI Prudential Balanced Advantage Fund
2021-11-17,,,,54.13,ICICI Prudential Balanced Advantage Fund
2021-11-18,,,,53.93,ICICI Prudential Balanced Advantage Fund
2021-11-22,,,,53.55,ICICI Prudential Balanced Advantage Fund
2021-11-23,,,,53.7,ICICI Prudential Balanced Advantage Fund
2021-11-24,,,,53.68,ICICI Prudential Balanced Advantage Fund
2021-11-25,,,,53.69,ICICI Prudential Balanced Advantage Fund
2021-11-26,,,,53.08,ICICI Prudential Balanced Advantage Fund
2021-11-29,,,,52.97,ICICI Prudential Balanced Advantage Fund
2021-11-30,,,,52.94,ICICI Prudential Balanced Advantage Fund
2021-12-01,,,,53.07,ICICI Prudential Balanced Advantage Fund
2021-12-02,,,,53.29,ICICI Prudential Balanced Advantage Fund
2021-12-03,,,,53.15,ICICI Prudential Balanced Advantage Fund
2021-12-06,,,,52.83,ICICI Prudential Balanced Advantage Fund
2021-12-07,,,,53.13,ICICI Prudential Balanced Advantage Fund
2021-12-08,,,,53.52,ICICI Prudential Balanced Advantage Fund
2021-12-09,,,,53.54,ICICI Prudential Balanced Advantage Fund
2021-12-10,,,,53.55,ICICI Prudential Balanced Advantage Fund
2021-12-13,,,,53.45,ICICI Prudential Balanced Advantage Fund
2021-12-14,,,,53.44,ICICI Prudential Balanced Advantage Fund
2021-12-15,,,,53.37,ICICI Prudential Balanced Advantage Fund
2021-12-16,,,,53.28,ICICI Prudential Balanced Advantage Fund
2021-12-17,,,,52.98,ICICI Prudential Balanced Advantage Fund
2021-12-20,,,,52.54,ICICI Prudential Balanced Advantage Fund
2021-12-21,,,,52.71,ICICI Prudential Balanced Advantage Fund
2021-12-22,,,,52.99,ICICI Prudential Balanced Advantage Fund
2021-12-23,,,,53.11,ICICI Prudential Balanced Advantage Fund
2021-12-24,,,,52.99,ICICI Prudential Balanced Advantage Fund
2021-12-27,,,,53.07,ICICI Prudential Balanced Advantage Fund
2021-12-28,,,,53.25,ICICI Prudential Balanced Advantage Fund
2021-12-29,,,,53.27,ICICI Prudential Balanced Advantage Fund
2021-12-30,,,,53.25,ICICI Prudential Balanced Advantage Fund
2021-12-31,,,,53.46,ICICI Prudential Balanced Advantage Fund
2022-01-03,,,,53.69,ICICI Prudential Balanced Advantage Fund
2022-01-04,,,,53.86,ICICI Prudential Balanced Advantage Fund
2022-01-05,,,,53.96,ICICI Prudential Balanced Advantage Fund
2022-01-06,,,,53.91,ICICI Prudential Balanced Advantage Fund
2022-01-07,,,,54.0,ICICI Prudential Balanced Advantage Fund
2022-01-10,,,,54.18,ICICI Prudential Balanced Advantage Fund
2022-01-11,,,,54.26,ICICI Prudential Balanced Advantage Fund
2022-01-12,,,,54.45,ICICI Prudential Balanced Advantage Fund
2022-01-13,,,,54.52,ICICI Prudential Balanced Advantage Fund
2022-01-14,,,,54.49,ICICI Prudential Balanced Advantage Fund
2022-01-17,,,,54.55,ICICI Prudential Balanced Advantage Fund
2022-01-18,,,,54.33,ICICI Prudential Balanced Advantage Fund
2022-01-19,,,,54.24,ICICI Prudential Balanced Advantage Fund
2022-01-20,,,,54.11,ICICI Prudential Balanced Advantage Fund
2022-01-21,,,,53.9,ICICI Prudential Balanced Advantage Fund
2022-01-24,,,,53.48,ICICI Prudential Balanced Advantage Fund
2022-01-25,,,,53.68,ICICI Prudential Balanced Advantage Fund
2022-01-27,,,,53.6,ICICI Prudential Balanced Advantage Fund
2022-01-28,,,,53.66,ICICI Prudential Balanced Advantage Fund
2022-01-31,,,,53.97,ICICI Prudential Balanced Advantage Fund
2022-02-01,,,,54.18,ICICI Prudential Balanced Advantage Fund
2022-02-02,,,,54.28,ICICI Prudential Balanced Advantage Fund
2022-02-03,,,,54.17,ICICI Prudential Balanced Advantage Fund
2022-02-04,,,,54.08,ICICI Prudential Balanced Advantage Fund
2022-02-07,,,,53.87,ICICI Prudential Balanced Advantage Fund
2022-02-08,,,,53.94,ICICI Prudential Balanced Advantage Fund
2022-02-09,,,,54.11,ICICI Prudential Balanced Advantage Fund
2022-02-10,,,,54.31,ICICI Prudential Balanced Advantage Fund
2022-02-11,,,,54.1,ICICI Prudential Balanced Advantage Fund
2022-02-14,,,,53.55,ICICI Prudential Balanced Advantage Fund
2022-02-15,,,,54.03,ICICI Prudential Balanced Advantage Fund
2022-02-16,,,,54.01,ICICI Prudential Balanced Advantage Fund
2022-02-17,,,,53.98,ICICI Prudential Balanced Advantage Fund
2022-02-18,,,,53.89,ICICI Prudential Balanced Advantage Fund
2022-02-21,,,,53.8,ICICI Prudential Balanced Advantage Fund
2022-02-22,,,,53.75,ICICI Prudential Balanced Advantage Fund
2022-02-23,,,,53.7,ICICI Prudential Balanced Advantage Fund
2022-02-24,,,,52.79,ICICI Prudential Balanced Advantage Fund
2022-02-25,,,,53.33,ICICI Prudential Balanced Advantage Fund
2022-02-28,,,,53.46,ICICI Prudential Balanced Advantage Fund
2022-03-02,,,,53.17,ICICI Prudential Balanced Advantage Fund
2022-03-03,,,,52.99,ICICI Prudential Balanced Advantage Fund
2022-03-04,,,,52.61,ICICI Prudential Balanced Advantage Fund
2022-03-07,,,,52.13,ICICI Prudential Balanced Advantage Fund
2022-03-08,,,,52.36,ICICI Prudential Balanced Advantage Fund
2022-03-09,,,,52.69,ICICI Prudential Balanced Advantage Fund
2022-03-10,,,,53.01,ICICI Prudential Balanced Advantage Fund
2022-03-11,,,,53.08,ICICI Prudential Balanced Advantage Fund
2022-03-14,,,,53.32,ICICI Prudential Balanced Advantage Fund
2022-03-15,,,,53.21,ICICI Prudential Balanced Advantage Fund
2022-03-16,,,,53.55,ICICI Prudential Balanced Advantage Fund
2022-03-17,,,,53.89,ICICI Prudential Balanced Advantage Fund
2022-03-21,,,,53.66,ICICI Prudential Balanced Advantage Fund
2022-03-22,,,,53.79,ICICI Prudential Balanced Advantage Fund
2022-03-23,,,,53.75,ICICI Prudential Balanced Advantage Fund
2022-03-24,,,,53.7,ICICI Prudential Balanced Advantage Fund
2022-03-25,,,,53.67,ICICI Prudential Balanced Advantage Fund
2022-03-28,,,,53.79,ICICI Prudential Balanced Advantage Fund
2022-03-29,,,,53.92,ICICI Prudential Balanced Advantage Fund
2022-03-30,,,,54.12,ICICI Prudential Balanced Advantage Fund
2022-03-31,,,,54.16,ICICI Prudential Balanced Advantage Fund
2022-04-01,,,,54.43,ICICI Prudential Balanced Advantage Fund
2022-04-04,,,,54.73,ICICI Prudential Balanced Advantage Fund
2022-04-05,,,,54.73,ICICI Prudential Balanced Advantage Fund
2022-04-06,,,,54.72,ICICI Prudential Balanced Advantage Fund
2022-04-07,,,,54.61,ICICI Prudential Balanced Advantage Fund
2022-04-08,,,,54.74,ICICI Prudential Balanced Advantage Fund
2022-04-11,,,,54.71,ICICI Prudential Balanced Advantage Fund
2022-04-12,,,,54.56,ICICI Prudential Balanced Advantage Fund
2022-04-13,,,,54.57,ICICI Prudential Balanced Advantage Fund
2022-04-18,,,,54.41,ICICI Prudential Balanced Advantage Fund
2022-04-19,,,,54.2,ICICI Prudential Balanced Advantage Fund
2022-04-20,,,,54.36,ICICI Prudential Balanced Advantage Fund
2022-04-21,,,,54.59,ICICI Prudential Balanced Advantage Fund
2022-04-22,,,,54.41,ICICI Prudential Balanced Advantage Fund
2022-04-25,,,,54.16,ICICI Prudential Balanced Advantage Fund
2022-04-26,,,,54.48,ICICI Prudential Balanced Advantage Fund
2022-04-27,,,,54.27,ICICI Prudential Balanced Advantage Fund
2022-04-28,,,,54.5,ICICI Prudential Balanced Advantage Fund
2022-04-29,,,,54.24,ICICI Prudential Balanced Advantage Fund
2022-05-02,,,,54.17,ICICI Prudential Balanced Advantage Fund
2022-05-04,,,,53.71,ICICI Prudential Balanced Advantage Fund
2022-05-05,,,,53.79,ICICI Prudential Balanced Advantage Fund
2022-05-06,,,,53.48,ICICI Prudential Balanced Advantage Fund
2022-05-09,,,,53.33,ICICI Prudential Balanced Advantage Fund
2022-05-10,,,,53.2,ICICI Prudential Balanced Advantage Fund
2022-05-11,,,,53.13,ICICI Prudential Balanced Advantage Fund
2022-05-12,,,,52.72,ICICI Prudential Balanced Advantage Fund
2022-05-13,,,,52.61,ICICI Prudential Balanced Advantage Fund
2022-05-16,,,,52.86,ICICI Prudential Balanced Advantage Fund
2022-05-17,,,,53.47,ICICI Prudential Balanced Advantage Fund
2022-05-18,,,,53.44,ICICI Prudential Balanced Advantage Fund
2022-05-19,,,,52.92,ICICI Prudential Balanced Advantage Fund
2022-05-20,,,,53.4,ICICI Prudential Balanced Advantage Fund
2022-05-23,,,,53.4,ICICI Prudential Balanced Advantage Fund
2022-05-24,,,,53.27,ICICI Prudential Balanced Advantage Fund
2022-05-25,,,,53.22,ICICI Prudential Balanced Advantage Fund
2022-05-26,,,,53.45,ICICI Prudential Balanced Advantage Fund
2022-05-27,,,,53.6,ICICI Prudential Balanced Advantage Fund
2022-05-30,,,,53.99,ICICI Prudential Balanced Advantage Fund
2022-05-31,,,,54.11,ICICI Prudential Balanced Advantage Fund
2022-06-01,,,,54.02,ICICI Prudential Balanced Advantage Fund
2022-06-02,,,,54.09,ICICI Prudential Balanced Advantage Fund
2022-06-03,,,,53.92,ICICI Prudential Balanced Advantage Fund
2022-06-06,,,,53.86,ICICI Prudential Balanced Advantage Fund
2022-06-07,,,,53.77,ICICI Prudential Balanced Advantage Fund
2022-06-08,,,,53.78,ICICI Prudential Balanced Advantage Fund
2022-06-09,,,,53.92,ICICI Prudential Balanced Advantage Fund
2022-06-10,,,,53.7,ICICI Prudential Balanced Advantage Fund
2022-06-13,,,,53.21,ICICI Prudential Balanced Advantage Fund
2022-06-14,,,,53.19,ICICI Prudential Balanced Advantage Fund
2022-06-15,,,,53.14,ICICI Prudential Balanced Advantage Fund
2022-06-16,,,,52.72,ICICI Prudential Balanced Advantage Fund
2022-06-17,,,,52.45,ICICI Prudential Balanced Advantage Fund
2022-06-20,,,,52.43,ICICI Prudential Balanced Advantage Fund
2022-06-21,,,,52.93,ICICI Prudential Balanced Advantage Fund
2022-06-22,,,,52.64,ICICI Prudential Balanced Advantage Fund
2022-06-23,,,,52.91,ICICI Prudential Balanced Advantage Fund
2022-06-24,,,,53.17,ICICI Prudential Balanced Advantage Fund
2022-06-27,,,,53.41,ICICI Prudential Balanced Advantage Fund
2022-06-28,,,,53.53,ICICI Prudential Balanced Advantage Fund
2022-06-29,,,,53.55,ICICI Prudential Balanced Advantage Fund
2022-06-30,,,,53.57,ICICI Prudential Balanced Advantage Fund
2022-07-01,,,,53.46,ICICI Prudential Balanced Advantage Fund
2022-07-04,,,,53.61,ICICI Prudential Balanced Advantage Fund
2022-07-05,,,,53.6,ICICI Prudential Balanced Advantage Fund
2022-07-06,,,,53.85,ICICI Prudential Balanced Advantage Fund
2022-07-07,,,,54.04,ICICI Prudential Balanced Advantage Fund
2022-07-08,,,,54.19,ICICI Prudential Balanced Advantage Fund
2022-07-11,,,,54.27,ICICI Prudential Balanced Advantage Fund
2022-07-12,,,,54.1,ICICI Prudential Balanced Advantage Fund
2022-07-13,,,,54.04,ICICI Prudential Balanced Advantage Fund
2022-07-14,,,,54.04,ICICI Prudential Balanced Advantage Fund
2022-07-15,,,,54.2,ICICI Prudential Balanced Advantage Fund
2022-07-18,,,,54.52,ICICI Prudential Balanced Advantage Fund
2022-07-19,,,,54.62,ICICI Prudential Balanced Advantage Fund
2022-07-20,,,,54.81,ICICI Prudential Balanced Advantage Fund
2022-07-21,,,,54.98,ICICI Prudential Balanced Advantage Fund
2022-07-22,,,,55.06,ICICI Prudential Balanced Advantage Fund
2022-07-25,,,,54.96,ICICI Prudential Balanced Advantage Fund
2022-07-26,,,,54.75,ICICI Prudential Balanced Advantage Fund
2022-07-27,,,,54.9,ICICI Prudential Balanced Advantage Fund
2022-07-28,,,,55.17,ICICI Prudential Balanced Advantage Fund
2022-07-29,,,,55.49,ICICI Prudential Balanced Advantage Fund
2022-08-01,,,,55.81,ICICI Prudential Balanced Advantage Fund
2022-08-02,,,,55.85,ICICI Prudential Balanced Advantage Fund
2022-08-03,,,,55.83,ICICI Prudential Balanced Advantage Fund
2022-08-04,,,,55.85,ICICI Prudential Balanced Advantage Fund
2022-08-05,,,,55.87,ICICI Prudential Balanced Advantage Fund
2022-08-08,,,,56.01,ICICI Prudential Balanced Advantage Fund
2022-08-10,,,,56.03,ICICI Prudential Balanced Advantage Fund
2022-08-11,,,,56.15,ICICI Prudential Balanced Advantage Fund
2022-08-12,,,,56.27,ICICI Prudential Balanced Advantage Fund
2022-08-16,,,,56.45,ICICI Prudential Balanced Advantage Fund
2022-08-17,,,,56.58,ICICI Prudential Balanced Advantage Fund
2022-08-18,,,,56.6,ICICI Prudential Balanced Advantage Fund
2022-08-19,,,,56.39,ICICI Prudential Balanced Advantage Fund
2022-08-22,,,,56.1,ICICI Prudential Balanced Advantage Fund
2022-08-23,,,,56.26,ICICI Prudential Balanced Advantage Fund
2022-08-24,,,,56.34,ICICI Prudential Balanced Advantage Fund
2022-08-25,,,,56.33,ICICI Prudential Balanced Advantage Fund
2022-08-26,,,,56.39,ICICI Prudential Balanced Advantage Fund
2022-08-29,,,,56.23,ICICI Prudential Balanced Advantage Fund
2022-08-30,,,,56.68,ICICI Prudential Balanced Advantage Fund
2022-09-01,,,,56.62,ICICI Prudential Balanced Advantage Fund
2022-09-02,,,,56.65,ICICI Prudential Balanced Advantage Fund
2022-09-05,,,,56.79,ICICI Prudential Balanced Advantage Fund
2022-09-06,,,,56.85,ICICI Prudential Balanced Advantage Fund
2022-09-07,,,,56.77,ICICI Prudential Balanced Advantage Fund
2022-09-08,,,,56.98,ICICI Prudential Balanced Advantage Fund
2022-09-09,,,,57.03,ICICI Prudential Balanced Advantage Fund
2022-09-12,,,,57.16,ICICI Prudential Balanced Advantage Fund
2022-09-13,,,,57.27,ICICI Prudential Balanced Advantage Fund
2022-09-14,,,,57.24,ICICI Prudential Balanced Advantage Fund
2022-09-15,,,,57.2,ICICI Prudential Balanced Advantage Fund
2022-09-16,,,,56.73,ICICI Prudential Balanced Advantage Fund
2022-09-19,,,,56.83,ICICI Prudential Balanced Advantage Fund
2022-09-20,,,,57.11,ICICI Prudential Balanced Advantage Fund
2022-09-21,,,,56.96,ICICI Prudential Balanced Advantage Fund
2022-09-22,,,,56.89,ICICI Prudential Balanced Advantage Fund
2022-09-23,,,,56.52,ICICI Prudential Balanced Advantage Fund
2022-09-26,,,,56.11,ICICI Prudential Balanced Advantage Fund
2022-09-27,,,,56.09,ICICI Prudential Balanced Advantage Fund
2022-09-28,,,,55.95,ICICI Prudential Balanced Advantage Fund
2022-09-29,,,,55.98,ICICI Prudential Balanced Advantage Fund
2022-09-30,,,,56.4,ICICI Prudential Balanced Advantage Fund
2022-10-03,,,,56.18,ICICI Prudential Balanced Advantage Fund
2022-10-04,,,,56.64,ICICI Prudential Balanced Advantage Fund
2022-10-06,,,,56.77,ICICI Prudential Balanced Advantage Fund
2022-10-07,,,,56.77,ICICI Prudential Balanced Advantage Fund
2022-10-10,,,,56.74,ICICI Prudential Balanced Advantage Fund
2022-10-11,,,,56.42,ICICI Prudential Balanced Advantage Fund
2022-10-12,,,,56.63,ICICI Prudential Balanced Advantage Fund
2022-10-13,,,,56.47,ICICI Prudential Balanced Advantage Fund
2022-10-14,,,,56.59,ICICI Prudential Balanced Advantage Fund
2022-10-17,,,,56.76,ICICI Prudential Balanced Advantage Fund
2022-10-18,,,,56.98,ICICI Prudential Balanced Advantage Fund
2022-10-19,,,,57.03,ICICI Prudential Balanced Advantage Fund
2022-10-20,,,,57.05,ICICI Prudential Balanced Advantage Fund
2022-10-21,,,,57.13,ICICI Prudential Balanced Advantage Fund
2022-10-25,,,,57.38,ICICI Prudential Balanced Advantage Fund
2022-10-27,,,,57.45,ICICI Prudential Balanced Advantage Fund
2022-10-28,,,,57.48,ICICI Prudential Balanced Advantage Fund
2022-10-31,,,,57.7,ICICI Prudential Balanced Advantage Fund
2022-11-01,,,,57.75,ICICI Prudential Balanced Advantage Fund
2022-11-02,,,,57.62,ICICI Prudential Balanced Advantage Fund
2022-11-03,,,,57.61,ICICI Prudential Balanced Advantage Fund
2022-11-04,,,,57.57,ICICI Prudential Balanced Advantage Fund
2022-11-07,,,,57.75,ICICI Prudential Balanced Advantage Fund
2022-11-09,,,,57.75,ICICI Prudential Balanced Advantage Fund
2022-11-10,,,,57.57,ICICI Prudential Balanced Advantage Fund
2022-11-11,,,,57.78,ICICI Prudential Balanced Advantage Fund
2022-11-14,,,,57.8,ICICI Prudential Balanced Advantage Fund
2022-11-15,,,,57.88,ICICI Prudential Balanced Advantage Fund
2022-11-16,,,,57.91,ICICI Prudential Balanced Advantage Fund
2022-11-17,,,,57.82,ICICI Prudential Balanced Advantage Fund
2022-11-18,,,,57.67,ICICI Prudential Balanced Advantage Fund
2022-11-21,,,,57.58,ICICI Prudential Balanced Advantage Fund
2022-11-22,,,,57.68,ICICI Prudential Balanced Advantage Fund
2022-11-23,,,,57.77,ICICI Prudential Balanced Advantage Fund
2022-11-24,,,,57.98,ICICI Prudential Balanced Advantage Fund
2022-11-25,,,,57.98,ICICI Prudential Balanced Advantage Fund
2022-11-28,,,,58.07,ICICI Prudential Balanced Advantage Fund
2022-11-29,,,,58.14,ICICI Prudential Balanced Advantage Fund
2022-11-30,,,,58.31,ICICI Prudential Balanced Advantage Fund
2022-12-01,,,,58.35,ICICI Prudential Balanced Advantage Fund
2022-12-02,,,,58.32,ICICI Prudential Balanced Advantage Fund
2022-12-05,,,,58.34,ICICI Prudential Balanced Advantage Fund
2022-12-06,,,,58.26,ICICI Prudential Balanced Advantage Fund
2022-12-07,,,,58.21,ICICI Prudential Balanced Advantage Fund
2022-12-08,,,,58.3,ICICI Prudential Balanced Advantage Fund
2022-12-09,,,,58.21,ICICI Prudential Balanced Advantage Fund
2022-12-12,,,,58.24,ICICI Prudential Balanced Advantage Fund
2022-12-13,,,,58.36,ICICI Prudential Balanced Advantage Fund
2022-12-14,,,,58.46,ICICI Prudential Balanced Advantage Fund
2022-12-15,,,,58.34,ICICI Prudential Balanced Advantage Fund
2022-12-16,,,,58.11,ICICI Prudential Balanced Advantage Fund
2022-12-19,,,,58.27,ICICI Prudential Balanced Advantage Fund
2022-12-20,,,,58.23,ICICI Prudential Balanced Advantage Fund
2022-12-21,,,,57.94,ICICI Prudential Balanced Advantage Fund
2022-12-22,,,,57.87,ICICI Prudential Balanced Advantage Fund
2022-12-23,,,,57.44,ICICI Prudential Balanced Advantage Fund
2022-12-26,,,,57.82,ICICI Prudential Balanced Advantage Fund
2022-12-27,,,,58.01,ICICI Prudential Balanced Advantage Fund
2022-12-28,,,,58.04,ICICI Prudential Balanced Advantage Fund
2022-12-29,,,,58.2,ICICI Prudential Balanced Advantage Fund
2022-12-30,,,,58.07,ICICI Prudential Balanced Advantage Fund
2023-01-02,,,,58.22,ICICI Prudential Balanced Advantage Fund
2023-01-03,,,,58.2,ICICI Prudential Balanced Advantage Fund
2023-01-04,,,,58.01,ICICI Prudential Balanced Advantage Fund
2023-01-05,,,,58.01,ICICI Prudential Balanced Advantage Fund
2023-01-06,,,,57.87,ICICI Prudential Balanced Advantage Fund
2023-01-09,,,,58.13,ICICI Prudential Balanced Advantage Fund
2023-01-10,,,,57.97,ICICI Prudential Balanced Advantage Fund
2023-01-11,,,,57.97,ICICI Prudential Balanced Advantage Fund
2023-01-12,,,,57.95,ICICI Prudential Balanced Advantage Fund
2023-01-13,,,,58.01,ICICI Prudential Balanced Advantage Fund
2023-01-16,,,,57.89,ICICI Prudential Balanced Advantage Fund
2023-01-17,,,,57.99,ICICI Prudential Balanced Advantage Fund
2023-01-18,,,,58.1,ICICI Prudential Balanced Advantage Fund
2023-01-19,,,,58.11,ICICI Prudential Balanced Advantage Fund
2023-01-20,,,,57.95,ICICI Prudential Balanced Advantage Fund
2023-01-23,,,,58.05,ICICI Prudential Balanced Advantage Fund
2023-01-24,,,,58.08,ICICI Prudential Balanced Advantage Fund
2023-01-25,,,,57.91,ICICI Prudential Balanced Advantage Fund
2023-01-27,,,,57.62,ICICI Prudential Balanced Advantage Fund
2023-01-30,,,,57.63,ICICI Prudential Balanced Advantage Fund
2023-01-31,,,,57.71,ICICI Prudential Balanced Advantage Fund
2023-02-01,,,,57.65,ICICI Prudential Balanced Advantage Fund
2023-02-02,,,,57.65,ICICI Prudential Balanced Advantage Fund
2023-02-03,,,,57.98,ICICI Prudential Balanced Advantage Fund
2023-02-06,,,,57.93,ICICI Prudential Balanced Advantage Fund
2023-02-07,,,,57.85,ICICI Prudential Balanced Advantage Fund
2023-02-08,,,,58.01,ICICI Prudential Balanced Advantage Fund
2023-02-09,,,,58.04,ICICI Prudential Balanced Advantage Fund
2023-02-10,,,,58.07,ICICI Prudential Balanced Advantage Fund
2023-02-13,,,,57.95,ICICI Prudential Balanced Advantage Fund
2023-02-14,,,,58.09,ICICI Prudential Balanced Advantage Fund
2023-02-15,,,,58.22,ICICI Prudential Balanced Advantage Fund
2023-02-16,,,,58.29,ICICI Prudential Balanced Advantage Fund
2023-02-17,,,,58.16,ICICI Prudential Balanced Advantage Fund
2023-02-20,,,,58.12,ICICI Prudential Balanced Advantage Fund
2023-02-21,,,,58.12,ICICI Prudential Balanced Advantage Fund
2023-02-22,,,,57.84,ICICI Prudential Balanced Advantage Fund
2023-02-23,,,,57.79,ICICI Prudential Balanced Advantage Fund
2023-02-24,,,,57.75,ICICI Prudential Balanced Advantage Fund
2023-02-27,,,,57.65,ICICI Prudential Balanced Advantage Fund
2023-02-28,,,,57.55,ICICI Prudential Balanced Advantage Fund
2023-03-01,,,,57.76,ICICI Prudential Balanced Advantage Fund
2023-03-02,,,,57.6,ICICI Prudential Balanced Advantage Fund
2023-03-03,,,,57.93,ICICI Prudential Balanced Advantage Fund
2023-03-06,,,,58.13,ICICI Prudential Balanced Advantage Fund
2023-03-08,,,,58.19,ICICI Prudential Balanced Advantage Fund
2023-03-09,,,,57.95,ICICI Prudential Balanced Advantage Fund
2023-03-10,,,,57.76,ICICI Prudential Balanced Advantage Fund
2023-03-13,,,,57.35,ICICI Prudential Balanced Advantage Fund
2023-03-14,,,,57.22,ICICI Prudential Balanced Advantage Fund
2023-03-15,,,,57.09,ICICI Prudential Balanced Advantage Fund
2023-03-16,,,,57.11,ICICI Prudential Balanced Advantage Fund
2023-03-17,,,,57.25,ICICI Prudential Balanced Advantage Fund
2023-03-20,,,,57.11,ICICI Prudential Balanced Advantage Fund
2023-03-21,,,,57.33,ICICI Prudential Balanced Advantage Fund
2023-03-22,,,,57.4,ICICI Prudential Balanced Advantage Fund
2023-03-23,,,,57.29,ICICI Prudential Balanced Advantage Fund
2023-03-24,,,,57.12,ICICI Prudential Balanced Advantage Fund
2023-03-27,,,,57.11,ICICI Prudential Balanced Advantage Fund
2023-03-28,,,,56.96,ICICI Prudential Balanced Advantage Fund
2023-03-29,,,,57.26,ICICI Prudential Balanced Advantage Fund
2023-03-31,,,,57.78,ICICI Prudential Balanced Advantage Fund
2023-04-03,,,,57.96,ICICI Prudential Balanced Advantage Fund
2023-04-05,,,,58.12,ICICI Prudential Balanced Advantage Fund
2023-04-06,,,,58.17,ICICI Prudential Balanced Advantage Fund
2023-04-10,,,,58.22,ICICI Prudential Balanced Advantage Fund
2023-04-11,,,,58.37,ICICI Prudential Balanced Advantage Fund
2023-04-12,,,,58.46,ICICI Prudential Balanced Advantage Fund
2023-04-13,,,,58.48,ICICI Prudential Balanced Advantage Fund
2023-04-17,,,,58.37,ICICI Prudential Balanced Advantage Fund
2023-04-18,,,,58.38,ICICI Prudential Balanced Advantage Fund
2023-04-19,,,,58.34,ICICI Prudential Balanced Advantage Fund
2023-04-20,,,,58.34,ICICI Prudential Balanced Advantage Fund
2023-04-21,,,,58.25,ICICI Prudential Balanced Advantage Fund
2023-04-24,,,,58.41,ICICI Prudential Balanced Advantage Fund
2023-04-25,,,,58.45,ICICI Prudential Balanced Advantage Fund
2023-04-26,,,,58.56,ICICI Prudential Balanced Advantage Fund
2023-04-27,,,,58.69,ICICI Prudential Balanced Advantage Fund
2023-04-28,,,,58.95,ICICI Prudential Balanced Advantage Fund
2023-05-02,,,,59.15,ICICI Prudential Balanced Advantage Fund
2023-05-03,,,,59.12,ICICI Prudential Balanced Advantage Fund
2023-05-04,,,,59.31,ICICI Prudential Balanced Advantage Fund
2023-05-05,,,,59.21,ICICI Prudential Balanced Advantage Fund
2023-05-08,,,,59.47,ICICI Prudential Balanced Advantage Fund
2023-05-09,,,,59.47,ICICI Prudential Balanced Advantage Fund
2023-05-10,,,,59.59,ICICI Prudential Balanced Advantage Fund
2023-05-11,,,,59.58,ICICI Prudential Balanced Advantage Fund
2023-05-12,,,,59.58,ICICI Prudential Balanced Advantage Fund
2023-05-15,,,,59.65,ICICI Prudential Balanced Advantage Fund
2023-05-16,,,,59.6,ICICI Prudential Balanced Advantage Fund
2023-05-17,,,,59.45,ICICI Prudential Balanced Advantage Fund
2023-05-18,,,,59.36,ICICI Prudential Balanced Advantage Fund
2023-05-19,,,,59.45,ICICI Prudential Balanced Advantage Fund
2023-05-22,,,,59.56,ICICI Prudential Balanced Advantage Fund
2023-05-23,,,,59.62,ICICI Prudential Balanced Advantage Fund
2023-05-24,,,,59.6,ICICI Prudential Balanced Advantage Fund
2023-05-25,,,,59.63,ICICI Prudential Balanced Advantage Fund
2023-05-26,,,,59.9,ICICI Prudential Balanced Advantage Fund
2023-05-29,,,,60.0,ICICI Prudential Balanced Advantage Fund
2023-05-30,,,,60.03,ICICI Prudential Balanced Advantage Fund
2023-05-31,,,,60.0,ICICI Prudential Balanced Advantage Fund
2023-06-01,,,,59.93,ICICI Prudential Balanced Advantage Fund
2023-06-02,,,,60.07,ICICI Prudential Balanced Advantage Fund
2023-06-05,,,,60.2,ICICI Prudential Balanced Advantage Fund
2023-06-06,,,,60.28,ICICI Prudential Balanced Advantage Fund
2023-06-07,,,,60.48,ICICI Prudential Balanced Advantage Fund
2023-06-08,,,,60.39,ICICI Prudential Balanced Advantage Fund
2023-06-09,,,,60.37,ICICI Prudential Balanced Advantage Fund
2023-06-12,,,,60.47,ICICI Prudential Balanced Advantage Fund
2023-06-13,,,,60.6,ICICI Prudential Balanced Advantage Fund
2023-06-14,,,,60.62,ICICI Prudential Balanced Advantage Fund
2023-06-15,,,,60.62,ICICI Prudential Balanced Advantage Fund
2023-06-16,,,,60.85,ICICI Prudential Balanced Advantage Fund
2023-06-19,,,,60.71,ICICI Prudential Balanced Advantage Fund
2023-06-20,,,,60.79,ICICI Prudential Balanced Advantage Fund
2023-06-21,,,,60.89,ICICI Prudential Balanced Advantage Fund
2023-06-22,,,,60.75,ICICI Prudential Balanced Advantage Fund
2023-06-23,,,,60.55,ICICI Prudential Balanced Advantage Fund
2023-06-26,,,,60.65,ICICI Prudential Balanced Advantage Fund
2023-06-27,,,,60.84,ICICI Prudential Balanced Advantage Fund
2023-06-28,,,,61.06,ICICI Prudential Balanced Advantage Fund
2023-06-30,,,,61.27,ICICI Prudential Balanced Advantage Fund
2023-07-03,,,,61.37,ICICI Prudential Balanced Advantage Fund
2023-07-04,,,,61.34,ICICI Prudential Balanced Advantage Fund
2023-07-05,,,,61.46,ICICI Prudential Balanced Advantage Fund
2023-07-06,,,,61.6,ICICI Prudential Balanced Advantage Fund
2023-07-07,,,,61.44,ICICI Prudential Balanced Advantage Fund
2023-07-10,,,,61.4,ICICI Prudential Balanced Advantage Fund
2023-07-11,,,,61.62,ICICI Prudential Balanced Advantage Fund
2023-07-12,,,,61.55,ICICI Prudential Balanced Advantage Fund
2023-07-13,,,,61.57,ICICI Prudential Balanced Advantage Fund
2023-07-14,,,,61.81,ICICI Prudential Balanced Advantage Fund
2023-07-17,,,,61.94,ICICI Prudential Balanced Advantage Fund
2023-07-18,,,,61.96,ICICI Prudential Balanced Advantage Fund
2023-07-19,,,,62.02,ICICI Prudential Balanced Advantage Fund
2023-07-20,,,,62.18,ICICI Prudential Balanced Advantage Fund
2023-07-21,,,,62.03,ICICI Prudential Balanced Advantage Fund
2023-07-24,,,,61.99,ICICI Prudential Balanced Advantage Fund
2023-07-25,,,,62.14,ICICI Prudential Balanced Advantage Fund
2023-07-26,,,,62.27,ICICI Prudential Balanced Advantage Fund
2023-07-27,,,,62.22,ICICI Prudential Balanced Advantage Fund
2023-07-28,,,,62.26,ICICI Prudential Balanced Advantage Fund
2023-07-31,,,,62.49,ICICI Prudential Balanced Advantage Fund
2023-08-01,,,,62.55,ICICI Prudential Balanced Advantage Fund
2023-08-02,,,,62.37,ICICI Prudential Balanced Advantage Fund
2023-08-03,,,,62.21,ICICI Prudential Balanced Advantage Fund
2023-08-04,,,,62.4,ICICI Prudential Balanced Advantage Fund
2023-08-07,,,,62.48,ICICI Prudential Balanced Advantage Fund
2023-08-08,,,,62.49,ICICI Prudential Balanced Advantage Fund
2023-08-09,,,,62.56,ICICI Prudential Balanced Advantage Fund
2023-08-10,,,,62.49,ICICI Prudential Balanced Advantage Fund
2023-08-11,,,,62.4,ICICI Prudential Balanced Advantage Fund
2023-08-14,,,,62.38,ICICI Prudential Balanced Advantage Fund
2023-08-16,,,,62.45,ICICI Prudential Balanced Advantage Fund
2023-08-17,,,,62.36,ICICI Prudential Balanced Advantage Fund
2023-08-18,,,,62.32,ICICI Prudential Balanced Advantage Fund
2023-08-21,,,,62.44,ICICI Prudential Balanced Advantage Fund
2023-08-22,,,,62.5,ICICI Prudential Balanced Advantage Fund
2023-08-23,,,,62.62,ICICI Prudential Balanced Advantage Fund
2023-08-24,,,,62.61,ICICI Prudential Balanced Advantage Fund
2023-08-25,,,,62.42,ICICI Prudential Balanced Advantage Fund
2023-08-28,,,,62.53,ICICI Prudential Balanced Advantage Fund
2023-08-29,,,,62.67,ICICI Prudential Balanced Advantage Fund
2023-08-30,,,,62.77,ICICI Prudential Balanced Advantage Fund
2023-08-31,,,,62.76,ICICI Prudential Balanced Advantage Fund
2023-09-01,,,,63.14,ICICI Prudential Balanced Advantage Fund
2023-09-04,,,,63.29,ICICI Prudential Balanced Advantage Fund
2023-09-05,,,,63.35,ICICI Prudential Balanced Advantage Fund
2023-09-06,,,,63.42,ICICI Prudential Balanced Advantage Fund
2023-09-07,,,,63.59,ICICI Prudential Balanced Advantage Fund
2023-09-08,,,,63.76,ICICI Prudential Balanced Advantage Fund
2023-09-11,,,,63.97,ICICI Prudential Balanced Advantage Fund
2023-09-12,,,,63.76,ICICI Prudential Balanced Advantage Fund
2023-09-13,,,,63.89,ICICI Prudential Balanced Advantage Fund
2023-09-14,,,,64.02,ICICI Prudential Balanced Advantage Fund
2023-09-15,,,,64.18,ICICI Prudential Balanced Advantage Fund
2023-09-18,,,,64.14,ICICI Prudential Balanced Advantage Fund
2023-09-20,,,,63.83,ICICI Prudential Balanced Advantage Fund
2023-09-21,,,,63.65,ICICI Prudential Balanced Advantage Fund
2023-09-22,,,,63.61,ICICI Prudential Balanced Advantage Fund
2023-09-25,,,,63.58,ICICI Prudential Balanced Advantage Fund
2023-09-26,,,,63.6,ICICI Prudential Balanced Advantage Fund
2023-09-27,,,,63.68,ICICI Prudential Balanced Advantage Fund
2023-09-29,,,,63.71,ICICI Prudential Balanced Advantage Fund
2023-10-03,,,,63.63,ICICI Prudential Balanced Advantage Fund
2023-10-04,,,,63.41,ICICI Prudential Balanced Advantage Fund
2023-10-05,,,,63.56,ICICI Prudential Balanced Advantage Fund
2023-10-06,,,,63.62,ICICI Prudential Balanced Advantage Fund
2023-10-09,,,,63.48,ICICI Prudential Balanced Advantage Fund
2023-10-10,,,,63.71,ICICI Prudential Balanced Advantage Fund
2023-10-11,,,,63.92,ICICI Prudential Balanced Advantage Fund
2023-10-12,,,,64.03,ICICI Prudential Balanced Advantage Fund
2023-10-13,,,,64.05,ICICI Prudential Balanced Advantage Fund
2023-10-16,,,,64.07,ICICI Prudential Balanced Advantage Fund
2023-10-17,,,,64.18,ICICI Prudential Balanced Advantage Fund
2023-10-18,,,,64.02,ICICI Prudential Balanced Advantage Fund
2023-10-19,,,,63.92,ICICI Prudential Balanced Advantage Fund
2023-10-20,,,,63.82,ICICI Prudential Balanced Advantage Fund
2023-10-23,,,,63.47,ICICI Prudential Balanced Advantage Fund
2023-10-25,,,,63.32,ICICI Prudential Balanced Advantage Fund
2023-10-26,,,,63.06,ICICI Prudential Balanced Advantage Fund
2023-10-27,,,,63.42,ICICI Prudential Balanced Advantage Fund
2023-10-30,,,,63.52,ICICI Prudential Balanced Advantage Fund
2023-10-31,,,,63.43,ICICI Prudential Balanced Advantage Fund
2023-11-01,,,,63.29,ICICI Prudential Balanced Advantage Fund
2023-11-02,,,,63.56,ICICI Prudential Balanced Advantage Fund
2023-11-03,,,,63.83,ICICI Prudential Balanced Advantage Fund
2023-11-06,,,,64.12,ICICI Prudential Balanced Advantage Fund
2023-11-07,,,,64.16,ICICI Prudential Balanced Advantage Fund
2023-11-08,,,,64.31,ICICI Prudential Balanced Advantage Fund
2023-11-09,,,,64.24,ICICI Prudential Balanced Advantage Fund
2023-11-10,,,,64.27,ICICI Prudential Balanced Advantage Fund
2023-11-13,,,,64.35,ICICI Prudential Balanced Advantage Fund
2023-11-15,,,,64.71,ICICI Prudential Balanced Advantage Fund
2023-11-16,,,,64.86,ICICI Prudential Balanced Advantage Fund
2023-11-17,,,,64.9,ICICI Prudential Balanced Advantage Fund
2023-11-20,,,,64.84,ICICI Prudential Balanced Advantage Fund
2023-11-21,,,,64.92,ICICI Prudential Balanced Advantage Fund
2023-11-22,,,,64.95,ICICI Prudential Balanced Advantage Fund
2023-11-23,,,,65.02,ICICI Prudential Balanced Advantage Fund
2023-11-24,,,,65.05,ICICI Prudential Balanced Advantage Fund
2023-11-28,,,,65.23,ICICI Prudential Balanced Advantage Fund
2023-11-29,,,,65.58,ICICI Prudential Balanced Advantage Fund
2023-11-30,,,,65.77,ICICI Prudential Balanced Advantage Fund
2023-12-01,,,,65.99,ICICI Prudential Balanced Advantage Fund
2023-12-04,,,,66.48,ICICI Prudential Balanced Advantage Fund
2023-12-05,,,,66.65,ICICI Prudential Balanced Advantage Fund
2023-12-06,,,,66.64,ICICI Prudential Balanced Advantage Fund
2023-12-07,,,,66.79,ICICI Prudential Balanced Advantage Fund
2023-12-08,,,,66.87,ICICI Prudential Balanced Advantage Fund
2023-12-11,,,,66.99,ICICI Prudential Balanced Advantage Fund
2023-12-12,,,,66.77,ICICI Prudential Balanced Advantage Fund
2023-12-13,,,,66.98,ICICI Prudential Balanced Advantage Fund
2023-12-14,,,,67.4,ICICI Prudential Balanced Advantage Fund
2023-12-15,,,,67.64,ICICI Prudential Balanced Advantage Fund
2023-12-18,,,,67.62,ICICI Prudential Balanced Advantage Fund
2023-12-19,,,,67.64,ICICI Prudential Balanced Advantage Fund
2023-12-20,,,,67.14,ICICI Prudential Balanced Advantage Fund
2023-12-21,,,,67.25,ICICI Prudential Balanced Advantage Fund
2023-12-22,,,,67.49,ICICI Prudential Balanced Advantage Fund
2023-12-26,,,,67.67,ICICI Prudential Balanced Advantage Fund
2023-12-27,,,,67.96,ICICI Prudential Balanced Advantage Fund
2023-12-28,,,,68.04,ICICI Prudential Balanced Advantage Fund
2023-12-29,,,,68.08,ICICI Prudential Balanced Advantage Fund
2024-01-01,,,,68.11,ICICI Prudential Balanced Advantage Fund
2024-01-02,,,,68.01,ICICI Prudential Balanced Advantage Fund
2024-01-03,,,,67.88,ICICI Prudential Balanced Advantage Fund
2024-01-04,,,,68.02,ICICI Prudential Balanced Advantage Fund
2024-01-05,,,,68.12,ICICI Prudential Balanced Advantage Fund
2024-01-08,,,,68.01,ICICI Prudential Balanced Advantage Fund
2024-01-09,,,,68.11,ICICI Prudential Balanced Advantage Fund
2024-01-10,,,,68.19,ICICI Prudential Balanced Advantage Fund
2024-01-11,,,,68.39,ICICI Prudential Balanced Advantage Fund
2024-01-12,,,,68.66,ICICI Prudential Balanced Advantage Fund
2024-01-15,,,,68.79,ICICI Prudential Balanced Advantage Fund
2024-01-16,,,,68.78,ICICI Prudential Balanced Advantage Fund
2024-01-17,,,,68.41,ICICI Prudential Balanced Advantage Fund
2024-01-18,,,,68.28,ICICI Prudential Balanced Advantage Fund
2024-01-19,,,,68.61,ICICI Prudential Balanced Advantage Fund
2024-01-23,,,,68.16,ICICI Prudential Balanced Advantage Fund
2024-01-24,,,,68.46,ICICI Prudential Balanced Advantage Fund
2024-01-25,,,,68.3,ICICI Prudential Balanced Advantage Fund
2024-01-29,,,,68.73,ICICI Prudential Balanced Advantage Fund
2024-01-30,,,,68.53,ICICI Prudential Balanced Advantage Fund
2024-01-31,,,,68.92,ICICI Prudential Balanced Advantage Fund
2024-02-01,,,,69.03,ICICI Prudential Balanced Advantage Fund
2024-02-02,,,,69.27,ICICI Prudential Balanced Advantage Fund
2024-02-05,,,,69.12,ICICI Prudential Balanced Advantage Fund
2024-02-06,,,,69.46,ICICI Prudential Balanced Advantage Fund
2024-02-07,,,,69.53,ICICI Prudential Balanced Advantage Fund
2024-02-08,,,,69.35,ICICI Prudential Balanced Advantage Fund
2024-02-09,,,,69.44,ICICI Prudential Balanced Advantage Fund
2024-02-12,,,,69.2,ICICI Prudential Balanced Advantage Fund
2024-02-13,,,,69.39,ICICI Prudential Balanced Advantage Fund
2024-02-14,,,,69.66,ICICI Prudential Balanced Advantage Fund
2024-02-15,,,,69.77,ICICI Prudential Balanced Advantage Fund
2024-02-16,,,,70.06,ICICI Prudential Balanced Advantage Fund
2024-02-19,,,,70.18,ICICI Prudential Balanced Advantage Fund
2024-02-20,,,,70.33,ICICI Prudential Balanced Advantage Fund
2024-02-21,,,,70.12,ICICI Prudential Balanced Advantage Fund
2024-02-22,,,,70.35,ICICI Prudential Balanced Advantage Fund
2024-02-23,,,,70.36,ICICI Prudential Balanced Advantage Fund
2024-02-26,,,,70.39,ICICI Prudential Balanced Advantage Fund
2024-02-27,,,,70.38,ICICI Prudential Balanced Advantage Fund
2024-02-28,,,,70.06,ICICI Prudential Balanced Advantage Fund
2024-02-29,,,,70.29,ICICI Prudential Balanced Advantage Fund
2024-03-01,,,,70.83,ICICI Prudential Balanced Advantage Fund
2024-03-04,,,,70.84,ICICI Prudential Balanced Advantage Fund
2024-03-05,,,,70.93,ICICI Prudential Balanced Advantage Fund
2024-03-06,,,,70.9,ICICI Prudential Balanced Advantage Fund
2024-03-07,,,,70.92,ICICI Prudential Balanced Advantage Fund
2024-03-11,,,,70.83,ICICI Prudential Balanced Advantage Fund
2024-03-12,,,,70.75,ICICI Prudential Balanced Advantage Fund
2024-03-13,,,,70.19,ICICI Prudential Balanced Advantage Fund
2024-03-14,,,,70.48,ICICI Prudential Balanced Advantage Fund
2024-03-15,,,,70.3,ICICI Prudential Balanced Advantage Fund
2024-03-18,,,,70.23,ICICI Prudential Balanced Advantage Fund
2024-03-19,,,,70.01,ICICI Prudential Balanced Advantage Fund
2024-03-20,,,,70.05,ICICI Prudential Balanced Advantage Fund
2024-03-21,,,,70.42,ICICI Prudential Balanced Advantage Fund
2024-03-22,,,,70.66,ICICI Prudential Balanced Advantage Fund
2024-03-26,,,,70.8,ICICI Prudential Balanced Advantage Fund
2024-03-27,,,,71.05,ICICI Prudential Balanced Advantage Fund
2024-03-28,,,,71.34,ICICI Prudential Balanced Advantage Fund
2024-03-31,,,,71.34,ICICI Prudential Balanced Advantage Fund
2024-04-01,,,,71.54,ICICI Prudential Balanced Advantage Fund
2024-04-02,,,,71.51,ICICI Prudential Balanced Advantage Fund
2024-04-03,,,,71.47,ICICI Prudential Balanced Advantage Fund
2024-04-04,,,,71.65,ICICI Prudential Balanced Advantage Fund
2024-04-05,,,,71.64,ICICI Prudential Balanced Advantage Fund
2024-04-08,,,,72.0,ICICI Prudential Balanced Advantage Fund
2024-04-09,,,,71.96,ICICI Prudential Balanced Advantage Fund
2024-04-10,,,,72.1,ICICI Prudential Balanced Advantage Fund
2024-04-12,,,,71.57,ICICI Prudential Balanced Advantage Fund
2024-04-15,,,,71.19,ICICI Prudential Balanced Advantage Fund
2024-04-16,,,,71.04,ICICI Prudential Balanced Advantage Fund
2024-04-18,,,,70.95,ICICI Prudential Balanced Advantage Fund
2024-04-19,,,,71.1,ICICI Prudential Balanced Advantage Fund
2024-04-22,,,,71.43,ICICI Prudential Balanced Advantage Fund
2024-04-23,,,,71.59,ICICI Prudential Balanced Advantage Fund
2024-04-24,,,,71.72,ICICI Prudential Balanced Advantage Fund
2024-04-25,,,,71.93,ICICI Prudential Balanced Advantage Fund
2024-04-26,,,,71.76,ICICI Prudential Balanced Advantage Fund
2024-04-29,,,,72.03,ICICI Prudential Balanced Advantage Fund
2024-04-30,,,,72.06,ICICI Prudential Balanced Advantage Fund
2024-05-02,,,,72.12,ICICI Prudential Balanced Advantage Fund
2024-05-03,,,,71.91,ICICI Prudential Balanced Advantage Fund
2024-05-06,,,,71.86,ICICI Prudential Balanced Advantage Fund
2024-05-07,,,,71.58,ICICI Prudential Balanced Advantage Fund
2024-05-08,,,,71.73,ICICI Prudential Balanced Advantage Fund
2024-05-09,,,,71.45,ICICI Prudential Balanced Advantage Fund
2024-05-10,,,,71.72,ICICI Prudential Balanced Advantage Fund
2024-05-13,,,,71.74,ICICI Prudential Balanced Advantage Fund
2024-05-14,,,,71.96,ICICI Prudential Balanced Advantage Fund
2024-05-15,,,,71.97,ICICI Prudential Balanced Advantage Fund
2024-05-16,,,,72.21,ICICI Prudential Balanced Advantage Fund
2024-05-17,,,,72.37,ICICI Prudential Balanced Advantage Fund
2024-05-21,,,,72.36,ICICI Prudential Balanced Advantage Fund
2024-05-22,,,,72.45,ICICI Prudential Balanced Advantage Fund
2024-05-23,,,,72.96,ICICI Prudential Balanced Advantage Fund
2024-05-24,,,,72.99,ICICI Prudential Balanced Advantage Fund
2024-05-27,,,,72.96,ICICI Prudential Balanced Advantage Fund
2024-05-28,,,,72.85,ICICI Prudential Balanced Advantage Fund
2024-05-29,,,,72.63,ICICI Prudential Balanced Advantage Fund
2024-05-30,,,,72.39,ICICI Prudential Balanced Advantage Fund
2024-05-31,,,,72.29,ICICI Prudential Balanced Advantage Fund
2024-06-03,,,,73.16,ICICI Prudential Balanced Advantage Fund
2024-06-04,,,,71.55,ICICI Prudential Balanced Advantage Fund
2024-06-05,,,,72.83,ICICI Prudential Balanced Advantage Fund
2024-06-06,,,,73.2,ICICI Prudential Balanced Advantage Fund
2024-06-07,,,,73.79,ICICI Prudential Balanced Advantage Fund
2024-06-10,,,,73.92,ICICI Prudential Balanced Advantage Fund
2024-06-11,,,,73.92,ICICI Prudential Balanced Advantage Fund
2024-06-12,,,,74.01,ICICI Prudential Balanced Advantage Fund
2024-06-13,,,,74.19,ICICI Prudential Balanced Advantage Fund
2024-06-14,,,,74.44,ICICI Prudential Balanced Advantage Fund
2024-06-18,,,,74.54,ICICI Prudential Balanced Advantage Fund
2024-06-19,,,,74.37,ICICI Prudential Balanced Advantage Fund
2024-06-20,,,,74.38,ICICI Prudential Balanced Advantage Fund
2024-06-21,,,,74.36,ICICI Prudential Balanced Advantage Fund
2024-06-24,,,,74.42,ICICI Prudential Balanced Advantage Fund
2024-06-25,,,,74.56,ICICI Prudential Balanced Advantage Fund
2024-06-26,,,,74.65,ICICI Prudential Balanced Advantage Fund
2024-06-27,,,,74.83,ICICI Prudential Balanced Advantage Fund
2024-06-28,,,,74.69,ICICI Prudential Balanced Advantage Fund
2024-07-01,,,,74.85,ICICI Prudential Balanced Advantage Fund
2024-07-02,,,,74.82,ICICI Prudential Balanced Advantage Fund
2024-07-03,,,,75.01,ICICI Prudential Balanced Advantage Fund
2024-07-04,,,,75.17,ICICI Prudential Balanced Advantage Fund
2024-07-05,,,,75.44,ICICI Prudential Balanced Advantage Fund
2024-07-08,,,,75.35,ICICI Prudential Balanced Advantage Fund
2024-07-09,,,,75.8,ICICI Prudential Balanced Advantage Fund
2024-07-10,,,,75.83,ICICI Prudential Balanced Advantage Fund
2024-07-11,,,,75.86,ICICI Prudential Balanced Advantage Fund
2024-07-12,,,,75.95,ICICI Prudential Balanced Advantage Fund
2024-07-15,,,,76.1,ICICI Prudential Balanced Advantage Fund
2024-07-16,,,,76.12,ICICI Prudential Balanced Advantage Fund
2024-07-18,,,,76.21,ICICI Prudential Balanced Advantage Fund
2024-07-19,,,,75.93,ICICI Prudential Balanced Advantage Fund
2024-07-22,,,,76.14,ICICI Prudential Balanced Advantage Fund
2024-07-23,,,,76.19,ICICI Prudential Balanced Advantage Fund
2024-07-24,,,,76.2,ICICI Prudential Balanced Advantage Fund
2024-07-25,,,,76.24,ICICI Prudential Balanced Advantage Fund
2024-07-26,,,,76.75,ICICI Prudential Balanced Advantage Fund
2024-07-29,,,,76.85,ICICI Prudential Balanced Advantage Fund
2024-07-30,,,,76.92,ICICI Prudential Balanced Advantage Fund
2024-07-31,,,,77.1,ICICI Prudential Balanced Advantage Fund
2024-08-01,,,,77.28,ICICI Prudential Balanced Advantage Fund
2024-08-02,,,,77.02,ICICI Prudential Balanced Advantage Fund
2024-08-05,,,,76.28,ICICI Prudential Balanced Advantage Fund
2024-08-06,,,,76.22,ICICI Prudential Balanced Advantage Fund
2024-08-07,,,,76.78,ICICI Prudential Balanced Advantage Fund
2024-08-08,,,,76.55,ICICI Prudential Balanced Advantage Fund
2024-08-09,,,,76.8,ICICI Prudential Balanced Advantage Fund
2024-08-12,,,,76.85,ICICI Prudential Balanced Advantage Fund
2024-08-13,,,,76.71,ICICI Prudential Balanced Advantage Fund
2024-08-14,,,,76.72,ICICI Prudential Balanced Advantage Fund
2024-08-16,,,,77.02,ICICI Prudential Balanced Advantage Fund
2024-08-19,,,,77.06,ICICI Prudential Balanced Advantage Fund
2024-08-20,,,,77.29,ICICI Prudential Balanced Advantage Fund
2024-08-21,,,,77.38,ICICI Prudential Balanced Advantage Fund
2024-08-22,,,,77.59,ICICI Prudential Balanced Advantage Fund
2024-08-23,,,,77.68,ICICI Prudential Balanced Advantage Fund
2024-08-26,,,,77.82,ICICI Prudential Balanced Advantage Fund
2024-08-27,,,,77.94,ICICI Prudential Balanced Advantage Fund
2024-08-28,,,,77.97,ICICI Prudential Balanced Advantage Fund
2024-08-29,,,,77.98,ICICI Prudential Balanced Advantage Fund
2024-08-30,,,,78.18,ICICI Prudential Balanced Advantage Fund
2024-09-02,,,,78.26,ICICI Prudential Balanced Advantage Fund
2024-09-03,,,,78.27,ICICI Prudential Balanced Advantage Fund
2024-09-04,,,,78.29,ICICI Prudential Balanced Advantage Fund
2024-09-05,,,,78.37,ICICI Prudential Balanced Advantage Fund
2024-09-06,,,,78.16,ICICI Prudential Balanced Advantage Fund
2024-09-09,,,,78.22,ICICI Prudential Balanced Advantage Fund
2024-09-10,,,,78.34,ICICI Prudential Balanced Advantage Fund
2024-09-11,,,,78.31,ICICI Prudential Balanced Advantage Fund
2024-09-12,,,,78.83,ICICI Prudential Balanced Advantage Fund
2024-09-13,,,,78.7,ICICI Prudential Balanced Advantage Fund
2024-09-16,,,,78.78,ICICI Prudential Balanced Advantage Fund
2024-09-17,,,,78.75,ICICI Prudential Balanced Advantage Fund
2024-09-18,,,,78.7,ICICI Prudential Balanced Advantage Fund
2024-09-19,,,,78.77,ICICI Prudential Balanced Advantage Fund
2024-09-20,,,,79.29,ICICI Prudential Balanced Advantage Fund
2024-09-23,,,,79.51,ICICI Prudential Balanced Advantage Fund
2024-09-24,,,,79.5,ICICI Prudential Balanced Advantage Fund
2024-09-25,,,,79.5,ICICI Prudential Balanced Advantage Fund
2024-09-26,,,,79.78,ICICI Prudential Balanced Advantage Fund
2024-09-27,,,,79.78,ICICI Prudential Balanced Advantage Fund
2024-09-30,,,,79.32,ICICI Prudential Balanced Advantage Fund
2024-10-01,,,,79.3,ICICI Prudential Balanced Advantage Fund
2024-10-03,,,,78.55,ICICI Prudential Balanced Advantage Fund
2024-10-04,,,,78.4,ICICI Prudential Balanced Advantage Fund
2024-10-07,,,,77.94,ICICI Prudential Balanced Advantage Fund
2024-10-08,,,,78.38,ICICI Prudential Balanced Advantage Fund
2024-10-09,,,,78.66,ICICI Prudential Balanced Advantage Fund
2024-10-10,,,,78.65,ICICI Prudential Balanced Advantage Fund
2024-10-11,,,,78.66,ICICI Prudential Balanced Advantage Fund
2024-10-14,,,,78.69,ICICI Prudential Balanced Advantage Fund
2024-10-15,,,,78.8,ICICI Prudential Balanced Advantage Fund
2024-10-16,,,,78.64,ICICI Prudential Balanced Advantage Fund
2024-10-17,,,,78.29,ICICI Prudential Balanced Advantage Fund
2024-10-18,,,,78.32,ICICI Prudential Balanced Advantage Fund
2024-10-21,,,,78.29,ICICI Prudential Balanced Advantage Fund
2024-10-22,,,,77.81,ICICI Prudential Balanced Advantage Fund
2024-10-23,,,,77.75,ICICI Prudential Balanced Advantage Fund
2024-10-24,,,,77.45,ICICI Prudential Balanced Advantage Fund
2024-10-25,,,,77.19,ICICI Prudential Balanced Advantage Fund
2024-10-28,,,,77.21,ICICI Prudential Balanced Advantage Fund
2024-10-29,,,,77.38,ICICI Prudential Balanced Advantage Fund
2024-10-30,,,,77.31,ICICI Prudential Balanced Advantage Fund
2024-10-31,,,,77.24,ICICI Prudential Balanced Advantage Fund
2024-11-04,,,,77.04,ICICI Prudential Balanced Advantage Fund
2024-11-05,,,,77.24,ICICI Prudential Balanced Advantage Fund
2024-11-06,,,,77.62,ICICI Prudential Balanced Advantage Fund
2024-11-07,,,,77.41,ICICI Prudential Balanced Advantage Fund
2024-11-08,,,,77.3,ICICI Prudential Balanced Advantage Fund
2024-11-11,,,,77.3,ICICI Prudential Balanced Advantage Fund
2024-11-12,,,,76.93,ICICI Prudential Balanced Advantage Fund
2024-11-13,,,,76.44,ICICI Prudential Balanced Advantage Fund
2024-11-14,,,,76.57,ICICI Prudential Balanced Advantage Fund
2024-11-18,,,,76.57,ICICI Prudential Balanced Advantage Fund
2024-11-19,,,,76.62,ICICI Prudential Balanced Advantage Fund
2024-11-21,,,,76.34,ICICI Prudential Balanced Advantage Fund
2024-11-22,,,,76.77,ICICI Prudential Balanced Advantage Fund
2024-11-25,,,,77.11,ICICI Prudential Balanced Advantage Fund
2024-11-26,,,,77.09,ICICI Prudential Balanced Advantage Fund
2024-11-27,,,,77.23,ICICI Prudential Balanced Advantage Fund
2024-11-28,,,,76.95,ICICI Prudential Balanced Advantage Fund
2024-11-29,,,,77.16,ICICI Prudential Balanced Advantage Fund
2024-12-02,,,,77.44,ICICI Prudential Balanced Advantage Fund
2024-12-03,,,,77.8,ICICI Prudential Balanced Advantage Fund
2024-12-04,,,,77.82,ICICI Prudential Balanced Advantage Fund
2024-12-05,,,,78.11,ICICI Prudential Balanced Advantage Fund
2024-12-06,,,,78.11,ICICI Prudential Balanced Advantage Fund
2024-12-09,,,,78.04,ICICI Prudential Balanced Advantage Fund
2024-12-10,,,,78.22,ICICI Prudential Balanced Advantage Fund
2024-12-11,,,,78.18,ICICI Prudential Balanced Advantage Fund
2024-12-12,,,,77.97,ICICI Prudential Balanced Advantage Fund
2024-12-13,,,,78.14,ICICI Prudential Balanced Advantage Fund
2024-12-16,,,,78.2,ICICI Prudential Balanced Advantage Fund
2024-12-17,,,,77.78,ICICI Prudential Balanced Advantage Fund
2024-12-18,,,,77.63,ICICI Prudential Balanced Advantage Fund
2024-12-19,,,,77.42,ICICI Prudential Balanced Advantage Fund
2024-12-20,,,,76.95,ICICI Prudential Balanced Advantage Fund
2024-12-23,,,,77.02,ICICI Prudential Balanced Advantage Fund
2024-12-24,,,,77.08,ICICI Prudential Balanced Advantage Fund
2024-12-26,,,,77.2,ICICI Prudential Balanced Advantage Fund
2024-12-27,,,,77.17,ICICI Prudential Balanced Advantage Fund
2024-12-30,,,,76.94,ICICI Prudential Balanced Advantage Fund
2024-12-31,,,,76.92,ICICI Prudential Balanced Advantage Fund
2025-01-01,,,,77.15,ICICI Prudential Balanced Advantage Fund
2025-01-02,,,,77.89,ICICI Prudential Balanced Advantage Fund
2025-01-03,,,,77.85,ICICI Prudential Balanced Advantage Fund
2025-01-06,,,,77.22,ICICI Prudential Balanced Advantage Fund
2025-01-07,,,,77.21,ICICI Prudential Balanced Advantage Fund
2025-01-08,,,,77.09,ICICI Prudential Balanced Advantage Fund
2025-01-09,,,,76.82,ICICI Prudential Balanced Advantage Fund
2025-01-10,,,,76.49,ICICI Prudential Balanced Advantage Fund
2025-01-13,,,,75.69,ICICI Prudential Balanced Advantage Fund
2025-01-14,,,,76.0,ICICI Prudential Balanced Advantage Fund
2025-01-15,,,,76.29,ICICI Prudential Balanced Advantage Fund
2025-01-16,,,,76.56,ICICI Prudential Balanced Advantage Fund
2025-01-17,,,,76.56,ICICI Prudential Balanced Advantage Fund
2025-01-20,,,,76.59,ICICI Prudential Balanced Advantage Fund
2025-01-21,,,,76.1,ICICI Prudential Balanced Advantage Fund
2025-01-22,,,,76.08,ICICI Prudential Balanced Advantage Fund
2025-01-23,,,,76.25,ICICI Prudential Balanced Advantage Fund
2025-01-24,,,,76.06,ICICI Prudential Balanced Advantage Fund
2025-01-27,,,,75.6,ICICI Prudential Balanced Advantage Fund
2025-01-28,,,,75.82,ICICI Prudential Balanced Advantage Fund
2025-01-29,,,,76.37,ICICI Prudential Balanced Advantage Fund
2025-01-30,,,,76.34,ICICI Prudential Balanced Advantage Fund
2025-01-31,,,,76.78,ICICI Prudential Balanced Advantage Fund
2025-02-03,,,,77.09,ICICI Prudential Balanced Advantage Fund
2025-02-04,,,,77.52,ICICI Prudential Balanced Advantage Fund
2025-02-05,,,,77.43,ICICI Prudential Balanced Advantage Fund
2025-02-06,,,,77.29,ICICI Prudential Balanced Advantage Fund
2025-02-07,,,,77.28,ICICI Prudential Balanced Advantage Fund
2025-02-10,,,,76.91,ICICI Prudential Balanced Advantage Fund
2025-02-11,,,,76.27,ICICI Prudential Balanced Advantage Fund
2025-02-12,,,,76.27,ICICI Prudential Balanced Advantage Fund
2025-02-13,,,,76.25,ICICI Prudential Balanced Advantage Fund
2025-02-14,,,,75.89,ICICI Prudential Balanced Advantage Fund
2025-02-17,,,,75.89,ICICI Prudential Balanced Advantage Fund
2025-02-18,,,,75.96,ICICI Prudential Balanced Advantage Fund
2025-02-19,,,,76.09,ICICI Prudential Balanced Advantage Fund
2025-02-20,,,,76.18,ICICI Prudential Balanced Advantage Fund
2025-02-21,,,,75.94,ICICI Prudential Balanced Advantage Fund
2025-02-24,,,,75.59,ICICI Prudential Balanced Advantage Fund
2025-02-25,,,,75.54,ICICI Prudential Balanced Advantage Fund
2025-02-27,,,,75.46,ICICI Prudential Balanced Advantage Fund
2025-02-28,,,,74.67,ICICI Prudential Balanced Advantage Fund
2025-03-03,,,,74.84,ICICI Prudential Balanced Advantage Fund
2025-03-04,,,,74.82,ICICI Prudential Balanced Advantage Fund
2025-03-05,,,,75.34,ICICI Prudential Balanced Advantage Fund
2025-03-06,,,,75.69,ICICI Prudential Balanced Advantage Fund
2025-03-07,,,,75.61,ICICI Prudential Balanced Advantage Fund
2025-03-10,,,,75.35,ICICI Prudential Balanced Advantage Fund
2025-03-11,,,,75.4,ICICI Prudential Balanced Advantage Fund
2025-03-12,,,,75.27,ICICI Prudential Balanced Advantage Fund
2025-03-13,,,,75.17,ICICI Prudential Balanced Advantage Fund
2025-03-17,,,,75.38,ICICI Prudential Balanced Advantage Fund
2025-03-18,,,,76.0,ICICI Prudential Balanced Advantage Fund
2025-03-19,,,,76.24,ICICI Prudential Balanced Advantage Fund
2025-03-20,,,,76.63,ICICI Prudential Balanced Advantage Fund
2025-03-21,,,,76.95,ICICI Prudential Balanced Advantage Fund
2025-03-24,,,,77.37,ICICI Prudential Balanced Advantage Fund
2025-03-25,,,,77.29,ICICI Prudential Balanced Advantage Fund
2025-03-26,,,,77.12,ICICI Prudential Balanced Advantage Fund
2025-03-27,,,,77.34,ICICI Prudential Balanced Advantage Fund
2025-03-28,,,,77.24,ICICI Prudential Balanced Advantage Fund
2025-03-31,,,,77.24,ICICI Prudential Balanced Advantage Fund
2025-04-01,,,,76.86,ICICI Prudential Balanced Advantage Fund
2025-04-02,,,,77.34,ICICI Prudential Balanced Advantage Fund
2025-04-03,,,,77.27,ICICI Prudential Balanced Advantage Fund
2025-04-04,,,,76.61,ICICI Prudential Balanced Advantage Fund
2025-04-07,,,,75.58,ICICI Prudential Balanced Advantage Fund
2025-04-08,,,,76.23,ICICI Prudential Balanced Advantage Fund
2025-04-09,,,,76.13,ICICI Prudential Balanced Advantage Fund
2025-04-11,,,,76.86,ICICI Prudential Balanced Advantage Fund
2025-04-15,,,,77.9,ICICI Prudential Balanced Advantage Fund
2025-04-16,,,,78.09,ICICI Prudential Balanced Advantage Fund
2025-04-17,,,,78.76,ICICI Prudential Balanced Advantage Fund
2025-04-21,,,,79.3,ICICI Prudential Balanced Advantage Fund
2025-04-22,,,,79.39,ICICI Prudential Balanced Advantage Fund
2025-04-23,,,,79.86,ICICI Prudential Balanced Advantage Fund
2025-04-24,,,,79.66,ICICI Prudential Balanced Advantage Fund
2025-04-25,,,,79.25,ICICI Prudential Balanced Advantage Fund
2025-04-28,,,,79.71,ICICI Prudential Balanced Advantage Fund
2025-04-29,,,,79.67,ICICI Prudential Balanced Advantage Fund
2025-04-30,,,,79.69,ICICI Prudential Balanced Advantage Fund
2025-05-02,,,,79.79,ICICI Prudential Balanced Advantage Fund
2025-05-05,,,,80.07,ICICI Prudential Balanced Advantage Fund
2025-05-06,,,,79.88,ICICI Prudential Balanced Advantage Fund
2025-05-07,,,,80.03,ICICI Prudential Balanced Advantage Fund
2025-05-08,,,,79.67,ICICI Prudential Balanced Advantage Fund
2025-05-09,,,,79.36,ICICI Prudential Balanced Advantage Fund
2025-05-12,,,,80.68,ICICI Prudential Balanced Advantage Fund
2025-05-13,,,,80.3,ICICI Prudential Balanced Advantage Fund
2025-05-14,,,,80.51,ICICI Prudential Balanced Advantage Fund
2025-05-15,,,,81.08,ICICI Prudential Balanced Advantage Fund
2025-05-16,,,,81.2,ICICI Prudential Balanced Advantage Fund
2025-05-19,,,,81.11,ICICI Prudential Balanced Advantage Fund
2025-05-20,,,,80.63,ICICI Prudential Balanced Advantage Fund
2025-05-21,,,,80.89,ICICI Prudential Balanced Advantage Fund
2025-05-22,,,,80.7,ICICI Prudential Balanced Advantage Fund
2025-05-23,,,,80.99,ICICI Prudential Balanced Advantage Fund
2025-05-26,,,,81.07,ICICI Prudential Balanced Advantage Fund
2025-05-27,,,,80.96,ICICI Prudential Balanced Advantage Fund
2025-05-28,,,,81.0,ICICI Prudential Balanced Advantage Fund
2025-05-29,,,,81.22,ICICI Prudential Balanced Advantage Fund
2025-05-30,,,,81.14,ICICI Prudential Balanced Advantage Fund
2025-06-02,,,,81.16,ICICI Prudential Balanced Advantage Fund
2025-06-03,,,,80.96,ICICI Prudential Balanced Advantage Fund
2025-06-04,,,,81.15,ICICI Prudential Balanced Advantage Fund
2025-06-05,,,,81.41,ICICI Prudential Balanced Advantage Fund
2025-06-06,,,,81.79,ICICI Prudential Balanced Advantage Fund
2025-06-09,,,,82.02,ICICI Prudential Balanced Advantage Fund
2025-06-10,,,,81.94,ICICI Prudential Balanced Advantage Fund
2025-06-11,,,,82.07,ICICI Prudential Balanced Advantage Fund
2025-06-12,,,,81.69,ICICI Prudential Balanced Advantage Fund
2025-06-13,,,,81.51,ICICI Prudential Balanced Advantage Fund
2025-06-16,,,,81.92,ICICI Prudential Balanced Advantage Fund
2025-06-17,,,,81.78,ICICI Prudential Balanced Advantage Fund
2025-06-18,,,,81.73,ICICI Prudential Balanced Advantage Fund
2025-06-19,,,,81.61,ICICI Prudential Balanced Advantage Fund
2025-06-20,,,,82.03,ICICI Prudential Balanced Advantage Fund
2025-06-23,,,,81.87,ICICI Prudential Balanced Advantage Fund
2025-06-24,,,,82.0,ICICI Prudential Balanced Advantage Fund
2025-06-25,,,,82.48,ICICI Prudential Balanced Advantage Fund
2025-06-26,,,,82.73,ICICI Prudential Balanced Advantage Fund
2025-06-27,,,,82.89,ICICI Prudential Balanced Advantage Fund
2025-06-30,,,,82.78,ICICI Prudential Balanced Advantage Fund
2025-07-01,,,,82.74,ICICI Prudential Balanced Advantage Fund
2025-07-02,,,,82.7,ICICI Prudential Balanced Advantage Fund
2025-07-03,,,,82.71,ICICI Prudential Balanced Advantage Fund
2025-07-04,,,,82.76,ICICI Prudential Balanced Advantage Fund
2025-07-07,,,,82.75,ICICI Prudential Balanced Advantage Fund
2025-07-08,,,,82.78,ICICI Prudential Balanced Advantage Fund
2025-07-09,,,,82.74,ICICI Prudential Balanced Advantage Fund
2025-07-10,,,,82.56,ICICI Prudential Balanced Advantage Fund
2025-07-11,,,,82.26,ICICI Prudential Balanced Advantage Fund
2025-07-14,,,,82.26,ICICI Prudential Balanced Advantage Fund
2025-07-15,,,,82.56,ICICI Prudential Balanced Advantage Fund
2025-07-16,,,,82.61,ICICI Prudential Balanced Advantage Fund
2025-07-17,,,,82.43,ICICI Prudential Balanced Advantage Fund
2025-07-18,,,,82.29,ICICI Prudential Balanced Advantage Fund
2025-07-21,,,,82.47,ICICI Prudential Balanced Advantage Fund
2025-07-22,,,,82.37,ICICI Prudential Balanced Advantage Fund
2025-07-23,,,,82.59,ICICI Prudential Balanced Advantage Fund
2025-07-24,,,,82.43,ICICI Prudential Balanced Advantage Fund
2025-07-25,,,,82.11,ICICI Prudential Balanced Advantage Fund
2025-07-28,,,,82.01,ICICI Prudential Balanced Advantage Fund
2025-07-29,,,,82.18,ICICI Prudential Balanced Advantage Fund
2025-07-30,,,,82.38,ICICI Prudential Balanced Advantage Fund
2025-07-31,,,,82.2,ICICI Prudential Balanced Advantage Fund
2025-08-01,,,,81.85,ICICI Prudential Balanced Advantage Fund
2025-08-04,,,,82.18,ICICI Prudential Balanced Advantage Fund
2025-08-05,,,,82.17,ICICI Prudential Balanced Advantage Fund
2025-08-06,,,,82.0,ICICI Prudential Balanced Advantage Fund
2025-08-07,,,,82.07,ICICI Prudential Balanced Advantage Fund
2025-08-08,,,,81.62,ICICI Prudential Balanced Advantage Fund
2025-08-11,,,,81.88,ICICI Prudential Balanced Advantage Fund
2025-08-12,,,,81.81,ICICI Prudential Balanced Advantage Fund
2025-08-13,,,,82.07,ICICI Prudential Balanced Advantage Fund
2025-08-14,,,,82.17,ICICI Prudential Balanced Advantage Fund
2025-08-18,,,,82.79,ICICI Prudential Balanced Advantage Fund
2025-08-19,,,,83.08,ICICI Prudential Balanced Advantage Fund
2025-08-20,,,,83.37,ICICI Prudential Balanced Advantage Fund
2025-08-21,,,,83.5,ICICI Prudential Balanced Advantage Fund
2025-08-22,,,,83.31,ICICI Prudential Balanced Advantage Fund
2025-08-25,,,,83.48,ICICI Prudential Balanced Advantage Fund
2025-08-26,,,,83.09,ICICI Prudential Balanced Advantage Fund
2025-08-28,,,,82.74,ICICI Prudential Balanced Advantage Fund
2025-08-29,,,,82.69,ICICI Prudential Balanced Advantage Fund
2025-09-01,,,,83.11,ICICI Prudential Balanced Advantage Fund
2025-09-02,,,,83.09,ICICI Prudential Balanced Advantage Fund
2025-09-03,,,,83.3,ICICI Prudential Balanced Advantage Fund
2025-09-04,,,,83.3,ICICI Prudential Balanced Advantage Fund
2025-09-05,,,,83.35,ICICI Prudential Balanced Advantage Fund
2025-09-08,,,,83.45,ICICI Prudential Balanced Advantage Fund
2025-09-09,,,,83.65,ICICI Prudential Balanced Advantage Fund
2025-09-10,,,,83.75,ICICI Prudential Balanced Advantage Fund
2025-09-11,,,,83.84,ICICI Prudential Balanced Advantage Fund
2025-09-12,,,,84.0,ICICI Prudential Balanced Advantage Fund
2025-09-15,,,,84.07,ICICI Prudential Balanced Advantage Fund
2025-09-16,,,,84.42,ICICI Prudential Balanced Advantage Fund
2025-09-17,,,,84.51,ICICI Prudential Balanced Advantage Fund
2025-09-18,,,,84.7,ICICI Prudential Balanced Advantage Fund
2025-09-19,,,,84.59,ICICI Prudential Balanced Advantage Fund
2025-09-22,,,,84.41,ICICI Prudential Balanced Advantage Fund
2025-09-23,,,,84.33,ICICI Prudential Balanced Advantage Fund
2025-09-24,,,,84.13,ICICI Prudential Balanced Advantage Fund
2025-09-25,,,,83.85,ICICI Prudential Balanced Advantage Fund
2025-09-26,,,,83.48,ICICI Prudential Balanced Advantage Fund
2025-09-30,,,,83.46,ICICI Prudential Balanced Advantage Fund
2025-10-01,,,,83.81,ICICI Prudential Balanced Advantage Fund
2025-10-03,,,,83.97,ICICI Prudential Balanced Advantage Fund
2025-10-06,,,,84.27,ICICI Prudential Balanced Advantage Fund
2025-10-07,,,,84.28,ICICI Prudential Balanced Advantage Fund
2025-10-08,,,,84.2,ICICI Prudential Balanced Advantage Fund
2025-10-09,,,,84.44,ICICI Prudential Balanced Advantage Fund
2025-10-10,,,,84.62,ICICI Prudential Balanced Advantage Fund
2025-10-13,,,,84.57,ICICI Prudential Balanced Advantage Fund
2025-10-14,,,,84.48,ICICI Prudential Balanced Advantage Fund
2025-10-15,,,,84.87,ICICI Prudential Balanced Advantage Fund
2025-10-16,,,,85.18,ICICI Prudential Balanced Advantage Fund
2025-10-17,,,,85.33,ICICI Prudential Balanced Advantage Fund
2025-10-20,,,,85.57,ICICI Prudential Balanced Advantage Fund
2025-10-23,,,,85.64,ICICI Prudential Balanced Advantage Fund
2025-10-24,,,,85.59,ICICI Prudential Balanced Advantage Fund
2025-10-27,,,,85.9,ICICI Prudential Balanced Advantage Fund
2025-10-28,,,,85.71,ICICI Prudential Balanced Advantage Fund
2025-10-29,,,,85.88,ICICI Prudential Balanced Advantage Fund
2025-10-30,,,,85.55,ICICI Prudential Balanced Advantage Fund
2025-10-31,,,,85.29,ICICI Prudential Balanced Advantage Fund
2025-11-03,,,,85.42,ICICI Prudential Balanced Advantage Fund
2025-11-04,,,,85.22,ICICI Prudential Balanced Advantage Fund
2025-11-06,,,,85.1,ICICI Prudential Balanced Advantage Fund
2025-11-07,,,,85.1,ICICI Prudential Balanced Advantage Fund
2025-11-10,,,,85.31,ICICI Prudential Balanced Advantage Fund
2025-11-11,,,,85.49,ICICI Prudential Balanced Advantage Fund
2025-11-12,,,,85.69,ICICI Prudential Balanced Advantage Fund
2025-11-13,,,,85.77,ICICI Prudential Balanced Advantage Fund
2025-11-14,,,,85.64,ICICI Prudential Balanced Advantage Fund
2025-11-17,,,,85.94,ICICI Prudential Balanced Advantage Fund
2025-11-18,,,,85.81,ICICI Prudential Balanced Advantage Fund
2025-11-19,,,,86.15,ICICI Prudential Balanced Advantage Fund
2025-11-20,,,,86.35,ICICI Prudential Balanced Advantage Fund
2025-11-21,,,,86.11,ICICI Prudential Balanced Advantage Fund
2025-11-24,,,,85.98,ICICI Prudential Balanced Advantage Fund
2025-11-25,,,,85.92,ICICI Prudential Balanced Advantage Fund
2025-11-26,,,,86.46,ICICI Prudential Balanced Advantage Fund
2025-11-27,,,,86.47,ICICI Prudential Balanced Advantage Fund
2025-11-28,,,,86.44,ICICI Prudential Balanced Advantage Fund
2025-12-01,,,,86.66,ICICI Prudential Balanced Advantage Fund
2025-12-02,,,,86.6,ICICI Prudential Balanced Advantage Fund
2025-12-03,,,,86.51,ICICI Prudential Balanced Advantage Fund
2025-12-04,,,,86.6,ICICI Prudential Balanced Advantage Fund
2025-12-05,,,,86.75,ICICI Prudential Balanced Advantage Fund
2025-12-08,,,,86.26,ICICI Prudential Balanced Advantage Fund
2025-12-09,,,,86.14,ICICI Prudential Balanced Advantage Fund
2025-12-10,,,,85.98,ICICI Prudential Balanced Advantage Fund
2025-12-11,,,,86.26,ICICI Prudential Balanced Advantage Fund
2025-12-12,,,,86.59,ICICI Prudential Balanced Advantage Fund
2025-12-15,,,,86.59,ICICI Prudential Balanced Advantage Fund
2025-12-16,,,,86.37,ICICI Prudential Balanced Advantage Fund
2025-12-17,,,,86.23,ICICI Prudential Balanced Advantage Fund
2025-12-18,,,,86.21,ICICI Prudential Balanced Advantage Fund
2025-12-19,,,,86.6,ICICI Prudential Balanced Advantage Fund
2025-12-22,,,,86.94,ICICI Prudential Balanced Advantage Fund
2025-12-23,,,,86.89,ICICI Prudential Balanced Advantage Fund
2025-12-24,,,,86.79,ICICI Prudential Balanced Advantage Fund
2025-12-26,,,,86.67,ICICI Prudential Balanced Advantage Fund
2025-12-29,,,,86.46,ICICI Prudential Balanced Advantage Fund
2025-12-30,,,,86.4,ICICI Prudential Balanced Advantage Fund
2025-12-31,,,,86.82,ICICI Prudential Balanced Advantage Fund
2026-01-01,,,,87.04,ICICI Prudential Balanced Advantage Fund
2026-01-02,,,,87.48,ICICI Prudential Balanced Advantage Fund
2026-01-05,,,,87.39,ICICI Prudential Balanced Advantage Fund
2026-01-06,,,,87.33,ICICI Prudential Balanced Advantage Fund
2026-01-07,,,,87.44,ICICI Prudential Balanced Advantage Fund
2026-01-08,,,,86.84,ICICI Prudential Balanced Advantage Fund
2026-01-09,,,,86.5,ICICI Prudential Balanced Advantage Fund
2026-01-12,,,,86.59,ICICI Prudential Balanced Advantage Fund
2026-01-13,,,,86.51,ICICI Prudential Balanced Advantage Fund
2026-01-14,,,,86.36,ICICI Prudential Balanced Advantage Fund
2026-01-16,,,,86.5,ICICI Prudential Balanced Advantage Fund
2026-01-19,,,,86.38,ICICI Prudential Balanced Advantage Fund
2026-01-20,,,,85.59,ICICI Prudential Balanced Advantage Fund
2026-01-21,,,,85.43,ICICI Prudential Balanced Advantage Fund
2026-01-22,,,,85.67,ICICI Prudential Balanced Advantage Fund
2026-01-23,,,,85.13,ICICI Prudential Balanced Advantage Fund
2026-01-27,,,,85.34,ICICI Prudential Balanced Advantage Fund
2026-01-28,,,,85.88,ICICI Prudential Balanced Advantage Fund
2026-01-29,,,,85.86,ICICI Prudential Balanced Advantage Fund
2026-01-30,,,,85.77,ICICI Prudential Balanced Advantage Fund
2026-02-02,,,,85.41,ICICI Prudential Balanced Advantage Fund
2026-02-03,,,,86.65,ICICI Prudential Balanced Advantage Fund
2026-02-04,,,,86.84,ICICI Prudential Balanced Advantage Fund
2026-02-05,,,,86.62,ICICI Prudential Balanced Advantage Fund
2026-02-06,,,,86.63,ICICI Prudential Balanced Advantage Fund
2026-02-09,,,,87.11,ICICI Prudential Balanced Advantage Fund
2026-02-10,,,,87.34,ICICI Prudential Balanced Advantage Fund
2026-02-11,,,,87.63,ICICI Prudential Balanced Advantage Fund
2026-02-12,,,,87.35,ICICI Prudential Balanced Advantage Fund
2026-02-13,,,,86.73,ICICI Prudential Balanced Advantage Fund
2026-02-16,,,,86.89,ICICI Prudential Balanced Advantage Fund
2026-02-17,,,,87.12,ICICI Prudential Balanced Advantage Fund
2026-02-18,,,,87.15,ICICI Prudential Balanced Advantage Fund
2026-02-19,,,,86.48,ICICI Prudential Balanced Advantage Fund
2026-02-20,,,,86.57,ICICI Prudential Balanced Advantage Fund
2026-02-23,,,,86.79,ICICI Prudential Balanced Advantage Fund
2026-02-24,,,,86.2,ICICI Prudential Balanced Advantage Fund
2026-02-25,,,,86.61,ICICI Prudential Balanced Advantage Fund
2026-02-26,,,,86.68,ICICI Prudential Balanced Advantage Fund
2026-02-27,,,,86.18,ICICI Prudential Balanced Advantage Fund
2026-03-02,,,,85.51,ICICI Prudential Balanced Advantage Fund
2026-03-04,,,,84.67,ICICI Prudential Balanced Advantage Fund
2026-03-05,,,,85.26,ICICI Prudential Balanced Advantage Fund
2026-03-06,,,,84.84,ICICI Prudential Balanced Advantage Fund
2026-03-09,,,,83.89,ICICI Prudential Balanced Advantage Fund
2026-03-10,,,,84.46,ICICI Prudential Balanced Advantage Fund
2026-03-11,,,,83.71,ICICI Prudential Balanced Advantage Fund
2026-03-12,,,,83.15,ICICI Prudential Balanced Advantage Fund
2026-03-13,,,,82.03,ICICI Prudential Balanced Advantage Fund
2026-03-16,,,,82.45,ICICI Prudential Balanced Advantage Fund
2026-03-17,,,,82.95,ICICI Prudential Balanced Advantage Fund
2026-03-18,,,,83.54,ICICI Prudential Balanced Advantage Fund
2026-03-19,,,,81.87,ICICI Prudential Balanced Advantage Fund
2026-03-20,,,,82.08,ICICI Prudential Balanced Advantage Fund
2026-03-23,,,,80.64,ICICI Prudential Balanced Advantage Fund
2026-03-24,,,,81.68,ICICI Prudential Balanced Advantage Fund
2026-03-25,,,,82.71,ICICI Prudential Balanced Advantage Fund
2026-03-27,,,,81.56,ICICI Prudential Balanced Advantage Fund
2026-03-30,,,,80.41,ICICI Prudential Balanced Advantage Fund
2026-03-31,,,,80.41,ICICI Prudential Balanced Advantage Fund
2026-04-01,,,,81.43,ICICI Prudential Balanced Advantage Fund
2026-04-02,,,,81.49,ICICI Prudential Balanced Advantage Fund
2026-04-06,,,,82.29,ICICI Prudential Balanced Advantage Fund
2026-04-07,,,,82.55,ICICI Prudential Balanced Advantage Fund
2026-04-08,,,,84.79,ICICI Prudential Balanced Advantage Fund
2026-04-09,,,,84.45,ICICI Prudential Balanced Advantage Fund
2026-04-10,,,,85.27,ICICI Prudential Balanced Advantage Fund
2026-04-13,,,,84.78,ICICI Prudential Balanced Advantage Fund
2026-04-15,,,,85.85,ICICI Prudential Balanced Advantage Fund
2026-04-16,,,,85.96,ICICI Prudential Balanced Advantage Fund
2026-04-17,,,,86.35,ICICI Prudential Balanced Advantage Fund
2026-04-20,,,,86.29,ICICI Prudential Balanced Advantage Fund
2026-04-21,,,,86.6,ICICI Prudential Balanced Advantage Fund
2026-04-22,,,,86.16,ICICI Prudential Balanced Advantage Fund
2026-04-23,,,,85.4,ICICI Prudential Balanced Advantage Fund
2026-04-24,,,,84.84,ICICI Prudential Balanced Advantage Fund
2026-04-27,,,,85.31,ICICI Prudential Balanced Advantage Fund
2026-04-28,,,,84.95,ICICI Prudential Balanced Advantage Fund
2026-04-29,,,,85.23,ICICI Prudential Balanced Advantage Fund
2026-04-30,,,,84.81,ICICI Prudential Balanced Advantage Fund
2026-05-04,,,,85.12,ICICI Prudential Balanced Advantage Fund
2026-05-05,,,,85.11,ICICI Prudential Balanced Advantage Fund
2026-05-06,,,,85.85,ICICI Prudential Balanced Advantage Fund
2026-05-07,,,,86.14,ICICI Prudential Balanced Advantage Fund
2026-05-08,,,,85.96,ICICI Prudential Balanced Advantage Fund
2026-05-11,,,,85.16,ICICI Prudential Balanced Advantage Fund
2026-05-12,,,,84.08,ICICI Prudential Balanced Advantage Fund
2026-05-13,,,,84.11,ICICI Prudential Balanced Advantage Fund
2026-05-14,,,,84.44,ICICI Prudential Balanced Advantage Fund
2026-05-15,,,,84.36,ICICI Prudential Balanced Advantage Fund
2026-05-18,,,,84.0,ICICI Prudential Balanced Advantage Fund
2026-05-19,,,,84.24,ICICI Prudential Balanced Advantage Fund
2026-05-20,,,,84.36,ICICI Prudential Balanced Advantage Fund
2026-05-21,,,,84.38,ICICI Prudential Balanced Advantage Fund
2026-05-22,,,,84.6,ICICI Prudential Balanced Advantage Fund
2026-05-25,,,,85.22,ICICI Prudential Balanced Advantage Fund
2026-05-26,,,,85.08,ICICI Prudential Balanced Advantage Fund
2026-05-27,,,,85.12,ICICI Prudential Balanced Advantage Fund
2026-05-29,,,,84.52,ICICI Prudential Balanced Advantage Fund
2026-06-01,,,,84.23,ICICI Prudential Balanced Advantage Fund
2026-06-02,,,,84.48,ICICI Prudential Balanced Advantage Fund
2026-06-03,,,,84.19,ICICI Prudential Balanced Advantage Fund
2026-06-04,,,,84.33,ICICI Prudential Balanced Advantage Fund
2026-06-05,,,,84.29,ICICI Prudential Balanced Advantage Fund
2026-06-08,,,,83.59,ICICI Prudential Balanced Advantage Fund
2026-06-09,,,,84.15,ICICI Prudential Balanced Advantage Fund
2026-06-10,,,,83.89,ICICI Prudential Balanced Advantage Fund
2026-06-11,,,,83.54,ICICI Prudential Balanced Advantage Fund
2026-06-12,,,,84.72,ICICI Prudential Balanced Advantage Fund
2026-06-15,,,,85.9,ICICI Prudential Balanced Advantage Fund
2026-06-16,,,,86.16,ICICI Prudential Balanced Advantage Fund
2026-06-17,,,,86.51,ICICI Prudential Balanced Advantage Fund
2026-06-18,,,,86.7,ICICI Prudential Balanced Advantage Fund
2026-06-19,,,,86.47,ICICI Prudential Balanced Advantage Fund
2026-06-22,,,,86.78,ICICI Prudential Balanced Advantage Fund
2026-06-23,,,,86.23,ICICI Prudential Balanced Advantage Fund
2026-06-24,,,,86.63,ICICI Prudential Balanced Advantage Fund
2026-06-25,,,,86.86,ICICI Prudential Balanced Advantage Fund
2026-06-29,,,,86.51,ICICI Prudential Balanced Advantage Fund
2026-06-30,,,,86.54,ICICI Prudential Balanced Advantage Fund
2026-07-01,,,,86.99,ICICI Prudential Balanced Advantage Fund
2026-07-02,,,,87.6,ICICI Prudential Balanced Advantage Fund
2026-07-03,,,,87.66,ICICI Prudential Balanced Advantage Fund
2026-07-06,,,,88.02,ICICI Prudential Balanced Advantage Fund
2026-07-07,,,,87.92,ICICI Prudential Balanced Advantage Fund
2026-07-08,,,,86.71,ICICI Prudential Balanced Advantage Fund
2026-07-09,,,,86.96,ICICI Prudential Balanced Advantage Fund
2026-07-10,,,,87.55,ICICI Prudential Balanced Advantage Fund
2026-07-13,,,,87.6,ICICI Prudential Balanced Advantage Fund
2026-07-14,,,,87.04,ICICI Prudential Balanced Advantage Fund
2026-07-15,,,,87.28,ICICI Prudential Balanced Advantage Fund
2026-07-16,,,,87.16,ICICI Prudential Balanced Advantage Fund
2026-07-17,,,,87.59,ICICI Prudential Balanced Advantage Fund
2026-07-20,,,,87.44,ICICI Prudential Balanced Advantage Fund
2026-07-21,,,,87.68,ICICI Prudential Balanced Advantage Fund
2026-07-22,,,,87.31,ICICI Prudential Balanced Advantage Fund
2026-07-23,,,,87.02,ICICI Prudential Balanced Advantage Fund
2026-07-24,,,,86.83,ICICI Prudential Balanced Advantage Fund
2026-07-27,,,,87.61,ICICI Prudential Balanced Advantage Fund
2026-07-28,,,,87.79,ICICI Prudential Balanced Advantage Fund
2026-07-29,,,,88.33,ICICI Prudential Balanced Advantage Fund
2026-07-30,,,,88.54,ICICI Prudential Balanced Advantage Fund
2026-07-31,,,,88.94,ICICI Prudential Balanced Advantage Fund
2026-08-03,,,,90.0,ICICI Prudential Balanced Advantage Fund
2026-08-04,,,,89.75,ICICI Prudential Balanced Advantage Fund
2026-08-05,,,,89.98,ICICI Prudential Balanced Advantage Fund
2026-08-06,,,,89.95,ICICI Prudential Balanced Advantage Fund
2026-08-07,,,,89.95,ICICI Prudential Balanced Advantage Fund
2026-08-10,,,,90.2,ICICI Prudential Balanced Advantage Fund
2026-08-11,,,,90.04,ICICI Prudential Balanced Advantage Fund
2026-08-12,,,,89.96,ICICI Prudential Balanced Advantage Fund
2026-08-13,,,,90.05,ICICI Prudential Balanced Advantage Fund
2026-08-14,,,,89.91,ICICI Prudential Balanced Advantage Fund
2026-08-17,,,,89.82,ICICI Prudential Balanced Advantage Fund
2026-08-18,,,,89.59,ICICI Prudential Balanced Advantage Fund
2026-08-19,,,,89.5,ICICI Prudential Balanced Advantage Fund
2026-08-20,,,,89.83,ICICI Prudential Balanced Advantage Fund
2026-08-21,,,,89.77,ICICI Prudential Balanced Advantage Fund
2026-08-24,,,,89.68,ICICI Prudential Balanced Advantage Fund
2026-08-25,,,,89.99,ICICI Prudential Balanced Advantage Fund
2026-08-26,,,,89.86,ICICI Prudential Balanced Advantage Fund
2026-08-27,,,,89.61,ICICI Prudential Balanced Advantage Fund
2026-08-28,,,,89.62,ICICI Prudential Balanced Advantage Fund
2026-08-31,,,,89.73,ICICI Prudential Balanced Advantage Fund
2026-09-01,,,,89.13,ICICI Prudential Balanced Advantage Fund
2026-09-02,,,,88.77,ICICI Prudential Balanced Advantage Fund
2026-09-03,,,,88.78,ICICI Prudential Balanced Advantage Fund
2026-09-04,,,,88.61,ICICI Prudential Balanced Advantage Fund
2026-09-07,,,,88.34,ICICI Prudential Balanced Advantage Fund
2026-09-08,,,,88.17,ICICI Prudential Balanced Advantage Fund
2026-09-09,,,,87.8,ICICI Prudential Balanced Advantage Fund
2026-09-10,,,,87.77,ICICI Prudential Balanced Advantage Fund
2026-09-11,,,,87.52,ICICI Prudential Balanced Advantage Fund
2026-09-15,,,,86.55,ICICI Prudential Balanced Advantage Fund
2026-09-16,,,,86.72,ICICI Prudential Balanced Advantage Fund
2026-09-17,,,,87.13,ICICI Prudential Balanced Advantage Fund
